iso,uptime_s,rss_kb,anon_kb,file_kb,swap_kb,threads,host_avail_mb
2026-09-01T06:02:18Z,0,629660,105076,524584,0,17,4354
2026-09-01T06:03:18Z,60,632592,105112,527480,0,17,4349
2026-09-01T06:04:18Z,120,635524,105152,530372,0,17,4348
2026-09-01T06:05:18Z,180,638448,105184,533264,0,17,4375
2026-09-01T06:06:18Z,240,641348,105184,536164,0,17,4385
2026-09-01T06:07:18Z,300,644276,105216,539060,0,17,4349
2026-09-01T06:08:18Z,360,630824,105252,525572,0,17,4350
2026-09-01T06:09:18Z,420,633784,105320,528464,0,17,4392
2026-09-01T06:10:18Z,480,636720,105352,531368,0,17,4387
2026-09-01T06:11:18Z,540,639652,105388,534264,0,17,4400
2026-09-01T06:12:18Z,600,626192,105420,520776,0,17,4344
2026-09-01T06:13:18Z,660,629084,105420,523664,0,17,4380
2026-09-01T06:14:18Z,720,632052,105488,526564,0,17,4367
2026-09-01T06:15:18Z,780,634960,105520,529440,0,17,4377
2026-09-01T06:16:19Z,841,637896,105556,532340,0,17,4375
2026-09-01T06:17:19Z,901,640824,105588,535236,0,17,4370
2026-09-01T06:18:19Z,961,643756,105624,538132,0,17,4354
2026-09-01T06:19:19Z,1021,646656,105624,541032,0,17,4318
2026-09-01T06:20:19Z,1081,633208,105660,527548,0,17,4345
2026-09-01T06:21:19Z,1141,636168,105724,530444,0,17,4362
2026-09-01T06:22:19Z,1201,639104,105760,533344,0,17,4364
2026-09-01T06:23:19Z,1261,625652,105792,519860,0,17,4359
2026-09-01T06:24:19Z,1321,628616,105860,522760,0,17,4353
2026-09-01T06:25:19Z,1381,631540,105892,525648,0,17,4397
2026-09-01T06:26:19Z,1441,634436,105892,528544,0,17,4400
2026-09-01T06:27:19Z,1501,637364,105928,531436,0,17,4374
2026-09-01T06:28:20Z,1562,640296,105964,534332,0,17,4367
2026-09-01T06:29:20Z,1622,643224,105996,537232,0,17,4399
2026-09-01T06:30:20Z,1682,646160,106032,540128,0,17,4382
2026-09-01T06:31:20Z,1742,632704,106064,526644,0,17,4391
2026-09-01T06:32:20Z,1802,635668,106132,529536,0,17,4381
2026-09-01T06:33:20Z,1862,638568,106132,532436,0,17,4389
2026-09-01T06:34:20Z,1922,625108,106168,518940,0,17,4385
2026-09-01T06:35:20Z,1982,628036,106204,521832,0,17,4408
2026-09-01T06:36:20Z,2042,630996,106268,524728,0,17,4389
2026-09-01T06:37:20Z,2102,633924,106304,527620,0,17,4373
2026-09-01T06:38:20Z,2162,636852,106336,530516,0,17,4368
2026-09-01T06:39:20Z,2222,639760,106340,533420,0,17,4385
2026-09-01T06:40:20Z,2282,642700,106376,536324,0,17,4378
2026-09-01T06:41:20Z,2342,645628,106412,539216,0,17,4380
2026-09-01T06:42:20Z,2402,632172,106444,525728,0,17,4363
2026-09-01T06:43:21Z,2463,635136,106512,528624,0,17,4365
2026-09-01T06:44:21Z,2523,638064,106544,531520,0,17,4370
2026-09-01T06:45:21Z,2583,641004,106580,534424,0,17,4372
2026-09-01T06:46:21Z,2643,627520,106580,520940,0,17,4377
2026-09-01T06:47:21Z,2703,630484,106644,523840,0,17,4348
2026-09-01T06:48:21Z,2763,633416,106680,526736,0,17,4347
2026-09-01T06:49:21Z,2823,636348,106712,529636,0,17,4396
2026-09-01T06:50:21Z,2883,639288,106748,532540,0,17,4374
2026-09-01T06:51:21Z,2943,642216,106780,535436,0,17,4391
2026-09-01T06:52:21Z,3003,645116,106780,538336,0,17,4371
2026-09-01T06:53:21Z,3063,648052,106816,541236,0,17,4364
2026-09-01T06:54:21Z,3123,634600,106852,527748,0,17,4387
2026-09-01T06:55:21Z,3183,637568,106916,530652,0,17,4391
2026-09-01T06:56:22Z,3244,640488,106948,533544,0,17,4387
2026-09-01T06:57:22Z,3304,627036,106984,520052,0,17,4372
2026-09-01T06:58:22Z,3364,630008,107056,522952,0,17,4361
2026-09-01T06:59:22Z,3424,632904,107056,525848,0,17,4391
2026-09-01T07:00:22Z,3484,635852,107100,528752,0,17,4386
2026-09-01T07:01:22Z,3544,638780,107136,531644,0,17,4399
2026-09-01T07:02:22Z,3604,641708,107168,534540,0,17,4382
2026-09-01T07:03:22Z,3664,644644,107204,537440,0,17,4368
2026-09-01T07:04:22Z,3724,647588,107248,540340,0,17,4365
2026-09-01T07:05:22Z,3784,634148,107300,526852,0,17,4394
2026-09-01T07:06:22Z,3844,637040,107300,529740,0,17,4397
2026-09-01T07:07:22Z,3904,640004,107364,532640,0,17,4364
2026-09-01T07:08:23Z,3965,626552,107400,519152,0,17,4358
2026-09-01T07:09:23Z,4025,629512,107464,522048,0,17,4384
2026-09-01T07:10:23Z,4085,632456,107500,524956,0,17,4375
2026-09-01T07:11:23Z,4145,635384,107532,527852,0,17,4383
2026-09-01T07:12:23Z,4205,638284,107532,530752,0,17,4367
2026-09-01T07:13:23Z,4265,641212,107568,533644,0,17,4366
2026-09-01T07:14:23Z,4325,644144,107600,536544,0,17,4364
2026-09-01T07:15:23Z,4385,647076,107636,539440,0,17,4380
2026-09-01T07:16:23Z,4445,650008,107672,542336,0,17,4377
2026-09-01T07:17:23Z,4505,636580,107736,528848,0,17,4353
2026-09-01T07:18:23Z,4565,639512,107772,531740,0,17,4353
2026-09-01T07:19:23Z,4625,626024,107772,518252,0,17,4382
2026-09-01T07:20:23Z,4685,628956,107804,521152,0,17,4366
2026-09-01T07:21:23Z,4745,631916,107868,524048,0,17,4375
2026-09-01T07:22:24Z,4806,634852,107904,526948,0,17,4370
2026-09-01T07:23:24Z,4866,637788,107940,529848,0,17,4362
2026-09-01T07:24:24Z,4926,640716,107972,532744,0,17,4365
2026-09-01T07:25:24Z,4986,643612,107972,535640,0,17,4394
2026-09-01T07:26:24Z,5046,646536,108008,538528,0,17,4390
2026-09-01T07:27:24Z,5106,649468,108040,541428,0,17,4356
2026-09-01T07:28:24Z,5166,636012,108076,527936,0,17,4351
2026-09-01T07:29:24Z,5226,638972,108140,530832,0,17,4374
2026-09-01T07:30:24Z,5286,641908,108176,533732,0,17,4371
2026-09-01T07:31:24Z,5346,628484,108240,520244,0,17,4396
2026-09-01T07:32:24Z,5406,631384,108240,523144,0,17,4371
2026-09-01T07:33:24Z,5466,634308,108276,526036,0,17,4359
2026-09-01T07:34:24Z,5526,637240,108308,528932,0,17,4369
2026-09-01T07:35:25Z,5587,640172,108344,531828,0,17,4379
2026-09-01T07:36:25Z,5647,643104,108380,534724,0,17,4386
2026-09-01T07:37:25Z,5707,646032,108412,537620,0,17,4365
2026-09-01T07:38:25Z,5767,648964,108448,540516,0,17,4357
2026-09-01T07:39:25Z,5827,635472,108448,527024,0,17,4376
2026-09-01T07:40:25Z,5887,638400,108480,529920,0,17,4379
2026-09-01T07:41:25Z,5947,641364,108548,532816,0,17,4382
2026-09-01T07:42:25Z,6007,627904,108580,519324,0,17,4368
2026-09-01T07:43:25Z,6067,630868,108648,522220,0,17,4369
2026-09-01T07:44:25Z,6127,633792,108680,525112,0,17,4358
2026-09-01T07:45:25Z,6187,636688,108680,528008,0,17,4386
2026-09-01T07:46:25Z,6247,639624,108716,530908,0,17,4366
2026-09-01T07:47:25Z,6307,642560,108752,533808,0,17,4368
2026-09-01T07:48:25Z,6367,645484,108784,536704,0,17,4349
2026-09-01T07:49:25Z,6427,648424,108820,539604,0,17,4386
2026-09-01T07:50:25Z,6488,651352,108856,542496,0,17,4373
2026-09-01T07:51:26Z,6548,637928,108924,529004,0,17,4395
2026-09-01T07:52:26Z,6608,640820,108924,531896,0,17,4374
2026-09-01T07:53:26Z,6668,627368,108956,518412,0,17,4359
2026-09-01T07:54:26Z,6728,630336,109024,521312,0,17,4357
2026-09-01T07:55:26Z,6788,633260,109056,524204,0,17,4397
2026-09-01T07:56:26Z,6848,636192,109092,527100,0,17,4388
2026-09-01T07:57:26Z,6908,639116,109124,529996,0,17,4367
2026-09-01T07:58:26Z,6968,642020,109124,532896,0,17,4373
2026-09-01T07:59:26Z,7028,644952,109160,535796,0,17,4382
2026-09-01T08:00:26Z,7088,647884,109192,538692,0,17,4379
2026-09-01T08:01:27Z,7149,650820,109228,541592,0,17,4398
2026-09-01T08:02:27Z,7209,637368,109260,528108,0,17,4358
2026-09-01T08:03:27Z,7269,640336,109332,531004,0,17,4357
2026-09-01T08:04:27Z,7329,626884,109364,517520,0,17,4370
2026-09-01T08:05:27Z,7389,629776,109364,520412,0,17,4389
2026-09-01T08:06:27Z,7449,632744,109432,523312,0,17,4386
2026-09-01T08:07:27Z,7509,635676,109464,526212,0,17,4362
2026-09-01T08:08:27Z,7569,638612,109500,529112,0,17,4378
2026-09-01T08:09:27Z,7629,641544,109536,532012,0,17,4386
2026-09-01T08:10:27Z,7689,644480,109568,534912,0,17,4390
2026-09-01T08:11:27Z,7749,647416,109604,537816,0,17,4391
2026-09-01T08:12:27Z,7809,650312,109604,540708,0,17,4381
2026-09-01T08:13:27Z,7869,636860,109636,527224,0,17,4364
2026-09-01T08:14:28Z,7930,639804,109680,530124,0,17,4371
2026-09-01T08:15:28Z,7990,642768,109744,533024,0,17,4379
2026-09-01T08:16:28Z,8050,629348,109812,519536,0,17,4402
2026-09-01T08:17:28Z,8110,632272,109844,522428,0,17,4346
2026-09-01T08:18:28Z,8170,635176,109844,525336,0,17,4359
2026-09-01T08:19:28Z,8230,638112,109880,528232,0,17,4365
2026-09-01T08:20:28Z,8290,641040,109912,531128,0,17,4373
2026-09-01T08:21:28Z,8350,643980,109948,534032,0,17,4386
2026-09-01T08:22:28Z,8410,646912,109984,536932,0,17,4373
2026-09-01T08:23:28Z,8470,649844,110016,539828,0,17,4352
2026-09-01T08:24:28Z,8530,652776,110052,542724,0,17,4360
2026-09-01T08:25:28Z,8590,639284,110052,529232,0,17,4362
2026-09-01T08:26:28Z,8650,642248,110116,532132,0,17,4361
2026-09-01T08:27:29Z,8711,628792,110148,518644,0,17,4379
2026-09-01T08:28:29Z,8771,631760,110216,521544,0,17,4365
2026-09-01T08:29:29Z,8831,634684,110248,524436,0,17,4380
2026-09-01T08:30:29Z,8891,637616,110284,527332,0,17,4382
2026-09-01T08:31:29Z,8951,640516,110284,530232,0,17,4364
2026-09-01T08:32:29Z,9011,643448,110320,533128,0,17,4377
2026-09-01T08:33:29Z,9071,646380,110352,536028,0,17,4378
2026-09-01T08:34:29Z,9131,649312,110388,538924,0,17,4361
2026-09-01T08:35:29Z,9191,652248,110420,541828,0,17,4380
2026-09-01T08:36:29Z,9251,638792,110456,528340,0,17,4369
2026-09-01T08:37:29Z,9311,641756,110520,531236,0,17,4349
2026-09-01T08:38:29Z,9371,628272,110520,517752,0,17,4349
2026-09-01T08:39:30Z,9432,631208,110556,520652,0,17,4393
2026-09-01T08:40:30Z,9492,634172,110620,523552,0,17,4387
2026-09-01T08:41:30Z,9552,637108,110656,526452,0,17,4388
2026-09-01T08:42:30Z,9612,640036,110688,529348,0,17,4377
2026-09-01T08:43:30Z,9672,642976,110728,532248,0,17,4371
2026-09-01T08:44:30Z,9732,645908,110764,535144,0,17,4369
2026-09-01T08:45:30Z,9792,648800,110764,538036,0,17,4404
2026-09-01T08:46:30Z,9852,651728,110796,540932,0,17,4381
2026-09-01T08:47:30Z,9912,654660,110832,543828,0,17,4369
2026-09-01T08:48:30Z,9972,641240,110896,530344,0,17,4362
2026-09-01T08:49:30Z,10032,627792,110932,516860,0,17,4395
2026-09-01T08:50:30Z,10092,630752,110996,519756,0,17,4381
2026-09-01T08:51:30Z,10152,633648,110996,522652,0,17,4387
2026-09-01T08:52:30Z,10212,636576,111032,525544,0,17,4378
2026-09-01T08:53:31Z,10273,639508,111064,528444,0,17,4351
2026-09-01T08:54:31Z,10333,642444,111100,531344,0,17,4346
2026-09-01T08:55:31Z,10393,645372,111132,534240,0,17,4374
2026-09-01T08:56:31Z,10453,648304,111168,537136,0,17,4368
2026-09-01T08:57:31Z,10513,651236,111204,540032,0,17,4346
2026-09-01T08:58:31Z,10573,654132,111204,542928,0,17,4343
2026-09-01T08:59:31Z,10633,640684,111236,529448,0,17,4384
2026-09-01T09:00:31Z,10693,643652,111304,532348,0,17,4371
2026-09-01T09:01:31Z,10753,630192,111336,518856,0,17,4363
2026-09-01T09:02:31Z,10813,633168,111408,521760,0,17,4352
2026-09-01T09:03:31Z,10873,636092,111440,524652,0,17,4348
2026-09-01T09:04:32Z,10934,638980,111440,527540,0,17,4348
2026-09-01T09:05:32Z,10994,641912,111472,530440,0,17,4379
2026-09-01T09:06:32Z,11054,644848,111508,533340,0,17,4378
2026-09-01T09:07:32Z,11114,647784,111544,536240,0,17,4348
2026-09-01T09:08:32Z,11174,650720,111576,539144,0,17,4348
2026-09-01T09:09:32Z,11234,653648,111612,542040,0,17,4388
2026-09-01T09:10:32Z,11294,640200,111644,528556,0,17,4388
2026-09-01T09:11:32Z,11354,643096,111644,531452,0,17,4390
2026-09-01T09:12:32Z,11414,629672,111712,517964,0,17,4365
2026-09-01T09:13:32Z,11474,632640,111776,520864,0,17,4348
2026-09-01T09:14:32Z,11534,635576,111812,523764,0,17,4348
2026-09-01T09:15:33Z,11595,638512,111844,526668,0,17,4382
2026-09-01T09:16:33Z,11655,641448,111880,529568,0,17,4380
2026-09-01T09:17:33Z,11715,644376,111916,532460,0,17,4365
2026-09-01T09:18:33Z,11775,647276,111916,535360,0,17,4361
2026-09-01T09:19:33Z,11835,650208,111948,538260,0,17,4374
2026-09-01T09:20:33Z,11895,653140,111984,541156,0,17,4369
2026-09-01T09:21:33Z,11955,656072,112016,544056,0,17,4383
2026-09-01T09:22:33Z,12015,642656,112084,530572,0,17,4362
2026-09-01T09:23:33Z,12075,629196,112116,517080,0,17,4362
2026-09-01T09:24:33Z,12135,632096,112116,519980,0,17,4347
2026-09-01T09:25:33Z,12195,635068,112184,522884,0,17,4365
2026-09-01T09:26:34Z,12256,638000,112216,525784,0,17,4368
2026-09-01T09:27:34Z,12316,640936,112252,528684,0,17,4349
2026-09-01T09:28:34Z,12376,643868,112284,531584,0,17,4369
2026-09-01T09:29:34Z,12436,646800,112320,534480,0,17,4378
2026-09-01T09:30:34Z,12496,649736,112356,537380,0,17,4379
2026-09-01T09:31:34Z,12556,652640,112356,540284,0,17,4374
2026-09-01T09:32:34Z,12616,655576,112388,543188,0,17,4362
2026-09-01T09:33:34Z,12676,642124,112424,529700,0,17,4345
2026-09-01T09:34:34Z,12736,628708,112488,516220,0,17,4350
2026-09-01T09:35:34Z,12796,631680,112556,519124,0,17,4371
2026-09-01T09:36:34Z,12856,634612,112588,522028,0,17,4368
2026-09-01T09:37:34Z,12916,637512,112588,524924,0,17,4359
2026-09-01T09:38:34Z,12977,640452,112624,527828,0,17,4374
2026-09-01T09:39:35Z,13037,643384,112656,530728,0,17,4377
2026-09-01T09:40:35Z,13097,646324,112692,533632,0,17,4379
2026-09-01T09:41:35Z,13157,649260,112728,536532,0,17,4369
2026-09-01T09:42:35Z,13217,652196,112760,539436,0,17,4364
2026-09-01T09:43:35Z,13277,655132,112796,542336,0,17,4345
2026-09-01T09:44:35Z,13337,658036,112796,545240,0,17,4351
2026-09-01T09:45:35Z,13397,644580,112828,531752,0,17,4392
2026-09-01T09:46:35Z,13457,631160,112896,518264,0,17,4378
2026-09-01T09:47:35Z,13517,634120,112960,521164,0,17,4380
2026-09-01T09:48:35Z,13577,637056,112996,524060,0,17,4369
2026-09-01T09:49:35Z,13637,639980,113028,526952,0,17,4377
2026-09-01T09:50:36Z,13698,642912,113064,529848,0,17,4378
2026-09-01T09:51:36Z,13758,645812,113064,532748,0,17,4355
2026-09-01T09:52:36Z,13818,648748,113100,535648,0,17,4352
2026-09-01T09:53:36Z,13878,651676,113132,538544,0,17,4346
2026-09-01T09:54:36Z,13938,654616,113168,541448,0,17,4353
2026-09-01T09:55:36Z,13998,657540,113200,544340,0,17,4378
2026-09-01T09:56:36Z,14058,644124,113268,530856,0,17,4366
2026-09-01T09:57:36Z,14118,630640,113268,517372,0,17,4340
2026-09-01T09:58:36Z,14178,633600,113332,520268,0,17,4344
2026-09-01T09:59:36Z,14238,636540,113368,523172,0,17,4399
2026-09-01T10:00:36Z,14298,639468,113400,526068,0,17,4408
2026-09-01T10:01:36Z,14358,642412,113440,528972,0,17,4385
2026-09-01T10:02:36Z,14418,645344,113472,531876,0,17,4366
2026-09-01T10:03:37Z,14479,648284,113508,534776,0,17,4355
2026-09-01T10:04:37Z,14539,651188,113508,537680,0,17,4358
2026-09-01T10:05:37Z,14599,654116,113540,540576,0,17,4391
2026-09-01T10:06:37Z,14659,657068,113592,543476,0,17,4374
2026-09-01T10:07:37Z,14719,643624,113624,530000,0,17,4350
2026-09-01T10:08:37Z,14779,630204,113692,516512,0,17,4364
2026-09-01T10:09:37Z,14839,633168,113756,519416,0,17,4370
2026-09-01T10:10:37Z,14899,636100,113792,522308,0,17,4370
2026-09-01T10:11:37Z,14959,639000,113792,525208,0,17,4388
2026-09-01T10:12:37Z,15019,641932,113824,528108,0,17,4369
2026-09-01T10:13:37Z,15079,644868,113860,531008,0,17,4355
2026-09-01T10:14:37Z,15139,647804,113896,533908,0,17,4354
2026-09-01T10:15:37Z,15199,650736,113928,536808,0,17,4381
2026-09-01T10:16:38Z,15260,653672,113964,539708,0,17,4362
2026-09-01T10:17:38Z,15320,656576,113964,542612,0,17,4369
2026-09-01T10:18:38Z,15380,659508,113996,545512,0,17,4364
2026-09-01T10:19:38Z,15440,629676,114032,515644,0,17,4384
2026-09-01T10:20:38Z,15500,632668,114128,518540,0,17,4381
2026-09-01T10:21:38Z,15560,635608,114164,521444,0,17,4371
2026-09-01T10:22:38Z,15620,638540,114196,524344,0,17,4355
2026-09-01T10:23:38Z,15680,641476,114232,527244,0,17,4353
2026-09-01T10:24:38Z,15740,644380,114232,530148,0,17,4351
2026-09-01T10:25:38Z,15800,647308,114264,533048,0,17,4382
2026-09-01T10:26:38Z,15860,650252,114304,535948,0,17,4349
2026-09-01T10:27:38Z,15920,653200,114348,538852,0,17,4334
2026-09-01T10:28:39Z,15981,656132,114380,541752,0,17,4341
2026-09-01T10:29:39Z,16041,659068,114416,544652,0,17,4377
2026-09-01T10:30:39Z,16101,645592,114416,531176,0,17,4367
2026-09-01T10:31:39Z,16161,632172,114480,517692,0,17,4374
2026-09-01T10:32:39Z,16221,635136,114544,520592,0,17,4364
2026-09-01T10:33:39Z,16281,638076,114580,523500,0,17,4353
2026-09-01T10:34:39Z,16341,641012,114616,526396,0,17,4357
2026-09-01T10:35:39Z,16401,643944,114648,529296,0,17,4374
2026-09-01T10:36:39Z,16461,646880,114684,532196,0,17,4352
2026-09-01T10:37:39Z,16521,649780,114684,535096,0,17,4334
2026-09-01T10:38:39Z,16581,652712,114716,537996,0,17,4352
2026-09-01T10:39:39Z,16641,655644,114752,540892,0,17,4372
2026-09-01T10:40:39Z,16701,658580,114784,543796,0,17,4376
2026-09-01T10:41:40Z,16762,645136,114820,530316,0,17,4401
2026-09-01T10:42:40Z,16822,631752,114916,516836,0,17,4353
2026-09-01T10:43:40Z,16882,634692,114952,519740,0,17,4353
2026-09-01T10:44:40Z,16942,637596,114952,522644,0,17,4353
2026-09-01T10:45:40Z,17002,640528,114984,525544,0,17,4391
2026-09-01T10:46:40Z,17062,643468,115020,528448,0,17,4372
2026-09-01T10:47:40Z,17122,646400,115056,531344,0,17,4357
2026-09-01T10:48:40Z,17182,649332,115088,534244,0,17,4369
2026-09-01T10:49:40Z,17242,652268,115124,537148,0,17,4371
2026-09-01T10:50:40Z,17302,655168,115124,540044,0,17,4395
2026-09-01T10:51:40Z,17362,658104,115156,542948,0,17,4384
2026-09-01T10:52:40Z,17422,661036,115192,545848,0,17,4370
2026-09-01T10:53:41Z,17483,631232,115252,515980,0,17,4361
2026-09-01T10:54:41Z,17543,634232,115352,518884,0,17,4358
2026-09-01T10:55:41Z,17603,637168,115384,521784,0,17,4359
2026-09-01T10:56:41Z,17663,640108,115428,524680,0,17,4365
2026-09-01T10:57:41Z,17723,643008,115428,527580,0,17,4363
2026-09-01T10:58:41Z,17783,645936,115460,530480,0,17,4364
2026-09-01T10:59:41Z,17843,648868,115496,533372,0,17,4371
2026-09-01T11:00:41Z,17903,651816,115536,536280,0,17,4378
2026-09-01T11:01:41Z,17963,654744,115568,539176,0,17,4373
2026-09-01T11:02:41Z,18023,657684,115604,542080,0,17,4348
2026-09-01T11:03:41Z,18083,660612,115636,544976,0,17,4344
2026-09-01T11:04:42Z,18144,630748,115636,515112,0,17,4329
2026-09-01T11:05:42Z,18204,633712,115704,518008,0,17,4376
2026-09-01T11:06:42Z,18264,636676,115768,520908,0,17,4369
2026-09-01T11:07:42Z,18324,639616,115804,523812,0,17,4357
2026-09-01T11:08:42Z,18384,642544,115836,526708,0,17,4353
2026-09-01T11:09:42Z,18444,645480,115872,529608,0,17,4368
2026-09-01T11:10:42Z,18504,648384,115872,532512,0,17,4387
2026-09-01T11:11:42Z,18564,651312,115908,535404,0,17,4387
2026-09-01T11:12:42Z,18624,654244,115940,538304,0,17,4368
2026-09-01T11:13:42Z,18684,657188,115976,541212,0,17,4362
2026-09-01T11:14:42Z,18744,660124,116008,544116,0,17,4364
2026-09-01T11:15:42Z,18804,663064,116044,547020,0,17,4374
2026-09-01T11:16:43Z,18865,633292,116140,517152,0,17,4356
2026-09-01T11:17:43Z,18925,636196,116140,520056,0,17,4344
2026-09-01T11:18:43Z,18985,639124,116176,522952,0,17,4356
2026-09-01T11:19:43Z,19045,642056,116208,525848,0,17,4379
2026-09-01T11:20:43Z,19105,645000,116244,528756,0,17,4385
2026-09-01T11:21:43Z,19165,647932,116276,531656,0,17,4361
2026-09-01T11:22:43Z,19225,650864,116312,534552,0,17,4364
2026-09-01T11:23:43Z,19285,653756,116312,537444,0,17,4352
2026-09-01T11:24:43Z,19345,656684,116348,540336,0,17,4354
2026-09-01T11:25:43Z,19405,659616,116380,543236,0,17,4377
2026-09-01T11:26:43Z,19465,629780,116416,513364,0,17,4349
2026-09-01T11:27:43Z,19525,632716,116452,516268,0,17,4341
2026-09-01T11:28:43Z,19585,635716,116552,519164,0,17,4351
2026-09-01T11:29:44Z,19646,638656,116588,522068,0,17,4380
2026-09-01T11:30:44Z,19706,641556,116588,524968,0,17,4396
2026-09-01T11:31:44Z,19766,644516,116648,527868,0,17,4373
2026-09-01T11:32:44Z,19826,647448,116684,530764,0,17,4357
2026-09-01T11:33:44Z,19886,650380,116720,533660,0,17,4356
2026-09-01T11:34:44Z,19946,653312,116756,536556,0,17,4352
2026-09-01T11:35:44Z,20006,656240,116788,539452,0,17,4386
2026-09-01T11:36:44Z,20066,659180,116824,542356,0,17,4353
2026-09-01T11:37:44Z,20126,662072,116824,545248,0,17,4364
2026-09-01T11:38:44Z,20186,632232,116856,515376,0,17,4352
2026-09-01T11:39:44Z,20246,635228,116952,518276,0,17,4366
2026-09-01T11:40:45Z,20307,638164,116988,521176,0,17,4375
2026-09-01T11:41:45Z,20367,641096,117024,524072,0,17,4352
2026-09-01T11:42:45Z,20427,644024,117056,526968,0,17,4357
2026-09-01T11:43:45Z,20487,646916,117056,529860,0,17,4339
2026-09-01T11:44:45Z,20547,649852,117092,532760,0,17,4347
2026-09-01T11:45:45Z,20607,652784,117128,535656,0,17,4370
2026-09-01T11:46:45Z,20667,655716,117160,538556,0,17,4340
2026-09-01T11:47:45Z,20727,658648,117196,541452,0,17,4340
2026-09-01T11:48:45Z,20787,661580,117228,544352,0,17,4350
2026-09-01T11:49:45Z,20847,631744,117264,514480,0,17,4394
2026-09-01T11:50:45Z,20907,634644,117264,517380,0,17,4397
2026-09-01T11:51:45Z,20967,637636,117360,520276,0,17,4353
2026-09-01T11:52:46Z,21028,640572,117396,523176,0,17,4360
2026-09-01T11:53:46Z,21088,643504,117428,526076,0,17,4348
2026-09-01T11:54:46Z,21148,646436,117464,528972,0,17,4348
2026-09-01T11:55:46Z,21208,649364,117496,531868,0,17,4371
2026-09-01T11:56:46Z,21268,652264,117496,534768,0,17,4341
2026-09-01T11:57:46Z,21328,655200,117532,537668,0,17,4345
2026-09-01T11:58:46Z,21388,658136,117568,540568,0,17,4336
2026-09-01T11:59:46Z,21448,661060,117600,543460,0,17,4381
2026-09-01T12:00:46Z,21508,647620,117640,529980,0,17,4363
2026-09-01T12:01:46Z,21568,634232,117736,516496,0,17,4364
2026-09-01T12:02:46Z,21628,637164,117772,519392,0,17,4352
2026-09-01T12:03:47Z,21689,640072,117772,522300,0,17,4338
2026-09-01T12:04:47Z,21749,642996,117804,525192,0,17,4342
2026-09-01T12:05:47Z,21809,645928,117836,528092,0,17,4364
2026-09-01T12:06:47Z,21869,648864,117872,530992,0,17,4336
2026-09-01T12:07:47Z,21929,651804,117908,533896,0,17,4336
2026-09-01T12:08:47Z,21989,654732,117944,536788,0,17,4348
2026-09-01T12:09:47Z,22049,657632,117944,539688,0,17,4369
2026-09-01T12:10:47Z,22109,660552,117976,542576,0,17,4359
2026-09-01T12:11:47Z,22169,647100,118012,529088,0,17,4360
2026-09-01T12:12:47Z,22229,633644,118044,515600,0,17,4367
2026-09-01T12:13:47Z,22289,636640,118140,518504,0,17,4352
2026-09-01T12:14:47Z,22349,639576,118176,521400,0,17,4349
2026-09-01T12:15:48Z,22410,642508,118212,524296,0,17,4377
2026-09-01T12:16:48Z,22470,645400,118212,527188,0,17,4367
2026-09-01T12:17:48Z,22530,648328,118244,530084,0,17,4365
2026-09-01T12:18:48Z,22590,651256,118280,532976,0,17,4353
2026-09-01T12:19:48Z,22650,654188,118312,535876,0,17,4366
2026-09-01T12:20:48Z,22710,657120,118348,538772,0,17,4374
2026-09-01T12:21:48Z,22770,660052,118384,541668,0,17,4363
2026-09-01T12:22:48Z,22830,662952,118384,544568,0,17,4345
2026-09-01T12:23:48Z,22890,633112,118416,514696,0,17,4323
2026-09-01T12:24:48Z,22950,636072,118480,517596,0,17,4339
2026-09-01T12:25:48Z,23010,639040,118548,520492,0,17,4374
2026-09-01T12:26:48Z,23070,641972,118580,523392,0,17,4354
2026-09-01T12:27:49Z,23131,644908,118616,526292,0,17,4341
2026-09-01T12:28:49Z,23191,647832,118648,529184,0,17,4340
2026-09-01T12:29:49Z,23251,650732,118648,532084,0,17,4383
2026-09-01T12:30:49Z,23311,653668,118684,534988,0,17,4380
2026-09-01T12:31:49Z,23371,656596,118720,537876,0,17,4370
2026-09-01T12:32:49Z,23431,659528,118752,540776,0,17,4365
2026-09-01T12:33:49Z,23491,662460,118788,543672,0,17,4350
2026-09-01T12:34:49Z,23551,649004,118820,530184,0,17,4339
2026-09-01T12:35:49Z,23611,635620,118920,516700,0,17,4358
2026-09-01T12:36:49Z,23671,638512,118920,519592,0,17,4372
2026-09-01T12:37:49Z,23731,641440,118952,522488,0,17,4355
2026-09-01T12:38:49Z,23791,644372,118988,525388,0,17,4355
2026-09-01T12:39:50Z,23852,647308,119020,528288,0,17,4358
2026-09-01T12:40:50Z,23912,650244,119056,531188,0,17,4366
2026-09-01T12:41:50Z,23972,653184,119092,534092,0,17,4355
2026-09-01T12:42:50Z,24032,656076,119092,536984,0,17,4326
2026-09-01T12:43:50Z,24092,659008,119124,539884,0,17,4328
2026-09-01T12:44:50Z,24152,661940,119160,542780,0,17,4327
2026-09-01T12:45:50Z,24212,648484,119192,529296,0,17,4384
2026-09-01T12:46:50Z,24272,635068,119260,515808,0,17,4350
2026-09-01T12:47:50Z,24332,638032,119324,518708,0,17,4346
2026-09-01T12:48:50Z,24392,640964,119360,521604,0,17,4352
2026-09-01T12:49:50Z,24452,643860,119360,524500,0,17,4380
2026-09-01T12:50:51Z,24513,646792,119392,527400,0,17,4371
2026-09-01T12:51:51Z,24573,649728,119428,530300,0,17,4360
2026-09-01T12:52:51Z,24633,652652,119460,533192,0,17,4345
2026-09-01T12:53:51Z,24693,655580,119496,536084,0,17,4341
2026-09-01T12:54:51Z,24753,658516,119532,538984,0,17,4339
2026-09-01T12:55:51Z,24813,661408,119532,541876,0,17,4388
2026-09-01T12:56:51Z,24873,647952,119564,528392,0,17,4353
2026-09-01T12:57:51Z,24933,650888,119600,531288,0,17,4350
2026-09-01T12:58:51Z,24993,637460,119664,517796,0,17,4354
2026-09-01T12:59:51Z,25053,640424,119736,520688,0,17,4381
2026-09-01T13:00:51Z,25113,643364,119768,523596,0,17,4363
2026-09-01T13:01:52Z,25174,646300,119800,526500,0,17,4364
2026-09-01T13:02:52Z,25234,649196,119800,529396,0,17,4343
2026-09-01T13:03:52Z,25294,652132,119836,532296,0,17,4340
2026-09-01T13:04:52Z,25354,655068,119872,535196,0,17,4357
2026-09-01T13:05:52Z,25414,658004,119904,538100,0,17,4384
2026-09-01T13:06:52Z,25474,660932,119940,540992,0,17,4343
2026-09-01T13:07:52Z,25534,663868,119972,543896,0,17,4350
2026-09-01T13:08:52Z,25594,650380,119972,530408,0,17,4340
2026-09-01T13:09:52Z,25654,636964,120040,516924,0,17,4377
2026-09-01T13:10:52Z,25714,639924,120104,519820,0,17,4377
2026-09-01T13:11:52Z,25774,642864,120140,522724,0,17,4343
2026-09-01T13:12:52Z,25834,645792,120172,525620,0,17,4340
2026-09-01T13:13:52Z,25894,648724,120208,528516,0,17,4332
2026-09-01T13:14:53Z,25955,651660,120244,531416,0,17,4334
2026-09-01T13:15:53Z,26015,654564,120244,534320,0,17,4364
2026-09-01T13:16:53Z,26075,657496,120276,537220,0,17,4343
2026-09-01T13:17:53Z,26135,660424,120312,540112,0,17,4345
2026-09-01T13:18:53Z,26195,663356,120344,543012,0,17,4326
2026-09-01T13:19:53Z,26255,649904,120380,529524,0,17,4352
2026-09-01T13:20:53Z,26315,636484,120444,516044,0,17,4372
2026-09-01T13:21:53Z,26375,639452,120512,518940,0,17,4378
2026-09-01T13:22:53Z,26435,642348,120512,521836,0,17,4366
2026-09-01T13:23:53Z,26495,645284,120544,524740,0,17,4356
2026-09-01T13:24:53Z,26555,648216,120580,527636,0,17,4367
2026-09-01T13:25:53Z,26615,651144,120612,530532,0,17,4368
2026-09-01T13:26:54Z,26676,654080,120648,533432,0,17,4357
2026-09-01T13:27:54Z,26736,657016,120684,536336,0,17,4362
2026-09-01T13:28:54Z,26796,659912,120684,539232,0,17,4349
2026-09-01T13:29:54Z,26856,662840,120716,542124,0,17,4383
2026-09-01T13:30:54Z,26916,649396,120752,528644,0,17,4382
2026-09-01T13:31:54Z,26976,652360,120816,531544,0,17,4378
2026-09-01T13:32:54Z,27036,638908,120852,518056,0,17,4357
2026-09-01T13:33:54Z,27096,641876,120916,520960,0,17,4352
2026-09-01T13:34:54Z,27156,644816,120952,523864,0,17,4347
2026-09-01T13:35:54Z,27216,647716,120952,526764,0,17,4378
2026-09-01T13:36:54Z,27276,650652,120984,529668,0,17,4340
2026-09-01T13:37:54Z,27336,653584,121020,532568,0,17,4351
2026-09-01T13:38:55Z,27397,656536,121076,535460,0,17,4331
2026-09-01T13:39:55Z,27457,659468,121108,538360,0,17,4382
2026-09-01T13:40:55Z,27517,662400,121144,541256,0,17,4377
2026-09-01T13:41:55Z,27577,648908,121144,527768,0,17,4353
2026-09-01T13:42:55Z,27637,651840,121176,530664,0,17,4346
2026-09-01T13:43:55Z,27697,638420,121244,517176,0,17,4337
2026-09-01T13:44:55Z,27757,641384,121308,520076,0,17,4335
2026-09-01T13:45:55Z,27817,644316,121344,522972,0,17,4368
2026-09-01T13:46:55Z,27877,647244,121376,525868,0,17,4367
2026-09-01T13:47:55Z,27937,650176,121412,528764,0,17,4344
2026-09-01T13:48:55Z,27997,653072,121412,531660,0,17,4350
2026-09-01T13:49:55Z,28057,656004,121444,534560,0,17,4371
2026-09-01T13:50:55Z,28117,658944,121480,537464,0,17,4377
2026-09-01T13:51:55Z,28177,661872,121516,540356,0,17,4368
2026-09-01T13:52:56Z,28238,664812,121560,543252,0,17,4356
2026-09-01T13:53:56Z,28298,651388,121628,529764,0,17,4346
2026-09-01T13:54:56Z,28358,654324,121660,532668,0,17,4336
2026-09-01T13:55:56Z,28418,640840,121660,519180,0,17,4371
2026-09-01T13:56:56Z,28478,643804,121728,522076,0,17,4342
2026-09-01T13:57:56Z,28538,646736,121764,524976,0,17,4353
2026-09-01T13:58:56Z,28598,649680,121800,527880,0,17,4336
2026-09-01T13:59:56Z,28658,652612,121836,530780,0,17,4365
2026-09-01T14:00:56Z,28718,655544,121868,533676,0,17,4367
2026-09-01T14:01:56Z,28778,658448,121868,536580,0,17,4350
2026-09-01T14:02:56Z,28838,661380,121904,539476,0,17,4343
2026-09-01T14:03:56Z,28898,664312,121936,542376,0,17,4344
2026-09-01T14:04:57Z,28959,650868,121972,528896,0,17,4331
2026-09-01T14:05:57Z,29019,653832,122036,531796,0,17,4388
2026-09-01T14:06:57Z,29079,640388,122072,518316,0,17,4335
2026-09-01T14:07:57Z,29139,643348,122136,521212,0,17,4347
2026-09-01T14:08:57Z,29199,646248,122136,524112,0,17,4348
2026-09-01T14:09:57Z,29259,649188,122172,527016,0,17,4375
2026-09-01T14:10:57Z,29319,652116,122204,529916,0,17,4376
2026-09-01T14:11:57Z,29379,655056,122240,532816,0,17,4363
2026-09-01T14:12:57Z,29439,657988,122276,535712,0,17,4354
2026-09-01T14:13:57Z,29499,660924,122308,538616,0,17,4345
2026-09-01T14:14:57Z,29559,663820,122308,541512,0,17,4351
2026-09-01T14:15:57Z,29619,650364,122344,528020,0,17,4372
2026-09-01T14:16:57Z,29679,653296,122376,530924,0,17,4338
2026-09-01T14:17:58Z,29740,639880,122444,517436,0,17,4323
2026-09-01T14:18:58Z,29800,642840,122508,520332,0,17,4335
2026-09-01T14:19:58Z,29860,645772,122544,523228,0,17,4362
2026-09-01T14:20:58Z,29920,648700,122576,526124,0,17,4351
2026-09-01T14:21:58Z,29980,651600,122576,529024,0,17,4357
2026-09-01T14:22:58Z,30040,654528,122612,531916,0,17,4339
2026-09-01T14:23:58Z,30100,657456,122644,534812,0,17,4333
2026-09-01T14:24:58Z,30160,660396,122680,537716,0,17,4322
2026-09-01T14:25:58Z,30220,663324,122716,540608,0,17,4354
2026-09-01T14:26:58Z,30280,649872,122748,527124,0,17,4346
2026-09-01T14:27:58Z,30340,652840,122816,530024,0,17,4345
2026-09-01T14:28:58Z,30400,655732,122816,532920,0,17,4335
2026-09-01T14:29:59Z,30461,642276,122848,519428,0,17,4366
2026-09-01T14:30:59Z,30521,645240,122916,522324,0,17,4378
2026-09-01T14:31:59Z,30581,648164,122948,525216,0,17,4365
2026-09-01T14:32:59Z,30641,651092,122984,528108,0,17,4344
2026-09-01T14:33:59Z,30701,654020,123016,531004,0,17,4344
2026-09-01T14:34:59Z,30761,656924,123016,533912,0,17,4343
2026-09-01T14:35:59Z,30821,659860,123052,536808,0,17,4373
2026-09-01T14:36:59Z,30881,662800,123088,539712,0,17,4345
2026-09-01T14:37:59Z,30941,665732,123120,542612,0,17,4337
2026-09-01T14:38:59Z,31001,652292,123156,529136,0,17,4339
2026-09-01T14:39:59Z,31061,655252,123220,532032,0,17,4367
2026-09-01T14:40:59Z,31121,641796,123252,518544,0,17,4361
2026-09-01T14:42:00Z,31182,644688,123252,521436,0,17,4351
2026-09-01T14:43:00Z,31242,647648,123320,524328,0,17,4347
2026-09-01T14:44:00Z,31302,650584,123356,527228,0,17,4336
2026-09-01T14:45:00Z,31362,653512,123388,530128,0,17,4353
2026-09-01T14:46:00Z,31422,656444,123424,533020,0,17,4370
2026-09-01T14:47:00Z,31482,659372,123460,535912,0,17,4343
2026-09-01T14:48:00Z,31542,662272,123460,538812,0,17,4338
2026-09-01T14:49:00Z,31602,665196,123492,541708,0,17,4341
2026-09-01T14:50:00Z,31662,651748,123528,528220,0,17,4352
2026-09-01T14:51:00Z,31722,654712,123592,531120,0,17,4370
2026-09-01T14:52:00Z,31782,657644,123628,534020,0,17,4359
2026-09-01T14:53:00Z,31842,644216,123692,520528,0,17,4339
2026-09-01T14:54:00Z,31902,647152,123728,523424,0,17,4330
2026-09-01T14:55:01Z,31963,650044,123728,526316,0,17,4332
2026-09-01T14:56:01Z,32023,652976,123760,529216,0,17,4358
2026-09-01T14:57:01Z,32083,655904,123796,532108,0,17,4312
2026-09-01T14:58:01Z,32143,658836,123832,535004,0,17,4326
2026-09-01T14:59:01Z,32203,661768,123868,537900,0,17,4322
2026-09-01T15:00:01Z,32263,664696,123904,540792,0,17,4368
2026-09-01T15:01:01Z,32323,651208,123904,527304,0,17,4360
2026-09-01T15:02:01Z,32383,654140,123936,530208,0,17,4353
2026-09-01T15:03:01Z,32443,657100,124004,533096,0,17,4329
2026-09-01T15:04:01Z,32503,643640,124036,519604,0,17,4327
2026-09-01T15:05:01Z,32563,646604,124100,522504,0,17,4351
2026-09-01T15:06:01Z,32623,649536,124136,525400,0,17,4380
2026-09-01T15:07:02Z,32684,652476,124172,528304,0,17,4342
2026-09-01T15:08:02Z,32744,655372,124172,531200,0,17,4368
2026-09-01T15:09:02Z,32804,658296,124204,534092,0,17,4344
2026-09-01T15:10:02Z,32864,661228,124240,536988,0,17,4358
2026-09-01T15:11:02Z,32924,664152,124272,539880,0,17,4375
2026-09-01T15:12:02Z,32984,650696,124308,526388,0,17,4337
2026-09-01T15:13:02Z,33044,653660,124372,529288,0,17,4343
2026-09-01T15:14:02Z,33104,656556,124372,532184,0,17,4333
2026-09-01T15:15:02Z,33164,643100,124408,518692,0,17,4341
2026-09-01T15:16:02Z,33224,646068,124472,521596,0,17,4381
2026-09-01T15:17:02Z,33284,648996,124508,524488,0,17,4354
2026-09-01T15:18:02Z,33344,651920,124540,527380,0,17,4356
2026-09-01T15:19:02Z,33404,654856,124576,530280,0,17,4354
2026-09-01T15:20:02Z,33464,657788,124612,533176,0,17,4353
2026-09-01T15:21:02Z,33524,660684,124612,536072,0,17,4391
2026-09-01T15:22:03Z,33585,663616,124644,538972,0,17,4355
2026-09-01T15:23:03Z,33645,666552,124680,541876,0,17,4350
2026-09-01T15:24:03Z,33705,653096,124712,528384,0,17,4342
2026-09-01T15:25:03Z,33765,656060,124780,531280,0,17,4349
2026-09-01T15:26:03Z,33825,658992,124812,534180,0,17,4351
2026-09-01T15:27:03Z,33885,645572,124880,520692,0,17,4326
2026-09-01T15:28:03Z,33945,648464,124880,523584,0,17,4352
2026-09-01T15:29:03Z,34005,651388,124912,526476,0,17,4322
2026-09-01T15:30:03Z,34065,654312,124948,529364,0,17,4358
2026-09-01T15:31:03Z,34125,657240,124980,532260,0,17,4370
2026-09-01T15:32:03Z,34185,660176,125016,535160,0,17,4345
2026-09-01T15:33:04Z,34246,663112,125052,538060,0,17,4337
2026-09-01T15:34:04Z,34306,666008,125052,540956,0,17,4327
2026-09-01T15:35:04Z,34366,652552,125084,527468,0,17,4333
2026-09-01T15:36:04Z,34426,655520,125152,530372,0,17,4369
2026-09-01T15:37:04Z,34486,658452,125184,533268,0,17,4323
2026-09-01T15:38:04Z,34546,644992,125220,519772,0,17,4346
2026-09-01T15:39:04Z,34606,647956,125284,522672,0,17,4349
2026-09-01T15:40:04Z,34666,650884,125320,525564,0,17,4352
2026-09-01T15:41:04Z,34726,653780,125320,528460,0,17,4371
2026-09-01T15:42:04Z,34786,656716,125352,531364,0,17,4365
2026-09-01T15:43:04Z,34846,659644,125388,534256,0,17,4350
2026-09-01T15:44:05Z,34907,662572,125420,537152,0,17,4355
2026-09-01T15:45:05Z,34967,665500,125456,540044,0,17,4351
2026-09-01T15:46:05Z,35027,652056,125492,526564,0,17,4369
2026-09-01T15:47:05Z,35087,655012,125556,529460,0,17,4351
2026-09-01T15:48:05Z,35147,657908,125556,532352,0,17,4345
2026-09-01T15:49:05Z,35207,660844,125592,535252,0,17,4349
2026-09-01T15:50:05Z,35267,647420,125656,521764,0,17,4366
2026-09-01T15:51:05Z,35327,650352,125692,524660,0,17,4366
2026-09-01T15:52:05Z,35387,653280,125724,527556,0,17,4356
2026-09-01T15:53:05Z,35447,656208,125760,530448,0,17,4351
2026-09-01T15:54:05Z,35507,659096,125760,533336,0,17,4340
2026-09-01T15:55:05Z,35567,662028,125792,536236,0,17,4340
2026-09-01T15:56:05Z,35627,664956,125828,539128,0,17,4370
2026-09-01T15:57:05Z,35687,651500,125864,525636,0,17,4341
2026-09-01T15:58:06Z,35748,654464,125932,528532,0,17,4344
2026-09-01T15:59:06Z,35808,657396,125964,531432,0,17,4346
2026-09-01T16:00:06Z,35868,660320,126000,534320,0,17,4358
2026-09-01T16:01:06Z,35928,646832,126000,520832,0,17,4364
2026-09-01T16:02:06Z,35988,649792,126064,523728,0,17,4348
2026-09-01T16:03:06Z,36048,652724,126100,526624,0,17,4335
2026-09-01T16:04:06Z,36108,655656,126132,529524,0,17,4335
2026-09-01T16:05:06Z,36168,658592,126168,532424,0,17,4339
2026-09-01T16:06:06Z,36228,661516,126200,535320,0,17,4334
2026-09-01T16:07:06Z,36288,664412,126200,538212,0,17,4331
2026-09-01T16:08:06Z,36348,667352,126236,541116,0,17,4329
2026-09-01T16:09:06Z,36408,653904,126272,527632,0,17,4329
2026-09-01T16:10:06Z,36468,656864,126336,530528,0,17,4367
2026-09-01T16:11:07Z,36529,659792,126372,533420,0,17,4350
2026-09-01T16:12:07Z,36589,646340,126404,519936,0,17,4346
2026-09-01T16:13:07Z,36649,649296,126468,522828,0,17,4341
2026-09-01T16:14:07Z,36709,652188,126468,525720,0,17,4323
2026-09-01T16:15:07Z,36769,655120,126504,528616,0,17,4327
2026-09-01T16:16:07Z,36829,658028,126516,531512,0,17,4358
2026-09-01T16:17:07Z,36889,660924,126516,534408,0,17,4320
2026-09-01T16:18:07Z,36949,663812,126516,537300,0,17,4301
2026-09-01T16:19:07Z,37009,666716,126516,540200,0,17,4312
2026-09-01T16:20:07Z,37069,653228,126516,526716,0,17,4376
2026-09-01T16:21:07Z,37129,656120,126516,529604,0,17,4372
2026-09-01T16:22:07Z,37189,659012,126516,532496,0,17,4354
2026-09-01T16:23:07Z,37249,661904,126516,535388,0,17,4329
2026-09-01T16:24:07Z,37309,648412,126516,521896,0,17,4328
2026-09-01T16:25:08Z,37370,651308,126516,524792,0,17,4349
2026-09-01T16:26:08Z,37430,654208,126516,527692,0,17,4355
2026-09-01T16:27:08Z,37490,657104,126516,530588,0,17,4333
2026-09-01T16:28:08Z,37550,659996,126516,533480,0,17,4326
2026-09-01T16:29:08Z,37610,662892,126516,536376,0,17,4337
2026-09-01T16:30:08Z,37670,665788,126516,539272,0,17,4354
2026-09-01T16:31:08Z,37730,652304,126516,525788,0,17,4373
2026-09-01T16:32:08Z,37790,655200,126516,528684,0,17,4362
2026-09-01T16:33:08Z,37850,658100,126516,531584,0,17,4352
2026-09-01T16:34:08Z,37910,660988,126516,534472,0,17,4340
2026-09-01T16:35:08Z,37970,647500,126516,520984,0,17,4370
2026-09-01T16:36:08Z,38030,650400,126516,523884,0,17,4369
2026-09-01T16:37:08Z,38090,653300,126516,526784,0,17,4316
2026-09-01T16:38:09Z,38151,656200,126516,529684,0,17,4338
2026-09-01T16:39:09Z,38211,659096,126516,532580,0,17,4352
2026-09-01T16:40:09Z,38271,661996,126516,535480,0,17,4365
2026-09-01T16:41:09Z,38331,664892,126516,538376,0,17,4376
2026-09-01T16:42:09Z,38391,667788,126516,541272,0,17,4354
2026-09-01T16:43:09Z,38451,654308,126516,527792,0,17,4349
2026-09-01T16:44:09Z,38511,657200,126516,530684,0,17,4333
2026-09-01T16:45:09Z,38571,660092,126516,533576,0,17,4367
2026-09-01T16:46:09Z,38631,646604,126516,520088,0,17,4369
2026-09-01T16:47:09Z,38691,649500,126516,522984,0,17,4347
2026-09-01T16:48:09Z,38751,652396,126516,525880,0,17,4344
2026-09-01T16:49:09Z,38811,655288,126516,528772,0,17,4376
2026-09-01T16:50:09Z,38871,658188,126516,531672,0,17,4370
2026-09-01T16:51:10Z,38932,661084,126516,534568,0,17,4384
2026-09-01T16:52:10Z,38992,663980,126516,537464,0,17,4348
2026-09-01T16:53:10Z,39052,666872,126516,540356,0,17,4347
2026-09-01T16:54:10Z,39112,653380,126516,526864,0,17,4348
2026-09-01T16:55:10Z,39172,656276,126516,529760,0,17,4358
2026-09-01T16:56:10Z,39232,659172,126516,532656,0,17,4375
2026-09-01T16:57:10Z,39292,662068,126516,535552,0,17,4313
2026-09-01T16:58:10Z,39352,648576,126516,522060,0,17,4323
2026-09-01T16:59:10Z,39412,651460,126516,524944,0,17,4361
2026-09-01T17:00:10Z,39472,654356,126516,527840,0,17,4372
2026-09-01T17:01:10Z,39532,657256,126516,530740,0,17,4374
2026-09-01T17:02:10Z,39592,660148,126516,533632,0,17,4350
2026-09-01T17:03:10Z,39652,663044,126516,536528,0,17,4332
2026-09-01T17:04:10Z,39712,665936,126516,539420,0,17,4338
2026-09-01T17:05:10Z,39772,652456,126516,525940,0,17,4352
2026-09-01T17:06:10Z,39832,655348,126516,528832,0,17,4348
2026-09-01T17:07:10Z,39893,658236,126516,531720,0,17,4321
2026-09-01T17:08:11Z,39953,661136,126516,534620,0,17,4307
2026-09-01T17:09:11Z,40013,647648,126516,521132,0,17,4364
2026-09-01T17:10:11Z,40073,650532,126516,524016,0,17,4353
2026-09-01T17:11:11Z,40133,653432,126516,526916,0,17,4364
2026-09-01T17:12:11Z,40193,656324,126516,529808,0,17,4339
2026-09-01T17:13:11Z,40253,659212,126516,532696,0,17,4343
2026-09-01T17:14:11Z,40313,662100,126516,535584,0,17,4349
2026-09-01T17:15:11Z,40373,665000,126516,538484,0,17,4363
2026-09-01T17:16:11Z,40433,651512,126516,524996,0,17,4356
2026-09-01T17:17:11Z,40493,654408,126516,527892,0,17,4332
2026-09-01T17:18:11Z,40553,657304,126516,530788,0,17,4334
2026-09-01T17:19:11Z,40613,660204,126516,533688,0,17,4354
2026-09-01T17:20:11Z,40673,663100,126516,536584,0,17,4368
2026-09-01T17:21:11Z,40733,649608,126516,523092,0,17,4366
2026-09-01T17:22:12Z,40794,652504,126516,525988,0,17,4374
2026-09-01T17:23:12Z,40854,655400,126516,528884,0,17,4352
2026-09-01T17:24:12Z,40914,658296,126516,531780,0,17,4354
2026-09-01T17:25:12Z,40974,661192,126516,534676,0,17,4361
2026-09-01T17:26:12Z,41034,664088,126516,537572,0,17,4370
2026-09-01T17:27:12Z,41094,666980,126516,540464,0,17,4360
2026-09-01T17:28:12Z,41154,653496,126516,526980,0,17,4334
2026-09-01T17:29:12Z,41214,656392,126516,529876,0,17,4339
2026-09-01T17:30:12Z,41274,659284,126516,532768,0,17,4344
2026-09-01T17:31:12Z,41334,662184,126516,535668,0,17,4360
2026-09-01T17:32:12Z,41394,648696,126516,522180,0,17,4357
2026-09-01T17:33:12Z,41454,651596,126516,525080,0,17,4347
2026-09-01T17:34:13Z,41515,654496,126516,527980,0,17,4347
2026-09-01T17:35:13Z,41575,657392,126516,530876,0,17,4363
2026-09-01T17:36:13Z,41635,660284,126516,533768,0,17,4377
2026-09-01T17:37:13Z,41695,663188,126516,536672,0,17,4350
2026-09-01T17:38:13Z,41755,666088,126516,539572,0,17,4347
2026-09-01T17:39:13Z,41815,652588,126516,526072,0,17,4367
2026-09-01T17:40:13Z,41875,655488,126516,528972,0,17,4349
2026-09-01T17:41:13Z,41935,658380,126516,531864,0,17,4351
2026-09-01T17:42:13Z,41995,661276,126516,534760,0,17,4353
2026-09-01T17:43:13Z,42055,664176,126520,537656,0,17,4337
2026-09-01T17:44:13Z,42115,650716,126552,524164,0,17,4332
2026-09-01T17:45:13Z,42175,653604,126552,527056,0,17,4342
2026-09-01T17:46:13Z,42235,656504,126552,529952,0,17,4353
2026-09-01T17:47:13Z,42295,659392,126552,532840,0,17,4345
2026-09-01T17:48:14Z,42356,662292,126552,535740,0,17,4338
2026-09-01T17:49:14Z,42416,665192,126552,538640,0,17,4337
2026-09-01T17:50:14Z,42476,651700,126552,525148,0,17,4368
2026-09-01T17:51:14Z,42536,654596,126552,528044,0,17,4362
2026-09-01T17:52:14Z,42596,657496,126552,530944,0,17,4343
2026-09-01T17:53:14Z,42656,660396,126552,533844,0,17,4340
2026-09-01T17:54:14Z,42716,663296,126552,536744,0,17,4342
2026-09-01T17:55:14Z,42776,649812,126552,523260,0,17,4334
2026-09-01T17:56:14Z,42836,652712,126552,526160,0,17,4367
2026-09-01T17:57:14Z,42896,655608,126552,529056,0,17,4343
2026-09-01T17:58:14Z,42956,658508,126552,531956,0,17,4343
2026-09-01T17:59:14Z,43016,661408,126552,534856,0,17,4342
2026-09-01T18:00:14Z,43076,664312,126552,537760,0,17,4369
2026-09-01T18:01:15Z,43137,650828,126552,524276,0,17,4355
2026-09-01T18:02:15Z,43197,653732,126552,527180,0,17,4363
2026-09-01T18:03:15Z,43257,656632,126552,530080,0,17,4330
2026-09-01T18:04:15Z,43317,659528,126552,532976,0,17,4343
2026-09-01T18:05:15Z,43377,662428,126552,535876,0,17,4344
2026-09-01T18:06:15Z,43437,648940,126552,522388,0,17,4343
2026-09-01T18:07:15Z,43497,651836,126552,525284,0,17,4349
2026-09-01T18:08:15Z,43557,654736,126552,528184,0,17,4339
2026-09-01T18:09:15Z,43617,657628,126552,531076,0,17,4336
2026-09-01T18:10:15Z,43677,660532,126552,533980,0,17,4367
2026-09-01T18:11:15Z,43737,663424,126552,536876,0,17,4360
2026-09-01T18:12:15Z,43797,649944,126552,523392,0,17,4323
2026-09-01T18:13:15Z,43857,652832,126552,526280,0,17,4341
2026-09-01T18:14:15Z,43917,655736,126552,529184,0,17,4320
2026-09-01T18:15:15Z,43977,658628,126552,532080,0,17,4347
2026-09-01T18:16:16Z,44038,661532,126552,534980,0,17,4361
2026-09-01T18:17:16Z,44098,648044,126552,521492,0,17,4338
2026-09-01T18:18:16Z,44158,650948,126552,524396,0,17,4351
2026-09-01T18:19:16Z,44218,653844,126552,527296,0,17,4357
2026-09-01T18:20:16Z,44278,656748,126552,530196,0,17,4362
2026-09-01T18:21:16Z,44338,659648,126552,533096,0,17,4369
2026-09-01T18:22:16Z,44398,662544,126552,535992,0,17,4353
2026-09-01T18:23:16Z,44458,649056,126552,522504,0,17,4354
2026-09-01T18:24:16Z,44518,651952,126552,525400,0,17,4362
2026-09-01T18:25:16Z,44578,654852,126552,528300,0,17,4352
2026-09-01T18:26:16Z,44638,657752,126552,531200,0,17,4371
2026-09-01T18:27:16Z,44698,660648,126552,534096,0,17,4349
2026-09-01T18:28:17Z,44759,663548,126552,536996,0,17,4331
2026-09-01T18:29:17Z,44819,650064,126552,523512,0,17,4353
2026-09-01T18:30:17Z,44879,652964,126552,526412,0,17,4368
2026-09-01T18:31:17Z,44939,655860,126552,529308,0,17,4370
2026-09-01T18:32:17Z,44999,658760,126552,532208,0,17,4363
2026-09-01T18:33:17Z,45059,661652,126552,535100,0,17,4348
2026-09-01T18:34:17Z,45119,664552,126552,538000,0,17,4354
2026-09-01T18:35:17Z,45179,651068,126552,524516,0,17,4340
2026-09-01T18:36:17Z,45239,653964,126552,527412,0,17,4368
2026-09-01T18:37:17Z,45299,656856,126552,530308,0,17,4323
2026-09-01T18:38:17Z,45359,659756,126552,533204,0,17,4317
2026-09-01T18:39:17Z,45419,662652,126552,536100,0,17,4309
2026-09-01T18:40:17Z,45479,649168,126552,522616,0,17,4384
2026-09-01T18:41:17Z,45539,652064,126552,525512,0,17,4359
2026-09-01T18:42:18Z,45600,654956,126552,528404,0,17,4371
2026-09-01T18:43:18Z,45660,657856,126552,531304,0,17,4353
2026-09-01T18:44:18Z,45720,660756,126552,534204,0,17,4345
2026-09-01T18:45:18Z,45780,663652,126552,537100,0,17,4352
2026-09-01T18:46:18Z,45840,650172,126552,523620,0,17,4358
2026-09-01T18:47:18Z,45900,653072,126552,526520,0,17,4353
2026-09-01T18:48:18Z,45960,655976,126552,529424,0,17,4323
2026-09-01T18:49:18Z,46020,658876,126552,532324,0,17,4358
2026-09-01T18:50:18Z,46080,661780,126552,535228,0,17,4362
2026-09-01T18:51:18Z,46140,648296,126552,521744,0,17,4363
2026-09-01T18:52:18Z,46200,651200,126552,524648,0,17,4350
2026-09-01T18:53:19Z,46261,654100,126552,527548,0,17,4361
2026-09-01T18:54:19Z,46321,656992,126552,530440,0,17,4344
2026-09-01T18:55:19Z,46381,659896,126552,533344,0,17,4340
2026-09-01T18:56:19Z,46441,662800,126552,536248,0,17,4338
2026-09-01T18:57:19Z,46501,649316,126552,522764,0,17,4340
2026-09-01T18:58:19Z,46561,652212,126552,525660,0,17,4343
2026-09-01T18:59:19Z,46621,655112,126552,528560,0,17,4352
2026-09-01T19:00:19Z,46681,658016,126552,531464,0,17,4360
2026-09-01T19:01:19Z,46741,660920,126552,534368,0,17,4358
2026-09-01T19:02:19Z,46801,663816,126552,537264,0,17,4347
2026-09-01T19:03:19Z,46861,650336,126552,523784,0,17,4341
2026-09-01T19:04:19Z,46921,653236,126552,526684,0,17,4349
2026-09-01T19:05:19Z,46981,656136,126552,529584,0,17,4357
2026-09-01T19:06:19Z,47041,659036,126552,532484,0,17,4350
2026-09-01T19:07:20Z,47102,661936,126552,535384,0,17,4318
2026-09-01T19:08:20Z,47162,648456,126552,521904,0,17,4330
2026-09-01T19:09:20Z,47222,651352,126552,524800,0,17,4342
2026-09-01T19:10:20Z,47282,654252,126552,527700,0,17,4367
2026-09-01T19:11:20Z,47342,657148,126552,530596,0,17,4365
2026-09-01T19:12:20Z,47402,660048,126552,533496,0,17,4352
2026-09-01T19:13:20Z,47462,662944,126552,536392,0,17,4330
2026-09-01T19:14:20Z,47522,649460,126552,522908,0,17,4325
2026-09-01T19:15:20Z,47582,652360,126552,525808,0,17,4323
2026-09-01T19:16:20Z,47642,655256,126552,528704,0,17,4347
2026-09-01T19:17:20Z,47702,658152,126552,531600,0,17,4324
2026-09-01T19:18:20Z,47762,661052,126552,534500,0,17,4324
2026-09-01T19:19:21Z,47823,663964,126552,537412,0,17,4320
2026-09-01T19:20:21Z,47883,650472,126552,523920,0,17,4360
2026-09-01T19:21:21Z,47943,653368,126552,526820,0,17,4360
2026-09-01T19:22:21Z,48003,656272,126552,529720,0,17,4369
2026-09-01T19:23:21Z,48063,659168,126552,532616,0,17,4349
2026-09-01T19:24:21Z,48123,662072,126552,535520,0,17,4342
2026-09-01T19:25:21Z,48183,648588,126552,522036,0,17,4337
2026-09-01T19:26:21Z,48243,651484,126552,524932,0,17,4368
2026-09-01T19:27:21Z,48303,654380,126552,527832,0,17,4335
2026-09-01T19:28:21Z,48363,657284,126552,530732,0,17,4332
2026-09-01T19:29:21Z,48423,660184,126552,533632,0,17,4352
2026-09-01T19:30:22Z,48484,663084,126552,536532,0,17,4354
2026-09-01T19:31:22Z,48544,649596,126552,523044,0,17,4363
2026-09-01T19:32:22Z,48604,652496,126552,525944,0,17,4341
2026-09-01T19:33:22Z,48664,655392,126552,528840,0,17,4334
2026-09-01T19:34:22Z,48724,658288,126552,531736,0,17,4334
2026-09-01T19:35:22Z,48784,661184,126552,534636,0,17,4336
2026-09-01T19:36:22Z,48844,664088,126552,537536,0,17,4356
2026-09-01T19:37:22Z,48904,650624,126564,524060,0,17,4348
2026-09-01T19:38:22Z,48964,653520,126564,526956,0,17,4346
2026-09-01T19:39:22Z,49024,656424,126564,529860,0,17,4346
2026-09-01T19:40:23Z,49085,659316,126564,532752,0,17,4359
2026-09-01T19:41:23Z,49145,662220,126564,535656,0,17,4358
2026-09-01T19:42:23Z,49205,648736,126568,522168,0,17,4327
2026-09-01T19:43:23Z,49265,651636,126568,525068,0,17,4339
2026-09-01T19:44:23Z,49325,654536,126568,527968,0,17,4343
2026-09-01T19:45:23Z,49385,657436,126568,530868,0,17,4360
2026-09-01T19:46:23Z,49445,660332,126568,533764,0,17,4370
2026-09-01T19:47:23Z,49505,663224,126568,536660,0,17,4334
2026-09-01T19:48:23Z,49565,649736,126568,523168,0,17,4340
2026-09-01T19:49:23Z,49625,652640,126568,526072,0,17,4354
2026-09-01T19:50:23Z,49685,655540,126568,528972,0,17,4369
2026-09-01T19:51:23Z,49745,658440,126568,531872,0,17,4368
2026-09-01T19:52:23Z,49805,661336,126568,534768,0,17,4363
2026-09-01T19:53:24Z,49866,647860,126580,521280,0,17,4344
2026-09-01T19:54:24Z,49926,650764,126584,524180,0,17,4350
2026-09-01T19:55:24Z,49986,653664,126584,527080,0,17,4359
2026-09-01T19:56:24Z,50046,656564,126584,529980,0,17,4352
2026-09-01T19:57:24Z,50106,659460,126584,532876,0,17,4346
2026-09-01T19:58:24Z,50166,662360,126584,535776,0,17,4352
2026-09-01T19:59:24Z,50226,665260,126584,538676,0,17,4363
2026-09-01T20:00:24Z,50286,651776,126584,525192,0,17,4358
2026-09-01T20:01:24Z,50346,654672,126584,528088,0,17,4367
2026-09-01T20:02:24Z,50406,657564,126584,530980,0,17,4356
2026-09-01T20:03:24Z,50466,660464,126584,533880,0,17,4341
2026-09-01T20:04:24Z,50526,663364,126588,536776,0,17,4344
2026-09-01T20:05:25Z,50587,649880,126588,523292,0,17,4354
2026-09-01T20:06:25Z,50647,652776,126588,526188,0,17,4339
2026-09-01T20:07:25Z,50707,655680,126588,529092,0,17,4334
2026-09-01T20:08:25Z,50767,658580,126588,531992,0,17,4327
2026-09-01T20:09:25Z,50827,661472,126588,534884,0,17,4337
2026-09-01T20:10:25Z,50887,664368,126588,537780,0,17,4342
2026-09-01T20:11:25Z,50947,650888,126588,524300,0,17,4358
2026-09-01T20:12:25Z,51007,653788,126588,527200,0,17,4359
2026-09-01T20:13:25Z,51067,656684,126588,530096,0,17,4347
2026-09-01T20:14:25Z,51127,659584,126592,532996,0,17,4346
2026-09-01T20:15:25Z,51187,662480,126592,535892,0,17,4357
2026-09-01T20:16:25Z,51247,649000,126592,522408,0,17,4347
2026-09-01T20:17:25Z,51307,651904,126592,525312,0,17,4349
2026-09-01T20:18:26Z,51368,654804,126592,528216,0,17,4345
2026-09-01T20:19:26Z,51428,657700,126592,531108,0,17,4352
2026-09-01T20:20:26Z,51488,660604,126592,534016,0,17,4360
2026-09-01T20:21:26Z,51548,663500,126592,536908,0,17,4353
2026-09-01T20:22:26Z,51608,650008,126592,523416,0,17,4341
2026-09-01T20:23:26Z,51668,652900,126592,526312,0,17,4319
2026-09-01T20:24:26Z,51728,655800,126592,529208,0,17,4347
2026-09-01T20:25:26Z,51788,658696,126592,532104,0,17,4367
2026-09-01T20:26:26Z,51848,661596,126592,535004,0,17,4346
2026-09-01T20:27:26Z,51908,648112,126592,521520,0,17,4337
2026-09-01T20:28:26Z,51968,651004,126592,524412,0,17,4327
2026-09-01T20:29:26Z,52028,653908,126592,527316,0,17,4363
2026-09-01T20:30:26Z,52088,656804,126592,530212,0,17,4348
2026-09-01T20:31:27Z,52149,659708,126592,533116,0,17,4360
2026-09-01T20:32:27Z,52209,662604,126592,536016,0,17,4359
2026-09-01T20:33:27Z,52269,665504,126592,538912,0,17,4335
2026-09-01T20:34:27Z,52329,652020,126592,525428,0,17,4344
2026-09-01T20:35:27Z,52389,654916,126592,528324,0,17,4344
2026-09-01T20:36:27Z,52449,657816,126592,531224,0,17,4378
2026-09-01T20:37:27Z,52509,660712,126592,534120,0,17,4363
2026-09-01T20:38:27Z,52569,647224,126592,520632,0,17,4337
2026-09-01T20:39:27Z,52629,650124,126592,523532,0,17,4354
2026-09-01T20:40:27Z,52689,653020,126592,526428,0,17,4355
2026-09-01T20:41:27Z,52749,655916,126592,529324,0,17,4365
2026-09-01T20:42:27Z,52809,658808,126592,532216,0,17,4362
2026-09-01T20:43:27Z,52869,661712,126592,535120,0,17,4340
2026-09-01T20:44:28Z,52930,664608,126592,538016,0,17,4326
2026-09-01T20:45:28Z,52990,651120,126592,524528,0,17,4341
2026-09-01T20:46:28Z,53050,654012,126592,527420,0,17,4367
2026-09-01T20:47:28Z,53110,656916,126592,530324,0,17,4333
2026-09-01T20:48:28Z,53170,659820,126592,533228,0,17,4346
2026-09-01T20:49:28Z,53230,662716,126592,536124,0,17,4363
2026-09-01T20:50:28Z,53290,649232,126592,522640,0,17,4386
2026-09-01T20:51:28Z,53350,652128,126592,525536,0,17,4355
2026-09-01T20:52:28Z,53410,655028,126592,528436,0,17,4362
2026-09-01T20:53:28Z,53470,657928,126592,531336,0,17,4341
2026-09-01T20:54:28Z,53530,660828,126592,534236,0,17,4346
2026-09-01T20:55:28Z,53590,663728,126592,537136,0,17,4355
2026-09-01T20:56:29Z,53651,666624,126592,540032,0,17,4356
2026-09-01T20:57:29Z,53711,653132,126592,526540,0,17,4331
2026-09-01T20:58:29Z,53771,656032,126592,529440,0,17,4334
2026-09-01T20:59:29Z,53831,658928,126592,532336,0,17,4346
2026-09-01T21:00:29Z,53891,661832,126592,535240,0,17,4353
2026-09-01T21:01:29Z,53951,648344,126592,521756,0,17,4377
2026-09-01T21:02:29Z,54011,651248,126592,524656,0,17,4369
2026-09-01T21:03:29Z,54071,654140,126592,527548,0,17,4336
2026-09-01T21:04:29Z,54131,657036,126592,530444,0,17,4333
2026-09-01T21:05:29Z,54191,659928,126592,533336,0,17,4350
2026-09-01T21:06:29Z,54251,662828,126592,536236,0,17,4364
2026-09-01T21:07:29Z,54311,665724,126592,539132,0,17,4354
2026-09-01T21:08:30Z,54372,652236,126592,525644,0,17,4348
2026-09-01T21:09:30Z,54432,655132,126592,528540,0,17,4351
2026-09-01T21:10:30Z,54492,658028,126592,531436,0,17,4368
2026-09-01T21:11:30Z,54552,660924,126592,534332,0,17,4360
2026-09-01T21:12:30Z,54612,647436,126592,520844,0,17,4341
2026-09-01T21:13:30Z,54672,650336,126592,523744,0,17,4322
2026-09-01T21:14:30Z,54732,653228,126592,526636,0,17,4326
2026-09-01T21:15:30Z,54792,656128,126592,529536,0,17,4353
2026-09-01T21:16:30Z,54852,659028,126592,532436,0,17,4348
2026-09-01T21:17:30Z,54912,661920,126592,535328,0,17,4312
2026-09-01T21:18:30Z,54972,664816,126592,538224,0,17,4332
2026-09-01T21:19:30Z,55032,651324,126592,524732,0,17,4357
2026-09-01T21:20:31Z,55093,654224,126592,527632,0,17,4369
2026-09-01T21:21:31Z,55153,657116,126592,530524,0,17,4362
2026-09-01T21:22:31Z,55213,660016,126592,533424,0,17,4350
2026-09-01T21:23:31Z,55273,646520,126592,519928,0,17,4333
2026-09-01T21:24:31Z,55333,649412,126592,522824,0,17,4343
2026-09-01T21:25:31Z,55393,652304,126592,525712,0,17,4357
2026-09-01T21:26:31Z,55453,655192,126592,528600,0,17,4369
2026-09-01T21:27:31Z,55513,658092,126592,531504,0,17,4343
2026-09-01T21:28:31Z,55573,660984,126592,534392,0,17,4343
2026-09-01T21:29:31Z,55633,663880,126592,537288,0,17,4360
2026-09-01T21:30:31Z,55693,666772,126592,540180,0,17,4356
2026-09-01T21:31:32Z,55754,653284,126592,526692,0,17,4366
2026-09-01T21:32:32Z,55814,656176,126592,529584,0,17,4361
2026-09-01T21:33:32Z,55874,659072,126592,532480,0,17,4363
2026-09-01T21:34:32Z,55934,661964,126592,535372,0,17,4346
2026-09-01T21:35:32Z,55994,648472,126592,521880,0,17,4358
2026-09-01T21:36:32Z,56054,651368,126592,524776,0,17,4374
2026-09-01T21:37:32Z,56114,654264,126592,527672,0,17,4346
2026-09-01T21:38:32Z,56174,657164,126592,530572,0,17,4345
2026-09-01T21:39:32Z,56234,660048,126592,533460,0,17,4342
2026-09-01T21:40:32Z,56294,662948,126592,536356,0,17,4352
2026-09-01T21:41:32Z,56354,665848,126592,539256,0,17,4348
2026-09-01T21:42:32Z,56414,652352,126592,525760,0,17,4349
2026-09-01T21:43:33Z,56475,655244,126592,528652,0,17,4341
2026-09-01T21:44:33Z,56535,658140,126592,531548,0,17,4348
2026-09-01T21:45:33Z,56595,661036,126592,534448,0,17,4352
2026-09-01T21:46:33Z,56655,647548,126592,520956,0,17,4366
2026-09-01T21:47:33Z,56715,650440,126592,523848,0,17,4343
2026-09-01T21:48:33Z,56775,653348,126592,526756,0,17,4334
2026-09-01T21:49:33Z,56835,656236,126592,529644,0,17,4348
2026-09-01T21:50:33Z,56895,659124,126592,532532,0,17,4366
2026-09-01T21:51:33Z,56955,662020,126592,535428,0,17,4344
2026-09-01T21:52:33Z,57015,664916,126592,538324,0,17,4354
2026-09-01T21:53:34Z,57076,667816,126592,541224,0,17,4340
2026-09-01T21:54:34Z,57136,654332,126592,527740,0,17,4329
2026-09-01T21:55:34Z,57196,657220,126592,530628,0,17,4340
2026-09-01T21:56:34Z,57256,660116,126592,533524,0,17,4362
2026-09-01T21:57:34Z,57316,646628,126592,520040,0,17,4340
2026-09-01T21:58:34Z,57376,649524,126592,522932,0,17,4341
2026-09-01T21:59:34Z,57436,652416,126592,525828,0,17,4352
2026-09-01T22:00:34Z,57496,655312,126592,528720,0,17,4360
2026-09-01T22:01:34Z,57556,658212,126592,531620,0,17,4370
2026-09-01T22:02:34Z,57616,661112,126592,534520,0,17,4355
2026-09-01T22:03:34Z,57676,664012,126592,537420,0,17,4348
2026-09-01T22:04:35Z,57737,666908,126592,540320,0,17,4351
2026-09-01T22:05:35Z,57797,653420,126592,526828,0,17,4364
2026-09-01T22:06:35Z,57857,656308,126592,529716,0,17,4336
2026-09-01T22:07:35Z,57917,659204,126592,532612,0,17,4338
2026-09-01T22:08:35Z,57977,645712,126596,519116,0,17,4334
2026-09-01T22:09:35Z,58037,648612,126596,522016,0,17,4345
2026-09-01T22:10:35Z,58097,651508,126596,524912,0,17,4368
2026-09-01T22:11:35Z,58157,654400,126596,527804,0,17,4362
2026-09-01T22:12:35Z,58217,657296,126596,530700,0,17,4322
2026-09-01T22:13:35Z,58277,660188,126596,533592,0,17,4333
2026-09-01T22:14:36Z,58338,663084,126596,536488,0,17,4346
2026-09-01T22:15:36Z,58398,665980,126596,539384,0,17,4347
2026-09-01T22:16:36Z,58458,652500,126596,525904,0,17,4341
2026-09-01T22:17:36Z,58518,655392,126596,528796,0,17,4340
2026-09-01T22:18:36Z,58578,658292,126596,531696,0,17,4342
2026-09-01T22:19:36Z,58638,661184,126596,534588,0,17,4341
2026-09-01T22:20:36Z,58698,647692,126596,521096,0,17,4348
2026-09-01T22:21:36Z,58758,650588,126596,523996,0,17,4365
2026-09-01T22:22:36Z,58818,653488,126596,526892,0,17,4356
2026-09-01T22:23:36Z,58878,656392,126596,529796,0,17,4345
2026-09-01T22:24:36Z,58938,659280,126596,532684,0,17,4341
2026-09-01T22:25:36Z,58998,662176,126596,535584,0,17,4347
2026-09-01T22:26:37Z,59059,665072,126596,538476,0,17,4340
2026-09-01T22:27:37Z,59119,667968,126596,541372,0,17,4324
2026-09-01T22:28:37Z,59179,654468,126596,527876,0,17,4331
2026-09-01T22:29:37Z,59239,657368,126596,530772,0,17,4366
2026-09-01T22:30:37Z,59299,660264,126596,533668,0,17,4368
2026-09-01T22:31:37Z,59359,646776,126596,520180,0,17,4363
2026-09-01T22:32:37Z,59419,649672,126596,523076,0,17,4346
2026-09-01T22:33:37Z,59479,652568,126596,525972,0,17,4338
2026-09-01T22:34:37Z,59539,655464,126596,528868,0,17,4344
2026-09-01T22:35:37Z,59599,658356,126596,531760,0,17,4357
2026-09-01T22:36:37Z,59659,661260,126596,534664,0,17,4359
2026-09-01T22:37:37Z,59719,664152,126596,537556,0,17,4343
2026-09-01T22:38:38Z,59780,667044,126596,540448,0,17,4346
2026-09-01T22:39:38Z,59840,653556,126596,526960,0,17,4352
2026-09-01T22:40:38Z,59900,656448,126596,529852,0,17,4366
2026-09-01T22:41:38Z,59960,659344,126596,532748,0,17,4351
2026-09-01T22:42:38Z,60020,645856,126596,519264,0,17,4348
2026-09-01T22:43:38Z,60080,648748,126596,522152,0,17,4331
2026-09-01T22:44:38Z,60140,651652,126596,525056,0,17,4339
2026-09-01T22:45:38Z,60200,654548,126596,527952,0,17,4346
2026-09-01T22:46:38Z,60260,657440,126596,530844,0,17,4342
2026-09-01T22:47:38Z,60320,660336,126596,533740,0,17,4334
2026-09-01T22:48:38Z,60380,663236,126596,536640,0,17,4336
2026-09-01T22:49:39Z,60441,666136,126596,539540,0,17,4352
2026-09-01T22:50:39Z,60501,669028,126596,542432,0,17,4386
2026-09-01T22:51:39Z,60561,655548,126596,528952,0,17,4352
2026-09-01T22:52:39Z,60621,658440,126596,531844,0,17,4358
2026-09-01T22:53:39Z,60681,644956,126596,518360,0,17,4343
2026-09-01T22:54:39Z,60741,647848,126596,521252,0,17,4323
2026-09-01T22:55:39Z,60801,650740,126596,524148,0,17,4348
2026-09-01T22:56:39Z,60861,653640,126596,527044,0,17,4364
2026-09-01T22:57:39Z,60921,656540,126596,529944,0,17,4331
2026-09-01T22:58:39Z,60981,659436,126596,532840,0,17,4326
2026-09-01T22:59:39Z,61041,662332,126596,535736,0,17,4342
2026-09-01T23:00:40Z,61102,665228,126596,538632,0,17,4370
2026-09-01T23:01:40Z,61162,668124,126596,541528,0,17,4381
2026-09-01T23:02:40Z,61222,654636,126596,528040,0,17,4342
2026-09-01T23:03:40Z,61282,657532,126596,530936,0,17,4335
2026-09-01T23:04:40Z,61342,660424,126596,533828,0,17,4339
2026-09-01T23:05:40Z,61402,646940,126596,520344,0,17,4353
2026-09-01T23:06:40Z,61462,649836,126596,523240,0,17,4359
2026-09-01T23:07:40Z,61522,652724,126596,526128,0,17,4338
2026-09-01T23:08:40Z,61582,655616,126596,529020,0,17,4338
2026-09-01T23:09:40Z,61642,658516,126596,531920,0,17,4352
2026-09-01T23:10:40Z,61702,661412,126596,534816,0,17,4355
2026-09-01T23:11:41Z,61763,664296,126596,537700,0,17,4341
2026-09-01T23:12:41Z,61823,667192,126596,540596,0,17,4352
2026-09-01T23:13:41Z,61883,653696,126596,527100,0,17,4327
2026-09-01T23:14:41Z,61943,656588,126596,529992,0,17,4329
2026-09-01T23:15:41Z,62003,659484,126596,532888,0,17,4341
2026-09-01T23:16:41Z,62063,645988,126596,519396,0,17,4351
2026-09-01T23:17:41Z,62123,648892,126596,522296,0,17,4346
2026-09-01T23:18:41Z,62183,651788,126596,525192,0,17,4339
2026-09-01T23:19:41Z,62243,654684,126596,528088,0,17,4351
2026-09-01T23:20:41Z,62303,657584,126596,530988,0,17,4356
2026-09-01T23:21:41Z,62363,660476,126596,533880,0,17,4355
2026-09-01T23:22:42Z,62424,663372,126596,536776,0,17,4355
2026-09-01T23:23:42Z,62484,666256,126596,539664,0,17,4344
2026-09-01T23:24:42Z,62544,669164,126608,542556,0,17,4342
2026-09-01T23:25:42Z,62604,655672,126608,529068,0,17,4356
2026-09-01T23:26:42Z,62664,658568,126608,531960,0,17,4359
2026-09-01T23:27:42Z,62724,645076,126608,518468,0,17,4336
2026-09-01T23:28:42Z,62784,647976,126608,521368,0,17,4332
2026-09-01T23:29:42Z,62844,650868,126608,524260,0,17,4349
2026-09-01T23:30:42Z,62904,653760,126608,527156,0,17,4348
2026-09-01T23:31:42Z,62964,656652,126608,530044,0,17,4355
2026-09-01T23:32:42Z,63024,659556,126608,532948,0,17,4349
2026-09-01T23:33:43Z,63085,662444,126608,535840,0,17,4334
2026-09-01T23:34:43Z,63145,665340,126608,538732,0,17,4332
2026-09-01T23:35:43Z,63205,668236,126608,541628,0,17,4369
2026-09-01T23:36:43Z,63265,654748,126608,528140,0,17,4353
2026-09-01T23:37:43Z,63325,657644,126608,531036,0,17,4329
2026-09-01T23:38:43Z,63385,644164,126608,517556,0,17,4316
2026-09-01T23:39:43Z,63445,647056,126608,520448,0,17,4362
2026-09-01T23:40:43Z,63505,649956,126608,523348,0,17,4374
2026-09-01T23:41:43Z,63565,652856,126608,526248,0,17,4356
2026-09-01T23:42:43Z,63625,655748,126608,529140,0,17,4362
2026-09-01T23:43:44Z,63686,658648,126608,532040,0,17,4336
2026-09-01T23:44:44Z,63746,661540,126608,534932,0,17,4331
2026-09-01T23:45:44Z,63806,664432,126608,537824,0,17,4361
2026-09-01T23:46:44Z,63866,667328,126608,540720,0,17,4350
2026-09-01T23:47:44Z,63926,670224,126608,543616,0,17,4341
2026-09-01T23:48:44Z,63986,656740,126608,530132,0,17,4350
2026-09-01T23:49:44Z,64046,659632,126608,533024,0,17,4357
2026-09-01T23:50:44Z,64106,646148,126608,519540,0,17,4371
2026-09-01T23:51:44Z,64166,649048,126608,522440,0,17,4378
2026-09-01T23:52:44Z,64226,651948,126608,525340,0,17,4357
2026-09-01T23:53:44Z,64286,654844,126608,528236,0,17,4350
2026-09-01T23:54:45Z,64347,657740,126608,531132,0,17,4349
2026-09-01T23:55:45Z,64407,660636,126608,534028,0,17,4370
2026-09-01T23:56:45Z,64467,663536,126608,536928,0,17,4355
2026-09-01T23:57:45Z,64527,666428,126608,539820,0,17,4347
2026-09-01T23:58:45Z,64587,669320,126608,542712,0,17,4351
2026-09-01T23:59:45Z,64647,655832,126608,529224,0,17,4365
2026-09-02T00:00:45Z,64707,658732,126608,532124,0,17,4391
2026-09-02T00:01:45Z,64767,645244,126608,518636,0,17,4358
2026-09-02T00:02:45Z,64827,648136,126608,521528,0,17,4361
2026-09-02T00:03:45Z,64887,651036,126608,524428,0,17,4348
2026-09-02T00:04:45Z,64947,653932,126608,527324,0,17,4347
2026-09-02T00:05:46Z,65008,656824,126608,530216,0,17,4372
2026-09-02T00:06:46Z,65068,659724,126608,533116,0,17,4330
2026-09-02T00:07:46Z,65128,662612,126608,536004,0,17,4336
2026-09-02T00:08:46Z,65188,665512,126608,538904,0,17,4343
2026-09-02T00:09:46Z,65248,668404,126608,541796,0,17,4358
2026-09-02T00:10:46Z,65308,654916,126608,528308,0,17,4348
2026-09-02T00:11:46Z,65368,657812,126608,531204,0,17,4351
2026-09-02T00:12:46Z,65428,644324,126608,517716,0,17,4341
2026-09-02T00:13:46Z,65488,647224,126608,520620,0,17,4339
2026-09-02T00:14:46Z,65548,650116,126608,523508,0,17,4341
2026-09-02T00:15:46Z,65608,653016,126608,526408,0,17,4362
2026-09-02T00:16:46Z,65668,655916,126608,529308,0,17,4353
2026-09-02T00:17:47Z,65729,658812,126608,532204,0,17,4335
2026-09-02T00:18:47Z,65789,661708,126608,535100,0,17,4353
2026-09-02T00:19:47Z,65849,664608,126608,538000,0,17,4357
2026-09-02T00:20:47Z,65909,667504,126608,540896,0,17,4358
2026-09-02T00:21:47Z,65969,654008,126608,527400,0,17,4361
2026-09-02T00:22:47Z,66029,656912,126608,530304,0,17,4360
2026-09-02T00:23:47Z,66089,643420,126608,516812,0,17,4337
2026-09-02T00:24:47Z,66149,646316,126608,519708,0,17,4326
2026-09-02T00:25:47Z,66209,649212,126608,522604,0,17,4340
2026-09-02T00:26:47Z,66269,652108,126608,525500,0,17,4349
2026-09-02T00:27:47Z,66329,655000,126608,528392,0,17,4333
2026-09-02T00:28:48Z,66390,657900,126608,531292,0,17,4323
2026-09-02T00:29:48Z,66450,660788,126608,534180,0,17,4349
2026-09-02T00:30:48Z,66510,663688,126608,537080,0,17,4358
2026-09-02T00:31:48Z,66570,666588,126608,539980,0,17,4351
2026-09-02T00:32:48Z,66630,669488,126608,542880,0,17,4341
2026-09-02T00:33:48Z,66690,655996,126608,529388,0,17,4334
2026-09-02T00:34:48Z,66750,642512,126608,515904,0,17,4329
2026-09-02T00:35:48Z,66810,645408,126608,518800,0,17,4360
2026-09-02T00:36:48Z,66870,648304,126608,521696,0,17,4356
2026-09-02T00:37:48Z,66930,651200,126608,524592,0,17,4342
2026-09-02T00:38:49Z,66991,654100,126608,527492,0,17,4338
2026-09-02T00:39:49Z,67051,656992,126608,530388,0,17,4375
2026-09-02T00:40:49Z,67111,659896,126608,533288,0,17,4368
2026-09-02T00:41:49Z,67171,662784,126608,536180,0,17,4372
2026-09-02T00:42:49Z,67231,665680,126608,539072,0,17,4344
2026-09-02T00:43:49Z,67291,668572,126608,541964,0,17,4328
2026-09-02T00:44:49Z,67351,655084,126608,528476,0,17,4322
2026-09-02T00:45:49Z,67411,657980,126608,531372,0,17,4362
2026-09-02T00:46:49Z,67471,644492,126608,517884,0,17,4357
2026-09-02T00:47:49Z,67531,647388,126608,520780,0,17,4346
2026-09-02T00:48:49Z,67591,650280,126608,523672,0,17,4344
2026-09-02T00:49:50Z,67652,653176,126608,526568,0,17,4375
2026-09-02T00:50:50Z,67712,656076,126608,529468,0,17,4343
2026-09-02T00:51:50Z,67772,658968,126608,532360,0,17,4337
2026-09-02T00:52:50Z,67832,661860,126608,535256,0,17,4339
2026-09-02T00:53:50Z,67892,664752,126608,538148,0,17,4348
2026-09-02T00:54:50Z,67952,667644,126608,541040,0,17,4336
2026-09-02T00:55:50Z,68012,670540,126608,543932,0,17,4360
2026-09-02T00:56:50Z,68072,657060,126608,530452,0,17,4362
2026-09-02T00:57:50Z,68132,643580,126608,516972,0,17,4322
2026-09-02T00:58:50Z,68192,646472,126608,519864,0,17,4332
2026-09-02T00:59:50Z,68252,649364,126608,522756,0,17,4370
2026-09-02T01:00:51Z,68313,652268,126608,525660,0,17,4371
2026-09-02T01:01:51Z,68373,655168,126608,528560,0,17,4362
2026-09-02T01:02:51Z,68433,658064,126608,531456,0,17,4348
2026-09-02T01:03:51Z,68493,660960,126608,534352,0,17,4338
2026-09-02T01:04:51Z,68553,663860,126608,537252,0,17,4334
2026-09-02T01:05:51Z,68613,666760,126608,540152,0,17,4362
2026-09-02T01:06:51Z,68673,669656,126608,543048,0,17,4353
2026-09-02T01:07:51Z,68733,656176,126608,529568,0,17,4318
2026-09-02T01:08:51Z,68793,642688,126608,516084,0,17,4314
2026-09-02T01:09:51Z,68853,645592,126608,518984,0,17,4356
2026-09-02T01:10:51Z,68913,648484,126608,521876,0,17,4348
2026-09-02T01:11:51Z,68973,651388,126608,524780,0,17,4347
2026-09-02T01:12:52Z,69034,654284,126608,527676,0,17,4343
2026-09-02T01:13:52Z,69094,657180,126608,530572,0,17,4326
2026-09-02T01:14:52Z,69154,660076,126608,533468,0,17,4335
2026-09-02T01:15:52Z,69214,662968,126608,536360,0,17,4366
2026-09-02T01:16:52Z,69274,665868,126608,539260,0,17,4334
2026-09-02T01:17:52Z,69334,668768,126608,542160,0,17,4352
2026-09-02T01:18:52Z,69394,655280,126608,528672,0,17,4347
2026-09-02T01:19:52Z,69454,641796,126608,515188,0,17,4346
2026-09-02T01:20:52Z,69514,644692,126608,518084,0,17,4362
2026-09-02T01:21:52Z,69574,647592,126608,520984,0,17,4352
2026-09-02T01:22:52Z,69634,650488,126608,523880,0,17,4341
2026-09-02T01:23:52Z,69694,653384,126608,526776,0,17,4321
2026-09-02T01:24:53Z,69755,656288,126608,529680,0,17,4330
2026-09-02T01:25:53Z,69815,659188,126608,532580,0,17,4342
2026-09-02T01:26:53Z,69875,662088,126608,535480,0,17,4334
2026-09-02T01:27:53Z,69935,664988,126608,538380,0,17,4316
2026-09-02T01:28:53Z,69995,667884,126608,541276,0,17,4311
2026-09-02T01:29:53Z,70055,670784,126608,544176,0,17,4355
2026-09-02T01:30:53Z,70115,657304,126608,530696,0,17,4368
2026-09-02T01:31:53Z,70175,643816,126608,517208,0,17,4347
2026-09-02T01:32:53Z,70235,646716,126608,520108,0,17,4341
2026-09-02T01:33:53Z,70295,649612,126608,523004,0,17,4340
2026-09-02T01:34:53Z,70355,652504,126608,525896,0,17,4339
2026-09-02T01:35:53Z,70415,655404,126608,528796,0,17,4364
2026-09-02T01:36:53Z,70475,658292,126608,531684,0,17,4359
2026-09-02T01:37:54Z,70536,661184,126608,534580,0,17,4344
2026-09-02T01:38:54Z,70596,664088,126608,537480,0,17,4338
2026-09-02T01:39:54Z,70656,666984,126608,540376,0,17,4366
2026-09-02T01:40:54Z,70716,669880,126608,543272,0,17,4363
2026-09-02T01:41:54Z,70776,656392,126608,529784,0,17,4366
2026-09-02T01:42:54Z,70836,642904,126608,516296,0,17,4351
2026-09-02T01:43:54Z,70896,645800,126608,519192,0,17,4340
2026-09-02T01:44:54Z,70956,648696,126608,522088,0,17,4335
2026-09-02T01:45:54Z,71016,651592,126608,524988,0,17,4365
2026-09-02T01:46:54Z,71076,654488,126608,527880,0,17,4351
2026-09-02T01:47:54Z,71136,657380,126608,530772,0,17,4345
2026-09-02T01:48:55Z,71197,660276,126608,533668,0,17,4340
2026-09-02T01:49:55Z,71257,663168,126608,536560,0,17,4360
2026-09-02T01:50:55Z,71317,666068,126608,539460,0,17,4362
2026-09-02T01:51:55Z,71377,668964,126608,542356,0,17,4355
2026-09-02T01:52:55Z,71437,671868,126608,545260,0,17,4360
2026-09-02T01:53:55Z,71497,641996,126608,515388,0,17,4320
2026-09-02T01:54:55Z,71557,644888,126608,518280,0,17,4317
2026-09-02T01:55:55Z,71617,647780,126608,521172,0,17,4352
2026-09-02T01:56:55Z,71677,650676,126608,524068,0,17,4342
2026-09-02T01:57:55Z,71737,653576,126608,526968,0,17,4329
2026-09-02T01:58:55Z,71797,656476,126608,529868,0,17,4327
2026-09-02T01:59:55Z,71857,659364,126608,532756,0,17,4361
2026-09-02T02:00:55Z,71917,662256,126608,535648,0,17,4359
2026-09-02T02:01:56Z,71978,665152,126608,538544,0,17,4347
2026-09-02T02:02:56Z,72038,668048,126608,541440,0,17,4340
2026-09-02T02:03:56Z,72098,670936,126608,544328,0,17,4345
2026-09-02T02:04:56Z,72158,641072,126608,514464,0,17,4322
2026-09-02T02:05:56Z,72218,643972,126608,517364,0,17,4374
2026-09-02T02:06:56Z,72278,646860,126608,520252,0,17,4335
2026-09-02T02:07:56Z,72338,649760,126608,523152,0,17,4320
2026-09-02T02:08:56Z,72398,652664,126608,526056,0,17,4315
2026-09-02T02:09:56Z,72458,655556,126608,528952,0,17,4349
2026-09-02T02:10:56Z,72518,658452,126608,531844,0,17,4334
2026-09-02T02:11:56Z,72578,661348,126608,534744,0,17,4359
2026-09-02T02:12:56Z,72638,664252,126608,537644,0,17,4339
2026-09-02T02:13:56Z,72698,667144,126608,540536,0,17,4331
2026-09-02T02:14:57Z,72759,670040,126608,543432,0,17,4325
2026-09-02T02:15:57Z,72819,656552,126608,529944,0,17,4364
2026-09-02T02:16:57Z,72879,643060,126608,516452,0,17,4359
2026-09-02T02:17:57Z,72939,645952,126608,519344,0,17,4354
2026-09-02T02:18:57Z,72999,648848,126608,522240,0,17,4345
2026-09-02T02:19:57Z,73059,651744,126608,525140,0,17,4353
2026-09-02T02:20:57Z,73119,654640,126608,528032,0,17,4351
2026-09-02T02:21:57Z,73179,657536,126608,530928,0,17,4358
2026-09-02T02:22:57Z,73239,660436,126608,533828,0,17,4340
2026-09-02T02:23:57Z,73299,663332,126608,536724,0,17,4333
2026-09-02T02:24:57Z,73359,666220,126608,539612,0,17,4314
2026-09-02T02:25:57Z,73419,669116,126608,542508,0,17,4355
2026-09-02T02:26:58Z,73480,672008,126608,545400,0,17,4363
2026-09-02T02:27:58Z,73540,642136,126608,515528,0,17,4329
2026-09-02T02:28:58Z,73600,645028,126608,518420,0,17,4322
2026-09-02T02:29:58Z,73660,647920,126608,521312,0,17,4357
2026-09-02T02:30:58Z,73720,650824,126608,524216,0,17,4353
2026-09-02T02:31:58Z,73780,653716,126608,527108,0,17,4340
2026-09-02T02:32:58Z,73840,656604,126608,529996,0,17,4343
2026-09-02T02:33:58Z,73900,659504,126608,532896,0,17,4345
2026-09-02T02:34:58Z,73960,662396,126608,535788,0,17,4337
2026-09-02T02:35:58Z,74020,665292,126608,538684,0,17,4348
2026-09-02T02:36:58Z,74080,668188,126608,541584,0,17,4364
2026-09-02T02:37:58Z,74140,671084,126608,544476,0,17,4343
2026-09-02T02:38:59Z,74201,641216,126608,514608,0,17,4325
2026-09-02T02:39:59Z,74261,644112,126608,517504,0,17,4376
2026-09-02T02:40:59Z,74321,647004,126608,520396,0,17,4371
2026-09-02T02:41:59Z,74381,649900,126608,523292,0,17,4372
2026-09-02T02:42:59Z,74441,652788,126608,526184,0,17,4331
2026-09-02T02:43:59Z,74501,655680,126608,529072,0,17,4334
2026-09-02T02:44:59Z,74561,658576,126608,531968,0,17,4343
2026-09-02T02:45:59Z,74621,661472,126608,534864,0,17,4363
2026-09-02T02:46:59Z,74681,664368,126608,537760,0,17,4354
2026-09-02T02:47:59Z,74741,667264,126608,540656,0,17,4342
2026-09-02T02:48:59Z,74801,670164,126608,543556,0,17,4352
2026-09-02T02:49:59Z,74861,656672,126608,530068,0,17,4363
2026-09-02T02:50:59Z,74921,643184,126608,516576,0,17,4365
2026-09-02T02:51:59Z,74981,646084,126608,519476,0,17,4350
2026-09-02T02:53:00Z,75042,648980,126608,522372,0,17,4334
2026-09-02T02:54:00Z,75102,651880,126608,525272,0,17,4325
2026-09-02T02:55:00Z,75162,654772,126608,528164,0,17,4320
2026-09-02T02:56:00Z,75222,657672,126608,531064,0,17,4369
2026-09-02T02:57:00Z,75282,660568,126608,533964,0,17,4344
2026-09-02T02:58:00Z,75342,663460,126608,536852,0,17,4339
2026-09-02T02:59:00Z,75402,666352,126608,539744,0,17,4341
2026-09-02T03:00:00Z,75462,669248,126608,542640,0,17,4367
2026-09-02T03:01:00Z,75522,672144,126608,545536,0,17,4379
2026-09-02T03:02:00Z,75582,642276,126608,515668,0,17,4357
2026-09-02T03:03:00Z,75642,645168,126608,518560,0,17,4338
2026-09-02T03:04:00Z,75702,648060,126608,521452,0,17,4334
2026-09-02T03:05:00Z,75762,650968,126608,524360,0,17,4326
2026-09-02T03:06:01Z,75823,653872,126608,527264,0,17,4382
2026-09-02T03:07:01Z,75883,656768,126608,530160,0,17,4355
2026-09-02T03:08:01Z,75943,659664,126608,533056,0,17,4335
2026-09-02T03:09:01Z,76003,662556,126608,535948,0,17,4329
2026-09-02T03:10:01Z,76063,665452,126608,538844,0,17,4336
2026-09-02T03:11:01Z,76123,668348,126608,541740,0,17,4343
2026-09-02T03:12:01Z,76183,671240,126608,544632,0,17,4367
2026-09-02T03:13:01Z,76243,641372,126608,514764,0,17,4356
2026-09-02T03:14:01Z,76303,644260,126608,517652,0,17,4324
2026-09-02T03:15:01Z,76363,647160,126608,520552,0,17,4327
2026-09-02T03:16:01Z,76423,650056,126608,523448,0,17,4367
2026-09-02T03:17:01Z,76483,652948,126608,526340,0,17,4346
2026-09-02T03:18:01Z,76543,655836,126608,529228,0,17,4340
2026-09-02T03:19:01Z,76603,658732,126608,532124,0,17,4347
2026-09-02T03:20:02Z,76664,661628,126608,535020,0,17,4333
2026-09-02T03:21:02Z,76724,664516,126608,537908,0,17,4335
2026-09-02T03:22:02Z,76784,667412,126608,540804,0,17,4345
2026-09-02T03:23:02Z,76844,670304,126608,543696,0,17,4334
2026-09-02T03:24:02Z,76904,656816,126608,530208,0,17,4321
2026-09-02T03:25:02Z,76964,643332,126608,516724,0,17,4320
2026-09-02T03:26:02Z,77024,646224,126608,519616,0,17,4351
2026-09-02T03:27:02Z,77084,649120,126608,522512,0,17,4359
2026-09-02T03:28:02Z,77144,652008,126608,525400,0,17,4328
2026-09-02T03:29:02Z,77204,654900,126608,528292,0,17,4325
2026-09-02T03:30:02Z,77264,657792,126608,531184,0,17,4384
2026-09-02T03:31:02Z,77324,660688,126608,534080,0,17,4376
2026-09-02T03:32:02Z,77384,663588,126608,536980,0,17,4370
2026-09-02T03:33:02Z,77444,666484,126608,539876,0,17,4349
2026-09-02T03:34:03Z,77505,669368,126608,542760,0,17,4333
2026-09-02T03:35:03Z,77565,655884,126608,529276,0,17,4322
2026-09-02T03:36:03Z,77625,642392,126608,515784,0,17,4361
2026-09-02T03:37:03Z,77685,645288,126608,518684,0,17,4353
2026-09-02T03:38:03Z,77745,648176,126608,521568,0,17,4333
2026-09-02T03:39:03Z,77805,651076,126608,524468,0,17,4340
2026-09-02T03:40:03Z,77865,653964,126608,527356,0,17,4351
2026-09-02T03:41:03Z,77925,656860,126608,530252,0,17,4350
2026-09-02T03:42:03Z,77985,659752,126608,533144,0,17,4360
2026-09-02T03:43:03Z,78045,662656,126608,536048,0,17,4347
2026-09-02T03:44:03Z,78105,665552,126608,538944,0,17,4334
2026-09-02T03:45:03Z,78165,668452,126608,541844,0,17,4322
2026-09-02T03:46:03Z,78225,671344,126608,544736,0,17,4355
2026-09-02T03:47:03Z,78285,657864,126608,531256,0,17,4343
2026-09-02T03:48:04Z,78346,644376,126608,517768,0,17,4335
2026-09-02T03:49:04Z,78406,647272,126608,520664,0,17,4320
2026-09-02T03:50:04Z,78466,650168,126608,523560,0,17,4356
2026-09-02T03:51:04Z,78526,653064,126608,526456,0,17,4355
2026-09-02T03:52:04Z,78586,655956,126608,529348,0,17,4355
2026-09-02T03:53:04Z,78646,658848,126608,532240,0,17,4346
2026-09-02T03:54:04Z,78706,661752,126608,535144,0,17,4336
2026-09-02T03:55:04Z,78766,664644,126608,538036,0,17,4348
2026-09-02T03:56:04Z,78826,667536,126608,540928,0,17,4356
2026-09-02T03:57:04Z,78886,670432,126608,543824,0,17,4357
2026-09-02T03:58:04Z,78946,656940,126608,530332,0,17,4342
2026-09-02T03:59:04Z,79006,643452,126608,516844,0,17,4337
2026-09-02T04:00:04Z,79066,646356,126608,519748,0,17,4352
2026-09-02T04:01:04Z,79126,649260,126608,522652,0,17,4364
2026-09-02T04:02:04Z,79186,652160,126608,525552,0,17,4356
2026-09-02T04:03:05Z,79247,655060,126608,528452,0,17,4338
2026-09-02T04:04:05Z,79307,657948,126608,531340,0,17,4315
2026-09-02T04:05:05Z,79367,660848,126608,534240,0,17,4327
2026-09-02T04:06:05Z,79427,663740,126608,537136,0,17,4346
2026-09-02T04:07:05Z,79487,666632,126608,540024,0,17,4323
2026-09-02T04:08:05Z,79547,669524,126608,542916,0,17,4319
2026-09-02T04:09:05Z,79607,656028,126608,529424,0,17,4332
2026-09-02T04:10:05Z,79667,642536,126608,515928,0,17,4331
2026-09-02T04:11:05Z,79727,645432,126608,518824,0,17,4337
2026-09-02T04:12:05Z,79787,648332,126608,521724,0,17,4334
2026-09-02T04:13:05Z,79847,651216,126608,524608,0,17,4322
2026-09-02T04:14:05Z,79907,654112,126608,527504,0,17,4328
2026-09-02T04:15:05Z,79967,657000,126608,530392,0,17,4334
2026-09-02T04:16:05Z,80027,659900,126608,533292,0,17,4352
2026-09-02T04:17:06Z,80088,662796,126608,536188,0,17,4325
2026-09-02T04:18:06Z,80148,665692,126608,539084,0,17,4336
2026-09-02T04:19:06Z,80208,668592,126608,541984,0,17,4339
2026-09-02T04:20:06Z,80268,655104,126608,528496,0,17,4371
2026-09-02T04:21:06Z,80328,658004,126608,531396,0,17,4368
2026-09-02T04:22:06Z,80388,644520,126608,517912,0,17,4345
2026-09-02T04:23:06Z,80448,647416,126608,520808,0,17,4349
2026-09-02T04:24:06Z,80508,650308,126608,523700,0,17,4334
2026-09-02T04:25:06Z,80568,653204,126608,526596,0,17,4340
2026-09-02T04:26:06Z,80628,656096,126608,529488,0,17,4367
2026-09-02T04:27:07Z,80689,658996,126608,532388,0,17,4343
2026-09-02T04:28:07Z,80749,661896,126608,535288,0,17,4338
2026-09-02T04:29:07Z,80809,664788,126608,538184,0,17,4339
2026-09-02T04:30:07Z,80869,667688,126608,541080,0,17,4360
2026-09-02T04:31:07Z,80929,670584,126608,543976,0,17,4345
2026-09-02T04:32:07Z,80989,657100,126608,530492,0,17,4356
2026-09-02T04:33:07Z,81049,643612,126608,517008,0,17,4349
2026-09-02T04:34:07Z,81109,646508,126608,519900,0,17,4326
2026-09-02T04:35:07Z,81169,649400,126608,522792,0,17,4336
2026-09-02T04:36:07Z,81229,652296,126608,525688,0,17,4381
2026-09-02T04:37:07Z,81289,655192,126608,528588,0,17,4345
2026-09-02T04:38:07Z,81349,658092,126608,531484,0,17,4335
2026-09-02T04:39:08Z,81410,660988,126608,534380,0,17,4323
2026-09-02T04:40:08Z,81470,663876,126608,537268,0,17,4364
2026-09-02T04:41:08Z,81530,666768,126608,540160,0,17,4352
2026-09-02T04:42:08Z,81590,669660,126608,543052,0,17,4362
2026-09-02T04:43:08Z,81650,656172,126608,529564,0,17,4345
2026-09-02T04:44:08Z,81710,659056,126608,532452,0,17,4343
2026-09-02T04:45:08Z,81770,645564,126608,518956,0,17,4335
2026-09-02T04:46:08Z,81830,648452,126608,521844,0,17,4374
2026-09-02T04:47:08Z,81890,651336,126608,524728,0,17,4358
2026-09-02T04:48:08Z,81950,654224,126608,527620,0,17,4339
2026-09-02T04:49:08Z,82010,657120,126612,530508,0,17,4336
2026-09-02T04:50:08Z,82070,660012,126612,533400,0,17,4342
2026-09-02T04:51:09Z,82131,662904,126612,536292,0,17,4355
2026-09-02T04:52:09Z,82191,665796,126612,539184,0,17,4336
2026-09-02T04:53:09Z,82251,668692,126612,542080,0,17,4337
2026-09-02T04:54:09Z,82311,655196,126612,528584,0,17,4332
2026-09-02T04:55:09Z,82371,658092,126612,531480,0,17,4318
2026-09-02T04:56:09Z,82431,644608,126612,517996,0,17,4361
2026-09-02T04:57:09Z,82491,647500,126612,520888,0,17,4339
2026-09-02T04:58:09Z,82551,650396,126612,523788,0,17,4331
2026-09-02T04:59:09Z,82611,653292,126612,526680,0,17,4339
2026-09-02T05:00:09Z,82671,656188,126612,529576,0,17,4348
2026-09-02T05:01:09Z,82731,659088,126612,532476,0,17,4345
2026-09-02T05:02:10Z,82792,661988,126612,535376,0,17,4363
2026-09-02T05:03:10Z,82852,664888,126612,538276,0,17,4351
2026-09-02T05:04:10Z,82912,667776,126612,541168,0,17,4343
2026-09-02T05:05:10Z,82972,654292,126612,527680,0,17,4338
2026-09-02T05:06:10Z,83032,657188,126612,530576,0,17,4374
2026-09-02T05:07:10Z,83092,660084,126612,533472,0,17,4350
2026-09-02T05:08:10Z,83152,646592,126612,519980,0,17,4330
2026-09-02T05:09:10Z,83212,649492,126612,522880,0,17,4329
2026-09-02T05:10:10Z,83272,652384,126612,525772,0,17,4376
2026-09-02T05:11:10Z,83332,655280,126612,528668,0,17,4372
2026-09-02T05:12:10Z,83392,658176,126612,531568,0,17,4357
2026-09-02T05:13:10Z,83452,661076,126612,534464,0,17,4336
2026-09-02T05:14:11Z,83513,663968,126612,537356,0,17,4330
2026-09-02T05:15:11Z,83573,666864,126612,540252,0,17,4336
2026-09-02T05:16:11Z,83633,669760,126612,543152,0,17,4343
2026-09-02T05:17:11Z,83693,656272,126612,529660,0,17,4334
2026-09-02T05:18:11Z,83753,659164,126612,532552,0,17,4326
2026-09-02T05:19:11Z,83813,645680,126612,519068,0,17,4343
2026-09-02T05:20:11Z,83873,648576,126612,521964,0,17,4378
2026-09-02T05:21:11Z,83933,651464,126612,524852,0,17,4377
2026-09-02T05:22:11Z,83993,654368,126612,527756,0,17,4345
2026-09-02T05:23:11Z,84053,657260,126612,530648,0,17,4336
2026-09-02T05:24:11Z,84113,660148,126612,533536,0,17,4353
2026-09-02T05:25:12Z,84174,663044,126612,536432,0,17,4328
2026-09-02T05:26:12Z,84234,665936,126612,539324,0,17,4367
2026-09-02T05:27:12Z,84294,668840,126612,542228,0,17,4339
2026-09-02T05:28:12Z,84354,655348,126612,528736,0,17,4331
2026-09-02T05:29:12Z,84414,658252,126612,531640,0,17,4335
2026-09-02T05:30:12Z,84474,644764,126612,518152,0,17,4367
2026-09-02T05:31:12Z,84534,647664,126612,521052,0,17,4346
2026-09-02T05:32:12Z,84594,650560,126612,523948,0,17,4355
2026-09-02T05:33:12Z,84654,653460,126612,526848,0,17,4346
2026-09-02T05:34:12Z,84714,656348,126612,529736,0,17,4335
2026-09-02T05:35:12Z,84774,659252,126612,532640,0,17,4339
2026-09-02T05:36:13Z,84835,662144,126612,535536,0,17,4346
2026-09-02T05:37:13Z,84895,665044,126612,538432,0,17,4324
2026-09-02T05:38:13Z,84955,667932,126612,541320,0,17,4337
2026-09-02T05:39:13Z,85015,654440,126612,527828,0,17,4359
2026-09-02T05:40:13Z,85075,657332,126612,530720,0,17,4364
2026-09-02T05:41:13Z,85135,660236,126612,533624,0,17,4355
2026-09-02T05:42:13Z,85195,646748,126612,520136,0,17,4350
2026-09-02T05:43:13Z,85255,649644,126612,523032,0,17,4333
2026-09-02T05:44:13Z,85315,652536,126612,525924,0,17,4324
2026-09-02T05:45:13Z,85375,655428,126612,528820,0,17,4342
2026-09-02T05:46:14Z,85436,658324,126612,531712,0,17,4359
2026-09-02T05:47:14Z,85496,661220,126612,534608,0,17,4340
2026-09-02T05:48:14Z,85556,664112,126612,537504,0,17,4334
2026-09-02T05:49:14Z,85616,667004,126612,540392,0,17,4346
2026-09-02T05:50:14Z,85676,669904,126612,543292,0,17,4355
2026-09-02T05:51:14Z,85736,656420,126620,529800,0,17,4363
2026-09-02T05:52:14Z,85796,659316,126620,532696,0,17,4353
2026-09-02T05:53:14Z,85856,645828,126620,519208,0,17,4347
2026-09-02T05:54:14Z,85916,648728,126620,522108,0,17,4342
2026-09-02T05:55:14Z,85976,651624,126620,525004,0,17,4334
2026-09-02T05:56:14Z,86036,654520,126620,527900,0,17,4351
2026-09-02T05:57:14Z,86096,657416,126620,530796,0,17,4342
2026-09-02T05:58:15Z,86157,660308,126620,533688,0,17,4330
2026-09-02T05:59:15Z,86217,663208,126620,536588,0,17,4314
2026-09-02T06:00:15Z,86277,666104,126620,539484,0,17,4352
2026-09-02T06:01:15Z,86337,668996,126620,542376,0,17,4364
2026-09-02T06:02:15Z,86397,655512,126620,528896,0,17,4354
2026-09-02T06:03:15Z,86457,658408,126620,531788,0,17,4355
2026-09-02T06:04:15Z,86517,661312,126620,534692,0,17,4355
2026-09-02T06:05:15Z,86577,647828,126620,521208,0,17,4369
2026-09-02T06:06:15Z,86637,650720,126620,524100,0,17,4363
2026-09-02T06:07:15Z,86697,653620,126620,527000,0,17,4346
2026-09-02T06:08:15Z,86757,656508,126620,529888,0,17,4338
2026-09-02T06:09:15Z,86817,659400,126620,532780,0,17,4342
2026-09-02T06:10:15Z,86877,662292,126620,535672,0,17,4344
2026-09-02T06:11:16Z,86938,665188,126620,538568,0,17,4360
2026-09-02T06:12:16Z,86998,668080,126620,541460,0,17,4347
2026-09-02T06:13:16Z,87058,654584,126620,527964,0,17,4336
2026-09-02T06:14:16Z,87118,657476,126620,530856,0,17,4353
2026-09-02T06:15:16Z,87178,660376,126620,533756,0,17,4345
2026-09-02T06:16:16Z,87238,646888,126620,520268,0,17,4355
2026-09-02T06:17:16Z,87298,649780,126620,523160,0,17,4331
2026-09-02T06:18:16Z,87358,652684,126620,526064,0,17,4322
2026-09-02T06:19:16Z,87418,655620,126664,528956,0,17,4342
2026-09-02T06:20:16Z,87478,658516,126664,531852,0,17,4354
2026-09-02T06:21:16Z,87538,661404,126664,534740,0,17,4366
2026-09-02T06:22:16Z,87598,664300,126664,537636,0,17,4325
2026-09-02T06:23:16Z,87658,667192,126664,540528,0,17,4339
2026-09-02T06:24:16Z,87718,653704,126664,527040,0,17,4351
2026-09-02T06:25:16Z,87778,656600,126664,529936,0,17,4363
2026-09-02T06:26:17Z,87839,659500,126664,532836,0,17,4356
2026-09-02T06:27:17Z,87899,646008,126664,519344,0,17,4353
2026-09-02T06:28:17Z,87959,648912,126664,522248,0,17,4331
2026-09-02T06:29:17Z,88019,651804,126664,525140,0,17,4357
2026-09-02T06:30:17Z,88079,654700,126664,528036,0,17,4375
2026-09-02T06:31:17Z,88139,657588,126664,530924,0,17,4352
2026-09-02T06:32:17Z,88199,660488,126664,533824,0,17,4330
2026-09-02T06:33:17Z,88259,663384,126664,536720,0,17,4328
2026-09-02T06:34:17Z,88319,666284,126664,539620,0,17,4366
2026-09-02T06:35:17Z,88379,669184,126664,542520,0,17,4370
2026-09-02T06:36:17Z,88439,655700,126664,529036,0,17,4372
2026-09-02T06:37:17Z,88499,658596,126664,531936,0,17,4339
2026-09-02T06:38:18Z,88560,661500,126664,534836,0,17,4315
2026-09-02T06:39:18Z,88620,648012,126664,521348,0,17,4333
2026-09-02T06:40:18Z,88680,650908,126664,524244,0,17,4362
2026-09-02T06:41:18Z,88740,653804,126664,527140,0,17,4372
2026-09-02T06:42:18Z,88800,656708,126664,530044,0,17,4341
2026-09-02T06:43:18Z,88860,659600,126664,532936,0,17,4349
2026-09-02T06:44:18Z,88920,662500,126664,535836,0,17,4352
2026-09-02T06:45:18Z,88980,665388,126664,538724,0,17,4368
2026-09-02T06:46:18Z,89040,651904,126664,525240,0,17,4360
2026-09-02T06:47:18Z,89100,654796,126664,528136,0,17,4337
2026-09-02T06:48:18Z,89160,657692,126664,531028,0,17,4344
2026-09-02T06:49:18Z,89220,660584,126664,533920,0,17,4343
2026-09-02T06:50:19Z,89281,647096,126664,520436,0,17,4361
2026-09-02T06:51:19Z,89341,649996,126664,523332,0,17,4369
2026-09-02T06:52:19Z,89401,652892,126664,526228,0,17,4335
2026-09-02T06:53:19Z,89461,655788,126664,529124,0,17,4342
2026-09-02T06:54:19Z,89521,658688,126664,532024,0,17,4378
2026-09-02T06:55:19Z,89581,661588,126664,534924,0,17,4368
2026-09-02T06:56:19Z,89641,664484,126664,537820,0,17,4369
2026-09-02T06:57:19Z,89701,667380,126664,540716,0,17,4360
2026-09-02T06:58:19Z,89761,653892,126664,527228,0,17,4341
2026-09-02T06:59:19Z,89821,656792,126664,530128,0,17,4335
2026-09-02T07:00:19Z,89881,659688,126664,533024,0,17,4368
2026-09-02T07:01:19Z,89941,646196,126664,519532,0,17,4356
2026-09-02T07:02:20Z,90002,649096,126664,522432,0,17,4330
2026-09-02T07:03:20Z,90062,651996,126664,525332,0,17,4324
2026-09-02T07:04:20Z,90122,654896,126664,528232,0,17,4353
2026-09-02T07:05:20Z,90182,657792,126664,531128,0,17,4367
2026-09-02T07:06:20Z,90242,660688,126664,534024,0,17,4355
2026-09-02T07:07:20Z,90302,663580,126664,536916,0,17,4334
2026-09-02T07:08:20Z,90362,666480,126664,539816,0,17,4314
2026-09-02T07:09:20Z,90422,652992,126664,526328,0,17,4322
2026-09-02T07:10:20Z,90482,655888,126664,529224,0,17,4360
2026-09-02T07:11:20Z,90542,658780,126664,532116,0,17,4363
2026-09-02T07:12:20Z,90602,645296,126664,518632,0,17,4333
2026-09-02T07:13:20Z,90662,648192,126664,521528,0,17,4332
2026-09-02T07:14:21Z,90723,651084,126664,524424,0,17,4357
2026-09-02T07:15:21Z,90783,653980,126664,527316,0,17,4366
2026-09-02T07:16:21Z,90843,656884,126664,530220,0,17,4359
2026-09-02T07:17:21Z,90903,659776,126664,533112,0,17,4325
2026-09-02T07:18:21Z,90963,662668,126664,536004,0,17,4332
2026-09-02T07:19:21Z,91023,665560,126664,538896,0,17,4330
2026-09-02T07:20:21Z,91083,652080,126664,525416,0,17,4350
2026-09-02T07:21:21Z,91143,654976,126664,528312,0,17,4365
2026-09-02T07:22:21Z,91203,657872,126664,531212,0,17,4344
2026-09-02T07:23:21Z,91263,660780,126664,534116,0,17,4339
2026-09-02T07:24:21Z,91323,647288,126664,520624,0,17,4364
2026-09-02T07:25:21Z,91383,650188,126664,523524,0,17,4378
2026-09-02T07:26:21Z,91443,653084,126664,526420,0,17,4370
2026-09-02T07:27:22Z,91504,655980,126664,529316,0,17,4347
2026-09-02T07:28:22Z,91564,658876,126664,532212,0,17,4350
2026-09-02T07:29:22Z,91624,661772,126664,535108,0,17,4331
2026-09-02T07:30:22Z,91684,664668,126664,538004,0,17,4359
2026-09-02T07:31:22Z,91744,651180,126664,524516,0,17,4358
2026-09-02T07:32:22Z,91804,654084,126664,527420,0,17,4331
2026-09-02T07:33:22Z,91864,656980,126664,530316,0,17,4338
2026-09-02T07:34:22Z,91924,659868,126664,533204,0,17,4368
2026-09-02T07:35:22Z,91984,646384,126664,519720,0,17,4372
2026-09-02T07:36:22Z,92044,649276,126664,522612,0,17,4371
2026-09-02T07:37:22Z,92104,652176,126664,525512,0,17,4358
2026-09-02T07:38:23Z,92165,655068,126664,528408,0,17,4332
2026-09-02T07:39:23Z,92225,657960,126664,531296,0,17,4318
2026-09-02T07:40:23Z,92285,660856,126664,534192,0,17,4364
2026-09-02T07:41:23Z,92345,663756,126664,537092,0,17,4367
2026-09-02T07:42:23Z,92405,666652,126664,539988,0,17,4338
2026-09-02T07:43:23Z,92465,653164,126664,526500,0,17,4340
2026-09-02T07:44:23Z,92525,656064,126664,529400,0,17,4341
2026-09-02T07:45:23Z,92585,658952,126664,532288,0,17,4367
2026-09-02T07:46:23Z,92645,661852,126664,535188,0,17,4355
2026-09-02T07:47:23Z,92705,648360,126664,521696,0,17,4355
2026-09-02T07:48:23Z,92765,651256,126664,524592,0,17,4327
2026-09-02T07:49:23Z,92825,654152,126664,527488,0,17,4332
2026-09-02T07:50:24Z,92886,657048,126664,530384,0,17,4355
2026-09-02T07:51:24Z,92946,659944,126664,533280,0,17,4363
2026-09-02T07:52:24Z,93006,662844,126664,536180,0,17,4341
2026-09-02T07:53:24Z,93066,665732,126664,539068,0,17,4345
2026-09-02T07:54:24Z,93126,652244,126664,525580,0,17,4382
2026-09-02T07:55:24Z,93186,655136,126664,528472,0,17,4367
2026-09-02T07:56:24Z,93246,658032,126664,531368,0,17,4369
2026-09-02T07:57:24Z,93306,660928,126664,534264,0,17,4335
2026-09-02T07:58:24Z,93366,647444,126668,520776,0,17,4328
2026-09-02T07:59:24Z,93426,650336,126668,523668,0,17,4338
2026-09-02T08:00:24Z,93486,653232,126668,526564,0,17,4360
2026-09-02T08:01:25Z,93547,656136,126668,529468,0,17,4362
2026-09-02T08:02:25Z,93607,659032,126668,532368,0,17,4344
2026-09-02T08:03:25Z,93667,661932,126668,535264,0,17,4331
2026-09-02T08:04:25Z,93727,664832,126668,538164,0,17,4365
2026-09-02T08:05:25Z,93787,651344,126668,524676,0,17,4360
2026-09-02T08:06:25Z,93847,654240,126668,527572,0,17,4386
2026-09-02T08:07:25Z,93907,657132,126668,530464,0,17,4354
2026-09-02T08:08:25Z,93967,660032,126668,533364,0,17,4327
2026-09-02T08:09:25Z,94027,646544,126668,519876,0,17,4325
2026-09-02T08:10:25Z,94087,649440,126668,522772,0,17,4348
2026-09-02T08:11:25Z,94147,652340,126668,525672,0,17,4372
2026-09-02T08:12:25Z,94207,655232,126668,528564,0,17,4339
2026-09-02T08:13:25Z,94267,658124,126668,531456,0,17,4349
2026-09-02T08:14:26Z,94328,661024,126668,534356,0,17,4346
2026-09-02T08:15:26Z,94388,663916,126668,537248,0,17,4357
2026-09-02T08:16:26Z,94448,650428,126668,523760,0,17,4363
2026-09-02T08:17:26Z,94508,653324,126668,526656,0,17,4355
2026-09-02T08:18:26Z,94568,656220,126668,529552,0,17,4341
2026-09-02T08:19:26Z,94628,659112,126668,532444,0,17,4346
2026-09-02T08:20:26Z,94688,662004,126668,535336,0,17,4362
2026-09-02T08:21:26Z,94748,648520,126668,521852,0,17,4365
2026-09-02T08:22:26Z,94808,651416,126668,524748,0,17,4345
2026-09-02T08:23:26Z,94868,654308,126668,527640,0,17,4338
2026-09-02T08:24:26Z,94928,657200,126668,530532,0,17,4349
2026-09-02T08:25:26Z,94988,660100,126668,533436,0,17,4363
2026-09-02T08:26:27Z,95049,662984,126668,536316,0,17,4383
2026-09-02T08:27:27Z,95109,665884,126668,539216,0,17,4349
2026-09-02T08:28:27Z,95169,652396,126668,525728,0,17,4339
2026-09-02T08:29:27Z,95229,655284,126668,528616,0,17,4330
2026-09-02T08:30:27Z,95289,658192,126668,531524,0,17,4363
2026-09-02T08:31:27Z,95349,661080,126668,534412,0,17,4355
2026-09-02T08:32:27Z,95409,647600,126668,520932,0,17,4325
2026-09-02T08:33:27Z,95469,650496,126668,523832,0,17,4348
2026-09-02T08:34:27Z,95529,653396,126668,526732,0,17,4372
2026-09-02T08:35:27Z,95589,656292,126668,529624,0,17,4362
2026-09-02T08:36:27Z,95649,659192,126668,532524,0,17,4364
2026-09-02T08:37:27Z,95709,662088,126668,535420,0,17,4347
2026-09-02T08:38:28Z,95770,664980,126668,538312,0,17,4339
2026-09-02T08:39:28Z,95830,651500,126668,524832,0,17,4332
2026-09-02T08:40:28Z,95890,654396,126668,527728,0,17,4359
2026-09-02T08:41:28Z,95950,657296,126668,530628,0,17,4355
2026-09-02T08:42:28Z,96010,660184,126668,533516,0,17,4313
2026-09-02T08:43:28Z,96070,663088,126668,536420,0,17,4322
2026-09-02T08:44:28Z,96130,649608,126668,522940,0,17,4363
2026-09-02T08:45:28Z,96190,652508,126668,525840,0,17,4353
2026-09-02T08:46:28Z,96250,655404,126668,528736,0,17,4354
2026-09-02T08:47:28Z,96310,658304,126668,531636,0,17,4328
2026-09-02T08:48:28Z,96370,661196,126668,534528,0,17,4338
2026-09-02T08:49:28Z,96430,664100,126668,537432,0,17,4331
2026-09-02T08:50:28Z,96490,650616,126668,523952,0,17,4356
2026-09-02T08:51:29Z,96551,653516,126668,526848,0,17,4371
2026-09-02T08:52:29Z,96611,656408,126668,529740,0,17,4339
2026-09-02T08:53:29Z,96671,659304,126668,532636,0,17,4339
2026-09-02T08:54:29Z,96731,662200,126668,535536,0,17,4354
2026-09-02T08:55:29Z,96791,648712,126668,522044,0,17,4362
2026-09-02T08:56:29Z,96851,651608,126668,524940,0,17,4350
2026-09-02T08:57:29Z,96911,654508,126668,527840,0,17,4356
2026-09-02T08:58:29Z,96971,657408,126668,530740,0,17,4347
2026-09-02T08:59:29Z,97031,660304,126668,533636,0,17,4337
2026-09-02T09:00:29Z,97091,663204,126668,536540,0,17,4361
2026-09-02T09:01:29Z,97151,649724,126668,523056,0,17,4343
2026-09-02T09:02:29Z,97211,652616,126668,525948,0,17,4331
2026-09-02T09:03:30Z,97272,655512,126668,528844,0,17,4332
2026-09-02T09:04:30Z,97332,658416,126668,531748,0,17,4361
2026-09-02T09:05:30Z,97392,661316,126668,534648,0,17,4346
2026-09-02T09:06:30Z,97452,647828,126668,521160,0,17,4348
2026-09-02T09:07:30Z,97512,650728,126668,524060,0,17,4323
2026-09-02T09:08:30Z,97572,653616,126668,526952,0,17,4338
2026-09-02T09:09:30Z,97632,656520,126668,529852,0,17,4331
2026-09-02T09:10:30Z,97692,659416,126668,532748,0,17,4358
2026-09-02T09:11:30Z,97752,662312,126668,535644,0,17,4359
2026-09-02T09:12:30Z,97812,665204,126668,538536,0,17,4346
2026-09-02T09:13:30Z,97872,651712,126668,525044,0,17,4345
2026-09-02T09:14:31Z,97933,654612,126668,527944,0,17,4385
2026-09-02T09:15:31Z,97993,657508,126668,530840,0,17,4377
2026-09-02T09:16:31Z,98053,660408,126668,533740,0,17,4365
2026-09-02T09:17:31Z,98113,663312,126668,536644,0,17,4325
2026-09-02T09:18:31Z,98173,649824,126668,523156,0,17,4333
2026-09-02T09:19:31Z,98233,652712,126668,526048,0,17,4321
2026-09-02T09:20:31Z,98293,655612,126668,528944,0,17,4349
2026-09-02T09:21:31Z,98353,658508,126668,531840,0,17,4352
2026-09-02T09:22:31Z,98413,661404,126668,534736,0,17,4337
2026-09-02T09:23:31Z,98473,664296,126668,537628,0,17,4331
2026-09-02T09:24:31Z,98533,650820,126668,524152,0,17,4369
2026-09-02T09:25:31Z,98593,653716,126668,527048,0,17,4371
2026-09-02T09:26:31Z,98653,656608,126668,529940,0,17,4347
2026-09-02T09:27:32Z,98714,659504,126668,532836,0,17,4340
2026-09-02T09:28:32Z,98774,662400,126668,535736,0,17,4342
2026-09-02T09:29:32Z,98834,648912,126668,522248,0,17,4324
2026-09-02T09:30:32Z,98894,651808,126668,525140,0,17,4350
2026-09-02T09:31:32Z,98954,654704,126668,528036,0,17,4366
2026-09-02T09:32:32Z,99014,657608,126668,530940,0,17,4347
2026-09-02T09:33:32Z,99074,660504,126668,533840,0,17,4341
2026-09-02T09:34:32Z,99134,663404,126668,536740,0,17,4364
2026-09-02T09:35:32Z,99194,649916,126668,523248,0,17,4365
2026-09-02T09:36:32Z,99254,652812,126668,526144,0,17,4349
2026-09-02T09:37:32Z,99314,655704,126668,529036,0,17,4334
2026-09-02T09:38:32Z,99374,658604,126668,531936,0,17,4342
2026-09-02T09:39:32Z,99434,661496,126668,534828,0,17,4349
2026-09-02T09:40:32Z,99494,664388,126668,537720,0,17,4373
2026-09-02T09:41:33Z,99555,650896,126668,524228,0,17,4362
2026-09-02T09:42:33Z,99615,653796,126668,527128,0,17,4332
2026-09-02T09:43:33Z,99675,656688,126668,530020,0,17,4331
2026-09-02T09:44:33Z,99735,659592,126668,532928,0,17,4345
2026-09-02T09:45:33Z,99795,662484,126668,535816,0,17,4362
2026-09-02T09:46:33Z,99855,649000,126668,522332,0,17,4334
2026-09-02T09:47:33Z,99915,651896,126668,525228,0,17,4327
2026-09-02T09:48:33Z,99975,654792,126668,528124,0,17,4323
2026-09-02T09:49:33Z,100035,657684,126668,531020,0,17,4332
2026-09-02T09:50:33Z,100095,660580,126668,533912,0,17,4345
2026-09-02T09:51:33Z,100155,663480,126668,536812,0,17,4332
2026-09-02T09:52:33Z,100215,649988,126668,523324,0,17,4347
2026-09-02T09:53:33Z,100275,652888,126668,526220,0,17,4341
2026-09-02T09:54:34Z,100336,655784,126668,529116,0,17,4365
2026-09-02T09:55:34Z,100396,658676,126668,532008,0,17,4364
2026-09-02T09:56:34Z,100456,661576,126668,534908,0,17,4361
2026-09-02T09:57:34Z,100516,664476,126668,537808,0,17,4342
2026-09-02T09:58:34Z,100576,650984,126668,524316,0,17,4344
2026-09-02T09:59:34Z,100636,653884,126668,527216,0,17,4331
2026-09-02T10:00:34Z,100696,656780,126668,530112,0,17,4372
2026-09-02T10:01:34Z,100756,659676,126668,533008,0,17,4351
2026-09-02T10:02:34Z,100816,662568,126668,535900,0,17,4339
2026-09-02T10:03:34Z,100876,649080,126668,522412,0,17,4328
2026-09-02T10:04:34Z,100936,651980,126668,525312,0,17,4361
2026-09-02T10:05:34Z,100996,654872,126668,528204,0,17,4359
2026-09-02T10:06:35Z,101057,657768,126668,531100,0,17,4363
2026-09-02T10:07:35Z,101117,660660,126668,533992,0,17,4360
2026-09-02T10:08:35Z,101177,663556,126668,536888,0,17,4355
2026-09-02T10:09:35Z,101237,650076,126668,523408,0,17,4352
2026-09-02T10:10:35Z,101297,652976,126668,526308,0,17,4357
2026-09-02T10:11:35Z,101357,655884,126668,529216,0,17,4343
2026-09-02T10:12:35Z,101417,658776,126668,532108,0,17,4335
2026-09-02T10:13:35Z,101477,661676,126668,535008,0,17,4335
2026-09-02T10:14:35Z,101537,664572,126668,537904,0,17,4353
2026-09-02T10:15:35Z,101597,651096,126668,524428,0,17,4355
2026-09-02T10:16:35Z,101657,653992,126668,527324,0,17,4352
2026-09-02T10:17:35Z,101717,656888,126668,530220,0,17,4321
2026-09-02T10:18:35Z,101777,659784,126668,533120,0,17,4319
2026-09-02T10:19:36Z,101838,662684,126668,536016,0,17,4333
2026-09-02T10:20:36Z,101898,649200,126668,522532,0,17,4365
2026-09-02T10:21:36Z,101958,652100,126668,525432,0,17,4326
2026-09-02T10:22:36Z,102018,654996,126668,528328,0,17,4344
2026-09-02T10:23:36Z,102078,657892,126668,531224,0,17,4344
2026-09-02T10:24:36Z,102138,660784,126668,534116,0,17,4364
2026-09-02T10:25:36Z,102198,663680,126668,537012,0,17,4360
2026-09-02T10:26:36Z,102258,650192,126668,523524,0,17,4341
2026-09-02T10:27:36Z,102318,653084,126668,526416,0,17,4326
2026-09-02T10:28:36Z,102378,655980,126668,529316,0,17,4320
2026-09-02T10:29:36Z,102438,658872,126668,532204,0,17,4321
2026-09-02T10:30:36Z,102498,661768,126668,535100,0,17,4372
2026-09-02T10:31:36Z,102558,648280,126668,521612,0,17,4339
2026-09-02T10:32:36Z,102618,651172,126668,524504,0,17,4340
2026-09-02T10:33:37Z,102679,654072,126668,527404,0,17,4322
2026-09-02T10:34:37Z,102739,656968,126668,530300,0,17,4342
2026-09-02T10:35:37Z,102799,659872,126668,533204,0,17,4364
2026-09-02T10:36:37Z,102859,662768,126668,536100,0,17,4351
2026-09-02T10:37:37Z,102919,665660,126668,538996,0,17,4334
2026-09-02T10:38:37Z,102979,652176,126668,525508,0,17,4333
2026-09-02T10:39:37Z,103039,655072,126668,528404,0,17,4305
2026-09-02T10:40:37Z,103099,657972,126668,531304,0,17,4350
2026-09-02T10:41:37Z,103159,660872,126668,534204,0,17,4343
2026-09-02T10:42:37Z,103219,663772,126668,537104,0,17,4347
2026-09-02T10:43:37Z,103279,650284,126668,523616,0,17,4342
2026-09-02T10:44:37Z,103339,653176,126668,526508,0,17,4367
2026-09-02T10:45:38Z,103400,656076,126668,529408,0,17,4365
2026-09-02T10:46:38Z,103460,658976,126668,532308,0,17,4363
2026-09-02T10:47:38Z,103520,661872,126668,535204,0,17,4333
2026-09-02T10:48:38Z,103580,664776,126668,538108,0,17,4327
2026-09-02T10:49:38Z,103640,651288,126668,524624,0,17,4323
2026-09-02T10:50:38Z,103700,654188,126668,527520,0,17,4365
2026-09-02T10:51:38Z,103760,657084,126668,530416,0,17,4343
2026-09-02T10:52:38Z,103820,659984,126668,533316,0,17,4342
2026-09-02T10:53:38Z,103880,662884,126668,536216,0,17,4331
2026-09-02T10:54:38Z,103940,649400,126668,522732,0,17,4349
2026-09-02T10:55:38Z,104000,652296,126668,525628,0,17,4347
2026-09-02T10:56:38Z,104060,655196,126668,528528,0,17,4349
2026-09-02T10:57:39Z,104121,658084,126668,531420,0,17,4336
2026-09-02T10:58:39Z,104181,660992,126668,534324,0,17,4326
2026-09-02T10:59:39Z,104241,663884,126668,537216,0,17,4332
2026-09-02T11:00:39Z,104301,650408,126668,523740,0,17,4355
2026-09-02T11:01:39Z,104361,653304,126668,526636,0,17,4343
2026-09-02T11:02:39Z,104421,656196,126668,529528,0,17,4333
2026-09-02T11:03:39Z,104481,659092,126668,532424,0,17,4330
2026-09-02T11:04:39Z,104541,661988,126668,535320,0,17,4355
2026-09-02T11:05:39Z,104601,648508,126668,521840,0,17,4362
2026-09-02T11:06:39Z,104661,651408,126668,524740,0,17,4359
2026-09-02T11:07:39Z,104721,654300,126668,527632,0,17,4323
2026-09-02T11:08:40Z,104782,657196,126668,530528,0,17,4328
2026-09-02T11:09:40Z,104842,660096,126668,533428,0,17,4342
2026-09-02T11:10:40Z,104902,662984,126668,536316,0,17,4356
2026-09-02T11:11:40Z,104962,665880,126668,539212,0,17,4356
2026-09-02T11:12:40Z,105022,652392,126668,525724,0,17,4345
2026-09-02T11:13:40Z,105082,655288,126668,528620,0,17,4339
2026-09-02T11:14:40Z,105142,658196,126668,531528,0,17,4347
2026-09-02T11:15:40Z,105202,661088,126668,534420,0,17,4343
2026-09-02T11:16:40Z,105262,647612,126668,520944,0,17,4346
2026-09-02T11:17:40Z,105322,650512,126668,523848,0,17,4345
2026-09-02T11:18:40Z,105382,653412,126668,526744,0,17,4330
2026-09-02T11:19:40Z,105442,656308,126668,529644,0,17,4337
2026-09-02T11:20:41Z,105503,659212,126668,532544,0,17,4350
2026-09-02T11:21:41Z,105563,662108,126676,535436,0,17,4342
2026-09-02T11:22:41Z,105623,665008,126676,538332,0,17,4327
2026-09-02T11:23:41Z,105683,651516,126676,524840,0,17,4331
2026-09-02T11:24:41Z,105743,654416,126676,527740,0,17,4353
2026-09-02T11:25:41Z,105803,657308,126676,530636,0,17,4346
2026-09-02T11:26:41Z,105863,660208,126676,533532,0,17,4329
2026-09-02T11:27:41Z,105923,663108,126676,536432,0,17,4328
2026-09-02T11:28:41Z,105983,649612,126676,522936,0,17,4334
2026-09-02T11:29:41Z,106043,652512,126676,525836,0,17,4329
2026-09-02T11:30:41Z,106103,655412,126676,528736,0,17,4357
2026-09-02T11:31:41Z,106163,658312,126676,531636,0,17,4337
2026-09-02T11:32:42Z,106224,661208,126676,534532,0,17,4341
2026-09-02T11:33:42Z,106284,664104,126676,537428,0,17,4333
2026-09-02T11:34:42Z,106344,667004,126676,540328,0,17,4364
2026-09-02T11:35:42Z,106404,653520,126676,526844,0,17,4361
2026-09-02T11:36:42Z,106464,656420,126676,529744,0,17,4354
2026-09-02T11:37:42Z,106524,659320,126676,532644,0,17,4349
2026-09-02T11:38:42Z,106584,662216,126676,535540,0,17,4334
2026-09-02T11:39:42Z,106644,648728,126676,522052,0,17,4327
2026-09-02T11:40:42Z,106704,651624,126676,524948,0,17,4350
2026-09-02T11:41:42Z,106764,654524,126676,527848,0,17,4331
2026-09-02T11:42:42Z,106824,657428,126676,530752,0,17,4339
2026-09-02T11:43:42Z,106884,660324,126676,533648,0,17,4333
2026-09-02T11:44:42Z,106944,663228,126676,536552,0,17,4364
2026-09-02T11:45:42Z,107004,666128,126676,539452,0,17,4350
2026-09-02T11:46:43Z,107065,652648,126676,525972,0,17,4337
2026-09-02T11:47:43Z,107125,655544,126676,528868,0,17,4323
2026-09-02T11:48:43Z,107185,658440,126676,531764,0,17,4318
2026-09-02T11:49:43Z,107245,661340,126676,534664,0,17,4329
2026-09-02T11:50:43Z,107305,647856,126676,521180,0,17,4341
2026-09-02T11:51:43Z,107365,650756,126676,524080,0,17,4347
2026-09-02T11:52:43Z,107425,653644,126676,526968,0,17,4340
2026-09-02T11:53:43Z,107485,656544,126676,529868,0,17,4344
2026-09-02T11:54:43Z,107545,659444,126676,532768,0,17,4362
2026-09-02T11:55:43Z,107605,662344,126676,535668,0,17,4364
2026-09-02T11:56:43Z,107665,665240,126676,538564,0,17,4340
2026-09-02T11:57:43Z,107725,651752,126676,525076,0,17,4327
2026-09-02T11:58:43Z,107785,654656,126676,527980,0,17,4315
2026-09-02T11:59:44Z,107846,657552,126676,530876,0,17,4332
2026-09-02T12:00:44Z,107906,660456,126676,533780,0,17,4351
2026-09-02T12:01:44Z,107966,646972,126676,520296,0,17,4360
2026-09-02T12:02:44Z,108026,649872,126676,523196,0,17,4337
2026-09-02T12:03:44Z,108086,652776,126676,526100,0,17,4351
2026-09-02T12:04:44Z,108146,655672,126676,528996,0,17,4336
2026-09-02T12:05:44Z,108206,658572,126676,531896,0,17,4343
2026-09-02T12:06:44Z,108266,661468,126676,534796,0,17,4334
2026-09-02T12:07:44Z,108326,664372,126676,537696,0,17,4322
2026-09-02T12:08:44Z,108386,667268,126676,540596,0,17,4322
2026-09-02T12:09:44Z,108446,653780,126676,527104,0,17,4337
2026-09-02T12:10:44Z,108506,656684,126676,530008,0,17,4373
2026-09-02T12:11:45Z,108567,659584,126676,532908,0,17,4354
2026-09-02T12:12:45Z,108627,662484,126676,535808,0,17,4337
2026-09-02T12:13:45Z,108687,648992,126676,522316,0,17,4313
2026-09-02T12:14:45Z,108747,651892,126676,525216,0,17,4351
2026-09-02T12:15:45Z,108807,654800,126676,528124,0,17,4358
2026-09-02T12:16:45Z,108867,657696,126676,531020,0,17,4337
2026-09-02T12:17:45Z,108927,660592,126676,533916,0,17,4333
2026-09-02T12:18:45Z,108987,663488,126676,536816,0,17,4332
2026-09-02T12:19:45Z,109047,666392,126676,539720,0,17,4351
2026-09-02T12:20:45Z,109107,652912,126676,526236,0,17,4351
2026-09-02T12:21:45Z,109167,655812,126676,529136,0,17,4330
2026-09-02T12:22:46Z,109228,658704,126676,532028,0,17,4312
2026-09-02T12:23:46Z,109288,661604,126676,534928,0,17,4336
2026-09-02T12:24:46Z,109348,648116,126676,521440,0,17,4315
2026-09-02T12:25:46Z,109408,651016,126676,524340,0,17,4326
2026-09-02T12:26:46Z,109468,653912,126676,527236,0,17,4321
2026-09-02T12:27:46Z,109528,656812,126676,530136,0,17,4328
2026-09-02T12:28:46Z,109588,659716,126676,533040,0,17,4362
2026-09-02T12:29:46Z,109648,662612,126676,535936,0,17,4361
2026-09-02T12:30:46Z,109708,665508,126676,538832,0,17,4379
2026-09-02T12:31:46Z,109768,652020,126676,525344,0,17,4337
2026-09-02T12:32:46Z,109828,654924,126676,528248,0,17,4335
2026-09-02T12:33:46Z,109888,657824,126676,531152,0,17,4365
2026-09-02T12:34:46Z,109948,660724,126676,534048,0,17,4376
2026-09-02T12:35:46Z,110008,647244,126676,520568,0,17,4367
2026-09-02T12:36:46Z,110068,650140,126676,523464,0,17,4350
2026-09-02T12:37:47Z,110129,653036,126676,526360,0,17,4331
2026-09-02T12:38:47Z,110189,655932,126676,529260,0,17,4323
2026-09-02T12:39:47Z,110249,658836,126676,532164,0,17,4345
2026-09-02T12:40:47Z,110309,661732,126676,535056,0,17,4345
2026-09-02T12:41:47Z,110369,664640,126676,537964,0,17,4331
2026-09-02T12:42:47Z,110429,667532,126676,540856,0,17,4326
2026-09-02T12:43:47Z,110489,654052,126676,527376,0,17,4345
2026-09-02T12:44:47Z,110549,656948,126676,530272,0,17,4344
2026-09-02T12:45:47Z,110609,659852,126676,533176,0,17,4373
2026-09-02T12:46:47Z,110669,646376,126676,519700,0,17,4350
2026-09-02T12:47:47Z,110729,649276,126676,522600,0,17,4337
2026-09-02T12:48:47Z,110789,652176,126676,525500,0,17,4337
2026-09-02T12:49:47Z,110849,655064,126676,528388,0,17,4358
2026-09-02T12:50:47Z,110909,657964,126676,531288,0,17,4380
2026-09-02T12:51:47Z,110970,660864,126676,534188,0,17,4354
2026-09-02T12:52:48Z,111030,663760,126676,537084,0,17,4355
2026-09-02T12:53:48Z,111090,666652,126676,539976,0,17,4347
2026-09-02T12:54:48Z,111150,653176,126676,526500,0,17,4357
2026-09-02T12:55:48Z,111210,656072,126676,529396,0,17,4372
2026-09-02T12:56:48Z,111270,658972,126676,532296,0,17,4360
2026-09-02T12:57:48Z,111330,661876,126676,535200,0,17,4343
2026-09-02T12:58:48Z,111390,648388,126676,521712,0,17,4326
2026-09-02T12:59:48Z,111450,651292,126676,524616,0,17,4342
2026-09-02T13:00:48Z,111510,654192,126676,527520,0,17,4364
2026-09-02T13:01:48Z,111570,657092,126676,530416,0,17,4349
2026-09-02T13:02:48Z,111630,659996,126676,533320,0,17,4341
2026-09-02T13:03:48Z,111690,662892,126676,536216,0,17,4348
2026-09-02T13:04:48Z,111750,665788,126676,539112,0,17,4356
2026-09-02T13:05:49Z,111811,668688,126676,542012,0,17,4350
2026-09-02T13:06:49Z,111871,655200,126676,528524,0,17,4346
2026-09-02T13:07:49Z,111931,658096,126676,531420,0,17,4321
2026-09-02T13:08:49Z,111991,661000,126676,534324,0,17,4329
2026-09-02T13:09:49Z,112051,647516,126676,520840,0,17,4344
2026-09-02T13:10:49Z,112111,650420,126676,523744,0,17,4349
2026-09-02T13:11:49Z,112171,653316,126676,526640,0,17,4324
2026-09-02T13:12:49Z,112231,656212,126676,529536,0,17,4323
2026-09-02T13:13:49Z,112291,659108,126676,532432,0,17,4339
2026-09-02T13:14:49Z,112351,662012,126676,535336,0,17,4350
2026-09-02T13:15:49Z,112411,664912,126676,538236,0,17,4344
2026-09-02T13:16:49Z,112471,667812,126676,541136,0,17,4342
2026-09-02T13:17:49Z,112531,654328,126676,527652,0,17,4344
2026-09-02T13:18:49Z,112591,657224,126676,530548,0,17,4320
2026-09-02T13:19:50Z,112652,660120,126676,533444,0,17,4333
2026-09-02T13:20:50Z,112712,646640,126676,519964,0,17,4365
2026-09-02T13:21:50Z,112772,649540,126676,522864,0,17,4331
2026-09-02T13:22:50Z,112832,652432,126676,525756,0,17,4331
2026-09-02T13:23:50Z,112892,655340,126676,528664,0,17,4335
2026-09-02T13:24:50Z,112952,658240,126676,531564,0,17,4357
2026-09-02T13:25:50Z,113012,661140,126676,534464,0,17,4368
2026-09-02T13:26:50Z,113072,664036,126676,537360,0,17,4341
2026-09-02T13:27:50Z,113132,666932,126676,540256,0,17,4335
2026-09-02T13:28:50Z,113192,653444,126676,526768,0,17,4323
2026-09-02T13:29:50Z,113252,656344,126676,529668,0,17,4359
2026-09-02T13:30:50Z,113312,659248,126676,532572,0,17,4363
2026-09-02T13:31:50Z,113372,645760,126676,519084,0,17,4299
2026-09-02T13:32:50Z,113432,648664,126676,521988,0,17,4327
2026-09-02T13:33:50Z,113492,651564,126676,524888,0,17,4328
2026-09-02T13:34:50Z,113552,654460,126676,527784,0,17,4358
2026-09-02T13:35:51Z,113613,657356,126676,530680,0,17,4359
2026-09-02T13:36:51Z,113673,660264,126676,533588,0,17,4350
2026-09-02T13:37:51Z,113733,663160,126676,536484,0,17,4318
2026-09-02T13:38:51Z,113793,666064,126676,539388,0,17,4329
2026-09-02T13:39:51Z,113853,652584,126676,525908,0,17,4312
2026-09-02T13:40:51Z,113913,655484,126676,528808,0,17,4355
2026-09-02T13:41:51Z,113973,658380,126676,531704,0,17,4331
2026-09-02T13:42:51Z,114033,644896,126676,518220,0,17,4323
2026-09-02T13:43:51Z,114093,647796,126676,521120,0,17,4335
2026-09-02T13:44:51Z,114153,650688,126676,524012,0,17,4345
2026-09-02T13:45:51Z,114213,653588,126676,526912,0,17,4356
2026-09-02T13:46:51Z,114273,656492,126676,529816,0,17,4345
2026-09-02T13:47:51Z,114333,659388,126676,532716,0,17,4334
2026-09-02T13:48:51Z,114393,662292,126676,535616,0,17,4328
2026-09-02T13:49:52Z,114454,665192,126676,538516,0,17,4336
2026-09-02T13:50:52Z,114514,668092,126676,541416,0,17,4356
2026-09-02T13:51:52Z,114574,654608,126676,527932,0,17,4320
2026-09-02T13:52:52Z,114634,657508,126676,530832,0,17,4331
2026-09-02T13:53:52Z,114694,644032,126676,517356,0,17,4328
2026-09-02T13:54:52Z,114754,646928,126676,520256,0,17,4360
2026-09-02T13:55:52Z,114814,649832,126676,523160,0,17,4360
2026-09-02T13:56:52Z,114874,652736,126676,526060,0,17,4350
2026-09-02T13:57:52Z,114934,655632,126676,528956,0,17,4331
2026-09-02T13:58:52Z,114994,658536,126676,531860,0,17,4340
2026-09-02T13:59:52Z,115054,661432,126676,534760,0,17,4336
2026-09-02T14:00:52Z,115114,664332,126676,537656,0,17,4365
2026-09-02T14:01:52Z,115174,667232,126676,540556,0,17,4339
2026-09-02T14:02:52Z,115234,653744,126676,527068,0,17,4323
2026-09-02T14:03:53Z,115295,656652,126676,529976,0,17,4327
2026-09-02T14:04:53Z,115355,659556,126676,532880,0,17,4368
2026-09-02T14:05:53Z,115415,646076,126676,519400,0,17,4367
2026-09-02T14:06:53Z,115475,648972,126676,522296,0,17,4360
2026-09-02T14:07:53Z,115535,651872,126676,525196,0,17,4333
2026-09-02T14:08:53Z,115595,654772,126676,528096,0,17,4337
2026-09-02T14:09:53Z,115655,657672,126676,530996,0,17,4335
2026-09-02T14:10:53Z,115715,660568,126676,533892,0,17,4346
2026-09-02T14:11:53Z,115775,663468,126676,536792,0,17,4335
2026-09-02T14:12:53Z,115835,666368,126676,539696,0,17,4330
2026-09-02T14:13:53Z,115895,652880,126676,526204,0,17,4337
2026-09-02T14:14:53Z,115955,655776,126676,529100,0,17,4343
2026-09-02T14:15:53Z,116015,658676,126676,532000,0,17,4348
2026-09-02T14:16:53Z,116075,645192,126676,518516,0,17,4348
2026-09-02T14:17:54Z,116136,648096,126676,521420,0,17,4330
2026-09-02T14:18:54Z,116196,650992,126676,524316,0,17,4316
2026-09-02T14:19:54Z,116256,653892,126676,527216,0,17,4352
2026-09-02T14:20:54Z,116316,656792,126676,530120,0,17,4360
2026-09-02T14:21:54Z,116376,659688,126676,533012,0,17,4342
2026-09-02T14:22:54Z,116436,662600,126676,535924,0,17,4342
2026-09-02T14:23:54Z,116496,665496,126676,538820,0,17,4356
2026-09-02T14:24:54Z,116556,668388,126676,541712,0,17,4061
2026-09-02T14:25:54Z,116616,654892,126676,528216,0,17,4007
2026-09-02T14:26:54Z,116676,657780,126676,531104,0,17,3916
2026-09-02T14:27:54Z,116736,644288,126676,517612,0,17,3914
2026-09-02T14:28:54Z,116796,647168,126676,520492,0,17,3897
2026-09-02T14:29:54Z,116856,650060,126676,523388,0,17,3913
2026-09-02T14:30:55Z,116917,652956,126676,526280,0,17,3905
2026-09-02T14:31:55Z,116977,655848,126676,529172,0,17,3875
2026-09-02T14:32:55Z,117037,658740,126676,532064,0,17,3882
2026-09-02T14:33:55Z,117097,661636,126676,534960,0,17,3884
2026-09-02T14:34:55Z,117157,664528,126676,537852,0,17,3888
2026-09-02T14:35:55Z,117217,667420,126676,540744,0,17,3893
2026-09-02T14:36:55Z,117277,653932,126676,527256,0,17,3865
2026-09-02T14:37:55Z,117337,656828,126676,530152,0,17,3866
2026-09-02T14:38:55Z,117397,643336,126676,516660,0,17,3864
2026-09-02T14:39:55Z,117457,646236,126676,519560,0,17,3907
2026-09-02T14:40:55Z,117517,649128,126676,522452,0,17,3899
2026-09-02T14:41:55Z,117577,652012,126676,525336,0,17,3861
2026-09-02T14:42:55Z,117637,654912,126676,528236,0,17,3879
2026-09-02T14:43:56Z,117698,657808,126676,531132,0,17,3877
2026-09-02T14:44:56Z,117758,660712,126676,534036,0,17,3877
2026-09-02T14:45:56Z,117818,663608,126676,536932,0,17,3887
2026-09-02T14:46:56Z,117878,666508,126676,539832,0,17,3871
2026-09-02T14:47:56Z,117938,669404,126676,542728,0,17,3853
2026-09-02T14:48:56Z,117998,655908,126676,529236,0,17,3846
2026-09-02T14:49:56Z,118058,658800,126676,532124,0,17,3862
2026-09-02T14:50:56Z,118118,645320,126676,518644,0,17,3878
2026-09-02T14:51:56Z,118178,648212,126676,521536,0,17,3861
2026-09-02T14:52:56Z,118238,651108,126676,524432,0,17,3871
2026-09-02T14:53:56Z,118298,654000,126676,527324,0,17,3871
2026-09-02T14:54:56Z,118358,656892,126676,530216,0,17,3884
2026-09-02T14:55:56Z,118418,659788,126676,533116,0,17,3893
2026-09-02T14:56:56Z,118478,662684,126676,536008,0,17,3883
2026-09-02T14:57:57Z,118539,665580,126676,538904,0,17,3851
2026-09-02T14:58:57Z,118599,668476,126676,541800,0,17,3844
2026-09-02T14:59:57Z,118659,654988,126676,528312,0,17,3848
2026-09-02T15:00:57Z,118719,657884,126676,531208,0,17,3860
2026-09-02T15:01:57Z,118779,644404,126676,517728,0,17,3838
2026-09-02T15:02:57Z,118839,647292,126676,520616,0,17,3866
2026-09-02T15:03:57Z,118899,650188,126676,523512,0,17,3840
2026-09-02T15:04:57Z,118959,653084,126676,526408,0,17,3877
2026-09-02T15:05:57Z,119019,655976,126676,529300,0,17,3888
2026-09-02T15:06:57Z,119079,658876,126676,532200,0,17,3862
2026-09-02T15:07:57Z,119139,661756,126676,535080,0,17,3839
2026-09-02T15:08:57Z,119199,664652,126676,537976,0,17,3839
2026-09-02T15:09:57Z,119259,667540,126676,540864,0,17,3822
2026-09-02T15:10:57Z,119319,654048,126676,527372,0,17,3882
2026-09-02T15:11:57Z,119379,656940,126676,530264,0,17,3832
2026-09-02T15:12:57Z,119439,643456,126676,516780,0,17,3829
2026-09-02T15:13:58Z,119500,646344,126676,519668,0,17,3831
2026-09-02T15:14:58Z,119560,649244,126676,522568,0,17,3836
2026-09-02T15:15:58Z,119620,652128,126676,525452,0,17,3855
2026-09-02T15:16:58Z,119680,655020,126676,528344,0,17,3843
2026-09-02T15:17:58Z,119740,657912,126676,531236,0,17,3820
2026-09-02T15:18:58Z,119800,660804,126676,534128,0,17,3830
2026-09-02T15:19:58Z,119860,663692,126676,537016,0,17,3831
2026-09-02T15:20:58Z,119920,666592,126676,539916,0,17,3846
2026-09-02T15:21:58Z,119980,669476,126676,542804,0,17,3815
2026-09-02T15:22:58Z,120040,655992,126676,529316,0,17,3797
2026-09-02T15:23:58Z,120100,658880,126676,532204,0,17,3857
2026-09-02T15:24:58Z,120160,645384,126676,518708,0,17,3854
2026-09-02T15:25:58Z,120220,648284,126676,521608,0,17,3861
2026-09-02T15:26:58Z,120280,651176,126676,524500,0,17,3845
2026-09-02T15:27:59Z,120341,654068,126676,527392,0,17,3832
2026-09-02T15:28:59Z,120401,656960,126676,530284,0,17,3833
2026-09-02T15:29:59Z,120461,659852,126676,533176,0,17,3837
2026-09-02T15:30:59Z,120521,662744,126676,536068,0,17,3854
2026-09-02T15:31:59Z,120581,665640,126676,538964,0,17,3822
2026-09-02T15:32:59Z,120641,668536,126676,541860,0,17,3817
2026-09-02T15:33:59Z,120701,655044,126676,528368,0,17,3852
2026-09-02T15:34:59Z,120761,657940,126676,531264,0,17,3869
2026-09-02T15:35:59Z,120821,644448,126676,517772,0,17,3867
2026-09-02T15:36:59Z,120881,647344,126676,520668,0,17,3874
2026-09-02T15:37:59Z,120941,650244,126676,523568,0,17,3839
2026-09-02T15:38:59Z,121001,653136,126676,526460,0,17,3831
2026-09-02T15:40:00Z,121062,656024,126676,529352,0,17,3825
2026-09-02T15:41:00Z,121122,658924,126676,532248,0,17,3836
2026-09-02T15:42:00Z,121182,661820,126676,535144,0,17,3832
2026-09-02T15:43:00Z,121242,664712,126676,538036,0,17,3837
2026-09-02T15:44:00Z,121302,667608,126676,540932,0,17,3832
2026-09-02T15:45:00Z,121362,670504,126676,543832,0,17,3851
2026-09-02T15:46:00Z,121422,657020,126676,530344,0,17,3876
2026-09-02T15:47:00Z,121482,643536,126676,516860,0,17,3839
2026-09-02T15:48:00Z,121542,646432,126676,519756,0,17,3845
2026-09-02T15:49:00Z,121602,649328,126676,522652,0,17,3823
2026-09-02T15:50:00Z,121662,652228,126676,525552,0,17,3817
2026-09-02T15:51:00Z,121722,655128,126676,528452,0,17,3852
2026-09-02T15:52:00Z,121782,658020,126676,531344,0,17,3823
2026-09-02T15:53:00Z,121842,660912,126676,534236,0,17,3810
2026-09-02T15:54:01Z,121903,663808,126676,537132,0,17,3823
2026-09-02T15:55:01Z,121963,666700,126676,540024,0,17,3858
2026-09-02T15:56:01Z,122023,669596,126676,542920,0,17,3867
2026-09-02T15:57:01Z,122083,656100,126676,529424,0,17,3872
2026-09-02T15:58:01Z,122143,642620,126676,515944,0,17,3841
2026-09-02T15:59:01Z,122203,645512,126676,518836,0,17,3820
2026-09-02T16:00:01Z,122263,648408,126676,521732,0,17,3819
2026-09-02T16:01:01Z,122323,651300,126676,524624,0,17,3853
2026-09-02T16:02:01Z,122383,654200,126676,527524,0,17,3845
2026-09-02T16:03:01Z,122443,657096,126676,530420,0,17,3832
2026-09-02T16:04:01Z,122503,659992,126676,533316,0,17,3845
2026-09-02T16:05:01Z,122563,662876,126676,536200,0,17,3853
2026-09-02T16:06:01Z,122623,665768,126676,539092,0,17,3849
2026-09-02T16:07:01Z,122683,668664,126676,541988,0,17,3824
2026-09-02T16:08:01Z,122743,655168,126676,528492,0,17,3828
2026-09-02T16:09:02Z,122804,658072,126676,531396,0,17,3818
2026-09-02T16:10:02Z,122864,644584,126676,517908,0,17,3821
2026-09-02T16:11:02Z,122924,647480,126676,520804,0,17,3839
2026-09-02T16:12:02Z,122984,650376,126676,523700,0,17,3810
2026-09-02T16:13:02Z,123044,653268,126676,526592,0,17,3806
2026-09-02T16:14:02Z,123104,656164,126676,529488,0,17,3828
2026-09-02T16:15:02Z,123164,659068,126676,532392,0,17,3863
2026-09-02T16:16:02Z,123224,661956,126676,535284,0,17,3846
2026-09-02T16:17:02Z,123284,664856,126676,538180,0,17,3839
2026-09-02T16:18:02Z,123344,667752,126676,541076,0,17,3836
2026-09-02T16:19:02Z,123404,670644,126676,543968,0,17,3829
2026-09-02T16:20:02Z,123464,657156,126676,530480,0,17,3819
2026-09-02T16:21:02Z,123524,643668,126676,516992,0,17,3858
2026-09-02T16:22:02Z,123584,646556,126676,519880,0,17,3815
2026-09-02T16:23:02Z,123644,649456,126676,522780,0,17,3808
2026-09-02T16:24:02Z,123704,652356,126676,525680,0,17,3808
2026-09-02T16:25:03Z,123765,655244,126676,528568,0,17,3818
2026-09-02T16:26:03Z,123825,658140,126676,531464,0,17,3838
2026-09-02T16:27:03Z,123885,661036,126676,534360,0,17,3819
2026-09-02T16:28:03Z,123945,663924,126676,537248,0,17,3797
2026-09-02T16:29:03Z,124005,666820,126676,540144,0,17,3799
2026-09-02T16:30:03Z,124065,669712,126676,543040,0,17,3791
2026-09-02T16:31:03Z,124125,656224,126676,529548,0,17,3850
2026-09-02T16:32:03Z,124185,642820,126764,516056,0,17,3802
2026-09-02T16:33:03Z,124245,645720,126764,518956,0,17,3807
2026-09-02T16:34:03Z,124305,648620,126764,521856,0,17,3797
2026-09-02T16:35:03Z,124365,651512,126764,524748,0,17,3834
2026-09-02T16:36:03Z,124425,654408,126764,527644,0,17,3854
2026-09-02T16:37:03Z,124485,657300,126764,530536,0,17,3844
2026-09-02T16:38:03Z,124545,660188,126764,533424,0,17,3821
2026-09-02T16:39:03Z,124605,663092,126764,536328,0,17,3817
2026-09-02T16:40:04Z,124666,665984,126764,539220,0,17,3825
2026-09-02T16:41:04Z,124726,668880,126764,542116,0,17,3842
2026-09-02T16:42:04Z,124786,671772,126764,545008,0,17,3794
2026-09-02T16:43:04Z,124846,641896,126764,515132,0,17,3794
2026-09-02T16:44:04Z,124906,644788,126764,518024,0,17,3817
2026-09-02T16:45:04Z,124966,647688,126764,520924,0,17,3839
2026-09-02T16:46:04Z,125026,650588,126764,523824,0,17,3853
2026-09-02T16:47:04Z,125086,653476,126764,526712,0,17,3833
2026-09-02T16:48:04Z,125146,656372,126764,529608,0,17,3819
2026-09-02T16:49:04Z,125206,659268,126764,532504,0,17,3804
2026-09-02T16:50:04Z,125266,662164,126764,535400,0,17,3813
2026-09-02T16:51:04Z,125326,665056,126764,538292,0,17,3831
2026-09-02T16:52:04Z,125386,667956,126764,541192,0,17,3817
2026-09-02T16:53:04Z,125446,670852,126764,544088,0,17,3791
2026-09-02T16:54:05Z,125507,657364,126764,530604,0,17,3789
2026-09-02T16:55:05Z,125567,643876,126764,517112,0,17,3832
2026-09-02T16:56:05Z,125627,646768,126764,520004,0,17,3838
2026-09-02T16:57:05Z,125687,649668,126764,522904,0,17,3827
2026-09-02T16:58:05Z,125747,652556,126764,525792,0,17,3820
2026-09-02T16:59:05Z,125807,655444,126764,528680,0,17,3827
2026-09-02T17:00:05Z,125867,658340,126764,531576,0,17,3815
2026-09-02T17:01:05Z,125927,661236,126764,534472,0,17,3850
2026-09-02T17:02:05Z,125987,664124,126764,537360,0,17,3824
2026-09-02T17:03:05Z,126047,667020,126764,540256,0,17,3812
2026-09-02T17:04:05Z,126107,669912,126764,543148,0,17,3797
2026-09-02T17:05:05Z,126167,656424,126764,529660,0,17,3825
2026-09-02T17:06:05Z,126227,642936,126764,516172,0,17,3849
2026-09-02T17:07:05Z,126287,645832,126764,519068,0,17,3822
2026-09-02T17:08:06Z,126348,648732,126764,521968,0,17,3804
2026-09-02T17:09:06Z,126408,651628,126764,524864,0,17,3804
2026-09-02T17:10:06Z,126468,654532,126764,527768,0,17,3806
2026-09-02T17:11:06Z,126528,657424,126764,530660,0,17,3839
2026-09-02T17:12:06Z,126588,660316,126764,533552,0,17,3818
2026-09-02T17:13:06Z,126648,663212,126764,536448,0,17,3806
2026-09-02T17:14:06Z,126708,666104,126764,539340,0,17,3829
2026-09-02T17:15:06Z,126768,669000,126764,542236,0,17,3841
2026-09-02T17:16:06Z,126828,671892,126764,545128,0,17,3854
2026-09-02T17:17:06Z,126888,642020,126764,515256,0,17,3823
2026-09-02T17:18:06Z,126948,644912,126764,518148,0,17,3825
2026-09-02T17:19:06Z,127008,647800,126764,521036,0,17,3817
2026-09-02T17:20:06Z,127068,650696,126764,523932,0,17,3811
2026-09-02T17:21:06Z,127128,653584,126764,526820,0,17,3816
2026-09-02T17:22:06Z,127188,656476,126764,529716,0,17,3799
2026-09-02T17:23:07Z,127249,659368,126764,532604,0,17,3815
2026-09-02T17:24:07Z,127309,662260,126764,535496,0,17,3797
2026-09-02T17:25:07Z,127369,665156,126764,538392,0,17,3803
2026-09-02T17:26:07Z,127429,668048,126764,541284,0,17,3841
2026-09-02T17:27:07Z,127489,670944,126764,544180,0,17,3831
2026-09-02T17:28:07Z,127549,641104,126800,514304,0,17,3801
2026-09-02T17:29:07Z,127609,644000,126800,517200,0,17,3799
2026-09-02T17:30:07Z,127669,646892,126800,520092,0,17,3817
2026-09-02T17:31:07Z,127729,649776,126800,522976,0,17,3829
2026-09-02T17:32:07Z,127789,652676,126800,525876,0,17,3807
2026-09-02T17:33:07Z,127849,655560,126800,528760,0,17,3806
2026-09-02T17:34:07Z,127909,658460,126800,531660,0,17,3795
2026-09-02T17:35:07Z,127969,661348,126800,534548,0,17,3807
2026-09-02T17:36:07Z,128029,664248,126800,537448,0,17,3820
2026-09-02T17:37:07Z,128089,667140,126800,540340,0,17,3823
2026-09-02T17:38:08Z,128150,670028,126800,543232,0,17,3809
2026-09-02T17:39:08Z,128210,672924,126800,546124,0,17,3811
2026-09-02T17:40:08Z,128270,643044,126800,516248,0,17,3822
2026-09-02T17:41:08Z,128330,645936,126800,519140,0,17,3814
2026-09-02T17:42:08Z,128390,648832,126800,522032,0,17,3796
2026-09-02T17:43:08Z,128450,651724,126800,524924,0,17,3803
2026-09-02T17:44:08Z,128510,654616,126800,527816,0,17,3801
2026-09-02T17:45:08Z,128570,657512,126800,530712,0,17,3836
2026-09-02T17:46:08Z,128630,660400,126800,533600,0,17,3850
2026-09-02T17:47:08Z,128690,663296,126800,536496,0,17,3820
2026-09-02T17:48:08Z,128750,666184,126800,539384,0,17,3802
2026-09-02T17:49:08Z,128810,669076,126800,542276,0,17,3789
2026-09-02T17:50:09Z,128871,671968,126800,545172,0,17,3826
2026-09-02T17:51:09Z,128931,642092,126800,515292,0,17,3856
2026-09-02T17:52:09Z,128991,644992,126800,518192,0,17,3817
2026-09-02T17:53:09Z,129051,647884,126800,521084,0,17,3807
2026-09-02T17:54:09Z,129111,650776,126800,523976,0,17,3807
2026-09-02T17:55:09Z,129171,653660,126800,526860,0,17,3802
2026-09-02T17:56:09Z,129231,656560,126800,529760,0,17,3847
2026-09-02T17:57:09Z,129291,659456,126800,532656,0,17,3850
2026-09-02T17:58:09Z,129351,662360,126800,535560,0,17,3818
2026-09-02T17:59:09Z,129411,665256,126800,538456,0,17,3793
2026-09-02T18:00:09Z,129471,668152,126800,541352,0,17,3818
2026-09-02T18:01:09Z,129531,671048,126800,544248,0,17,3820
2026-09-02T18:02:09Z,129591,641172,126800,514372,0,17,3806
2026-09-02T18:03:09Z,129651,644068,126800,517268,0,17,3810
2026-09-02T18:04:10Z,129712,646960,126800,520160,0,17,3828
2026-09-02T18:05:10Z,129772,649856,126800,523056,0,17,3836
2026-09-02T18:06:10Z,129832,652760,126800,525960,0,17,3832
2026-09-02T18:07:10Z,129892,655648,126800,528848,0,17,3812
2026-09-02T18:08:10Z,129952,658540,126800,531740,0,17,3796
2026-09-02T18:09:10Z,130012,661424,126800,534628,0,17,3831
2026-09-02T18:10:10Z,130072,664316,126800,537516,0,17,3831
2026-09-02T18:11:10Z,130132,667208,126800,540408,0,17,3834
2026-09-02T18:12:10Z,130192,670096,126800,543296,0,17,3808
2026-09-02T18:13:10Z,130252,656604,126800,529804,0,17,3797
2026-09-02T18:14:10Z,130312,643112,126800,516312,0,17,3821
2026-09-02T18:15:10Z,130372,646000,126800,519200,0,17,3829
2026-09-02T18:16:10Z,130432,648896,126800,522096,0,17,3850
2026-09-02T18:17:10Z,130492,651788,126800,524988,0,17,3801
2026-09-02T18:18:11Z,130553,654684,126800,527884,0,17,3787
2026-09-02T18:19:11Z,130613,657584,126800,530784,0,17,3790
2026-09-02T18:20:11Z,130673,660476,126800,533676,0,17,3830
2026-09-02T18:21:11Z,130733,663376,126800,536576,0,17,3829
2026-09-02T18:22:11Z,130793,666272,126800,539472,0,17,3809
2026-09-02T18:23:11Z,130853,669172,126800,542372,0,17,3804
2026-09-02T18:24:11Z,130913,672060,126800,545260,0,17,3808
2026-09-02T18:25:11Z,130973,642196,126800,515396,0,17,3751
2026-09-02T18:26:11Z,131033,645092,126800,518292,0,17,3808
2026-09-02T18:27:11Z,131093,647988,126800,521188,0,17,3791
2026-09-02T18:28:11Z,131153,650888,126800,524088,0,17,3793
2026-09-02T18:29:11Z,131213,653788,126800,526988,0,17,3804
2026-09-02T18:30:12Z,131274,656684,126800,529884,0,17,3825
2026-09-02T18:31:12Z,131334,659584,126800,532784,0,17,3811
2026-09-02T18:32:12Z,131394,662480,126800,535680,0,17,3795
2026-09-02T18:33:12Z,131454,665380,126800,538580,0,17,3796
2026-09-02T18:34:12Z,131514,668272,126800,541472,0,17,3810
2026-09-02T18:35:12Z,131574,671176,126800,544376,0,17,3804
2026-09-02T18:36:12Z,131634,657688,126800,530888,0,17,3837
2026-09-02T18:37:12Z,131694,644196,126800,517396,0,17,3794
2026-09-02T18:38:12Z,131754,647096,126800,520296,0,17,3792
2026-09-02T18:39:12Z,131814,649988,126800,523188,0,17,3767
2026-09-02T18:40:12Z,131874,652876,126800,526076,0,17,3814
2026-09-02T18:41:12Z,131934,655772,126800,528972,0,17,3808
2026-09-02T18:42:12Z,131994,658660,126800,531860,0,17,3785
2026-09-02T18:43:12Z,132054,661552,126800,534752,0,17,3775
2026-09-02T18:44:13Z,132115,664444,126800,537644,0,17,3816
2026-09-02T18:45:13Z,132175,667340,126800,540540,0,17,3809
2026-09-02T18:46:13Z,132235,670240,126800,543440,0,17,3816
2026-09-02T18:47:13Z,132295,656748,126800,529948,0,17,3807
2026-09-02T18:48:13Z,132355,643264,126800,516464,0,17,3781
2026-09-02T18:49:13Z,132415,646156,126800,519356,0,17,3797
2026-09-02T18:50:13Z,132475,649060,126800,522260,0,17,3815
2026-09-02T18:51:13Z,132535,651956,126800,525156,0,17,3825
2026-09-02T18:52:13Z,132595,654856,126800,528056,0,17,3783
2026-09-02T18:53:13Z,132655,657752,126800,530952,0,17,3798
2026-09-02T18:54:13Z,132715,660652,126800,533852,0,17,3823
2026-09-02T18:55:13Z,132775,663544,126800,536744,0,17,3839
2026-09-02T18:56:13Z,132835,666444,126800,539644,0,17,3841
2026-09-02T18:57:14Z,132896,669332,126800,542532,0,17,3820
2026-09-02T18:58:14Z,132956,672224,126800,545424,0,17,3801
2026-09-02T18:59:14Z,133016,642352,126800,515552,0,17,3795
2026-09-02T19:00:14Z,133076,645248,126800,518448,0,17,3822
2026-09-02T19:01:14Z,133136,648148,126800,521348,0,17,3829
2026-09-02T19:02:14Z,133196,651044,126800,524244,0,17,3793
2026-09-02T19:03:14Z,133256,653940,126800,527140,0,17,3799
2026-09-02T19:04:14Z,133316,656832,126800,530032,0,17,3820
2026-09-02T19:05:14Z,133376,659728,126800,532928,0,17,3817
2026-09-02T19:06:14Z,133436,662620,126800,535820,0,17,3828
2026-09-02T19:07:14Z,133496,665516,126800,538716,0,17,3814
2026-09-02T19:08:14Z,133556,668416,126800,541616,0,17,3786
2026-09-02T19:09:14Z,133616,671308,126800,544508,0,17,3787
2026-09-02T19:10:14Z,133676,657816,126800,531016,0,17,3850
2026-09-02T19:11:14Z,133736,644328,126800,517528,0,17,3817
2026-09-02T19:12:15Z,133797,647224,126800,520424,0,17,3789
2026-09-02T19:13:15Z,133857,650120,126800,523320,0,17,3801
2026-09-02T19:14:15Z,133917,653016,126800,526216,0,17,3822
2026-09-02T19:15:15Z,133977,655916,126800,529116,0,17,3806
2026-09-02T19:16:15Z,134037,658808,126800,532008,0,17,3812
2026-09-02T19:17:15Z,134097,661708,126800,534908,0,17,3797
2026-09-02T19:18:15Z,134157,664596,126800,537796,0,17,3815
2026-09-02T19:19:15Z,134217,667496,126800,540696,0,17,3804
2026-09-02T19:20:15Z,134277,670392,126800,543592,0,17,3819
2026-09-02T19:21:15Z,134337,656900,126800,530100,0,17,3801
2026-09-02T19:22:15Z,134397,643412,126800,516616,0,17,3794
2026-09-02T19:23:15Z,134457,646308,126800,519508,0,17,3794
2026-09-02T19:24:15Z,134517,649196,126800,522396,0,17,3820
2026-09-02T19:25:16Z,134578,652084,126800,525288,0,17,3803
2026-09-02T19:26:16Z,134638,654984,126800,528188,0,17,3790
2026-09-02T19:27:16Z,134698,657880,126800,531080,0,17,3797
2026-09-02T19:28:16Z,134758,660772,126800,533972,0,17,3784
2026-09-02T19:29:16Z,134818,663668,126800,536868,0,17,3778
2026-09-02T19:30:16Z,134878,666564,126800,539764,0,17,3828
2026-09-02T19:31:16Z,134938,669456,126800,542656,0,17,3809
2026-09-02T19:32:16Z,134998,655972,126800,529176,0,17,3788
2026-09-02T19:33:16Z,135058,658868,126800,532068,0,17,3774
2026-09-02T19:34:16Z,135118,645380,126800,518580,0,17,3801
2026-09-02T19:35:16Z,135178,648280,126800,521480,0,17,3836
2026-09-02T19:36:16Z,135238,651176,126800,524376,0,17,3810
2026-09-02T19:37:16Z,135298,654076,126800,527276,0,17,3799
2026-09-02T19:38:16Z,135358,656972,126800,530172,0,17,3776
2026-09-02T19:39:17Z,135419,659860,126800,533060,0,17,3783
2026-09-02T19:40:17Z,135479,662756,126800,535960,0,17,3790
2026-09-02T19:41:17Z,135539,665652,126800,538852,0,17,3804
2026-09-02T19:42:17Z,135599,668544,126800,541744,0,17,3792
2026-09-02T19:43:17Z,135659,671436,126800,544636,0,17,3791
2026-09-02T19:44:17Z,135719,657948,126800,531148,0,17,3802
2026-09-02T19:45:17Z,135779,644464,126800,517668,0,17,3823
2026-09-02T19:46:17Z,135839,647360,126800,520560,0,17,3791
2026-09-02T19:47:17Z,135899,650252,126800,523452,0,17,3798
2026-09-02T19:48:17Z,135959,653144,126800,526344,0,17,3784
2026-09-02T19:49:17Z,136019,656040,126800,529240,0,17,3770
2026-09-02T19:50:17Z,136079,658932,126800,532132,0,17,3829
2026-09-02T19:51:17Z,136139,661828,126800,535028,0,17,3799
2026-09-02T19:52:17Z,136199,664724,126800,537924,0,17,3787
2026-09-02T19:53:17Z,136259,667620,126800,540820,0,17,3794
2026-09-02T19:54:18Z,136320,670512,126800,543712,0,17,3816
2026-09-02T19:55:18Z,136380,657020,126800,530224,0,17,3805
2026-09-02T19:56:18Z,136440,659916,126800,533120,0,17,3818
2026-09-02T19:57:18Z,136500,646432,126800,519632,0,17,3822
2026-09-02T19:58:18Z,136560,649328,126800,522528,0,17,3799
2026-09-02T19:59:18Z,136620,652224,126800,525424,0,17,3797
2026-09-02T20:00:18Z,136680,655116,126800,528316,0,17,3833
2026-09-02T20:01:18Z,136740,658016,126800,531216,0,17,3796
2026-09-02T20:02:18Z,136800,660912,126800,534112,0,17,3802
2026-09-02T20:03:18Z,136860,663812,126800,537012,0,17,3802
2026-09-02T20:04:18Z,136920,666708,126800,539908,0,17,3811
2026-09-02T20:05:18Z,136980,669596,126800,542796,0,17,3824
2026-09-02T20:06:18Z,137040,656136,126824,529312,0,17,3812
2026-09-02T20:07:18Z,137100,659028,126824,532204,0,17,3791
2026-09-02T20:08:19Z,137161,645532,126824,518708,0,17,3787
2026-09-02T20:09:19Z,137221,648424,126824,521604,0,17,3818
2026-09-02T20:10:19Z,137281,651324,126824,524500,0,17,3831
2026-09-02T20:11:19Z,137341,654220,126824,527400,0,17,3807
2026-09-02T20:12:19Z,137401,657108,126824,530284,0,17,3796
2026-09-02T20:13:19Z,137461,660000,126824,533176,0,17,3786
2026-09-02T20:14:19Z,137521,662892,126824,536068,0,17,3805
2026-09-02T20:15:19Z,137581,665780,126824,538956,0,17,3828
2026-09-02T20:16:19Z,137641,668676,126824,541852,0,17,3812
2026-09-02T20:17:19Z,137701,655176,126824,528356,0,17,3780
2026-09-02T20:18:19Z,137761,658072,126824,531248,0,17,3794
2026-09-02T20:19:19Z,137821,644580,126824,517760,0,17,3770
2026-09-02T20:20:19Z,137881,647480,126824,520656,0,17,3821
2026-09-02T20:21:20Z,137942,650372,126824,523548,0,17,3806
2026-09-02T20:22:20Z,138002,653272,126824,526448,0,17,3784
2026-09-02T20:23:20Z,138062,656164,126824,529340,0,17,3787
2026-09-02T20:24:20Z,138122,659052,126824,532228,0,17,3807
2026-09-02T20:25:20Z,138182,661948,126824,535124,0,17,3802
2026-09-02T20:26:20Z,138242,664840,126824,538016,0,17,3768
2026-09-02T20:27:20Z,138302,667736,126824,540912,0,17,3776
2026-09-02T20:28:20Z,138362,670632,126824,543808,0,17,3763
2026-09-02T20:29:20Z,138422,657140,126824,530316,0,17,3769
2026-09-02T20:30:20Z,138482,660032,126824,533208,0,17,3797
2026-09-02T20:31:20Z,138542,646548,126824,519724,0,17,3789
2026-09-02T20:32:20Z,138602,649436,126824,522612,0,17,3766
2026-09-02T20:33:20Z,138662,652328,126824,525504,0,17,3776
2026-09-02T20:34:21Z,138723,655220,126824,528396,0,17,3780
2026-09-02T20:35:21Z,138783,658120,126824,531296,0,17,3798
2026-09-02T20:36:21Z,138843,661012,126824,534188,0,17,3764
2026-09-02T20:37:21Z,138903,663908,126824,537084,0,17,3763
2026-09-02T20:38:21Z,138963,666796,126824,539972,0,17,3775
2026-09-02T20:39:21Z,139023,669692,126824,542868,0,17,3762
2026-09-02T20:40:21Z,139083,656200,126824,529376,0,17,3784
2026-09-02T20:41:21Z,139143,659096,126824,532272,0,17,3782
2026-09-02T20:42:21Z,139203,645608,126824,518788,0,17,3768
2026-09-02T20:43:21Z,139263,648504,126824,521680,0,17,3767
2026-09-02T20:44:21Z,139323,651396,126824,524572,0,17,3775
2026-09-02T20:45:21Z,139383,654292,126824,527468,0,17,3793
2026-09-02T20:46:21Z,139443,657188,126824,530364,0,17,3810
2026-09-02T20:47:21Z,139503,660080,126824,533256,0,17,3767
2026-09-02T20:48:22Z,139564,662972,126824,536148,0,17,3770
2026-09-02T20:49:22Z,139624,665860,126824,539036,0,17,3770
2026-09-02T20:50:22Z,139684,668756,126824,541932,0,17,3803
2026-09-02T20:51:22Z,139744,655272,126824,528448,0,17,3808
2026-09-02T20:52:22Z,139804,658160,126824,531336,0,17,3757
2026-09-02T20:53:22Z,139864,644668,126824,517844,0,17,3747
2026-09-02T20:54:22Z,139924,647556,126824,520732,0,17,3787
2026-09-02T20:55:22Z,139984,650452,126824,523628,0,17,3801
2026-09-02T20:56:22Z,140044,653344,126824,526524,0,17,3778
2026-09-02T20:57:22Z,140104,656236,126824,529412,0,17,3760
2026-09-02T20:58:22Z,140164,659128,126824,532304,0,17,3768
2026-09-02T20:59:22Z,140224,662020,126824,535196,0,17,3762
2026-09-02T21:00:22Z,140284,664916,126824,538092,0,17,3777
2026-09-02T21:01:23Z,140345,667808,126824,540984,0,17,3761
2026-09-02T21:02:23Z,140405,654316,126824,527496,0,17,3784
2026-09-02T21:03:23Z,140465,657208,126824,530384,0,17,3785
2026-09-02T21:04:23Z,140525,660104,126824,533280,0,17,3818
2026-09-02T21:05:23Z,140585,646612,126824,519788,0,17,3791
2026-09-02T21:06:23Z,140645,649508,126824,522684,0,17,3797
2026-09-02T21:07:23Z,140705,652400,126824,525576,0,17,3760
2026-09-02T21:08:23Z,140765,655296,126824,528472,0,17,3751
2026-09-02T21:09:23Z,140825,658188,126824,531364,0,17,3769
2026-09-02T21:10:23Z,140885,661084,126824,534260,0,17,3810
2026-09-02T21:11:23Z,140945,663980,126824,537156,0,17,3820
2026-09-02T21:12:23Z,141005,666876,126824,540052,0,17,3755
2026-09-02T21:13:23Z,141065,653384,126824,526564,0,17,3765
2026-09-02T21:14:24Z,141126,656284,126824,529460,0,17,3789
2026-09-02T21:15:24Z,141186,659180,126824,532356,0,17,3788
2026-09-02T21:16:24Z,141246,645692,126824,518868,0,17,3803
2026-09-02T21:17:24Z,141306,648584,126824,521760,0,17,3769
2026-09-02T21:18:24Z,141366,651464,126824,524640,0,17,3765
2026-09-02T21:19:24Z,141426,654356,126824,527532,0,17,3762
2026-09-02T21:20:24Z,141486,657244,126824,530420,0,17,3779
2026-09-02T21:21:24Z,141546,660140,126824,533316,0,17,3779
2026-09-02T21:22:24Z,141606,663032,126824,536208,0,17,3758
2026-09-02T21:23:24Z,141666,665932,126824,539108,0,17,3748
2026-09-02T21:24:24Z,141726,652436,126824,525612,0,17,3791
2026-09-02T21:25:24Z,141786,655328,126824,528504,0,17,3773
2026-09-02T21:26:25Z,141847,658220,126824,531396,0,17,3778
2026-09-02T21:27:25Z,141907,644728,126824,517904,0,17,3748
2026-09-02T21:28:25Z,141967,647624,126824,520800,0,17,3730
2026-09-02T21:29:25Z,142027,650520,126824,523696,0,17,3753
2026-09-02T21:30:25Z,142087,653412,126824,526588,0,17,3791
2026-09-02T21:31:25Z,142147,656304,126824,529484,0,17,3796
2026-09-02T21:32:25Z,142207,659200,126824,532376,0,17,3765
2026-09-02T21:33:25Z,142267,662096,126824,535272,0,17,3756
2026-09-02T21:34:25Z,142327,664980,126824,538156,0,17,3799
2026-09-02T21:35:25Z,142387,667876,126824,541052,0,17,3802
2026-09-02T21:36:25Z,142447,654384,126824,527560,0,17,3778
2026-09-02T21:37:25Z,142507,657280,126824,530456,0,17,3765
2026-09-02T21:38:25Z,142567,660176,126824,533352,0,17,3730
2026-09-02T21:39:26Z,142628,646684,126824,519864,0,17,3769
2026-09-02T21:40:26Z,142688,649572,126824,522748,0,17,3768
2026-09-02T21:41:26Z,142748,652468,126824,525644,0,17,3780
2026-09-02T21:42:26Z,142808,655360,126824,528536,0,17,3761
2026-09-02T21:43:26Z,142868,658252,126824,531428,0,17,3760
2026-09-02T21:44:26Z,142928,661140,126824,534316,0,17,3758
2026-09-02T21:45:26Z,142988,664032,126824,537212,0,17,3764
2026-09-02T21:46:26Z,143048,666928,126824,540104,0,17,3780
2026-09-02T21:47:26Z,143108,653440,126824,526616,0,17,3743
2026-09-02T21:48:26Z,143168,656328,126824,529504,0,17,3730
2026-09-02T21:49:26Z,143228,659220,126824,532396,0,17,3756
2026-09-02T21:50:26Z,143288,645728,126824,518904,0,17,3772
2026-09-02T21:51:26Z,143348,648612,126824,521788,0,17,3770
2026-09-02T21:52:26Z,143408,651504,126824,524680,0,17,3755
2026-09-02T21:53:26Z,143468,654400,126824,527576,0,17,3730
2026-09-02T21:54:27Z,143529,657292,126824,530468,0,17,3775
2026-09-02T21:55:27Z,143589,660180,126824,533356,0,17,3794
2026-09-02T21:56:27Z,143649,663064,126824,536240,0,17,3779
2026-09-02T21:57:27Z,143709,665952,126824,539128,0,17,3744
2026-09-02T21:58:27Z,143769,652452,126824,525628,0,17,3721
2026-09-02T21:59:27Z,143829,655344,126824,528520,0,17,3743
2026-09-02T22:00:27Z,143889,658232,126824,531408,0,17,3787
2026-09-02T22:01:27Z,143949,661124,126824,534304,0,17,3781
2026-09-02T22:02:27Z,144009,647640,126824,520816,0,17,3741
2026-09-02T22:03:27Z,144069,650528,126824,523704,0,17,3749
2026-09-02T22:04:27Z,144129,653420,126824,526596,0,17,3760
2026-09-02T22:05:27Z,144189,656308,126824,529484,0,17,3767
2026-09-02T22:06:27Z,144249,659200,126824,532376,0,17,3777
2026-09-02T22:07:27Z,144309,662092,126824,535268,0,17,3734
2026-09-02T22:08:27Z,144369,664984,126824,538160,0,17,3740
2026-09-02T22:09:28Z,144430,667876,126824,541056,0,17,3742
2026-09-02T22:10:28Z,144490,654400,126824,527576,0,17,3774
2026-09-02T22:11:28Z,144550,657284,126824,530460,0,17,3757
2026-09-02T22:12:28Z,144610,660172,126824,533352,0,17,3774
2026-09-02T22:13:28Z,144670,646676,126824,519852,0,17,3745
2026-09-02T22:14:28Z,144730,649560,126824,522736,0,17,3778
2026-09-02T22:15:28Z,144790,652452,126824,525628,0,17,3788
2026-09-02T22:16:28Z,144850,655340,126824,528516,0,17,3790
2026-09-02T22:17:28Z,144910,658232,126824,531408,0,17,3744
2026-09-02T22:18:28Z,144970,661120,126824,534296,0,17,3733
2026-09-02T22:19:28Z,145030,664012,126824,537188,0,17,3735
2026-09-02T22:20:28Z,145090,666904,126824,540080,0,17,3777
2026-09-02T22:21:28Z,145150,653412,126824,526588,0,17,3764
2026-09-02T22:22:28Z,145211,656300,126824,529476,0,17,3753
2026-09-02T22:23:29Z,145271,659188,126824,532364,0,17,3741
2026-09-02T22:24:29Z,145331,645704,126824,518880,0,17,3776
2026-09-02T22:25:29Z,145391,648596,126824,521772,0,17,3778
2026-09-02T22:26:29Z,145451,651488,126824,524664,0,17,3781
2026-09-02T22:27:29Z,145511,654388,126824,527564,0,17,3729
2026-09-02T22:28:29Z,145571,657280,126824,530456,0,17,3718
2026-09-02T22:29:29Z,145631,660172,126824,533348,0,17,3717
2026-09-02T22:30:29Z,145691,663068,126824,536244,0,17,3771
2026-09-02T22:31:29Z,145751,665960,126824,539136,0,17,3771
2026-09-02T22:32:29Z,145811,652472,126824,525648,0,17,3756
2026-09-02T22:33:29Z,145871,655368,126824,528548,0,17,3751
2026-09-02T22:34:29Z,145931,658252,126824,531428,0,17,3768
2026-09-02T22:35:29Z,145991,661144,126824,534320,0,17,3764
2026-09-02T22:36:30Z,146052,647652,126824,520828,0,17,3766
2026-09-02T22:37:30Z,146112,650544,126824,523720,0,17,3739
2026-09-02T22:38:30Z,146172,653436,126824,526612,0,17,3738
2026-09-02T22:39:30Z,146232,656324,126824,529500,0,17,3729
2026-09-02T22:40:30Z,146292,659212,126824,532388,0,17,3745
2026-09-02T22:41:30Z,146352,662104,126824,535280,0,17,3741
2026-09-02T22:42:30Z,146412,664996,126824,538172,0,17,3748
2026-09-02T22:43:30Z,146472,651504,126824,524680,0,17,3753
2026-09-02T22:44:30Z,146532,654400,126824,527576,0,17,3763
2026-09-02T22:45:30Z,146592,657288,126824,530464,0,17,3769
2026-09-02T22:46:30Z,146652,660176,126824,533356,0,17,3770
2026-09-02T22:47:30Z,146712,646688,126824,519864,0,17,3710
2026-09-02T22:48:30Z,146772,649572,126824,522748,0,17,3729
2026-09-02T22:49:30Z,146832,652460,126824,525636,0,17,3721
2026-09-02T22:50:31Z,146893,655344,126824,528520,0,17,3756
2026-09-02T22:51:31Z,146953,658232,126824,531408,0,17,3769
2026-09-02T22:52:31Z,147013,661116,126824,534292,0,17,3742
2026-09-02T22:53:31Z,147073,664004,126824,537184,0,17,3721
2026-09-02T22:54:31Z,147133,666896,126824,540072,0,17,3747
2026-09-02T22:55:31Z,147193,653400,126824,526576,0,17,3753
2026-09-02T22:56:31Z,147253,656292,126824,529468,0,17,3775
2026-09-02T22:57:31Z,147313,659180,126824,532356,0,17,3739
2026-09-02T22:58:31Z,147373,662060,126824,535236,0,17,3734
2026-09-02T22:59:31Z,147433,648564,126824,521740,0,17,3717
2026-09-02T23:00:31Z,147493,651460,126824,524636,0,17,3766
2026-09-02T23:01:31Z,147553,654348,126824,527524,0,17,3768
2026-09-02T23:02:31Z,147613,657236,126824,530412,0,17,3727
2026-09-02T23:03:32Z,147674,660128,126824,533304,0,17,3741
2026-09-02T23:04:32Z,147734,663012,126824,536188,0,17,3759
2026-09-02T23:05:32Z,147794,665904,126824,539080,0,17,3767
2026-09-02T23:06:32Z,147854,652420,126832,525588,0,17,3755
2026-09-02T23:07:32Z,147914,655312,126832,528484,0,17,3740
2026-09-02T23:08:32Z,147974,658204,126832,531372,0,17,3724
2026-09-02T23:09:32Z,148034,661088,126832,534256,0,17,3725
2026-09-02T23:10:32Z,148094,647592,126832,520760,0,17,3761
2026-09-02T23:11:32Z,148154,650480,126832,523648,0,17,3772
2026-09-02T23:12:32Z,148214,653364,126832,526536,0,17,3737
2026-09-02T23:13:32Z,148274,656252,126832,529420,0,17,3725
2026-09-02T23:14:32Z,148334,659140,126832,532308,0,17,3757
2026-09-02T23:15:32Z,148394,662036,126832,535204,0,17,3771
2026-09-02T23:16:32Z,148454,664924,126832,538092,0,17,3770
2026-09-02T23:17:33Z,148515,651428,126832,524596,0,17,3740
2026-09-02T23:18:33Z,148575,654316,126832,527484,0,17,3709
2026-09-02T23:19:33Z,148635,657196,126832,530364,0,17,3703
2026-09-02T23:20:33Z,148695,660092,126832,533260,0,17,3766
2026-09-02T23:21:33Z,148755,662984,126832,536152,0,17,3778
2026-09-02T23:22:33Z,148815,649484,126832,522652,0,17,3731
2026-09-02T23:23:33Z,148875,652372,126832,525540,0,17,3726
2026-09-02T23:24:33Z,148935,655256,126832,528424,0,17,3745
2026-09-02T23:25:33Z,148995,658144,126832,531312,0,17,3746
2026-09-02T23:26:33Z,149055,661032,126832,534200,0,17,3730
2026-09-02T23:27:33Z,149115,663916,126832,537084,0,17,3719
2026-09-02T23:28:33Z,149175,650416,126832,523584,0,17,3719
2026-09-02T23:29:34Z,149236,653300,126832,526468,0,17,3728
2026-09-02T23:30:34Z,149296,656184,126832,529352,0,17,3741
2026-09-02T23:31:34Z,149356,659072,126832,532240,0,17,3736
2026-09-02T23:32:34Z,149416,661964,126832,535132,0,17,3721
2026-09-02T23:33:34Z,149476,648468,126832,521636,0,17,3721
2026-09-02T23:34:34Z,149536,651348,126832,524516,0,17,3758
2026-09-02T23:35:34Z,149596,654240,126832,527408,0,17,3752
2026-09-02T23:36:34Z,149656,657116,126832,530284,0,17,3747
2026-09-02T23:37:34Z,149716,660004,126832,533172,0,17,3735
2026-09-02T23:38:34Z,149776,662896,126832,536064,0,17,3716
2026-09-02T23:39:34Z,149836,665776,126832,538944,0,17,3732
2026-09-02T23:40:34Z,149896,652280,126832,525448,0,17,3757
2026-09-02T23:41:34Z,149956,655168,126832,528336,0,17,3746
2026-09-02T23:42:34Z,150016,658056,126832,531224,0,17,3728
2026-09-02T23:43:35Z,150077,660944,126832,534112,0,17,3723
2026-09-02T23:44:35Z,150137,647448,126832,520616,0,17,3751
2026-09-02T23:45:35Z,150197,650340,126832,523508,0,17,3772
2026-09-02T23:46:35Z,150257,653232,126832,526400,0,17,3743
2026-09-02T23:47:35Z,150317,656120,126832,529288,0,17,3736
2026-09-02T23:48:35Z,150377,659008,126832,532176,0,17,3733
2026-09-02T23:49:35Z,150437,661900,126832,535068,0,17,3722
2026-09-02T23:50:35Z,150497,664788,126832,537956,0,17,3735
2026-09-02T23:51:35Z,150557,651296,126832,524464,0,17,3724
2026-09-02T23:52:35Z,150617,654188,126832,527360,0,17,3751
2026-09-02T23:53:35Z,150677,657076,126832,530244,0,17,3703
2026-09-02T23:54:35Z,150737,659964,126832,533132,0,17,3752
2026-09-02T23:55:35Z,150797,662848,126832,536016,0,17,3742
2026-09-02T23:56:36Z,150858,649356,126832,522524,0,17,3749
2026-09-02T23:57:36Z,150918,652240,126832,525408,0,17,3748
2026-09-02T23:58:36Z,150978,655132,126832,528300,0,17,3727
2026-09-02T23:59:36Z,151038,658016,126832,531184,0,17,3738
2026-09-03T00:00:36Z,151098,660908,126832,534076,0,17,3763
2026-09-03T00:01:36Z,151158,663796,126832,536964,0,17,3749
2026-09-03T00:02:36Z,151218,650300,126832,523468,0,17,3721
2026-09-03T00:03:36Z,151278,653192,126832,526360,0,17,3723
2026-09-03T00:04:36Z,151338,656080,126832,529248,0,17,3764
2026-09-03T00:05:36Z,151398,658972,126832,532140,0,17,3764
2026-09-03T00:06:36Z,151458,661860,126832,535028,0,17,3751
2026-09-03T00:07:36Z,151518,648364,126832,521536,0,17,3728
2026-09-03T00:08:36Z,151578,651252,126832,524420,0,17,3723
2026-09-03T00:09:36Z,151638,654144,126832,527312,0,17,3731
2026-09-03T00:10:37Z,151699,657032,126832,530200,0,17,3724
2026-09-03T00:11:37Z,151759,659920,126832,533088,0,17,3712
2026-09-03T00:12:37Z,151819,662808,126832,535976,0,17,3714
2026-09-03T00:13:37Z,151879,665696,126832,538864,0,17,3724
2026-09-03T00:14:37Z,151939,652200,126832,525368,0,17,3763
2026-09-03T00:15:37Z,151999,655092,126832,528260,0,17,3753
2026-09-03T00:16:37Z,152059,657980,126832,531152,0,17,3747
2026-09-03T00:17:37Z,152119,660868,126832,534036,0,17,3725
2026-09-03T00:18:37Z,152179,663756,126832,536924,0,17,3724
2026-09-03T00:19:37Z,152239,650268,126832,523436,0,17,3720
2026-09-03T00:20:37Z,152299,653156,126832,526324,0,17,3763
2026-09-03T00:21:37Z,152359,656052,126832,529220,0,17,3763
2026-09-03T00:22:37Z,152419,658944,126832,532112,0,17,3731
2026-09-03T00:23:38Z,152480,661836,126832,535004,0,17,3743
2026-09-03T00:24:38Z,152540,664720,126832,537888,0,17,3768
2026-09-03T00:25:38Z,152600,651228,126832,524396,0,17,3775
2026-09-03T00:26:38Z,152660,654124,126832,527292,0,17,3763
2026-09-03T00:27:38Z,152720,657004,126832,530172,0,17,3760
2026-09-03T00:28:38Z,152780,659900,126832,533068,0,17,3740
2026-09-03T00:29:38Z,152840,662780,126832,535948,0,17,3720
2026-09-03T00:30:38Z,152900,649288,126832,522456,0,17,3756
2026-09-03T00:31:38Z,152960,652180,126832,525348,0,17,3728
2026-09-03T00:32:38Z,153020,655064,126832,528232,0,17,3731
2026-09-03T00:33:38Z,153080,657956,126832,531124,0,17,3736
2026-09-03T00:34:39Z,153141,660840,126832,534008,0,17,3764
2026-09-03T00:35:39Z,153201,663728,126832,536900,0,17,3756
2026-09-03T00:36:39Z,153261,650236,126832,523404,0,17,3755
2026-09-03T00:37:39Z,153321,653124,126832,526296,0,17,3750
2026-09-03T00:38:39Z,153381,656016,126832,529184,0,17,3731
2026-09-03T00:39:39Z,153441,658904,126832,532072,0,17,3728
2026-09-03T00:40:39Z,153501,661792,126832,534960,0,17,3747
2026-09-03T00:41:39Z,153561,664676,126832,537844,0,17,3752
2026-09-03T00:42:39Z,153621,651180,126832,524348,0,17,3749
2026-09-03T00:43:39Z,153681,654072,126832,527240,0,17,3731
2026-09-03T00:44:39Z,153741,656964,126832,530132,0,17,3770
2026-09-03T00:45:40Z,153802,659848,126832,533016,0,17,3729
2026-09-03T00:46:40Z,153862,662736,126832,535908,0,17,3753
2026-09-03T00:47:40Z,153922,649248,126832,522416,0,17,3737
2026-09-03T00:48:40Z,153982,652132,126832,525300,0,17,3727
2026-09-03T00:49:40Z,154042,655016,126832,528184,0,17,3724
2026-09-03T00:50:40Z,154102,657908,126832,531076,0,17,3744
2026-09-03T00:51:40Z,154162,660792,126832,533960,0,17,3731
2026-09-03T00:52:40Z,154222,663676,126832,536844,0,17,3741
2026-09-03T00:53:40Z,154282,650192,126832,523360,0,17,3730
2026-09-03T00:54:40Z,154342,653084,126832,526252,0,17,3752
2026-09-03T00:55:40Z,154402,655972,126832,529140,0,17,3733
2026-09-03T00:56:40Z,154462,658856,126832,532024,0,17,3760
2026-09-03T00:57:40Z,154522,661744,126832,534912,0,17,3730
2026-09-03T00:58:40Z,154582,664632,126832,537800,0,17,3732
2026-09-03T00:59:41Z,154643,651144,126832,524312,0,17,3719
2026-09-03T01:00:41Z,154703,654032,126832,527200,0,17,3746
2026-09-03T01:01:41Z,154763,656912,126832,530084,0,17,3729
2026-09-03T01:02:41Z,154823,659808,126832,532976,0,17,3730
2026-09-03T01:03:41Z,154883,662692,126832,535860,0,17,3729
2026-09-03T01:04:41Z,154943,649204,126832,522372,0,17,3767
2026-09-03T01:05:41Z,155003,652088,126832,525256,0,17,3761
2026-09-03T01:06:41Z,155063,654980,126832,528148,0,17,3737
2026-09-03T01:07:41Z,155123,657868,126832,531036,0,17,3732
2026-09-03T01:08:41Z,155183,660756,126832,533924,0,17,3728
2026-09-03T01:09:41Z,155243,663644,126832,536812,0,17,3712
2026-09-03T01:10:41Z,155303,650148,126832,523316,0,17,3719
2026-09-03T01:11:42Z,155364,653040,126832,526208,0,17,3691
2026-09-03T01:12:42Z,155424,655928,126832,529096,0,17,3707
2026-09-03T01:13:42Z,155484,658820,126832,531988,0,17,3736
2026-09-03T01:14:42Z,155544,661704,126832,534872,0,17,3765
2026-09-03T01:15:42Z,155604,664592,126832,537760,0,17,3760
2026-09-03T01:16:42Z,155664,651100,126832,524268,0,17,3736
2026-09-03T01:17:42Z,155724,653988,126832,527156,0,17,3762
2026-09-03T01:18:42Z,155784,656876,126832,530044,0,17,3721
2026-09-03T01:19:42Z,155844,659764,126832,532932,0,17,3738
2026-09-03T01:20:42Z,155904,662648,126832,535816,0,17,3753
2026-09-03T01:21:42Z,155964,649152,126832,522320,0,17,3714
2026-09-03T01:22:42Z,156024,652048,126832,525216,0,17,3732
2026-09-03T01:23:43Z,156085,654936,126832,528108,0,17,3712
2026-09-03T01:24:43Z,156145,657824,126832,530996,0,17,3756
2026-09-03T01:25:43Z,156205,660716,126832,533884,0,17,3745
2026-09-03T01:26:43Z,156265,663604,126832,536772,0,17,3733
2026-09-03T01:27:43Z,156325,650116,126832,523284,0,17,3739
2026-09-03T01:28:43Z,156385,653000,126832,526172,0,17,3703
2026-09-03T01:29:43Z,156445,655888,126832,529056,0,17,3728
2026-09-03T01:30:43Z,156505,658780,126832,531948,0,17,3748
2026-09-03T01:31:43Z,156565,661676,126832,534844,0,17,3724
2026-09-03T01:32:43Z,156625,664572,126832,537740,0,17,3734
2026-09-03T01:33:43Z,156685,651080,126832,524248,0,17,3726
2026-09-03T01:34:43Z,156746,653972,126832,527140,0,17,3749
2026-09-03T01:35:44Z,156806,656864,126832,530032,0,17,3752
2026-09-03T01:36:44Z,156866,659748,126832,532916,0,17,3734
2026-09-03T01:37:44Z,156926,662636,126832,535804,0,17,3715
2026-09-03T01:38:44Z,156986,665520,126832,538688,0,17,3749
2026-09-03T01:39:44Z,157046,652024,126832,525192,0,17,3741
2026-09-03T01:40:44Z,157106,654916,126832,528084,0,17,3748
2026-09-03T01:41:44Z,157166,657808,126832,530976,0,17,3731
2026-09-03T01:42:44Z,157226,660696,126832,533864,0,17,3736
2026-09-03T01:43:44Z,157286,663588,126832,536756,0,17,3729
2026-09-03T01:44:44Z,157346,650092,126832,523260,0,17,3748
2026-09-03T01:45:44Z,157406,652980,126832,526148,0,17,3747
2026-09-03T01:46:45Z,157467,655868,126832,529036,0,17,3747
2026-09-03T01:47:45Z,157527,658752,126832,531920,0,17,3567
2026-09-03T01:48:45Z,157587,661640,126832,534808,0,17,3725
2026-09-03T01:49:45Z,157647,664528,126832,537700,0,17,3723
2026-09-03T01:50:45Z,157707,651040,126832,524208,0,17,3744
2026-09-03T01:51:45Z,157767,653928,126832,527096,0,17,3742
2026-09-03T01:52:45Z,157827,656820,126832,529988,0,17,3731
2026-09-03T01:53:45Z,157887,659704,126832,532872,0,17,3730
2026-09-03T01:54:45Z,157947,662592,126832,535760,0,17,3759
2026-09-03T01:55:45Z,158007,649104,126832,522272,0,17,3758
2026-09-03T01:56:45Z,158067,651996,126832,525164,0,17,3738
2026-09-03T01:57:45Z,158127,654884,126832,528052,0,17,3720
2026-09-03T01:58:45Z,158187,657772,126832,530940,0,17,3687
2026-09-03T01:59:46Z,158248,660660,126832,533828,0,17,3711
2026-09-03T02:00:46Z,158308,663552,126832,536720,0,17,3757
2026-09-03T02:01:46Z,158368,666444,126832,539612,0,17,3723
2026-09-03T02:02:46Z,158428,652956,126832,526124,0,17,3719
2026-09-03T02:03:46Z,158488,655840,126832,529008,0,17,3716
2026-09-03T02:04:46Z,158548,658732,126832,531900,0,17,3755
2026-09-03T02:05:46Z,158608,661616,126832,534784,0,17,3773
2026-09-03T02:06:46Z,158668,648120,126832,521288,0,17,3740
2026-09-03T02:07:46Z,158728,651012,126832,524180,0,17,3718
2026-09-03T02:08:46Z,158788,653904,126832,527072,0,17,3714
2026-09-03T02:09:46Z,158848,656796,126832,529964,0,17,3719
2026-09-03T02:10:46Z,158908,659684,126832,532852,0,17,3749
2026-09-03T02:11:46Z,158968,662576,126832,535744,0,17,3732
2026-09-03T02:12:46Z,159028,665464,126832,538636,0,17,3721
2026-09-03T02:13:47Z,159089,651972,126832,525140,0,17,3702
2026-09-03T02:14:47Z,159149,654860,126832,528028,0,17,3758
2026-09-03T02:15:47Z,159209,657752,126832,530920,0,17,3755
2026-09-03T02:16:47Z,159269,660644,126832,533812,0,17,3755
2026-09-03T02:17:47Z,159329,663528,126832,536696,0,17,3738
2026-09-03T02:18:47Z,159389,650028,126832,523200,0,17,3730
2026-09-03T02:19:47Z,159449,652920,126832,526088,0,17,3747
2026-09-03T02:20:47Z,159509,655812,126832,528980,0,17,3773
2026-09-03T02:21:47Z,159569,658700,126832,531868,0,17,3731
2026-09-03T02:22:47Z,159629,661588,126832,534756,0,17,3713
2026-09-03T02:23:47Z,159689,664472,126832,537640,0,17,3729
2026-09-03T02:24:48Z,159750,650988,126832,524156,0,17,3764
2026-09-03T02:25:48Z,159810,653884,126832,527052,0,17,3778
2026-09-03T02:26:48Z,159870,656768,126832,529936,0,17,3827
2026-09-03T02:27:48Z,159930,659664,126832,532832,0,17,3818
2026-09-03T02:28:48Z,159990,662560,126832,535728,0,17,3810
2026-09-03T02:29:48Z,160050,649068,126832,522236,0,17,3798
2026-09-03T02:30:48Z,160110,651964,126832,525132,0,17,3841
2026-09-03T02:31:48Z,160170,654860,126832,528028,0,17,3811
2026-09-03T02:32:48Z,160230,657748,126832,530920,0,17,3786
2026-09-03T02:33:48Z,160290,660632,126832,533800,0,17,3802
2026-09-03T02:34:48Z,160350,663524,126832,536692,0,17,3823
2026-09-03T02:35:48Z,160410,666416,126832,539584,0,17,3836
2026-09-03T02:36:49Z,160471,652920,126832,526088,0,17,3807
2026-09-03T02:37:49Z,160531,655808,126832,528976,0,17,3797
2026-09-03T02:38:49Z,160591,658696,126832,531864,0,17,3788
2026-09-03T02:39:49Z,160651,661580,126832,534748,0,17,3778
2026-09-03T02:40:49Z,160711,648088,126832,521256,0,17,3796
2026-09-03T02:41:49Z,160771,650984,126832,524152,0,17,3794
2026-09-03T02:42:49Z,160831,653872,126832,527040,0,17,3779
2026-09-03T02:43:49Z,160891,656764,126832,529932,0,17,3787
2026-09-03T02:44:49Z,160951,659656,126832,532824,0,17,3819
2026-09-03T02:45:49Z,161011,662552,126832,535720,0,17,3834
2026-09-03T02:46:49Z,161071,665444,126832,538612,0,17,3807
2026-09-03T02:47:49Z,161131,651952,126832,525120,0,17,3785
2026-09-03T02:48:49Z,161191,654844,126832,528012,0,17,3781
2026-09-03T02:49:49Z,161251,657732,126832,530900,0,17,3773
2026-09-03T02:50:50Z,161312,660620,126832,533792,0,17,3821
2026-09-03T02:51:50Z,161372,663520,126832,536688,0,17,3795
2026-09-03T02:52:50Z,161432,650024,126832,523196,0,17,3768
2026-09-03T02:53:50Z,161492,652916,126832,526084,0,17,3774
2026-09-03T02:54:50Z,161552,655812,126832,528984,0,17,3803
2026-09-03T02:55:50Z,161612,658704,126832,531872,0,17,3808
2026-09-03T02:56:50Z,161672,661592,126832,534760,0,17,3826
2026-09-03T02:57:50Z,161732,664484,126832,537652,0,17,3777
2026-09-03T02:58:50Z,161792,667380,126832,540548,0,17,3762
2026-09-03T02:59:50Z,161852,653884,126832,527052,0,17,3761
2026-09-03T03:00:50Z,161912,656776,126832,529944,0,17,3816
2026-09-03T03:01:50Z,161972,659672,126832,532840,0,17,3785
2026-09-03T03:02:50Z,162032,662560,126832,535728,0,17,3766
2026-09-03T03:03:50Z,162092,649080,126832,522248,0,17,3786
2026-09-03T03:04:51Z,162153,651964,126832,525136,0,17,3814
2026-09-03T03:05:51Z,162213,654856,126832,528024,0,17,3799
2026-09-03T03:06:51Z,162273,657748,126832,530916,0,17,3776
2026-09-03T03:07:51Z,162333,660648,126832,533816,0,17,3814
2026-09-03T03:08:51Z,162393,663544,126832,536712,0,17,3787
2026-09-03T03:09:51Z,162453,666432,126832,539600,0,17,3799
2026-09-03T03:10:51Z,162513,652944,126832,526112,0,17,3796
2026-09-03T03:11:51Z,162573,655836,126832,529004,0,17,3779
2026-09-03T03:12:51Z,162633,658724,126832,531892,0,17,3782
2026-09-03T03:13:51Z,162693,661612,126832,534780,0,17,3776
2026-09-03T03:14:51Z,162753,648128,126832,521296,0,17,3820
2026-09-03T03:15:51Z,162813,651024,126832,524192,0,17,3819
2026-09-03T03:16:52Z,162874,653912,126832,527080,0,17,3810
2026-09-03T03:17:52Z,162934,656804,126832,529976,0,17,3785
2026-09-03T03:18:52Z,162994,659696,126832,532864,0,17,3776
2026-09-03T03:19:52Z,163054,662588,126832,535756,0,17,3791
2026-09-03T03:20:52Z,163114,665484,126832,538656,0,17,3814
2026-09-03T03:21:52Z,163174,668380,126832,541548,0,17,3782
2026-09-03T03:22:52Z,163234,654884,126832,528052,0,17,3787
2026-09-03T03:23:52Z,163294,657768,126832,530936,0,17,3778
2026-09-03T03:24:52Z,163354,660664,126832,533832,0,17,3798
2026-09-03T03:25:52Z,163414,647168,126832,520336,0,17,3813
2026-09-03T03:26:52Z,163474,650064,126832,523232,0,17,3797
2026-09-03T03:27:53Z,163535,652960,126832,526128,0,17,3784
2026-09-03T03:28:53Z,163595,655856,126832,529024,0,17,3784
2026-09-03T03:29:53Z,163655,658748,126832,531916,0,17,3779
2026-09-03T03:30:53Z,163715,661644,126832,534812,0,17,3811
2026-09-03T03:31:53Z,163775,664536,126832,537704,0,17,3793
2026-09-03T03:32:53Z,163835,651052,126832,524220,0,17,3775
2026-09-03T03:33:53Z,163895,653944,126832,527112,0,17,3783
2026-09-03T03:34:53Z,163955,656840,126832,530008,0,17,3808
2026-09-03T03:35:53Z,164015,659736,126832,532904,0,17,3820
2026-09-03T03:36:53Z,164075,646244,126832,519412,0,17,3798
2026-09-03T03:37:53Z,164135,649136,126832,522304,0,17,3787
2026-09-03T03:38:53Z,164195,652028,126832,525196,0,17,3794
2026-09-03T03:39:53Z,164255,654920,126832,528088,0,17,3801
2026-09-03T03:40:54Z,164316,657808,126832,530976,0,17,3815
2026-09-03T03:41:54Z,164376,660708,126832,533876,0,17,3757
2026-09-03T03:42:54Z,164436,663604,126832,536772,0,17,3768
2026-09-03T03:43:54Z,164496,666504,126832,539672,0,17,3770
2026-09-03T03:44:54Z,164556,653008,126832,526176,0,17,3804
2026-09-03T03:45:54Z,164616,655900,126832,529068,0,17,3804
2026-09-03T03:46:54Z,164676,658792,126832,531960,0,17,3809
2026-09-03T03:47:54Z,164736,645304,126832,518472,0,17,3804
2026-09-03T03:48:54Z,164796,648196,126832,521364,0,17,3782
2026-09-03T03:49:54Z,164856,651096,126832,524264,0,17,3777
2026-09-03T03:50:54Z,164916,653992,126832,527160,0,17,3837
2026-09-03T03:51:54Z,164976,656888,126832,530056,0,17,3778
2026-09-03T03:52:54Z,165036,659784,126832,532952,0,17,3767
2026-09-03T03:53:55Z,165097,662676,126832,535844,0,17,3770
2026-09-03T03:54:55Z,165157,665564,126832,538732,0,17,3798
2026-09-03T03:55:55Z,165217,652076,126832,525244,0,17,3825
2026-09-03T03:56:55Z,165277,654968,126832,528136,0,17,3808
2026-09-03T03:57:55Z,165337,657864,126832,531032,0,17,3774
2026-09-03T03:58:55Z,165397,660756,126832,533924,0,17,3780
2026-09-03T03:59:55Z,165457,647268,126832,520436,0,17,3796
2026-09-03T04:00:55Z,165517,650164,126832,523332,0,17,3824
2026-09-03T04:01:55Z,165577,653056,126832,526224,0,17,3739
2026-09-03T04:02:55Z,165637,655948,126832,529116,0,17,3750
2026-09-03T04:03:55Z,165697,658848,126832,532016,0,17,3741
2026-09-03T04:04:55Z,165757,661740,126832,534908,0,17,3811
2026-09-03T04:05:55Z,165817,664632,126832,537800,0,17,3844
2026-09-03T04:06:56Z,165878,667524,126832,540692,0,17,3812
2026-09-03T04:07:56Z,165938,654036,126832,527208,0,17,3792
2026-09-03T04:08:56Z,165998,656940,126832,530108,0,17,3783
2026-09-03T04:09:56Z,166058,659832,126832,533000,0,17,3782
2026-09-03T04:10:56Z,166118,646344,126832,519512,0,17,3799
2026-09-03T04:11:56Z,166178,649236,126832,522404,0,17,3780
2026-09-03T04:12:56Z,166238,652132,126832,525300,0,17,3791
2026-09-03T04:13:56Z,166298,655024,126832,528192,0,17,3774
2026-09-03T04:14:56Z,166358,657916,126832,531084,0,17,3817
2026-09-03T04:15:56Z,166418,660808,126832,533976,0,17,3813
2026-09-03T04:16:56Z,166478,663708,126832,536876,0,17,3807
2026-09-03T04:17:56Z,166538,666604,126832,539772,0,17,3785
2026-09-03T04:18:56Z,166598,653120,126832,526288,0,17,3781
2026-09-03T04:19:56Z,166659,656012,126832,529180,0,17,3782
2026-09-03T04:20:57Z,166719,658908,126832,532076,0,17,3815
2026-09-03T04:21:57Z,166779,645420,126832,518588,0,17,3779
2026-09-03T04:22:57Z,166839,648312,126832,521480,0,17,3774
2026-09-03T04:23:57Z,166899,651200,126832,524368,0,17,3792
2026-09-03T04:24:57Z,166959,654092,126832,527260,0,17,3798
2026-09-03T04:25:57Z,167019,656984,126832,530152,0,17,3797
2026-09-03T04:26:57Z,167079,659880,126832,533048,0,17,3797
2026-09-03T04:27:57Z,167139,662772,126832,535940,0,17,3769
2026-09-03T04:28:57Z,167199,665656,126832,538824,0,17,3766
2026-09-03T04:29:57Z,167259,668556,126832,541724,0,17,3811
2026-09-03T04:30:57Z,167319,655064,126832,528232,0,17,3811
2026-09-03T04:31:57Z,167379,657956,126832,531124,0,17,3788
2026-09-03T04:32:58Z,167440,644464,126832,517632,0,17,3779
2026-09-03T04:33:58Z,167500,647356,126832,520524,0,17,3801
2026-09-03T04:34:58Z,167560,650256,126832,523424,0,17,3809
2026-09-03T04:35:58Z,167620,653148,126832,526316,0,17,3807
2026-09-03T04:36:58Z,167680,656036,126832,529208,0,17,3801
2026-09-03T04:37:58Z,167740,658924,126832,532092,0,17,3785
2026-09-03T04:38:58Z,167800,661824,126832,534992,0,17,3785
2026-09-03T04:39:58Z,167860,664712,126832,537880,0,17,3794
2026-09-03T04:40:58Z,167920,667608,126832,540776,0,17,3795
2026-09-03T04:41:58Z,167980,654120,126832,527288,0,17,3766
2026-09-03T04:42:58Z,168040,657016,126832,530184,0,17,3771
2026-09-03T04:43:58Z,168100,659912,126832,533080,0,17,3817
2026-09-03T04:44:58Z,168160,646428,126832,519596,0,17,3824
2026-09-03T04:45:58Z,168220,649320,126832,522488,0,17,3799
2026-09-03T04:46:59Z,168281,652212,126832,525380,0,17,3810
2026-09-03T04:47:59Z,168341,655100,126832,528268,0,17,3793
2026-09-03T04:48:59Z,168401,657992,126832,531160,0,17,3781
2026-09-03T04:49:59Z,168461,660888,126832,534056,0,17,3807
2026-09-03T04:50:59Z,168521,663780,126832,536948,0,17,3816
2026-09-03T04:51:59Z,168581,666672,126832,539840,0,17,3787
2026-09-03T04:52:59Z,168641,653184,126832,526352,0,17,3779
2026-09-03T04:53:59Z,168701,656080,126832,529248,0,17,3813
2026-09-03T04:54:59Z,168761,658972,126832,532140,0,17,3816
2026-09-03T04:55:59Z,168821,645480,126832,518648,0,17,3794
2026-09-03T04:56:59Z,168881,648372,126832,521540,0,17,3793
2026-09-03T04:57:59Z,168941,651272,126832,524440,0,17,3772
2026-09-03T04:59:00Z,169002,654168,126832,527336,0,17,3787
2026-09-03T05:00:00Z,169062,657060,126832,530228,0,17,3822
2026-09-03T05:01:00Z,169122,659956,126832,533128,0,17,3814
2026-09-03T05:02:00Z,169182,662856,126832,536024,0,17,3773
2026-09-03T05:03:00Z,169242,665748,126832,538916,0,17,3779
2026-09-03T05:04:00Z,169302,668652,126832,541820,0,17,3816
2026-09-03T05:05:00Z,169362,655168,126832,528336,0,17,3818
2026-09-03T05:06:00Z,169422,658060,126832,531228,0,17,3799
2026-09-03T05:07:00Z,169482,644576,126832,517744,0,17,3789
2026-09-03T05:08:00Z,169542,647472,126832,520640,0,17,3792
2026-09-03T05:09:00Z,169602,650364,126832,523532,0,17,3758
2026-09-03T05:10:00Z,169662,653256,126832,526424,0,17,3814
2026-09-03T05:11:00Z,169722,656156,126832,529324,0,17,3814
2026-09-03T05:12:01Z,169783,659052,126832,532220,0,17,3795
2026-09-03T05:13:01Z,169843,661948,126832,535116,0,17,3786
2026-09-03T05:14:01Z,169903,664852,126832,538020,0,17,3809
2026-09-03T05:15:01Z,169963,667744,126832,540912,0,17,3805
2026-09-03T05:16:01Z,170023,654252,126832,527424,0,17,3818
2026-09-03T05:17:01Z,170083,657152,126832,530320,0,17,3809
2026-09-03T05:18:01Z,170143,660048,126832,533220,0,17,3780
2026-09-03T05:19:01Z,170203,646556,126832,519724,0,17,3790
2026-09-03T05:20:01Z,170263,649448,126832,522616,0,17,3810
2026-09-03T05:21:01Z,170323,652348,126832,525516,0,17,3805
2026-09-03T05:22:01Z,170383,655244,126832,528412,0,17,3786
2026-09-03T05:23:01Z,170443,658136,126832,531304,0,17,3785
2026-09-03T05:24:01Z,170503,661036,126832,534204,0,17,3800
2026-09-03T05:25:01Z,170563,663928,126832,537096,0,17,3586
2026-09-03T05:26:01Z,170623,666828,126832,539996,0,17,3777
2026-09-03T05:27:02Z,170684,669724,126832,542892,0,17,3776
2026-09-03T05:28:02Z,170744,656240,126832,529408,0,17,3780
2026-09-03T05:29:02Z,170804,659136,126832,532304,0,17,3775
2026-09-03T05:30:02Z,170864,645648,126832,518816,0,17,3802
2026-09-03T05:31:02Z,170924,648544,126832,521716,0,17,3803
2026-09-03T05:32:02Z,170984,651440,126832,524612,0,17,3763
2026-09-03T05:33:02Z,171044,654336,126832,527504,0,17,3778
2026-09-03T05:34:02Z,171104,657232,126832,530400,0,17,3813
2026-09-03T05:35:02Z,171164,660124,126832,533292,0,17,3797
2026-09-03T05:36:02Z,171224,663020,126832,536188,0,17,3804
2026-09-03T05:37:02Z,171284,665912,126832,539084,0,17,3769
2026-09-03T05:38:02Z,171344,668812,126832,541980,0,17,3791
2026-09-03T05:39:02Z,171404,655324,126832,528492,0,17,3779
2026-09-03T05:40:02Z,171464,658224,126832,531392,0,17,3819
2026-09-03T05:41:03Z,171525,644736,126832,517904,0,17,3819
2026-09-03T05:42:03Z,171585,647632,126832,520804,0,17,3774
2026-09-03T05:43:03Z,171645,650528,126832,523700,0,17,3789
2026-09-03T05:44:03Z,171705,653424,126832,526592,0,17,3811
2026-09-03T05:45:03Z,171765,656316,126832,529484,0,17,3810
2026-09-03T05:46:03Z,171825,659216,126832,532384,0,17,3807
2026-09-03T05:47:03Z,171885,662108,126832,535276,0,17,3788
2026-09-03T05:48:03Z,171945,665000,126832,538168,0,17,3800
2026-09-03T05:49:03Z,172005,667896,126832,541064,0,17,3791
2026-09-03T05:50:03Z,172065,654404,126832,527572,0,17,3819
2026-09-03T05:51:03Z,172125,657296,126832,530464,0,17,3812
2026-09-03T05:52:03Z,172185,643804,126832,516972,0,17,3784
2026-09-03T05:53:03Z,172245,646700,126832,519868,0,17,3793
2026-09-03T05:54:03Z,172305,649588,126832,522756,0,17,3818
2026-09-03T05:55:04Z,172366,652488,126832,525656,0,17,3778
2026-09-03T05:56:04Z,172426,655384,126832,528552,0,17,3811
2026-09-03T05:57:04Z,172486,658280,126832,531448,0,17,3773
2026-09-03T05:58:04Z,172546,661180,126832,534348,0,17,3758
2026-09-03T05:59:04Z,172606,664072,126832,537240,0,17,3746
2026-09-03T06:00:04Z,172666,666968,126832,540136,0,17,3816
2026-09-03T06:01:04Z,172726,669868,126832,543040,0,17,3830
2026-09-03T06:02:04Z,172786,656368,126832,529536,0,17,3863
2026-09-03T06:03:04Z,172846,659272,126832,532440,0,17,3856
2026-09-03T06:04:04Z,172906,645776,126832,518944,0,17,3869
2026-09-03T06:05:04Z,172966,648664,126832,521832,0,17,3861
2026-09-03T06:06:04Z,173026,651552,126832,524720,0,17,3884
2026-09-03T06:07:04Z,173086,654444,126832,527612,0,17,3868
2026-09-03T06:08:04Z,173146,657336,126832,530504,0,17,3848
2026-09-03T06:09:04Z,173206,660224,126832,533392,0,17,3842
2026-09-03T06:10:05Z,173267,663124,126832,536292,0,17,3881
2026-09-03T06:11:05Z,173327,666012,126832,539180,0,17,3883
2026-09-03T06:12:05Z,173387,668912,126832,542080,0,17,3852
2026-09-03T06:13:05Z,173447,655424,126832,528592,0,17,3844
2026-09-03T06:14:05Z,173507,658308,126832,531476,0,17,3872
2026-09-03T06:15:05Z,173567,644828,126832,517996,0,17,3861
2026-09-03T06:16:05Z,173627,647728,126832,520896,0,17,3853
2026-09-03T06:17:05Z,173687,650628,126832,523796,0,17,3836
2026-09-03T06:18:05Z,173747,653528,126832,526696,0,17,3815
2026-09-03T06:19:05Z,173807,656424,126832,529596,0,17,3838
2026-09-03T06:20:05Z,173867,659320,126832,532488,0,17,3861
2026-09-03T06:21:05Z,173927,662220,126832,535388,0,17,3870
2026-09-03T06:22:05Z,173987,665120,126832,538292,0,17,3848
2026-09-03T06:23:05Z,174047,668024,126832,541192,0,17,3825
2026-09-03T06:24:06Z,174108,654540,126832,527708,0,17,3843
2026-09-03T06:25:06Z,174168,657436,126832,530604,0,17,3664
2026-09-03T06:26:06Z,174228,643956,126832,517124,0,17,3870
2026-09-03T06:27:06Z,174288,646856,126832,520024,0,17,3853
2026-09-03T06:28:06Z,174348,649756,126832,522928,0,17,3833
2026-09-03T06:29:06Z,174408,652656,126832,525828,0,17,3836
2026-09-03T06:30:06Z,174468,655556,126832,528724,0,17,3857
2026-09-03T06:31:06Z,174528,658456,126832,531624,0,17,3866
2026-09-03T06:32:06Z,174588,661356,126832,534524,0,17,3844
2026-09-03T06:33:06Z,174648,664252,126832,537420,0,17,3845
2026-09-03T06:34:06Z,174708,667156,126832,540328,0,17,3857
2026-09-03T06:35:06Z,174768,670052,126832,543220,0,17,3851
2026-09-03T06:36:06Z,174828,656568,126832,529736,0,17,3866
2026-09-03T06:37:06Z,174888,643080,126832,516248,0,17,3831
2026-09-03T06:38:06Z,174948,645980,126832,519148,0,17,3822
2026-09-03T06:39:06Z,175008,648880,126832,522048,0,17,3829
2026-09-03T06:40:06Z,175068,651780,126832,524948,0,17,3859
2026-09-03T06:41:07Z,175129,654684,126832,527852,0,17,3856
2026-09-03T06:42:07Z,175189,657576,126832,530744,0,17,3831
2026-09-03T06:43:07Z,175249,660480,126832,533648,0,17,3823
2026-09-03T06:44:07Z,175309,663376,126832,536544,0,17,3852
2026-09-03T06:45:07Z,175369,666272,126832,539440,0,17,3839
2026-09-03T06:46:07Z,175429,669168,126832,542336,0,17,3856
2026-09-03T06:47:07Z,175489,655684,126832,528852,0,17,3832
2026-09-03T06:48:07Z,175549,658584,126832,531752,0,17,3822
2026-09-03T06:49:07Z,175609,645092,126832,518260,0,17,3818
2026-09-03T06:50:07Z,175669,647984,126832,521152,0,17,3829
2026-09-03T06:51:07Z,175729,650884,126832,524056,0,17,3845
2026-09-03T06:52:07Z,175789,653788,126832,526956,0,17,3815
2026-09-03T06:53:07Z,175849,656680,126832,529848,0,17,3810
2026-09-03T06:54:07Z,175909,659576,126832,532744,0,17,3841
2026-09-03T06:55:07Z,175969,662468,126832,535636,0,17,3840
2026-09-03T06:56:08Z,176030,665376,126832,538544,0,17,3856
2026-09-03T06:57:08Z,176090,668272,126832,541440,0,17,3836
2026-09-03T06:58:08Z,176150,671172,126832,544340,0,17,3796
2026-09-03T06:59:08Z,176210,657688,126832,530856,0,17,3804
2026-09-03T07:00:08Z,176270,644204,126832,517372,0,17,3845
2026-09-03T07:01:08Z,176330,647108,126832,520276,0,17,3837
2026-09-03T07:02:08Z,176390,649996,126832,523164,0,17,3837
2026-09-03T07:03:08Z,176450,652888,126832,526056,0,17,3823
2026-09-03T07:04:08Z,176510,655796,126832,528964,0,17,3832
2026-09-03T07:05:08Z,176570,658692,126832,531860,0,17,3838
2026-09-03T07:06:08Z,176630,661588,126832,534756,0,17,3832
2026-09-03T07:07:08Z,176690,664480,126832,537648,0,17,3830
2026-09-03T07:08:08Z,176750,667376,126832,540544,0,17,3802
2026-09-03T07:09:08Z,176810,670276,126832,543444,0,17,3810
2026-09-03T07:10:09Z,176871,656792,126832,529960,0,17,3832
2026-09-03T07:11:09Z,176931,643312,126832,516480,0,17,3850
2026-09-03T07:12:09Z,176991,646208,126832,519376,0,17,3817
2026-09-03T07:13:09Z,177051,649104,126832,522272,0,17,3802
2026-09-03T07:14:09Z,177111,652000,126832,525168,0,17,3826
2026-09-03T07:15:09Z,177171,654904,126832,528072,0,17,3835
2026-09-03T07:16:09Z,177231,657796,126832,530964,0,17,3832
2026-09-03T07:17:09Z,177291,660692,126832,533860,0,17,3830
2026-09-03T07:18:09Z,177351,663588,126832,536756,0,17,3808
2026-09-03T07:19:09Z,177411,666488,126832,539656,0,17,3808
2026-09-03T07:20:09Z,177471,669392,126832,542560,0,17,3852
2026-09-03T07:21:09Z,177531,655904,126832,529072,0,17,3844
2026-09-03T07:22:09Z,177591,642416,126832,515588,0,17,3825
2026-09-03T07:23:10Z,177652,645312,126832,518480,0,17,3832
2026-09-03T07:24:10Z,177712,648184,126832,521352,0,17,3892
2026-09-03T07:25:10Z,177772,651076,126832,524244,0,17,3662
2026-09-03T07:26:10Z,177832,653972,126832,527140,0,17,3860
2026-09-03T07:27:10Z,177892,656872,126832,530040,0,17,3862
2026-09-03T07:28:10Z,177952,659772,126832,532944,0,17,3830
2026-09-03T07:29:10Z,178012,662668,126832,535836,0,17,3821
2026-09-03T07:30:10Z,178072,665572,126832,538740,0,17,3852
2026-09-03T07:31:10Z,178132,668460,126832,541628,0,17,3839
2026-09-03T07:32:10Z,178192,671364,126832,544532,0,17,3831
2026-09-03T07:33:10Z,178252,657880,126832,531048,0,17,3817
2026-09-03T07:34:10Z,178312,644400,126832,517568,0,17,3851
2026-09-03T07:35:10Z,178372,647296,126832,520464,0,17,3860
2026-09-03T07:36:11Z,178433,650192,126832,523360,0,17,3847
2026-09-03T07:37:11Z,178493,653088,126832,526256,0,17,3837
2026-09-03T07:38:11Z,178553,655984,126832,529152,0,17,3807
2026-09-03T07:39:11Z,178613,658880,126832,532048,0,17,3818
2026-09-03T07:40:11Z,178673,661780,126832,534948,0,17,3845
2026-09-03T07:41:11Z,178733,664676,126832,537844,0,17,3848
2026-09-03T07:42:11Z,178793,667576,126832,540744,0,17,3809
2026-09-03T07:43:11Z,178853,670476,126832,543644,0,17,3813
2026-09-03T07:44:11Z,178913,656988,126832,530156,0,17,3862
2026-09-03T07:45:11Z,178973,643500,126832,516668,0,17,3863
2026-09-03T07:46:11Z,179033,646396,126832,519564,0,17,3844
2026-09-03T07:47:11Z,179093,649296,126832,522464,0,17,3842
2026-09-03T07:48:11Z,179153,652196,126832,525364,0,17,3787
2026-09-03T07:49:12Z,179214,655096,126832,528264,0,17,3814
2026-09-03T07:50:12Z,179274,657992,126832,531164,0,17,3841
2026-09-03T07:51:12Z,179334,660900,126832,534068,0,17,3853
2026-09-03T07:52:12Z,179394,663792,126832,536960,0,17,3835
2026-09-03T07:53:12Z,179454,666688,126832,539856,0,17,3832
2026-09-03T07:54:12Z,179514,669584,126832,542752,0,17,3856
2026-09-03T07:55:12Z,179574,672480,126832,545648,0,17,3838
2026-09-03T07:56:12Z,179634,642612,126832,515780,0,17,3856
2026-09-03T07:57:12Z,179694,645508,126832,518676,0,17,3822
2026-09-03T07:58:12Z,179754,648400,126832,521572,0,17,3825
2026-09-03T07:59:12Z,179814,651300,126832,524468,0,17,3803
2026-09-03T08:00:12Z,179874,654200,126832,527368,0,17,3846
2026-09-03T08:01:12Z,179934,657104,126832,530272,0,17,3870
2026-09-03T08:02:12Z,179994,660004,126832,533172,0,17,3835
2026-09-03T08:03:12Z,180054,662900,126832,536068,0,17,3841
2026-09-03T08:04:13Z,180115,665788,126832,538960,0,17,3859
2026-09-03T08:05:13Z,180175,668688,126832,541856,0,17,3858
2026-09-03T08:06:13Z,180235,671588,126832,544756,0,17,3852
2026-09-03T08:07:13Z,180295,641716,126832,514884,0,17,3835
2026-09-03T08:08:13Z,180355,644616,126832,517788,0,17,3826
2026-09-03T08:09:13Z,180415,647520,126832,520688,0,17,3821
2026-09-03T08:10:13Z,180475,650424,126832,523592,0,17,3844
2026-09-03T08:11:13Z,180535,653328,126832,526496,0,17,3860
2026-09-03T08:12:13Z,180595,656228,126832,529396,0,17,3820
2026-09-03T08:13:13Z,180655,659128,126832,532296,0,17,3833
2026-09-03T08:14:13Z,180715,662028,126832,535196,0,17,3850
2026-09-03T08:15:13Z,180775,664932,126832,538100,0,17,3847
2026-09-03T08:16:13Z,180835,667832,126832,541000,0,17,3851
2026-09-03T08:17:13Z,180895,670728,126832,543896,0,17,3838
2026-09-03T08:18:13Z,180955,657244,126832,530412,0,17,3806
2026-09-03T08:19:14Z,181016,643760,126832,516928,0,17,3810
2026-09-03T08:20:14Z,181076,646664,126832,519832,0,17,3833
2026-09-03T08:21:14Z,181136,649564,126832,522732,0,17,3865
2026-09-03T08:22:14Z,181196,652468,126832,525636,0,17,3818
2026-09-03T08:23:14Z,181256,655364,126832,528532,0,17,3830
2026-09-03T08:24:14Z,181316,658268,126832,531436,0,17,3841
2026-09-03T08:25:14Z,181376,661168,126832,534336,0,17,3669
2026-09-03T08:26:14Z,181436,664068,126832,537236,0,17,3874
2026-09-03T08:27:14Z,181496,666968,126832,540136,0,17,3853
2026-09-03T08:28:14Z,181556,669860,126832,543032,0,17,3826
2026-09-03T08:29:14Z,181616,672768,126832,545936,0,17,3811
2026-09-03T08:30:14Z,181676,642896,126832,516064,0,17,3833
2026-09-03T08:31:14Z,181736,645800,126832,518968,0,17,3859
2026-09-03T08:32:14Z,181796,648700,126832,521868,0,17,3827
2026-09-03T08:33:15Z,181857,651600,126832,524772,0,17,3825
2026-09-03T08:34:15Z,181917,654500,126832,527668,0,17,3841
2026-09-03T08:35:15Z,181977,657400,126832,530568,0,17,3847
2026-09-03T08:36:15Z,182037,660308,126832,533476,0,17,3839
2026-09-03T08:37:15Z,182097,663204,126832,536376,0,17,3804
2026-09-03T08:38:15Z,182157,666112,126832,539280,0,17,3814
2026-09-03T08:39:15Z,182217,669008,126832,542176,0,17,3801
2026-09-03T08:40:15Z,182277,671908,126832,545076,0,17,3810
2026-09-03T08:41:15Z,182337,642044,126832,515212,0,17,3850
2026-09-03T08:42:15Z,182397,644948,126832,518116,0,17,3813
2026-09-03T08:43:15Z,182457,647844,126832,521012,0,17,3775
2026-09-03T08:44:15Z,182517,650740,126832,523908,0,17,3831
2026-09-03T08:45:15Z,182577,653636,126832,526804,0,17,3844
2026-09-03T08:46:15Z,182637,656536,126832,529704,0,17,3826
2026-09-03T08:47:15Z,182697,659444,126832,532612,0,17,3821
2026-09-03T08:48:16Z,182758,662336,126832,535504,0,17,3823
2026-09-03T08:49:16Z,182818,665232,126832,538400,0,17,3816
2026-09-03T08:50:16Z,182878,668132,126832,541300,0,17,3826
2026-09-03T08:51:16Z,182938,671024,126832,544192,0,17,3851
2026-09-03T08:52:16Z,182998,641156,126832,514324,0,17,3796
2026-09-03T08:53:16Z,183058,644056,126832,517224,0,17,3822
2026-09-03T08:54:16Z,183118,646952,126832,520120,0,17,3847
2026-09-03T08:55:16Z,183178,649844,126832,523012,0,17,3852
2026-09-03T08:56:16Z,183238,652752,126832,525920,0,17,3834
2026-09-03T08:57:16Z,183298,655648,126832,528816,0,17,3817
2026-09-03T08:58:16Z,183358,658548,126832,531716,0,17,3825
2026-09-03T08:59:16Z,183418,661444,126832,534612,0,17,3810
2026-09-03T09:00:16Z,183478,664348,126832,537516,0,17,3842
2026-09-03T09:01:16Z,183538,667244,126832,540412,0,17,3836
2026-09-03T09:02:16Z,183598,670148,126832,543316,0,17,3823
2026-09-03T09:03:16Z,183658,673044,126832,546212,0,17,3809
2026-09-03T09:04:17Z,183719,643172,126832,516340,0,17,3827
2026-09-03T09:05:17Z,183779,646076,126832,519244,0,17,3842
2026-09-03T09:06:17Z,183839,648976,126832,522144,0,17,3854
2026-09-03T09:07:17Z,183899,651868,126832,525036,0,17,3817
2026-09-03T09:08:17Z,183959,654768,126832,527936,0,17,3805
2026-09-03T09:09:17Z,184019,657664,126832,530832,0,17,3796
2026-09-03T09:10:17Z,184079,660564,126832,533732,0,17,3843
2026-09-03T09:11:17Z,184139,663464,126832,536632,0,17,3810
2026-09-03T09:12:17Z,184199,666356,126832,539524,0,17,3835
2026-09-03T09:13:17Z,184259,669256,126832,542424,0,17,3818
2026-09-03T09:14:17Z,184319,672144,126832,545312,0,17,3848
2026-09-03T09:15:17Z,184379,642276,126832,515444,0,17,3839
2026-09-03T09:16:17Z,184439,645168,126832,518336,0,17,3826
2026-09-03T09:17:17Z,184499,648056,126832,521228,0,17,3803
2026-09-03T09:18:17Z,184559,650952,126832,524120,0,17,3805
2026-09-03T09:19:18Z,184620,653848,126832,527016,0,17,3829
2026-09-03T09:20:18Z,184680,656748,126832,529916,0,17,3831
2026-09-03T09:21:18Z,184740,659640,126832,532808,0,17,3830
2026-09-03T09:22:18Z,184800,662540,126832,535708,0,17,3822
2026-09-03T09:23:18Z,184860,665436,126832,538604,0,17,3818
2026-09-03T09:24:18Z,184920,668332,126832,541500,0,17,3829
2026-09-03T09:25:18Z,184980,671236,126832,544404,0,17,3636
2026-09-03T09:26:18Z,185040,657748,126832,530916,0,17,3841
2026-09-03T09:27:18Z,185100,644252,126832,517424,0,17,3849
2026-09-03T09:28:18Z,185160,647152,126832,520320,0,17,3812
2026-09-03T09:29:18Z,185220,650048,126832,523216,0,17,3798
2026-09-03T09:30:18Z,185280,652948,126832,526116,0,17,3854
2026-09-03T09:31:18Z,185340,655844,126832,529012,0,17,3845
2026-09-03T09:32:18Z,185400,658744,126832,531916,0,17,3797
2026-09-03T09:33:19Z,185461,661640,126832,534808,0,17,3811
2026-09-03T09:34:19Z,185521,664540,126832,537708,0,17,3848
2026-09-03T09:35:19Z,185581,667444,126832,540612,0,17,3840
2026-09-03T09:36:19Z,185641,670336,126832,543504,0,17,3842
2026-09-03T09:37:19Z,185701,656844,126832,530012,0,17,3829
2026-09-03T09:38:19Z,185761,643360,126832,516528,0,17,3810
2026-09-03T09:39:19Z,185821,646256,126832,519424,0,17,3805
2026-09-03T09:40:19Z,185881,649152,126832,522320,0,17,3837
2026-09-03T09:41:19Z,185941,652048,126832,525216,0,17,3822
2026-09-03T09:42:19Z,186001,654952,126832,528120,0,17,3793
2026-09-03T09:43:19Z,186061,657848,126832,531016,0,17,3812
2026-09-03T09:44:19Z,186121,660740,126832,533908,0,17,3851
2026-09-03T09:45:19Z,186181,663640,126832,536808,0,17,3823
2026-09-03T09:46:19Z,186241,666532,126832,539704,0,17,3863
2026-09-03T09:47:20Z,186302,669428,126832,542596,0,17,3823
2026-09-03T09:48:20Z,186362,672324,126832,545492,0,17,3821
2026-09-03T09:49:20Z,186422,642456,126832,515624,0,17,3812
2026-09-03T09:50:20Z,186482,645356,126832,518524,0,17,3860
2026-09-03T09:51:20Z,186542,648252,126832,521420,0,17,3839
2026-09-03T09:52:20Z,186602,651148,126832,524316,0,17,3806
2026-09-03T09:53:20Z,186662,654040,126832,527208,0,17,3806
2026-09-03T09:54:20Z,186722,656928,126832,530096,0,17,3825
2026-09-03T09:55:20Z,186782,659824,126832,532996,0,17,3852
2026-09-03T09:56:20Z,186842,662724,126832,535892,0,17,3834
2026-09-03T09:57:20Z,186902,665624,126832,538792,0,17,3808
2026-09-03T09:58:20Z,186962,668520,126832,541688,0,17,3797
2026-09-03T09:59:20Z,187022,671420,126832,544588,0,17,3817
2026-09-03T10:00:20Z,187082,657940,126832,531108,0,17,3848
2026-09-03T10:01:20Z,187142,644460,126832,517628,0,17,3837
2026-09-03T10:02:20Z,187202,647360,126832,520528,0,17,3811
2026-09-03T10:03:20Z,187262,650260,126832,523428,0,17,3806
2026-09-03T10:04:21Z,187323,653160,126832,526328,0,17,3815
2026-09-03T10:05:21Z,187383,656064,126832,529232,0,17,3820
2026-09-03T10:06:21Z,187443,658964,126832,532132,0,17,3844
2026-09-03T10:07:21Z,187503,661864,126832,535032,0,17,3814
2026-09-03T10:08:21Z,187563,664764,126832,537932,0,17,3822
2026-09-03T10:09:21Z,187623,667664,126832,540832,0,17,3805
2026-09-03T10:10:21Z,187683,670560,126832,543728,0,17,3821
2026-09-03T10:11:21Z,187743,657076,126832,530244,0,17,3831
2026-09-03T10:12:21Z,187803,643596,126832,516764,0,17,3809
2026-09-03T10:13:21Z,187863,646496,126832,519664,0,17,3824
2026-09-03T10:14:21Z,187923,649396,126832,522564,0,17,3824
2026-09-03T10:15:21Z,187983,652292,126832,525460,0,17,3849
2026-09-03T10:16:21Z,188043,655192,126832,528360,0,17,3843
2026-09-03T10:17:21Z,188103,658096,126832,531264,0,17,3811
2026-09-03T10:18:21Z,188163,660996,126832,534164,0,17,3805
2026-09-03T10:19:21Z,188223,663892,126832,537060,0,17,3799
2026-09-03T10:20:22Z,188284,666792,126832,539960,0,17,3827
2026-09-03T10:21:22Z,188344,669696,126832,542864,0,17,3827
2026-09-03T10:22:22Z,188404,656212,126832,529380,0,17,3824
2026-09-03T10:23:22Z,188464,642732,126832,515900,0,17,3819
2026-09-03T10:24:22Z,188524,645636,126832,518804,0,17,3827
2026-09-03T10:25:22Z,188584,648536,126832,521704,0,17,3616
2026-09-03T10:26:22Z,188644,651440,126832,524608,0,17,3835
2026-09-03T10:27:22Z,188704,654344,126832,527512,0,17,3825
2026-09-03T10:28:22Z,188764,657236,126832,530404,0,17,3812
2026-09-03T10:29:22Z,188824,660136,126832,533304,0,17,3805
2026-09-03T10:30:22Z,188884,663032,126832,536200,0,17,3835
2026-09-03T10:31:22Z,188944,665932,126832,539100,0,17,3836
2026-09-03T10:32:22Z,189004,668832,126832,542000,0,17,3784
2026-09-03T10:33:22Z,189064,671732,126832,544900,0,17,3803
2026-09-03T10:34:22Z,189124,658240,126832,531408,0,17,3842
2026-09-03T10:35:22Z,189184,644756,126832,517924,0,17,3830
2026-09-03T10:36:22Z,189244,647660,126832,520828,0,17,3826
2026-09-03T10:37:22Z,189304,650560,126832,523728,0,17,3808
2026-09-03T10:38:23Z,189365,653452,126832,526620,0,17,3828
2026-09-03T10:39:23Z,189425,656352,126832,529520,0,17,3823
2026-09-03T10:40:23Z,189485,659248,126832,532416,0,17,3841
2026-09-03T10:41:23Z,189545,662156,126832,535324,0,17,3847
2026-09-03T10:42:23Z,189605,665056,126832,538224,0,17,3800
2026-09-03T10:43:23Z,189665,667960,126832,541128,0,17,3824
2026-09-03T10:44:23Z,189725,670864,126832,544032,0,17,3851
2026-09-03T10:45:23Z,189785,657384,126832,530552,0,17,3872
2026-09-03T10:46:23Z,189845,643900,126832,517068,0,17,3847
2026-09-03T10:47:23Z,189905,646800,126832,519968,0,17,3813
2026-09-03T10:48:23Z,189965,649696,126832,522868,0,17,3797
2026-09-03T10:49:23Z,190025,652604,126832,525772,0,17,3809
2026-09-03T10:50:23Z,190085,655508,126832,528676,0,17,3829
2026-09-03T10:51:23Z,190145,658404,126832,531572,0,17,3845
2026-09-03T10:52:24Z,190206,661308,126832,534476,0,17,3784
2026-09-03T10:53:24Z,190266,664208,126832,537376,0,17,3797
2026-09-03T10:54:24Z,190326,667112,126832,540280,0,17,3833
2026-09-03T10:55:24Z,190386,670020,126832,543188,0,17,3841
2026-09-03T10:56:24Z,190446,656532,126832,529700,0,17,3842
2026-09-03T10:57:24Z,190506,659432,126832,532600,0,17,3823
2026-09-03T10:58:24Z,190566,645948,126832,519116,0,17,3802
2026-09-03T10:59:24Z,190626,648852,126832,522020,0,17,3818
2026-09-03T11:00:24Z,190686,651752,126832,524920,0,17,3831
2026-09-03T11:01:24Z,190746,654660,126832,527828,0,17,3833
2026-09-03T11:02:24Z,190806,657564,126832,530732,0,17,3809
2026-09-03T11:03:24Z,190866,660464,126832,533632,0,17,3805
2026-09-03T11:04:24Z,190926,663372,126832,536540,0,17,3854
2026-09-03T11:05:25Z,190987,666280,126832,539448,0,17,3845
2026-09-03T11:06:25Z,191047,669176,126832,542344,0,17,3855
2026-09-03T11:07:25Z,191107,655692,126832,528860,0,17,3812
2026-09-03T11:08:25Z,191167,658588,126832,531756,0,17,3828
2026-09-03T11:09:25Z,191227,645104,126832,518272,0,17,3811
2026-09-03T11:10:25Z,191287,648000,126832,521168,0,17,3840
2026-09-03T11:11:25Z,191347,650896,126832,524068,0,17,3821
2026-09-03T11:12:25Z,191407,653796,126832,526964,0,17,3807
2026-09-03T11:13:25Z,191467,656692,126832,529860,0,17,3798
2026-09-03T11:14:25Z,191527,659588,126832,532760,0,17,3850
2026-09-03T11:15:25Z,191587,662492,126832,535660,0,17,3836
2026-09-03T11:16:25Z,191647,665388,126832,538556,0,17,3836
2026-09-03T11:17:26Z,191708,668280,126832,541448,0,17,3811
2026-09-03T11:18:26Z,191768,654792,126832,527960,0,17,3806
2026-09-03T11:19:26Z,191828,657696,126832,530864,0,17,3803
2026-09-03T11:20:26Z,191888,644208,126832,517376,0,17,3835
2026-09-03T11:21:26Z,191948,647104,126832,520272,0,17,3827
2026-09-03T11:22:26Z,192008,650004,126832,523172,0,17,3791
2026-09-03T11:23:26Z,192068,652892,126832,526060,0,17,3785
2026-09-03T11:24:26Z,192128,655788,126832,528956,0,17,3827
2026-09-03T11:25:26Z,192188,658688,126832,531856,0,17,3824
2026-09-03T11:26:26Z,192248,661588,126832,534756,0,17,3845
2026-09-03T11:27:26Z,192308,664496,126832,537664,0,17,3805
2026-09-03T11:28:26Z,192368,667396,126832,540564,0,17,3796
2026-09-03T11:29:26Z,192428,653908,126832,527076,0,17,3790
2026-09-03T11:30:26Z,192488,656812,126832,529980,0,17,3820
2026-09-03T11:31:26Z,192548,643328,126832,516496,0,17,3816
2026-09-03T11:32:26Z,192608,646228,126832,519396,0,17,3806
2026-09-03T11:33:27Z,192669,649132,126832,522300,0,17,3767
2026-09-03T11:34:27Z,192729,652028,126832,525196,0,17,3832
2026-09-03T11:35:27Z,192789,654928,126832,528096,0,17,3827
2026-09-03T11:36:27Z,192849,657828,126832,530996,0,17,3847
2026-09-03T11:37:27Z,192909,660724,126832,533892,0,17,3822
2026-09-03T11:38:27Z,192969,663620,126832,536788,0,17,3815
2026-09-03T11:39:27Z,193029,666524,126832,539692,0,17,3804
2026-09-03T11:40:27Z,193089,669420,126832,542588,0,17,3855
2026-09-03T11:41:27Z,193149,655936,126832,529104,0,17,3824
2026-09-03T11:42:27Z,193209,658840,126832,532008,0,17,3796
2026-09-03T11:43:27Z,193269,645348,126832,518516,0,17,3787
2026-09-03T11:44:27Z,193329,648248,126832,521416,0,17,3809
2026-09-03T11:45:27Z,193389,651144,126832,524312,0,17,3834
2026-09-03T11:46:27Z,193449,654044,126832,527212,0,17,3831
2026-09-03T11:47:28Z,193510,656944,126832,530112,0,17,3832
2026-09-03T11:48:28Z,193570,659848,126832,533016,0,17,3808
2026-09-03T11:49:28Z,193630,662752,126832,535920,0,17,3797
2026-09-03T11:50:28Z,193690,665648,126832,538816,0,17,3842
2026-09-03T11:51:28Z,193750,668540,126832,541708,0,17,3834
2026-09-03T11:52:28Z,193810,655060,126832,528228,0,17,3800
2026-09-03T11:53:28Z,193870,657956,126832,531124,0,17,3799
2026-09-03T11:54:28Z,193930,644476,126832,517644,0,17,3836
2026-09-03T11:55:28Z,193990,647376,126832,520544,0,17,3839
2026-09-03T11:56:28Z,194050,650276,126832,523444,0,17,3850
2026-09-03T11:57:28Z,194110,653180,126832,526348,0,17,3814
2026-09-03T11:58:28Z,194170,656076,126832,529244,0,17,3813
2026-09-03T11:59:29Z,194231,658972,126832,532140,0,17,3795
2026-09-03T12:00:29Z,194291,661868,126832,535036,0,17,3837
2026-09-03T12:01:29Z,194351,664768,126832,537936,0,17,3846
2026-09-03T12:02:29Z,194411,667668,126832,540836,0,17,3798
2026-09-03T12:03:29Z,194471,654180,126832,527348,0,17,3793
2026-09-03T12:04:29Z,194531,657076,126832,530244,0,17,3819
2026-09-03T12:05:29Z,194591,643592,126832,516760,0,17,3838
2026-09-03T12:06:29Z,194651,646492,126832,519660,0,17,3848
2026-09-03T12:07:29Z,194711,649388,126832,522556,0,17,3808
2026-09-03T12:08:29Z,194771,652284,126832,525456,0,17,3787
2026-09-03T12:09:29Z,194831,655188,126832,528356,0,17,3797
2026-09-03T12:10:29Z,194891,658088,126832,531256,0,17,3840
2026-09-03T12:11:29Z,194951,660992,126832,534160,0,17,3819
2026-09-03T12:12:29Z,195011,663892,126832,537060,0,17,3818
2026-09-03T12:13:30Z,195072,666788,126832,539956,0,17,3790
2026-09-03T12:14:30Z,195132,653304,126832,526476,0,17,3816
2026-09-03T12:15:30Z,195192,656204,126832,529372,0,17,3829
2026-09-03T12:16:30Z,195252,659104,126832,532272,0,17,3838
2026-09-03T12:17:30Z,195312,645620,126832,518788,0,17,3820
2026-09-03T12:18:30Z,195372,648520,126832,521688,0,17,3799
2026-09-03T12:19:30Z,195432,651424,126832,524592,0,17,3793
2026-09-03T12:20:30Z,195492,654328,126832,527496,0,17,3823
2026-09-03T12:21:30Z,195552,657224,126832,530396,0,17,3810
2026-09-03T12:22:30Z,195612,660132,126832,533300,0,17,3780
2026-09-03T12:23:30Z,195672,663036,126832,536204,0,17,3803
2026-09-03T12:24:30Z,195732,665932,126832,539100,0,17,3800
2026-09-03T12:25:30Z,195792,668836,126832,542004,0,17,3841
2026-09-03T12:26:30Z,195852,655352,126832,528520,0,17,3834
2026-09-03T12:27:30Z,195912,658252,126832,531420,0,17,3831
2026-09-03T12:28:30Z,195972,644772,126832,517940,0,17,3806
2026-09-03T12:29:31Z,196033,647668,126832,520836,0,17,3807
2026-09-03T12:30:31Z,196093,650568,126832,523736,0,17,3804
2026-09-03T12:31:31Z,196153,653476,126832,526644,0,17,3830
2026-09-03T12:32:31Z,196213,656376,126832,529544,0,17,3816
2026-09-03T12:33:31Z,196273,659276,126832,532444,0,17,3795
2026-09-03T12:34:31Z,196333,662180,126832,535348,0,17,3829
2026-09-03T12:35:31Z,196393,665076,126832,538244,0,17,3824
2026-09-03T12:36:31Z,196453,667980,126832,541148,0,17,3844
2026-09-03T12:37:31Z,196513,654492,126832,527660,0,17,3806
2026-09-03T12:38:31Z,196573,657396,126832,530564,0,17,3829
2026-09-03T12:39:31Z,196633,660292,126832,533460,0,17,3814
2026-09-03T12:40:31Z,196693,646812,126832,519980,0,17,3839
2026-09-03T12:41:31Z,196753,649712,126832,522880,0,17,3844
2026-09-03T12:42:31Z,196813,652616,126832,525784,0,17,3790
2026-09-03T12:43:31Z,196873,655520,126832,528688,0,17,3785
2026-09-03T12:44:31Z,196933,658416,126832,531584,0,17,3832
2026-09-03T12:45:32Z,196994,661324,126832,534492,0,17,3836
2026-09-03T12:46:32Z,197054,664220,126832,537388,0,17,3833
2026-09-03T12:47:32Z,197114,667116,126832,540284,0,17,3810
2026-09-03T12:48:32Z,197174,653628,126832,526796,0,17,3809
2026-09-03T12:49:32Z,197234,656524,126832,529692,0,17,3815
2026-09-03T12:50:32Z,197294,659424,126832,532592,0,17,3823
2026-09-03T12:51:32Z,197354,645940,126832,519112,0,17,3845
2026-09-03T12:52:32Z,197414,648840,126832,522008,0,17,3801
2026-09-03T12:53:32Z,197474,651744,126832,524912,0,17,3780
2026-09-03T12:54:32Z,197534,654640,126832,527808,0,17,3826
2026-09-03T12:55:32Z,197594,657536,126832,530704,0,17,3824
2026-09-03T12:56:32Z,197654,660440,126832,533608,0,17,3838
2026-09-03T12:57:32Z,197714,663340,126832,536508,0,17,3813
2026-09-03T12:58:32Z,197774,666236,126832,539404,0,17,3794
2026-09-03T12:59:33Z,197835,652752,126832,525920,0,17,3783
2026-09-03T13:00:33Z,197895,655648,126832,528816,0,17,3836
2026-09-03T13:01:33Z,197955,658552,126832,531720,0,17,3850
2026-09-03T13:02:33Z,198015,645068,126832,518236,0,17,3807
2026-09-03T13:03:33Z,198075,647968,126832,521136,0,17,3811
2026-09-03T13:04:33Z,198135,650868,126832,524036,0,17,3821
2026-09-03T13:05:33Z,198195,653760,126832,526928,0,17,3811
2026-09-03T13:06:33Z,198255,656660,126832,529828,0,17,3839
2026-09-03T13:07:33Z,198315,659556,126832,532724,0,17,3824
2026-09-03T13:08:33Z,198375,662456,126832,535624,0,17,3797
2026-09-03T13:09:33Z,198435,665352,126832,538520,0,17,3794
2026-09-03T13:10:33Z,198495,668252,126832,541420,0,17,3823
2026-09-03T13:11:33Z,198555,654768,126832,527936,0,17,3818
2026-09-03T13:12:33Z,198615,657664,126832,530832,0,17,3810
2026-09-03T13:13:33Z,198675,660560,126832,533728,0,17,3797
2026-09-03T13:14:34Z,198736,647080,126832,520248,0,17,3821
2026-09-03T13:15:34Z,198796,649976,126832,523144,0,17,3815
2026-09-03T13:16:34Z,198856,652876,126832,526044,0,17,3819
2026-09-03T13:17:34Z,198916,655780,126832,528948,0,17,3813
2026-09-03T13:18:34Z,198976,658684,126832,531852,0,17,3802
2026-09-03T13:19:34Z,199036,661588,126832,534756,0,17,3813
2026-09-03T13:20:34Z,199096,664492,126832,537660,0,17,3823
2026-09-03T13:21:34Z,199156,667396,126832,540564,0,17,3794
2026-09-03T13:22:34Z,199216,653912,126832,527080,0,17,3791
2026-09-03T13:23:34Z,199276,656812,126832,529980,0,17,3807
2026-09-03T13:24:34Z,199336,659716,126832,532884,0,17,3846
2026-09-03T13:25:34Z,199396,646228,126832,519396,0,17,3805
2026-09-03T13:26:34Z,199456,649128,126832,522296,0,17,3810
2026-09-03T13:27:34Z,199516,652032,126832,525200,0,17,3765
2026-09-03T13:28:34Z,199576,654928,126832,528096,0,17,3780
2026-09-03T13:29:35Z,199637,657824,126832,530992,0,17,3807
2026-09-03T13:30:35Z,199697,660720,126832,533888,0,17,3839
2026-09-03T13:31:35Z,199757,663624,126832,536792,0,17,3818
2026-09-03T13:32:35Z,199817,666520,126832,539688,0,17,3805
2026-09-03T13:33:35Z,199877,653028,126832,526196,0,17,3802
2026-09-03T13:34:35Z,199937,655920,126832,529092,0,17,3827
2026-09-03T13:35:35Z,199997,658820,126832,531988,0,17,3819
2026-09-03T13:36:35Z,200057,645332,126832,518500,0,17,3794
2026-09-03T13:37:35Z,200117,648236,126832,521404,0,17,3810
2026-09-03T13:38:35Z,200177,651136,126832,524304,0,17,3825
2026-09-03T13:39:35Z,200237,654036,126832,527204,0,17,3818
2026-09-03T13:40:35Z,200297,656940,126832,530108,0,17,3844
2026-09-03T13:41:36Z,200358,659836,126832,533004,0,17,3815
2026-09-03T13:42:36Z,200418,662740,126832,535908,0,17,3805
2026-09-03T13:43:36Z,200478,665636,126832,538804,0,17,3795
2026-09-03T13:44:36Z,200538,652152,126832,525324,0,17,3836
2026-09-03T13:45:36Z,200598,655052,126832,528224,0,17,3831
2026-09-03T13:46:36Z,200658,657948,126832,531120,0,17,3814
2026-09-03T13:47:36Z,200718,660856,126832,534024,0,17,3804
2026-09-03T13:48:36Z,200778,647372,126832,520540,0,17,3804
2026-09-03T13:49:36Z,200838,650280,126832,523448,0,17,3781
2026-09-03T13:50:36Z,200898,653184,126832,526352,0,17,3827
2026-09-03T13:51:36Z,200958,656088,126832,529256,0,17,3825
2026-09-03T13:52:36Z,201018,658980,126832,532148,0,17,3817
2026-09-03T13:53:37Z,201079,661880,126832,535048,0,17,3798
2026-09-03T13:54:37Z,201139,664776,126832,537948,0,17,3817
2026-09-03T13:55:37Z,201199,667676,126832,540844,0,17,3820
2026-09-03T13:56:37Z,201259,654192,126832,527360,0,17,3833
2026-09-03T13:57:37Z,201319,657092,126832,530260,0,17,3821
2026-09-03T13:58:37Z,201379,659996,126832,533168,0,17,3810
2026-09-03T13:59:37Z,201439,646516,126832,519688,0,17,3809
2026-09-03T14:00:37Z,201499,649420,126832,522588,0,17,3835
2026-09-03T14:01:37Z,201559,652316,126832,525484,0,17,3784
2026-09-03T14:02:37Z,201619,655208,126832,528376,0,17,3802
2026-09-03T14:03:37Z,201679,658112,126832,531280,0,17,3805
2026-09-03T14:04:37Z,201739,661012,126832,534180,0,17,3826
2026-09-03T14:05:37Z,201799,663916,126832,537084,0,17,3846
2026-09-03T14:06:38Z,201860,666816,126832,539984,0,17,3814
2026-09-03T14:07:38Z,201920,653336,126832,526504,0,17,3801
2026-09-03T14:08:38Z,201980,656236,126832,529404,0,17,3803
2026-09-03T14:09:38Z,202040,659132,126832,532300,0,17,3789
2026-09-03T14:10:38Z,202100,662036,126832,535204,0,17,3825
2026-09-03T14:11:38Z,202160,648548,126832,521716,0,17,3808
2026-09-03T14:12:38Z,202220,651444,126832,524612,0,17,3793
2026-09-03T14:13:38Z,202280,654348,126832,527520,0,17,3792
2026-09-03T14:14:38Z,202340,657244,126832,530412,0,17,3815
2026-09-03T14:15:38Z,202400,660140,126832,533308,0,17,3819
2026-09-03T14:16:38Z,202460,663044,126832,536212,0,17,3807
2026-09-03T14:17:38Z,202520,665940,126832,539108,0,17,3807
2026-09-03T14:18:39Z,202581,652460,126832,525628,0,17,3803
2026-09-03T14:19:39Z,202641,655360,126832,528528,0,17,3796
2026-09-03T14:20:39Z,202701,658260,126832,531428,0,17,3827
2026-09-03T14:21:39Z,202761,661160,126832,534332,0,17,3793
2026-09-03T14:22:39Z,202821,647680,126832,520848,0,17,3784
2026-09-03T14:23:39Z,202881,650580,126832,523748,0,17,3768
2026-09-03T14:24:39Z,202941,653484,126832,526652,0,17,3788
2026-09-03T14:25:39Z,203001,656380,126832,529548,0,17,3812
2026-09-03T14:26:39Z,203061,659284,126832,532452,0,17,3809
2026-09-03T14:27:39Z,203121,662184,126832,535352,0,17,3834
2026-09-03T14:28:39Z,203181,665076,126832,538244,0,17,3822
2026-09-03T14:29:39Z,203241,651592,126832,524760,0,17,3796
2026-09-03T14:30:39Z,203301,654488,126832,527656,0,17,3820
2026-09-03T14:31:39Z,203361,657388,126832,530556,0,17,3807
2026-09-03T14:32:40Z,203422,660292,126832,533460,0,17,3815
2026-09-03T14:33:40Z,203482,646808,126832,519976,0,17,3801
2026-09-03T14:34:40Z,203542,649704,126832,522872,0,17,3796
2026-09-03T14:35:40Z,203602,652600,126832,525768,0,17,3819
2026-09-03T14:36:40Z,203662,655500,126832,528668,0,17,3820
2026-09-03T14:37:40Z,203722,658404,126832,531572,0,17,3803
2026-09-03T14:38:40Z,203782,661304,126832,534472,0,17,3788
2026-09-03T14:39:40Z,203842,664200,126832,537368,0,17,3789
2026-09-03T14:40:40Z,203902,667104,126832,540272,0,17,3844
2026-09-03T14:41:40Z,203962,653620,126832,526788,0,17,3812
2026-09-03T14:42:40Z,204022,656520,126832,529688,0,17,3796
2026-09-03T14:43:40Z,204082,659424,126832,532592,0,17,3818
2026-09-03T14:44:41Z,204143,662320,126832,535488,0,17,3855
2026-09-03T14:45:41Z,204203,648832,126832,522000,0,17,3842
2026-09-03T14:46:41Z,204263,651732,126832,524900,0,17,3816
2026-09-03T14:47:41Z,204323,654628,126832,527796,0,17,3810
2026-09-03T14:48:41Z,204383,657528,126832,530696,0,17,3804
2026-09-03T14:49:41Z,204443,660432,126832,533600,0,17,3795
2026-09-03T14:50:41Z,204503,663332,126832,536500,0,17,3831
2026-09-03T14:51:41Z,204563,666232,126832,539400,0,17,3813
2026-09-03T14:52:41Z,204623,652752,126832,525920,0,17,3802
2026-09-03T14:53:41Z,204683,655656,126832,528824,0,17,3799
2026-09-03T14:54:41Z,204743,658556,126832,531724,0,17,3832
2026-09-03T14:55:41Z,204803,661456,126832,534624,0,17,3823
2026-09-03T14:56:41Z,204863,647980,126832,521148,0,17,3814
2026-09-03T14:57:41Z,204923,650888,126832,524060,0,17,3796
2026-09-03T14:58:41Z,204983,653792,126832,526960,0,17,3798
2026-09-03T14:59:42Z,205044,656700,126832,529868,0,17,3806
2026-09-03T15:00:42Z,205104,659600,126832,532768,0,17,3831
2026-09-03T15:01:42Z,205164,662504,126832,535672,0,17,3821
2026-09-03T15:02:42Z,205224,665404,126832,538572,0,17,3821
2026-09-03T15:03:42Z,205284,651920,126832,525088,0,17,3813
2026-09-03T15:04:42Z,205344,654820,126832,527988,0,17,3824
2026-09-03T15:05:42Z,205404,657720,126832,530888,0,17,3819
2026-09-03T15:06:42Z,205464,660624,126832,533792,0,17,3821
2026-09-03T15:07:42Z,205524,647144,126832,520312,0,17,3797
2026-09-03T15:08:42Z,205584,650036,126832,523204,0,17,3790
2026-09-03T15:09:42Z,205644,652940,126832,526108,0,17,3805
2026-09-03T15:10:42Z,205704,655844,126832,529012,0,17,3821
2026-09-03T15:11:42Z,205764,658740,126832,531912,0,17,3799
2026-09-03T15:12:42Z,205824,661644,126832,534812,0,17,3813
2026-09-03T15:13:43Z,205885,664544,126832,537712,0,17,3789
2026-09-03T15:14:43Z,205945,651060,126832,524228,0,17,3851
2026-09-03T15:15:43Z,206005,653952,126832,527124,0,17,3806
2026-09-03T15:16:43Z,206065,656856,126832,530024,0,17,3807
2026-09-03T15:17:43Z,206125,659752,126832,532920,0,17,3800
2026-09-03T15:18:43Z,206185,662648,126832,535816,0,17,3763
2026-09-03T15:19:43Z,206245,649164,126832,522332,0,17,3794
2026-09-03T15:20:43Z,206305,652060,126832,525228,0,17,3774
2026-09-03T15:21:43Z,206365,654960,126832,528128,0,17,3782
2026-09-03T15:22:43Z,206425,657860,126832,531028,0,17,3767
2026-09-03T15:23:43Z,206485,660764,126832,533932,0,17,3820
2026-09-03T15:24:43Z,206545,663664,126832,536832,0,17,3830
2026-09-03T15:25:43Z,206605,666560,126832,539728,0,17,3751
2026-09-03T15:26:44Z,206666,653076,126832,526244,0,17,3770
2026-09-03T15:27:44Z,206726,655972,126832,529140,0,17,3766
2026-09-03T15:28:44Z,206786,658872,126832,532044,0,17,3752
2026-09-03T15:29:44Z,206846,661772,126832,534944,0,17,3751
2026-09-03T15:30:44Z,206906,648288,126832,521460,0,17,3816
2026-09-03T15:31:44Z,206966,651184,126832,524352,0,17,3803
2026-09-03T15:32:44Z,207026,654080,126832,527248,0,17,3808
2026-09-03T15:33:44Z,207086,656980,126832,530148,0,17,3813
2026-09-03T15:34:44Z,207146,659880,126832,533052,0,17,3838
2026-09-03T15:35:44Z,207206,662788,126832,535956,0,17,3835
2026-09-03T15:36:44Z,207266,665684,126832,538852,0,17,3822
2026-09-03T15:37:44Z,207326,652200,126832,525368,0,17,3817
2026-09-03T15:38:45Z,207387,655096,126832,528264,0,17,3783
2026-09-03T15:39:45Z,207447,657996,126832,531164,0,17,3817
2026-09-03T15:40:45Z,207507,660900,126832,534068,0,17,3845
2026-09-03T15:41:45Z,207567,663792,126832,536960,0,17,3796
2026-09-03T15:42:45Z,207627,650308,126832,523476,0,17,3794
2026-09-03T15:43:45Z,207687,653204,126832,526372,0,17,3775
2026-09-03T15:44:45Z,207747,656108,126832,529276,0,17,3834
2026-09-03T15:45:45Z,207807,659012,126832,532180,0,17,3810
2026-09-03T15:46:45Z,207867,661908,126832,535076,0,17,3843
2026-09-03T15:47:45Z,207927,664800,126832,537968,0,17,3794
2026-09-03T15:48:45Z,207987,651328,126832,524496,0,17,3777
2026-09-03T15:49:45Z,208047,654224,126832,527392,0,17,3788
2026-09-03T15:50:45Z,208107,657120,126832,530288,0,17,3836
2026-09-03T15:51:45Z,208167,660020,126832,533188,0,17,3832
2026-09-03T15:52:45Z,208227,662912,126832,536080,0,17,3794
2026-09-03T15:53:46Z,208288,649436,126832,522608,0,17,3814
2026-09-03T15:54:46Z,208348,652332,126832,525500,0,17,3825
2026-09-03T15:55:46Z,208408,655232,126832,528400,0,17,3815
2026-09-03T15:56:46Z,208468,658128,126832,531296,0,17,3825
2026-09-03T15:57:46Z,208528,661028,126832,534196,0,17,3791
2026-09-03T15:58:46Z,208588,663924,126832,537092,0,17,3791
2026-09-03T15:59:46Z,208648,650440,126832,523608,0,17,3775
2026-09-03T16:00:46Z,208708,653340,126832,526508,0,17,3817
2026-09-03T16:01:46Z,208768,656244,126832,529412,0,17,3792
2026-09-03T16:02:46Z,208828,659144,126832,532312,0,17,3784
2026-09-03T16:03:46Z,208888,662040,126832,535208,0,17,3781
2026-09-03T16:04:46Z,208948,648560,126832,521728,0,17,3822
2026-09-03T16:05:46Z,209008,651460,126832,524628,0,17,3814
2026-09-03T16:06:46Z,209068,654364,126832,527532,0,17,3816
2026-09-03T16:07:46Z,209128,657268,126832,530436,0,17,3793
2026-09-03T16:08:46Z,209188,660160,126832,533328,0,17,3792
2026-09-03T16:09:47Z,209249,663064,126832,536232,0,17,3786
2026-09-03T16:10:47Z,209309,665964,126832,539132,0,17,3830
2026-09-03T16:11:47Z,209369,652480,126832,525648,0,17,3805
2026-09-03T16:12:47Z,209429,655380,126832,528548,0,17,3790
2026-09-03T16:13:47Z,209489,658284,126832,531456,0,17,3798
2026-09-03T16:14:47Z,209549,661184,126832,534352,0,17,3818
2026-09-03T16:15:47Z,209609,664080,126832,537248,0,17,3805
2026-09-03T16:16:47Z,209669,650604,126832,523772,0,17,3818
2026-09-03T16:17:47Z,209729,653504,126832,526672,0,17,3791
2026-09-03T16:18:47Z,209789,656408,126832,529576,0,17,3771
2026-09-03T16:19:47Z,209849,659304,126832,532472,0,17,3762
2026-09-03T16:20:47Z,209909,662204,126832,535372,0,17,3789
2026-09-03T16:21:47Z,209969,665104,126832,538272,0,17,3800
2026-09-03T16:22:47Z,210029,651616,126832,524788,0,17,3797
2026-09-03T16:23:47Z,210089,654520,126832,527688,0,17,3770
2026-09-03T16:24:48Z,210150,657416,126832,530584,0,17,3815
2026-09-03T16:25:48Z,210210,660316,126832,533484,0,17,3772
2026-09-03T16:26:48Z,210270,663216,126832,536384,0,17,3763
2026-09-03T16:27:48Z,210330,649736,126832,522904,0,17,3756
2026-09-03T16:28:48Z,210390,652640,126832,525808,0,17,3720
2026-09-03T16:29:48Z,210450,655536,126832,528704,0,17,3733
2026-09-03T16:30:48Z,210510,658440,126832,531612,0,17,3842
2026-09-03T16:31:48Z,210570,661344,126832,534512,0,17,3809
2026-09-03T16:32:48Z,210630,664240,126832,537408,0,17,3799
2026-09-03T16:33:48Z,210690,650760,126832,523928,0,17,3805
2026-09-03T16:34:48Z,210750,653656,126832,526824,0,17,3821
2026-09-03T16:35:48Z,210810,656560,126832,529728,0,17,3812
2026-09-03T16:36:48Z,210870,659456,126832,532624,0,17,3829
2026-09-03T16:37:48Z,210930,662352,126832,535520,0,17,3801
2026-09-03T16:38:48Z,210990,648868,126832,522036,0,17,3798
2026-09-03T16:39:48Z,211050,651764,126832,524936,0,17,3786
2026-09-03T16:40:48Z,211110,654664,126832,527832,0,17,3804
2026-09-03T16:41:49Z,211171,657564,126832,530732,0,17,3809
2026-09-03T16:42:49Z,211231,660468,126832,533636,0,17,3796
2026-09-03T16:43:49Z,211291,663372,126832,536540,0,17,3792
2026-09-03T16:44:49Z,211351,649888,126832,523056,0,17,3816
2026-09-03T16:45:49Z,211411,652792,126832,525960,0,17,3810
2026-09-03T16:46:49Z,211471,655696,126832,528864,0,17,3802
2026-09-03T16:47:49Z,211531,658588,126832,531756,0,17,3776
2026-09-03T16:48:49Z,211591,661484,126832,534652,0,17,3775
2026-09-03T16:49:49Z,211651,664388,126832,537556,0,17,3785
2026-09-03T16:50:49Z,211711,650904,126832,524072,0,17,3816
2026-09-03T16:51:49Z,211771,653804,126832,526972,0,17,3800
2026-09-03T16:52:49Z,211831,656708,126832,529876,0,17,3786
2026-09-03T16:53:49Z,211891,659608,126832,532776,0,17,3782
2026-09-03T16:54:49Z,211951,662504,126832,535672,0,17,3807
2026-09-03T16:55:49Z,212011,665404,126832,538572,0,17,3805
2026-09-03T16:56:50Z,212072,651908,126832,525076,0,17,3789
2026-09-03T16:57:50Z,212132,654812,126832,527980,0,17,3781
2026-09-03T16:58:50Z,212192,657700,126832,530868,0,17,3776
2026-09-03T16:59:50Z,212252,660608,126832,533776,0,17,3781
2026-09-03T17:00:50Z,212312,663508,126832,536676,0,17,3815
2026-09-03T17:01:50Z,212372,650020,126832,523188,0,17,3799
2026-09-03T17:02:50Z,212432,652912,126832,526080,0,17,3794
2026-09-03T17:03:50Z,212492,655812,126832,528980,0,17,3797
2026-09-03T17:04:50Z,212552,658708,126832,531876,0,17,3804
2026-09-03T17:05:50Z,212612,661612,126832,534780,0,17,3819
2026-09-03T17:06:50Z,212672,664516,126832,537684,0,17,3800
2026-09-03T17:07:50Z,212732,651032,126832,524200,0,17,3797
2026-09-03T17:08:50Z,212792,653928,126832,527100,0,17,3806
2026-09-03T17:09:51Z,212853,656828,126832,529996,0,17,3790
2026-09-03T17:10:51Z,212913,659724,126832,532896,0,17,3803
2026-09-03T17:11:51Z,212973,662628,126832,535796,0,17,3793
2026-09-03T17:12:51Z,213033,665524,126832,538696,0,17,3772
2026-09-03T17:13:51Z,213093,652040,126832,525208,0,17,3751
2026-09-03T17:14:51Z,213153,654932,126832,528100,0,17,3825
2026-09-03T17:15:51Z,213213,657832,126832,531000,0,17,3799
2026-09-03T17:16:51Z,213273,660728,126832,533896,0,17,3803
2026-09-03T17:17:51Z,213333,663624,126832,536792,0,17,3804
2026-09-03T17:18:51Z,213393,650140,126832,523308,0,17,3785
2026-09-03T17:19:51Z,213453,653036,126832,526204,0,17,3788
2026-09-03T17:20:51Z,213513,655928,126832,529096,0,17,3798
2026-09-03T17:21:51Z,213573,658828,126832,531996,0,17,3797
2026-09-03T17:22:51Z,213633,661728,126832,534900,0,17,3812
2026-09-03T17:23:51Z,213693,664632,126832,537800,0,17,3783
2026-09-03T17:24:52Z,213754,651148,126832,524316,0,17,3800
2026-09-03T17:25:52Z,213814,654044,126832,527212,0,17,3812
2026-09-03T17:26:52Z,213874,656944,126832,530112,0,17,3824
2026-09-03T17:27:52Z,213934,659840,126832,533008,0,17,3796
2026-09-03T17:28:52Z,213994,662748,126832,535916,0,17,3795
2026-09-03T17:29:52Z,214054,649268,126832,522436,0,17,3776
2026-09-03T17:30:52Z,214114,652172,126832,525340,0,17,3810
2026-09-03T17:31:52Z,214174,655072,126832,528240,0,17,3790
2026-09-03T17:32:52Z,214234,657972,126832,531140,0,17,3784
2026-09-03T17:33:52Z,214294,660868,126832,534036,0,17,3798
2026-09-03T17:34:52Z,214354,663768,126832,536936,0,17,3804
2026-09-03T17:35:52Z,214414,650276,126832,523444,0,17,3809
2026-09-03T17:36:52Z,214474,653168,126832,526336,0,17,3801
2026-09-03T17:37:52Z,214534,656064,126832,529232,0,17,3798
2026-09-03T17:38:53Z,214595,658960,126832,532132,0,17,3772
2026-09-03T17:39:53Z,214655,661856,126832,535024,0,17,3775
2026-09-03T17:40:53Z,214715,664756,126832,537924,0,17,3805
2026-09-03T17:41:53Z,214775,651264,126832,524436,0,17,3808
2026-09-03T17:42:53Z,214835,654164,126832,527332,0,17,3813
2026-09-03T17:43:53Z,214895,657064,126832,530232,0,17,3798
2026-09-03T17:44:53Z,214955,659956,126832,533124,0,17,3814
2026-09-03T17:45:53Z,215015,662856,126832,536024,0,17,3816
2026-09-03T17:46:53Z,215075,665752,126832,538920,0,17,3833
2026-09-03T17:47:53Z,215135,652268,126832,525436,0,17,3802
2026-09-03T17:48:53Z,215195,655168,126832,528336,0,17,3801
2026-09-03T17:49:53Z,215255,658064,126832,531232,0,17,3792
2026-09-03T17:50:53Z,215315,660964,126832,534132,0,17,3814
2026-09-03T17:51:53Z,215375,663860,126832,537028,0,17,3795
2026-09-03T17:52:53Z,215435,650376,126832,523544,0,17,3799
2026-09-03T17:53:53Z,215495,653268,126832,526436,0,17,3794
2026-09-03T17:54:54Z,215556,656164,126832,529332,0,17,3807
2026-09-03T17:55:54Z,215616,659060,126832,532228,0,17,3805
2026-09-03T17:56:54Z,215676,661960,126832,535128,0,17,3803
2026-09-03T17:57:54Z,215736,664864,126832,538032,0,17,3778
2026-09-03T17:58:54Z,215796,651376,126832,524544,0,17,3778
2026-09-03T17:59:54Z,215856,654272,126832,527440,0,17,3769
2026-09-03T18:00:54Z,215916,657176,126832,530344,0,17,3796
2026-09-03T18:01:54Z,215976,660072,126832,533240,0,17,3762
2026-09-03T18:02:54Z,216036,662972,126832,536140,0,17,3763
2026-09-03T18:03:54Z,216096,649488,126832,522656,0,17,3789
2026-09-03T18:04:54Z,216156,652380,126832,525548,0,17,3805
2026-09-03T18:05:54Z,216216,655280,126832,528448,0,17,3802
2026-09-03T18:06:54Z,216276,658176,126832,531344,0,17,3785
2026-09-03T18:07:55Z,216337,661080,126832,534248,0,17,3783
2026-09-03T18:08:55Z,216397,663976,126832,537144,0,17,3754
2026-09-03T18:09:55Z,216457,666872,126832,540040,0,17,3768
2026-09-03T18:10:55Z,216517,653380,126832,526548,0,17,3780
2026-09-03T18:11:55Z,216577,656280,126832,529448,0,17,3762
2026-09-03T18:12:55Z,216637,659176,126832,532348,0,17,3756
2026-09-03T18:13:55Z,216697,662080,126832,535248,0,17,3793
2026-09-03T18:14:55Z,216757,648588,126832,521756,0,17,3807
2026-09-03T18:15:55Z,216817,651488,126832,524656,0,17,3812
2026-09-03T18:16:55Z,216877,654380,126832,527548,0,17,3808
2026-09-03T18:17:55Z,216937,657288,126832,530456,0,17,3790
2026-09-03T18:18:55Z,216997,660188,126832,533356,0,17,3775
2026-09-03T18:19:55Z,217057,663088,126832,536256,0,17,3787
2026-09-03T18:20:55Z,217117,665988,126832,539156,0,17,3789
2026-09-03T18:21:56Z,217178,652504,126832,525672,0,17,3773
2026-09-03T18:22:56Z,217238,655404,126832,528572,0,17,3788
2026-09-03T18:23:56Z,217298,658296,126832,531468,0,17,3796
2026-09-03T18:24:56Z,217358,661196,126832,534364,0,17,3824
2026-09-03T18:25:56Z,217418,664100,126832,537268,0,17,3760
2026-09-03T18:26:56Z,217478,650612,126832,523780,0,17,3739
2026-09-03T18:27:56Z,217538,653508,126832,526676,0,17,3729
2026-09-03T18:28:56Z,217598,656400,126832,529568,0,17,3742
2026-09-03T18:29:56Z,217658,659296,126832,532464,0,17,3731
2026-09-03T18:30:56Z,217718,662200,126832,535368,0,17,3750
2026-09-03T18:31:56Z,217778,665092,126832,538264,0,17,3787
2026-09-03T18:32:56Z,217838,651616,126832,524784,0,17,3801
2026-09-03T18:33:56Z,217898,654516,126832,527684,0,17,3775
2026-09-03T18:34:56Z,217958,657408,126832,530576,0,17,3818
2026-09-03T18:35:57Z,218019,660312,126832,533480,0,17,3815
2026-09-03T18:36:57Z,218079,646824,126832,519996,0,17,3826
2026-09-03T18:37:57Z,218139,649720,126832,522888,0,17,3799
2026-09-03T18:38:57Z,218199,652620,126832,525788,0,17,3786
2026-09-03T18:39:57Z,218259,655520,126832,528688,0,17,3783
2026-09-03T18:40:57Z,218319,658420,126832,531588,0,17,3810
2026-09-03T18:41:57Z,218379,661316,126832,534484,0,17,3793
2026-09-03T18:42:57Z,218439,664220,126832,537388,0,17,3793
2026-09-03T18:43:57Z,218499,650736,126832,523904,0,17,3786
2026-09-03T18:44:57Z,218559,653636,126832,526804,0,17,3833
2026-09-03T18:45:57Z,218619,656532,126832,529700,0,17,3828
2026-09-03T18:46:57Z,218679,659436,126832,532604,0,17,3805
2026-09-03T18:47:57Z,218739,662332,126832,535500,0,17,3783
2026-09-03T18:48:57Z,218799,648848,126832,522020,0,17,3779
2026-09-03T18:49:58Z,218860,651748,126832,524916,0,17,3777
2026-09-03T18:50:58Z,218920,654644,126832,527812,0,17,3834
2026-09-03T18:51:58Z,218980,657548,126832,530716,0,17,3803
2026-09-03T18:52:58Z,219040,660440,126832,533612,0,17,3785
2026-09-03T18:53:58Z,219100,663348,126832,536516,0,17,3790
2026-09-03T18:54:58Z,219160,666244,126832,539412,0,17,3794
2026-09-03T18:55:58Z,219220,652756,126832,525924,0,17,3827
2026-09-03T18:56:58Z,219280,655664,126832,528832,0,17,3808
2026-09-03T18:57:58Z,219340,658564,126832,531732,0,17,3788
2026-09-03T18:58:58Z,219400,661464,126832,534632,0,17,3795
2026-09-03T18:59:58Z,219460,647976,126832,521144,0,17,3759
2026-09-03T19:00:58Z,219520,650880,126832,524048,0,17,3782
2026-09-03T19:01:58Z,219580,653776,126832,526948,0,17,3776
2026-09-03T19:02:58Z,219640,656676,126832,529844,0,17,3783
2026-09-03T19:03:58Z,219700,659576,126832,532744,0,17,3767
2026-09-03T19:04:58Z,219761,662472,126832,535640,0,17,3823
2026-09-03T19:05:59Z,219821,665376,126832,538544,0,17,3795
2026-09-03T19:06:59Z,219881,651888,126832,525056,0,17,3780
2026-09-03T19:07:59Z,219941,654792,126832,527960,0,17,3755
2026-09-03T19:08:59Z,220001,657692,126832,530860,0,17,3769
2026-09-03T19:09:59Z,220061,660592,126832,533760,0,17,3755
2026-09-03T19:10:59Z,220121,647104,126832,520272,0,17,3812
2026-09-03T19:11:59Z,220181,650012,126832,523180,0,17,3772
2026-09-03T19:12:59Z,220241,652904,126832,526072,0,17,3760
2026-09-03T19:13:59Z,220301,655808,126832,528976,0,17,3778
2026-09-03T19:14:59Z,220361,658708,126832,531876,0,17,3828
2026-09-03T19:15:59Z,220421,661608,126832,534776,0,17,3821
2026-09-03T19:16:59Z,220481,664508,126832,537676,0,17,3814
2026-09-03T19:17:59Z,220541,651020,126832,524188,0,17,3792
2026-09-03T19:18:59Z,220601,653916,126832,527084,0,17,3795
2026-09-03T19:20:00Z,220662,656824,126832,529992,0,17,3769
2026-09-03T19:21:00Z,220722,659728,126832,532896,0,17,3797
2026-09-03T19:22:00Z,220782,646240,126832,519408,0,17,3783
2026-09-03T19:23:00Z,220842,649140,126832,522308,0,17,3776
2026-09-03T19:24:00Z,220902,652036,126832,525204,0,17,3795
2026-09-03T19:25:00Z,220962,654936,126832,528104,0,17,3796
2026-09-03T19:26:00Z,221022,657836,126832,531004,0,17,3745
2026-09-03T19:27:00Z,221082,660732,126832,533900,0,17,3734
2026-09-03T19:28:00Z,221142,663628,126832,536796,0,17,3725
2026-09-03T19:29:00Z,221202,666524,126832,539692,0,17,3755
2026-09-03T19:30:00Z,221262,653040,126832,526208,0,17,3749
2026-09-03T19:31:00Z,221322,655940,126832,529108,0,17,3766
2026-09-03T19:32:00Z,221382,658836,126832,532004,0,17,3774
2026-09-03T19:33:00Z,221442,661728,126832,534896,0,17,3758
2026-09-03T19:34:00Z,221502,648244,126832,521412,0,17,3776
2026-09-03T19:35:00Z,221562,651140,126832,524308,0,17,3822
2026-09-03T19:36:01Z,221623,654036,126832,527204,0,17,3827
2026-09-03T19:37:01Z,221683,656932,126832,530100,0,17,3806
2026-09-03T19:38:01Z,221743,659832,126832,533004,0,17,3783
2026-09-03T19:39:01Z,221803,662736,126832,535904,0,17,3786
2026-09-03T19:40:01Z,221863,665636,126832,538804,0,17,3782
2026-09-03T19:41:01Z,221923,652156,126832,525324,0,17,3818
2026-09-03T19:42:01Z,221983,655052,126832,528220,0,17,3789
2026-09-03T19:43:01Z,222043,657952,126832,531120,0,17,3766
2026-09-03T19:44:01Z,222103,660852,126832,534020,0,17,3766
2026-09-03T19:45:01Z,222163,647368,126832,520536,0,17,3796
2026-09-03T19:46:01Z,222223,650272,126832,523440,0,17,3810
2026-09-03T19:47:01Z,222283,653176,126832,526344,0,17,3789
2026-09-03T19:48:01Z,222343,656072,126832,529240,0,17,3777
2026-09-03T19:49:01Z,222403,658972,126832,532140,0,17,3780
2026-09-03T19:50:01Z,222463,661876,126832,535044,0,17,3794
2026-09-03T19:51:01Z,222523,664780,126832,537948,0,17,3812
2026-09-03T19:52:01Z,222583,651292,126832,524460,0,17,3796
2026-09-03T19:53:02Z,222644,654196,126832,527364,0,17,3783
2026-09-03T19:54:02Z,222704,657100,126832,530268,0,17,3776
2026-09-03T19:55:02Z,222764,660004,126832,533172,0,17,3805
2026-09-03T19:56:02Z,222824,646520,126832,519688,0,17,3816
2026-09-03T19:57:02Z,222884,649424,126832,522592,0,17,3791
2026-09-03T19:58:02Z,222944,652328,126832,525496,0,17,3775
2026-09-03T19:59:02Z,223004,655236,126832,528404,0,17,3777
2026-09-03T20:00:02Z,223064,658136,126832,531304,0,17,3782
2026-09-03T20:01:02Z,223124,661040,126832,534208,0,17,3809
2026-09-03T20:02:02Z,223184,663944,126832,537112,0,17,3772
2026-09-03T20:03:02Z,223244,666848,126832,540016,0,17,3751
2026-09-03T20:04:02Z,223304,653372,126832,526540,0,17,3758
2026-09-03T20:05:02Z,223364,656268,126832,529436,0,17,3824
2026-09-03T20:06:02Z,223424,659172,126832,532340,0,17,3799
2026-09-03T20:07:02Z,223484,645692,126832,518860,0,17,3809
2026-09-03T20:08:02Z,223544,648592,126832,521760,0,17,3784
2026-09-03T20:09:02Z,223604,651488,126832,524656,0,17,3776
2026-09-03T20:10:02Z,223664,654392,126832,527560,0,17,3791
2026-09-03T20:11:03Z,223725,657296,126832,530464,0,17,3841
2026-09-03T20:12:03Z,223785,660196,126832,533364,0,17,3785
2026-09-03T20:13:03Z,223845,663096,126832,536264,0,17,3793
2026-09-03T20:14:03Z,223905,665992,126832,539160,0,17,3767
2026-09-03T20:15:03Z,223965,652504,126832,525672,0,17,3824
2026-09-03T20:16:03Z,224025,655404,126832,528572,0,17,3796
2026-09-03T20:17:03Z,224085,658300,126832,531468,0,17,3794
2026-09-03T20:18:03Z,224145,661204,126832,534372,0,17,3795
2026-09-03T20:19:03Z,224205,647728,126832,520896,0,17,3790
2026-09-03T20:20:03Z,224265,650624,126832,523792,0,17,3792
2026-09-03T20:21:03Z,224325,653524,126832,526692,0,17,3807
2026-09-03T20:22:03Z,224385,656432,126832,529600,0,17,3781
2026-09-03T20:23:03Z,224445,659324,126832,532492,0,17,3779
2026-09-03T20:24:03Z,224505,662228,126832,535396,0,17,3771
2026-09-03T20:25:03Z,224565,665124,126832,538292,0,17,3813
2026-09-03T20:26:03Z,224625,668024,126832,541192,0,17,3790
2026-09-03T20:27:03Z,224685,654540,126832,527708,0,17,3773
2026-09-03T20:28:04Z,224746,657440,126832,530608,0,17,3731
2026-09-03T20:29:04Z,224806,660340,126832,533508,0,17,3721
2026-09-03T20:30:04Z,224866,646852,126832,520020,0,17,3744
2026-09-03T20:31:04Z,224926,649756,126832,522924,0,17,3766
2026-09-03T20:32:04Z,224986,652652,126832,525820,0,17,3784
2026-09-03T20:33:04Z,225046,655556,126832,528728,0,17,3780
2026-09-03T20:34:04Z,225106,658456,126832,531624,0,17,3771
2026-09-03T20:35:04Z,225166,661356,126832,534528,0,17,3787
2026-09-03T20:36:04Z,225226,664264,126832,537432,0,17,3811
2026-09-03T20:37:04Z,225286,667164,126832,540332,0,17,3793
2026-09-03T20:38:04Z,225346,653680,126832,526848,0,17,3788
2026-09-03T20:39:04Z,225406,656580,126832,529748,0,17,3775
2026-09-03T20:40:04Z,225466,659472,126832,532640,0,17,3774
2026-09-03T20:41:04Z,225526,645992,126832,519160,0,17,3803
2026-09-03T20:42:04Z,225586,648884,126832,522052,0,17,3779
2026-09-03T20:43:04Z,225646,651784,126832,524952,0,17,3781
2026-09-03T20:44:05Z,225707,654688,126832,527856,0,17,3761
2026-09-03T20:45:05Z,225767,657592,126832,530760,0,17,3809
2026-09-03T20:46:05Z,225827,660488,126832,533660,0,17,3811
2026-09-03T20:47:05Z,225887,663376,126832,536544,0,17,3806
2026-09-03T20:48:05Z,225947,666268,126832,539436,0,17,3798
2026-09-03T20:49:05Z,226007,652780,126832,525948,0,17,3782
2026-09-03T20:50:05Z,226067,655680,126832,528848,0,17,3756
2026-09-03T20:51:05Z,226127,658580,126832,531748,0,17,3805
2026-09-03T20:52:05Z,226187,645092,126832,518260,0,17,3786
2026-09-03T20:53:05Z,226247,647988,126832,521156,0,17,3782
2026-09-03T20:54:05Z,226307,650884,126832,524056,0,17,3769
2026-09-03T20:55:05Z,226367,653788,126832,526956,0,17,3802
2026-09-03T20:56:05Z,226427,656688,126832,529856,0,17,3788
2026-09-03T20:57:05Z,226487,659584,126832,532752,0,17,3788
2026-09-03T20:58:06Z,226548,662480,126832,535648,0,17,3750
2026-09-03T20:59:06Z,226608,665380,126832,538548,0,17,3744
2026-09-03T21:00:06Z,226668,668276,126832,541444,0,17,3751
2026-09-03T21:01:06Z,226728,654792,126832,527960,0,17,3779
2026-09-03T21:02:06Z,226788,657696,126832,530868,0,17,3774
2026-09-03T21:03:06Z,226848,660592,126832,533760,0,17,3776
2026-09-03T21:04:06Z,226908,647100,126832,520268,0,17,3805
2026-09-03T21:05:06Z,226968,650000,126832,523168,0,17,3800
2026-09-03T21:06:06Z,227028,652896,126832,526064,0,17,3822
2026-09-03T21:07:06Z,227088,655792,126832,528960,0,17,3789
2026-09-03T21:08:06Z,227148,658692,126832,531860,0,17,3807
2026-09-03T21:09:06Z,227208,661580,126832,534748,0,17,3788
2026-09-03T21:10:06Z,227268,664476,126832,537644,0,17,3810
2026-09-03T21:11:06Z,227328,667368,126832,540536,0,17,3807
2026-09-03T21:12:07Z,227389,653876,126832,527044,0,17,3803
2026-09-03T21:13:07Z,227449,656776,126832,529944,0,17,3785
2026-09-03T21:14:07Z,227509,659672,126832,532840,0,17,3839
2026-09-03T21:15:07Z,227569,646192,126832,519360,0,17,3806
2026-09-03T21:16:07Z,227629,649092,126832,522260,0,17,3803
2026-09-03T21:17:07Z,227689,651992,126832,525160,0,17,3817
2026-09-03T21:18:07Z,227749,654880,126832,528048,0,17,3804
2026-09-03T21:19:07Z,227809,657780,126832,530948,0,17,3794
2026-09-03T21:20:07Z,227869,660676,126832,533844,0,17,4023
2026-09-03T21:21:07Z,227929,663560,126832,536728,0,17,3939
2026-09-03T21:22:07Z,227989,666452,126832,539620,0,17,3919
2026-09-03T21:23:07Z,228049,652952,126832,526120,0,17,3923
2026-09-03T21:24:08Z,228110,655848,126832,529016,0,17,3953
2026-09-03T21:25:08Z,228170,658744,126832,531912,0,17,3967
2026-09-03T21:26:08Z,228230,645248,126832,518416,0,17,3926
2026-09-03T21:27:08Z,228290,648144,126832,521312,0,17,3911
2026-09-03T21:28:08Z,228350,651040,126832,524208,0,17,3860
2026-09-03T21:29:08Z,228410,653932,126832,527100,0,17,3873
2026-09-03T21:30:08Z,228470,656828,126832,530000,0,17,3908
2026-09-03T21:31:08Z,228530,659728,126832,532896,0,17,3904
2026-09-03T21:32:08Z,228590,662628,126832,535796,0,17,3872
2026-09-03T21:33:08Z,228650,665528,126832,538696,0,17,3868
2026-09-03T21:34:08Z,228710,668420,126832,541592,0,17,3884
2026-09-03T21:35:08Z,228770,654940,126832,528108,0,17,3884
2026-09-03T21:36:08Z,228830,657840,126832,531008,0,17,3890
2026-09-03T21:37:08Z,228890,644352,126832,517520,0,17,3864
2026-09-03T21:38:09Z,228951,647248,126832,520420,0,17,3860
2026-09-03T21:39:09Z,229011,650148,126832,523320,0,17,3854
2026-09-03T21:40:09Z,229071,653048,126832,526216,0,17,3856
2026-09-03T21:41:09Z,229131,655944,126832,529112,0,17,3866
2026-09-03T21:42:09Z,229191,658832,126832,532000,0,17,3866
2026-09-03T21:43:09Z,229251,661728,126832,534896,0,17,3878
2026-09-03T21:44:09Z,229311,664624,126832,537792,0,17,3877
2026-09-03T21:45:09Z,229371,667520,126832,540688,0,17,3877
2026-09-03T21:46:09Z,229431,654040,126832,527212,0,17,3871
2026-09-03T21:47:09Z,229491,656944,126832,530112,0,17,3863
2026-09-03T21:48:09Z,229551,659836,126832,533004,0,17,3857
2026-09-03T21:49:09Z,229611,646348,126832,519520,0,17,3846
2026-09-03T21:50:09Z,229671,649240,126832,522408,0,17,3870
2026-09-03T21:51:09Z,229731,652140,126832,525308,0,17,3883
2026-09-03T21:52:09Z,229791,655028,126832,528196,0,17,3852
2026-09-03T21:53:10Z,229852,657932,126832,531100,0,17,3850
2026-09-03T21:54:10Z,229912,660828,126832,533996,0,17,3860
2026-09-03T21:55:10Z,229972,663724,126832,536892,0,17,3870
2026-09-03T21:56:10Z,230032,666620,126832,539788,0,17,3867
2026-09-03T21:57:10Z,230092,669516,126832,542684,0,17,3860
2026-09-03T21:58:10Z,230152,656032,126832,529200,0,17,3860
2026-09-03T21:59:10Z,230212,658928,126832,532096,0,17,3844
2026-09-03T22:00:10Z,230272,645432,126832,518600,0,17,3891
2026-09-03T22:01:10Z,230332,648332,126832,521500,0,17,3895
2026-09-03T22:02:10Z,230392,651228,126832,524396,0,17,3865
2026-09-03T22:03:10Z,230452,654120,126832,527288,0,17,3842
2026-09-03T22:04:10Z,230512,657016,126832,530184,0,17,3880
2026-09-03T22:05:10Z,230572,659920,126832,533088,0,17,3858
2026-09-03T22:06:11Z,230633,662812,126832,535980,0,17,3879
2026-09-03T22:07:11Z,230693,665708,126832,538876,0,17,3868
2026-09-03T22:08:11Z,230753,668604,126832,541772,0,17,3854
2026-09-03T22:09:11Z,230813,655120,126832,528288,0,17,3844
2026-09-03T22:10:11Z,230873,658012,126832,531180,0,17,3874
2026-09-03T22:11:11Z,230933,644528,126832,517696,0,17,3867
2026-09-03T22:12:11Z,230993,647420,126832,520588,0,17,3857
2026-09-03T22:13:11Z,231053,650316,126832,523484,0,17,3828
2026-09-03T22:14:11Z,231113,653212,126832,526380,0,17,3883
2026-09-03T22:15:11Z,231173,656116,126832,529284,0,17,3862
2026-09-03T22:16:11Z,231233,659008,126832,532176,0,17,3853
2026-09-03T22:17:11Z,231293,661908,126832,535076,0,17,3859
2026-09-03T22:18:11Z,231353,664800,126832,537968,0,17,3834
2026-09-03T22:19:11Z,231413,667692,126832,540864,0,17,3853
2026-09-03T22:20:12Z,231474,654216,126832,527384,0,17,3863
2026-09-03T22:21:12Z,231534,657112,126832,530280,0,17,3844
2026-09-03T22:22:12Z,231594,643628,126832,516796,0,17,3834
2026-09-03T22:23:12Z,231654,646520,126832,519688,0,17,3844
2026-09-03T22:24:12Z,231714,649420,126832,522588,0,17,3863
2026-09-03T22:25:12Z,231774,652316,126832,525484,0,17,3871
2026-09-03T22:26:12Z,231834,655208,126832,528376,0,17,3873
2026-09-03T22:27:12Z,231894,658104,126832,531272,0,17,3866
2026-09-03T22:28:12Z,231954,660996,126832,534164,0,17,3841
2026-09-03T22:29:12Z,232014,663892,126832,537060,0,17,3850
2026-09-03T22:30:12Z,232074,666784,126832,539952,0,17,3873
2026-09-03T22:31:12Z,232134,669676,126832,542844,0,17,3850
2026-09-03T22:32:12Z,232194,656184,126832,529352,0,17,3846
2026-09-03T22:33:12Z,232254,659084,126832,532252,0,17,3833
2026-09-03T22:34:12Z,232314,645596,126832,518764,0,17,3880
2026-09-03T22:35:13Z,232375,648492,126832,521660,0,17,3866
2026-09-03T22:36:13Z,232435,651388,126832,524556,0,17,3863
2026-09-03T22:37:13Z,232495,654284,126832,527452,0,17,3849
2026-09-03T22:38:13Z,232555,657184,126832,530352,0,17,3850
2026-09-03T22:39:13Z,232615,660080,126832,533248,0,17,3841
2026-09-03T22:40:13Z,232675,662980,126832,536148,0,17,3879
2026-09-03T22:41:13Z,232735,665876,126832,539044,0,17,3847
2026-09-03T22:42:13Z,232795,668768,126832,541936,0,17,3843
2026-09-03T22:43:13Z,232855,655288,126832,528456,0,17,3843
2026-09-03T22:44:13Z,232915,658180,126832,531348,0,17,3867
2026-09-03T22:45:13Z,232975,644692,126832,517860,0,17,3870
2026-09-03T22:46:13Z,233035,647584,126832,520752,0,17,3857
2026-09-03T22:47:14Z,233096,650480,126832,523648,0,17,3853
2026-09-03T22:48:14Z,233156,653384,126832,526552,0,17,3821
2026-09-03T22:49:14Z,233216,656276,126832,529444,0,17,3824
2026-09-03T22:50:14Z,233276,659176,126832,532344,0,17,3853
2026-09-03T22:51:14Z,233336,662072,126832,535240,0,17,3842
2026-09-03T22:52:14Z,233396,664968,126832,538136,0,17,3834
2026-09-03T22:53:14Z,233456,667868,126832,541036,0,17,3831
2026-09-03T22:54:14Z,233516,670768,126832,543936,0,17,3858
2026-09-03T22:55:14Z,233576,657280,126832,530448,0,17,3862
2026-09-03T22:56:14Z,233636,643792,126832,516960,0,17,3853
2026-09-03T22:57:14Z,233696,646688,126832,519856,0,17,3829
2026-09-03T22:58:14Z,233756,649584,126832,522752,0,17,3841
2026-09-03T22:59:14Z,233816,652472,126832,525644,0,17,3827
2026-09-03T23:00:15Z,233877,655368,126832,528536,0,17,3862
2026-09-03T23:01:15Z,233937,658260,126832,531428,0,17,3850
2026-09-03T23:02:15Z,233997,661164,126832,534332,0,17,3842
2026-09-03T23:03:15Z,234057,664056,126832,537224,0,17,3830
2026-09-03T23:04:15Z,234117,666956,126832,540124,0,17,3847
2026-09-03T23:05:15Z,234177,669844,126832,543012,0,17,3843
2026-09-03T23:06:15Z,234237,656348,126832,529516,0,17,3844
2026-09-03T23:07:15Z,234297,659244,126832,532412,0,17,3825
2026-09-03T23:08:15Z,234357,645752,126832,518920,0,17,3790
2026-09-03T23:09:15Z,234417,648640,126832,521808,0,17,3794
2026-09-03T23:10:15Z,234477,651536,126832,524704,0,17,3800
2026-09-03T23:11:15Z,234537,654428,126832,527596,0,17,3810
2026-09-03T23:12:15Z,234597,657324,126832,530492,0,17,3779
2026-09-03T23:13:15Z,234657,660220,126832,533388,0,17,3780
2026-09-03T23:14:15Z,234717,663116,126832,536284,0,17,3831
2026-09-03T23:15:16Z,234778,666012,126832,539180,0,17,3827
2026-09-03T23:16:16Z,234838,668904,126832,542072,0,17,3819
2026-09-03T23:17:16Z,234898,655408,126832,528576,0,17,3818
2026-09-03T23:18:16Z,234958,658304,126832,531472,0,17,3807
2026-09-03T23:19:16Z,235018,644820,126832,517988,0,17,3810
2026-09-03T23:20:16Z,235078,647708,126832,520876,0,17,3824
2026-09-03T23:21:16Z,235138,650600,126832,523768,0,17,3832
2026-09-03T23:22:16Z,235198,653496,126832,526664,0,17,3807
2026-09-03T23:23:16Z,235258,656392,126832,529560,0,17,3801
2026-09-03T23:24:16Z,235318,659292,126832,532460,0,17,3830
2026-09-03T23:25:16Z,235378,662184,126832,535352,0,17,3836
2026-09-03T23:26:16Z,235438,665076,126832,538244,0,17,3833
2026-09-03T23:27:17Z,235499,667972,126832,541140,0,17,3817
2026-09-03T23:28:17Z,235559,670864,126832,544036,0,17,3785
2026-09-03T23:29:17Z,235619,657376,126832,530544,0,17,3803
2026-09-03T23:30:17Z,235679,643880,126832,517048,0,17,3810
2026-09-03T23:31:17Z,235739,646768,126832,519936,0,17,3798
2026-09-03T23:32:17Z,235799,649668,126832,522836,0,17,3805
2026-09-03T23:33:17Z,235859,652560,126832,525728,0,17,3814
2026-09-03T23:34:17Z,235919,655456,126832,528624,0,17,3837
2026-09-03T23:35:17Z,235979,658348,126832,531520,0,17,3839
2026-09-03T23:36:17Z,236039,661240,126832,534408,0,17,3834
2026-09-03T23:37:17Z,236099,664136,126832,537304,0,17,3807
2026-09-03T23:38:17Z,236159,667028,126832,540196,0,17,3807
2026-09-03T23:39:18Z,236220,669920,126832,543088,0,17,3802
2026-09-03T23:40:18Z,236280,656428,126832,529596,0,17,3814
2026-09-03T23:41:18Z,236340,642940,126832,516108,0,17,3819
2026-09-03T23:42:18Z,236400,645828,126832,518996,0,17,3794
2026-09-03T23:43:18Z,236460,648720,126832,521888,0,17,3782
2026-09-03T23:44:18Z,236520,651612,126832,524780,0,17,3815
2026-09-03T23:45:18Z,236580,654496,126832,527664,0,17,3818
2026-09-03T23:46:18Z,236640,657388,126832,530556,0,17,3828
2026-09-03T23:47:18Z,236700,660276,126832,533444,0,17,3795
2026-09-03T23:48:18Z,236760,663164,126832,536332,0,17,3766
2026-09-03T23:49:18Z,236820,666056,126832,539224,0,17,3791
2026-09-03T23:50:18Z,236880,668952,126832,542120,0,17,3818
2026-09-03T23:51:18Z,236940,671848,126832,545016,0,17,3813
2026-09-03T23:52:19Z,237001,658352,126832,531520,0,17,3796
2026-09-03T23:53:19Z,237061,644860,126832,518028,0,17,3807
2026-09-03T23:54:19Z,237121,647752,126832,520920,0,17,3813
2026-09-03T23:55:19Z,237181,650640,126832,523808,0,17,3815
2026-09-03T23:56:19Z,237241,653532,126832,526700,0,17,3823
2026-09-03T23:57:19Z,237301,656420,126832,529588,0,17,3795
2026-09-03T23:58:19Z,237361,659308,126832,532480,0,17,3794
2026-09-03T23:59:19Z,237421,662192,126832,535360,0,17,3789
2026-09-04T00:00:19Z,237481,665088,126832,538256,0,17,3813
2026-09-04T00:01:19Z,237541,667980,126832,541148,0,17,3803
2026-09-04T00:02:19Z,237601,670872,126832,544040,0,17,3805
2026-09-04T00:03:19Z,237661,657380,126832,530552,0,17,3806
2026-09-04T00:04:19Z,237721,643888,126832,517056,0,17,3810
2026-09-04T00:05:20Z,237782,646780,126832,519948,0,17,3807
2026-09-04T00:06:20Z,237842,649672,126832,522840,0,17,3821
2026-09-04T00:07:20Z,237902,652568,126832,525736,0,17,3791
2026-09-04T00:08:20Z,237962,655464,126832,528632,0,17,3789
2026-09-04T00:09:20Z,238022,658348,126832,531516,0,17,3774
2026-09-04T00:10:20Z,238082,661240,126832,534412,0,17,3815
2026-09-04T00:11:20Z,238142,664132,126832,537300,0,17,3809
2026-09-04T00:12:20Z,238202,667032,126832,540200,0,17,3775
2026-09-04T00:13:20Z,238262,669928,126832,543096,0,17,3790
2026-09-04T00:14:20Z,238322,656428,126832,529596,0,17,3809
2026-09-04T00:15:20Z,238382,642940,126832,516108,0,17,3821
2026-09-04T00:16:21Z,238443,645832,126832,519000,0,17,3824
2026-09-04T00:17:21Z,238503,648728,126832,521896,0,17,3800
2026-09-04T00:18:21Z,238563,651612,126832,524780,0,17,3791
2026-09-04T00:19:21Z,238623,654504,126832,527672,0,17,3781
2026-09-04T00:20:21Z,238683,657392,126832,530560,0,17,3797
2026-09-04T00:21:21Z,238743,660280,126832,533448,0,17,3822
2026-09-04T00:22:21Z,238803,663168,126832,536336,0,17,3792
2026-09-04T00:23:21Z,238863,666064,126832,539232,0,17,3775
2026-09-04T00:24:21Z,238923,668944,126832,542116,0,17,3789
2026-09-04T00:25:21Z,238983,671844,126832,545012,0,17,3807
2026-09-04T00:26:21Z,239043,641968,126832,515136,0,17,3803
2026-09-04T00:27:21Z,239103,644864,126832,518032,0,17,3793
2026-09-04T00:28:21Z,239163,647760,126832,520928,0,17,3783
2026-09-04T00:29:22Z,239224,650656,126832,523824,0,17,3773
2026-09-04T00:30:22Z,239284,653548,126832,526716,0,17,3815
2026-09-04T00:31:22Z,239344,656432,126832,529600,0,17,3812
2026-09-04T00:32:22Z,239404,659328,126832,532496,0,17,3785
2026-09-04T00:33:22Z,239464,662220,126832,535388,0,17,3778
2026-09-04T00:34:22Z,239524,665112,126832,538280,0,17,3822
2026-09-04T00:35:22Z,239584,668004,126832,541172,0,17,3807
2026-09-04T00:36:22Z,239644,670904,126832,544072,0,17,3776
2026-09-04T00:37:22Z,239704,657412,126832,530580,0,17,3801
2026-09-04T00:38:22Z,239764,643916,126832,517084,0,17,3770
2026-09-04T00:39:22Z,239824,646804,126832,519972,0,17,3777
2026-09-04T00:40:22Z,239884,649692,126832,522864,0,17,3786
2026-09-04T00:41:22Z,239944,652592,126832,525760,0,17,3784
2026-09-04T00:42:23Z,240005,655480,126832,528648,0,17,3750
2026-09-04T00:43:23Z,240065,658368,126832,531536,0,17,3771
2026-09-04T00:44:23Z,240125,661268,126832,534436,0,17,3799
2026-09-04T00:45:23Z,240185,664164,126832,537332,0,17,3775
2026-09-04T00:46:23Z,240245,667060,126832,540228,0,17,3801
2026-09-04T00:47:23Z,240305,669952,126832,543120,0,17,3793
2026-09-04T00:48:23Z,240365,672848,126832,546016,0,17,3776
2026-09-04T00:49:23Z,240425,642968,126832,516140,0,17,3769
2026-09-04T00:50:23Z,240485,645860,126832,519028,0,17,3789
2026-09-04T00:51:23Z,240545,648752,126832,521920,0,17,3787
2026-09-04T00:52:23Z,240605,651644,126832,524812,0,17,3741
2026-09-04T00:53:23Z,240665,654536,126832,527704,0,17,3745
2026-09-04T00:54:23Z,240725,657428,126832,530596,0,17,3797
2026-09-04T00:55:23Z,240785,660320,126832,533492,0,17,3793
2026-09-04T00:56:24Z,240846,663220,126832,536388,0,17,3813
2026-09-04T00:57:24Z,240906,666108,126832,539276,0,17,3764
2026-09-04T00:58:24Z,240966,669000,126832,542168,0,17,3764
2026-09-04T00:59:24Z,241026,671896,126832,545064,0,17,3760
2026-09-04T01:00:24Z,241086,642024,126832,515192,0,17,3778
2026-09-04T01:01:24Z,241146,644920,126832,518088,0,17,3781
2026-09-04T01:02:24Z,241206,647812,126832,520980,0,17,3746
2026-09-04T01:03:24Z,241266,650708,126832,523876,0,17,3762
2026-09-04T01:04:24Z,241326,653600,126832,526772,0,17,3787
2026-09-04T01:05:24Z,241386,656496,126832,529664,0,17,3784
2026-09-04T01:06:24Z,241446,659396,126832,532564,0,17,3804
2026-09-04T01:07:24Z,241506,662288,126832,535456,0,17,3784
2026-09-04T01:08:24Z,241566,665184,126832,538352,0,17,3756
2026-09-04T01:09:25Z,241627,668076,126832,541244,0,17,3767
2026-09-04T01:10:25Z,241687,670968,126832,544136,0,17,3778
2026-09-04T01:11:25Z,241747,673864,126832,547032,0,17,3786
2026-09-04T01:12:25Z,241807,643984,126832,517152,0,17,3750
2026-09-04T01:13:25Z,241867,646880,126832,520048,0,17,3769
2026-09-04T01:14:25Z,241927,649768,126832,522936,0,17,3793
2026-09-04T01:15:25Z,241987,652660,126832,525828,0,17,3764
2026-09-04T01:16:25Z,242047,655556,126832,528724,0,17,3754
2026-09-04T01:17:25Z,242107,658440,126832,531608,0,17,3763
2026-09-04T01:18:25Z,242167,661328,126832,534496,0,17,3755
2026-09-04T01:19:25Z,242227,664224,126832,537392,0,17,3759
2026-09-04T01:20:25Z,242287,667116,126832,540284,0,17,3754
2026-09-04T01:21:25Z,242347,670004,126832,543172,0,17,3780
2026-09-04T01:22:25Z,242407,672892,126832,546060,0,17,3743
2026-09-04T01:23:25Z,242467,643012,126832,516180,0,17,3733
2026-09-04T01:24:26Z,242528,645900,126832,519068,0,17,3778
2026-09-04T01:25:26Z,242588,648796,126832,521964,0,17,3800
2026-09-04T01:26:26Z,242648,651680,126832,524848,0,17,3781
2026-09-04T01:27:26Z,242708,654572,126832,527744,0,17,3769
2026-09-04T01:28:26Z,242768,657468,126832,530636,0,17,3755
2026-09-04T01:29:26Z,242828,660356,126832,533524,0,17,3748
2026-09-04T01:30:26Z,242888,663244,126832,536412,0,17,3773
2026-09-04T01:31:26Z,242948,666136,126832,539304,0,17,3774
2026-09-04T01:32:26Z,243008,669028,126832,542196,0,17,3755
2026-09-04T01:33:26Z,243068,671920,126832,545088,0,17,3758
2026-09-04T01:34:26Z,243128,642048,126832,515216,0,17,3785
2026-09-04T01:35:26Z,243188,644940,126832,518108,0,17,3778
2026-09-04T01:36:27Z,243249,647836,126832,521004,0,17,3783
2026-09-04T01:37:27Z,243309,650724,126832,523892,0,17,3752
2026-09-04T01:38:27Z,243369,653612,126832,526780,0,17,3738
2026-09-04T01:39:27Z,243429,656504,126832,529672,0,17,3755
2026-09-04T01:40:27Z,243489,659392,126832,532560,0,17,3775
2026-09-04T01:41:27Z,243549,662276,126832,535444,0,17,3762
2026-09-04T01:42:27Z,243609,665168,126832,538340,0,17,3730
2026-09-04T01:43:27Z,243669,668064,126832,541232,0,17,3757
2026-09-04T01:44:27Z,243729,670956,126832,544124,0,17,3781
2026-09-04T01:45:27Z,243789,657476,126832,530644,0,17,3783
2026-09-04T01:46:27Z,243849,643976,126832,517144,0,17,3784
2026-09-04T01:47:27Z,243909,646868,126832,520036,0,17,3759
2026-09-04T01:48:27Z,243969,649752,126832,522920,0,17,3772
2026-09-04T01:49:28Z,244030,652640,126832,525808,0,17,3752
2026-09-04T01:50:28Z,244090,655536,126832,528704,0,17,3774
2026-09-04T01:51:28Z,244150,658428,126832,531596,0,17,3765
2026-09-04T01:52:28Z,244210,661320,126832,534488,0,17,3751
2026-09-04T01:53:28Z,244270,664216,126832,537384,0,17,3765
2026-09-04T01:54:28Z,244330,667108,126832,540276,0,17,3788
2026-09-04T01:55:28Z,244390,670000,126832,543168,0,17,3803
2026-09-04T01:56:28Z,244450,656508,126832,529676,0,17,3789
2026-09-04T01:57:28Z,244510,643020,126832,516188,0,17,3776
2026-09-04T01:58:28Z,244570,645904,126832,519072,0,17,3759
2026-09-04T01:59:28Z,244630,648792,126832,521964,0,17,3767
2026-09-04T02:00:28Z,244690,651688,126832,524856,0,17,3796
2026-09-04T02:01:28Z,244750,654580,126832,527748,0,17,3791
2026-09-04T02:02:28Z,244810,657468,126832,530636,0,17,3744
2026-09-04T02:03:29Z,244871,660360,126832,533528,0,17,3733
2026-09-04T02:04:29Z,244931,663248,126832,536416,0,17,3788
2026-09-04T02:05:29Z,244991,666132,126832,539300,0,17,3784
2026-09-04T02:06:29Z,245051,669016,126832,542184,0,17,3789
2026-09-04T02:07:29Z,245111,655520,126832,528688,0,17,3745
2026-09-04T02:08:29Z,245171,642028,126832,515196,0,17,3742
2026-09-04T02:09:29Z,245231,644912,126832,518080,0,17,3740
2026-09-04T02:10:29Z,245291,647800,126832,520968,0,17,3771
2026-09-04T02:11:29Z,245351,650688,126832,523856,0,17,3768
2026-09-04T02:12:29Z,245411,653584,126832,526752,0,17,3752
2026-09-04T02:13:29Z,245471,656472,126832,529640,0,17,3759
2026-09-04T02:14:29Z,245531,659356,126832,532524,0,17,3783
2026-09-04T02:15:29Z,245591,662244,126832,535416,0,17,3775
2026-09-04T02:16:30Z,245652,665136,126832,538308,0,17,3780
2026-09-04T02:17:30Z,245712,668028,126832,541196,0,17,3753
2026-09-04T02:18:30Z,245772,670916,126832,544084,0,17,3744
2026-09-04T02:19:30Z,245832,657424,126832,530592,0,17,3741
2026-09-04T02:20:30Z,245892,643924,126832,517096,0,17,3761
2026-09-04T02:21:30Z,245952,646820,126832,519988,0,17,3760
2026-09-04T02:22:30Z,246012,649708,126832,522876,0,17,3746
2026-09-04T02:23:30Z,246072,652604,126832,525772,0,17,3751
2026-09-04T02:24:30Z,246132,655496,126832,528664,0,17,3771
2026-09-04T02:25:30Z,246192,658384,126832,531552,0,17,3766
2026-09-04T02:26:30Z,246252,661276,126832,534444,0,17,3769
2026-09-04T02:27:30Z,246312,664160,126832,537328,0,17,3728
2026-09-04T02:28:30Z,246372,667044,126832,540216,0,17,3721
2026-09-04T02:29:31Z,246433,669936,126832,543104,0,17,3727
2026-09-04T02:30:31Z,246493,656436,126832,529604,0,17,3745
2026-09-04T02:31:31Z,246553,642944,126832,516112,0,17,3748
2026-09-04T02:32:31Z,246613,645836,126832,519004,0,17,3738
2026-09-04T02:33:31Z,246673,648728,126832,521896,0,17,3750
2026-09-04T02:34:31Z,246733,651616,126832,524788,0,17,3779
2026-09-04T02:35:31Z,246793,654512,126832,527680,0,17,3760
2026-09-04T02:36:31Z,246853,657400,126832,530568,0,17,3781
2026-09-04T02:37:31Z,246913,660296,126832,533464,0,17,3746
2026-09-04T02:38:31Z,246973,663184,126832,536352,0,17,3744
2026-09-04T02:39:31Z,247033,666076,126832,539244,0,17,3748
2026-09-04T02:40:31Z,247093,668968,126832,542136,0,17,3760
2026-09-04T02:41:31Z,247153,655472,126832,528640,0,17,3766
2026-09-04T02:42:32Z,247214,641976,126832,515144,0,17,3719
2026-09-04T02:43:32Z,247274,644868,126832,518040,0,17,3733
2026-09-04T02:44:32Z,247334,647764,126832,520932,0,17,3793
2026-09-04T02:45:32Z,247394,650656,126832,523824,0,17,3778
2026-09-04T02:46:32Z,247454,653548,126832,526716,0,17,3779
2026-09-04T02:47:32Z,247514,656440,126832,529608,0,17,3747
2026-09-04T02:48:32Z,247574,659328,126832,532496,0,17,3748
2026-09-04T02:49:32Z,247634,662216,126832,535384,0,17,3748
2026-09-04T02:50:32Z,247694,665116,126832,538284,0,17,3776
2026-09-04T02:51:32Z,247754,668000,126832,541168,0,17,3785
2026-09-04T02:52:32Z,247814,670888,126832,544056,0,17,3723
2026-09-04T02:53:32Z,247874,657396,126832,530564,0,17,3729
2026-09-04T02:54:33Z,247935,643904,126832,517072,0,17,3762
2026-09-04T02:55:33Z,247995,646800,126832,519968,0,17,3769
2026-09-04T02:56:33Z,248055,649692,126832,522860,0,17,3762
2026-09-04T02:57:33Z,248115,652584,126832,525752,0,17,3773
2026-09-04T02:58:33Z,248175,655472,126832,528640,0,17,3732
2026-09-04T02:59:33Z,248235,658368,126832,531536,0,17,3736
2026-09-04T03:00:33Z,248295,661260,126832,534428,0,17,3772
2026-09-04T03:01:33Z,248355,664152,126832,537320,0,17,3745
2026-09-04T03:02:33Z,248415,667044,126832,540216,0,17,3742
2026-09-04T03:03:33Z,248475,669932,126832,543100,0,17,3738
2026-09-04T03:04:33Z,248535,656436,126832,529604,0,17,3752
2026-09-04T03:05:33Z,248595,642936,126832,516104,0,17,3769
2026-09-04T03:06:33Z,248655,645828,126832,518996,0,17,3758
2026-09-04T03:07:33Z,248715,648716,126832,521888,0,17,3761
2026-09-04T03:08:33Z,248775,651604,126832,524772,0,17,3734
2026-09-04T03:09:34Z,248836,654496,126832,527664,0,17,3742
2026-09-04T03:10:34Z,248896,657388,126832,530556,0,17,3745
2026-09-04T03:11:34Z,248956,660284,126832,533452,0,17,3743
2026-09-04T03:12:34Z,249016,663172,126832,536340,0,17,3714
2026-09-04T03:13:34Z,249076,666064,126832,539232,0,17,3745
2026-09-04T03:14:34Z,249136,668956,126832,542124,0,17,3758
2026-09-04T03:15:34Z,249196,655456,126832,528624,0,17,3769
2026-09-04T03:16:34Z,249256,658344,126832,531512,0,17,3772
2026-09-04T03:17:34Z,249316,644848,126832,518016,0,17,3724
2026-09-04T03:18:34Z,249376,647744,126832,520912,0,17,3714
2026-09-04T03:19:34Z,249436,650632,126832,523800,0,17,3694
2026-09-04T03:20:34Z,249496,653528,126832,526696,0,17,3758
2026-09-04T03:21:34Z,249556,656420,126832,529588,0,17,3763
2026-09-04T03:22:35Z,249617,659312,126832,532484,0,17,3750
2026-09-04T03:23:35Z,249677,662208,126832,535376,0,17,3746
2026-09-04T03:24:35Z,249737,665088,126832,538256,0,17,3751
2026-09-04T03:25:35Z,249797,667976,126832,541148,0,17,3742
2026-09-04T03:26:35Z,249857,654484,126832,527652,0,17,3753
2026-09-04T03:27:35Z,249917,657372,126832,530540,0,17,3743
2026-09-04T03:28:35Z,249977,643880,126832,517048,0,17,3739
2026-09-04T03:29:35Z,250037,646776,126832,519944,0,17,3750
2026-09-04T03:30:35Z,250097,649668,126832,522836,0,17,3752
2026-09-04T03:31:35Z,250157,652556,126832,525724,0,17,3732
2026-09-04T03:32:35Z,250217,655448,126832,528616,0,17,3728
2026-09-04T03:33:35Z,250277,658344,126832,531512,0,17,3733
2026-09-04T03:34:36Z,250338,661232,126832,534400,0,17,3791
2026-09-04T03:35:36Z,250398,664124,126832,537292,0,17,3757
2026-09-04T03:36:36Z,250458,667016,126832,540184,0,17,3763
2026-09-04T03:37:36Z,250518,669904,126832,543072,0,17,3728
2026-09-04T03:38:36Z,250578,656408,126832,529576,0,17,3734
2026-09-04T03:39:36Z,250638,642912,126832,516080,0,17,3712
2026-09-04T03:40:36Z,250698,645808,126832,518976,0,17,3775
2026-09-04T03:41:36Z,250758,648700,126832,521868,0,17,3735
2026-09-04T03:42:36Z,250818,651596,126832,524764,0,17,3720
2026-09-04T03:43:36Z,250878,654488,126832,527656,0,17,3726
2026-09-04T03:44:36Z,250938,657380,126832,530548,0,17,3760
2026-09-04T03:45:36Z,250998,660268,126832,533436,0,17,3755
2026-09-04T03:46:36Z,251058,663164,126832,536332,0,17,3753
2026-09-04T03:47:37Z,251119,666056,126832,539224,0,17,3736
2026-09-04T03:48:37Z,251179,668944,126832,542112,0,17,3728
2026-09-04T03:49:37Z,251239,655452,126832,528620,0,17,3720
2026-09-04T03:50:37Z,251299,658344,126832,531512,0,17,3784
2026-09-04T03:51:37Z,251359,644852,126832,518020,0,17,3739
2026-09-04T03:52:37Z,251419,647752,126832,520920,0,17,3722
2026-09-04T03:53:37Z,251479,650636,126832,523808,0,17,3724
2026-09-04T03:54:37Z,251539,653532,126832,526700,0,17,3767
2026-09-04T03:55:37Z,251599,656428,126832,529596,0,17,3765
2026-09-04T03:56:37Z,251659,659316,126832,532484,0,17,3759
2026-09-04T03:57:37Z,251719,662208,126832,535376,0,17,3752
2026-09-04T03:58:37Z,251779,665100,126832,538268,0,17,3736
2026-09-04T03:59:37Z,251839,667992,126832,541160,0,17,3718
2026-09-04T04:00:37Z,251899,654504,126832,527672,0,17,3748
2026-09-04T04:01:38Z,251960,657396,126832,530564,0,17,3744
2026-09-04T04:02:38Z,252020,643908,126832,517076,0,17,3715
2026-09-04T04:03:38Z,252080,646800,126832,519968,0,17,3720
2026-09-04T04:04:38Z,252140,649696,126832,522864,0,17,3758
2026-09-04T04:05:38Z,252200,652596,126832,525764,0,17,3742
2026-09-04T04:06:38Z,252260,655488,126832,528656,0,17,3753
2026-09-04T04:07:38Z,252320,658384,126832,531552,0,17,3752
2026-09-04T04:08:38Z,252380,661284,126832,534452,0,17,3737
2026-09-04T04:09:38Z,252440,664172,126832,537340,0,17,3724
2026-09-04T04:10:38Z,252500,667060,126832,540228,0,17,3759
2026-09-04T04:11:38Z,252560,669960,126832,543128,0,17,3709
2026-09-04T04:12:38Z,252620,656468,126832,529636,0,17,3715
2026-09-04T04:13:38Z,252680,659356,126832,532524,0,17,3710
2026-09-04T04:14:38Z,252740,645864,126832,519032,0,17,3753
2026-09-04T04:15:39Z,252801,648756,126832,521924,0,17,3776
2026-09-04T04:16:39Z,252861,651648,126832,524816,0,17,3726
2026-09-04T04:17:39Z,252921,654540,126832,527708,0,17,3698
2026-09-04T04:18:39Z,252981,657436,126832,530604,0,17,3718
2026-09-04T04:19:39Z,253041,660328,126832,533496,0,17,3681
2026-09-04T04:20:39Z,253101,663224,126832,536392,0,17,3710
2026-09-04T04:21:39Z,253161,666116,126832,539284,0,17,3722
2026-09-04T04:22:39Z,253221,669004,126832,542172,0,17,3725
2026-09-04T04:23:39Z,253281,655512,126832,528680,0,17,3696
2026-09-04T04:24:39Z,253341,658408,126832,531576,0,17,3737
2026-09-04T04:25:39Z,253401,644920,126832,518088,0,17,3746
2026-09-04T04:26:39Z,253461,647812,126832,520980,0,17,3740
2026-09-04T04:27:39Z,253521,650700,126832,523868,0,17,3705
2026-09-04T04:28:40Z,253582,653588,126832,526760,0,17,3726
2026-09-04T04:29:40Z,253642,656476,126832,529644,0,17,3716
2026-09-04T04:30:40Z,253702,659368,126832,532536,0,17,3756
2026-09-04T04:31:40Z,253762,662264,126832,535432,0,17,3724
2026-09-04T04:32:40Z,253822,665156,126832,538328,0,17,3711
2026-09-04T04:33:40Z,253882,668048,126832,541216,0,17,3730
2026-09-04T04:34:40Z,253942,654560,126832,527728,0,17,3748
2026-09-04T04:35:40Z,254002,657456,126832,530624,0,17,3740
2026-09-04T04:36:40Z,254062,643968,126832,517136,0,17,3729
2026-09-04T04:37:40Z,254122,646856,126832,520024,0,17,3722
2026-09-04T04:38:40Z,254182,649752,126832,522920,0,17,3704
2026-09-04T04:39:40Z,254242,652644,126832,525812,0,17,3697
2026-09-04T04:40:41Z,254303,655548,126844,528704,0,17,3752
2026-09-04T04:41:41Z,254363,658432,126844,531588,0,17,3731
2026-09-04T04:42:41Z,254423,661328,126844,534484,0,17,3728
2026-09-04T04:43:41Z,254483,664216,126844,537372,0,17,3706
2026-09-04T04:44:41Z,254543,667116,126844,540272,0,17,3748
2026-09-04T04:45:41Z,254603,653624,126844,526780,0,17,3745
2026-09-04T04:46:41Z,254663,656516,126844,529672,0,17,3748
2026-09-04T04:47:41Z,254723,659416,126844,532572,0,17,3737
2026-09-04T04:48:41Z,254783,645920,126844,519076,0,17,3710
2026-09-04T04:49:41Z,254843,648808,126844,521964,0,17,3732
2026-09-04T04:50:41Z,254903,651704,126844,524860,0,17,3745
2026-09-04T04:51:41Z,254963,654600,126844,527756,0,17,3712
2026-09-04T04:52:41Z,255023,657492,126844,530648,0,17,3720
2026-09-04T04:53:42Z,255084,660388,126844,533544,0,17,3718
2026-09-04T04:54:42Z,255144,663280,126844,536436,0,17,3755
2026-09-04T04:55:42Z,255204,666180,126844,539336,0,17,3751
2026-09-04T04:56:42Z,255264,669072,126844,542228,0,17,3731
2026-09-04T04:57:42Z,255324,655580,126844,528740,0,17,3717
2026-09-04T04:58:42Z,255384,658472,126844,531628,0,17,3727
2026-09-04T04:59:42Z,255444,644984,126844,518140,0,17,3732
2026-09-04T05:00:42Z,255504,647880,126844,521036,0,17,3748
2026-09-04T05:01:42Z,255564,650772,126844,523928,0,17,3712
2026-09-04T05:02:42Z,255624,653668,126844,526824,0,17,3714
2026-09-04T05:03:42Z,255684,656560,126844,529716,0,17,3700
2026-09-04T05:04:42Z,255744,659456,126844,532612,0,17,3739
2026-09-04T05:05:42Z,255804,662348,126844,535504,0,17,3730
2026-09-04T05:06:42Z,255864,665232,126844,538388,0,17,3744
2026-09-04T05:07:42Z,255924,668128,126844,541284,0,17,3751
2026-09-04T05:08:42Z,255984,654632,126844,527788,0,17,3723
2026-09-04T05:09:43Z,256045,657528,126844,530684,0,17,3715
2026-09-04T05:10:43Z,256105,660424,126844,533584,0,17,3736
2026-09-04T05:11:43Z,256165,646936,126844,520092,0,17,3703
2026-09-04T05:12:43Z,256225,649824,126844,522980,0,17,3688
2026-09-04T05:13:43Z,256285,652728,126844,525884,0,17,3703
2026-09-04T05:14:43Z,256345,655616,126844,528772,0,17,3758
2026-09-04T05:15:43Z,256405,658508,126844,531664,0,17,3724
2026-09-04T05:16:43Z,256465,661400,126844,534556,0,17,3734
2026-09-04T05:17:43Z,256525,664292,126844,537448,0,17,3730
2026-09-04T05:18:43Z,256585,667180,126844,540336,0,17,3734
2026-09-04T05:19:43Z,256645,653696,126844,526852,0,17,3720
2026-09-04T05:20:43Z,256705,656588,126844,529744,0,17,3739
2026-09-04T05:21:43Z,256765,659476,126844,532632,0,17,3716
2026-09-04T05:22:44Z,256826,645980,126844,519136,0,17,3723
2026-09-04T05:23:44Z,256886,648876,126844,522032,0,17,3706
2026-09-04T05:24:44Z,256946,651764,126844,524920,0,17,3751
2026-09-04T05:25:44Z,257006,654660,126844,527816,0,17,3750
2026-09-04T05:26:44Z,257066,657556,126844,530712,0,17,3722
2026-09-04T05:27:44Z,257126,660448,126844,533604,0,17,3715
2026-09-04T05:28:44Z,257186,663336,126844,536492,0,17,3701
2026-09-04T05:29:44Z,257246,666228,126844,539384,0,17,3700
2026-09-04T05:30:44Z,257306,652740,126844,525896,0,17,3734
2026-09-04T05:31:44Z,257366,655632,126844,528788,0,17,3693
2026-09-04T05:32:44Z,257426,658528,126844,531684,0,17,3710
2026-09-04T05:33:44Z,257486,645036,126844,518192,0,17,3700
2026-09-04T05:34:44Z,257546,647932,126844,521088,0,17,3725
2026-09-04T05:35:44Z,257606,650820,126844,523976,0,17,3740
2026-09-04T05:36:44Z,257666,653712,126844,526868,0,17,3733
2026-09-04T05:37:45Z,257727,656604,126844,529760,0,17,3711
2026-09-04T05:38:45Z,257787,659492,126844,532648,0,17,3698
2026-09-04T05:39:45Z,257847,662388,126844,535544,0,17,3711
2026-09-04T05:40:45Z,257907,665284,126844,538440,0,17,3737
2026-09-04T05:41:45Z,257967,668176,126844,541332,0,17,3713
2026-09-04T05:42:45Z,258027,654688,126844,527844,0,17,3708
2026-09-04T05:43:45Z,258087,657576,126844,530736,0,17,3694
2026-09-04T05:44:45Z,258147,660472,126844,533628,0,17,3739
2026-09-04T05:45:45Z,258207,646984,126844,520140,0,17,3734
2026-09-04T05:46:45Z,258267,649876,126844,523032,0,17,3723
2026-09-04T05:47:45Z,258327,652764,126844,525920,0,17,3708
2026-09-04T05:48:45Z,258387,655656,126844,528812,0,17,3715
2026-09-04T05:49:45Z,258447,658552,126844,531708,0,17,3714
2026-09-04T05:50:45Z,258507,661440,126844,534596,0,17,3722
2026-09-04T05:51:45Z,258567,664332,126844,537488,0,17,3721
2026-09-04T05:52:46Z,258628,667228,126844,540384,0,17,3695
2026-09-04T05:53:46Z,258688,653732,126844,526888,0,17,3713
2026-09-04T05:54:46Z,258748,656620,126844,529776,0,17,3725
2026-09-04T05:55:46Z,258808,659508,126844,532664,0,17,3718
2026-09-04T05:56:46Z,258868,646016,126844,519172,0,17,3726
2026-09-04T05:57:46Z,258928,648912,126844,522068,0,17,3701
2026-09-04T05:58:46Z,258988,651804,126844,524960,0,17,3698
2026-09-04T05:59:46Z,259048,654696,126844,527852,0,17,3686
2026-09-04T06:00:46Z,259108,657588,126844,530744,0,17,3735
2026-09-04T06:01:46Z,259168,660484,126844,533640,0,17,3703
2026-09-04T06:02:46Z,259228,663372,126844,536528,0,17,3708
2026-09-04T06:03:46Z,259288,666268,126844,539424,0,17,3678
2026-09-04T06:04:46Z,259348,652780,126844,525936,0,17,3735
2026-09-04T06:05:46Z,259408,655684,126844,528840,0,17,3755
2026-09-04T06:06:46Z,259468,658580,126844,531736,0,17,3715
2026-09-04T06:07:47Z,259529,661460,126844,534616,0,17,3701
2026-09-04T06:08:47Z,259589,647976,126844,521132,0,17,3712
2026-09-04T06:09:47Z,259649,650872,126844,524028,0,17,3713
2026-09-04T06:10:47Z,259709,653776,126844,526932,0,17,3736
2026-09-04T06:11:47Z,259769,656664,126844,529820,0,17,3723
2026-09-04T06:12:47Z,259829,659560,126844,532716,0,17,3718
2026-09-04T06:13:47Z,259889,662456,126844,535616,0,17,3700
2026-09-04T06:14:47Z,259949,665352,126844,538508,0,17,3741
2026-09-04T06:15:47Z,260009,668248,126844,541408,0,17,3742
2026-09-04T06:16:47Z,260069,654760,126844,527916,0,17,3747
2026-09-04T06:17:47Z,260129,657648,126844,530804,0,17,3724
2026-09-04T06:18:47Z,260189,660544,126844,533700,0,17,3701
2026-09-04T06:19:47Z,260249,647052,126844,520208,0,17,3695
2026-09-04T06:20:48Z,260310,649948,126844,523104,0,17,3729
2026-09-04T06:21:48Z,260370,652840,126844,525996,0,17,3693
2026-09-04T06:22:48Z,260430,655736,126844,528892,0,17,3713
2026-09-04T06:23:48Z,260490,658632,126844,531788,0,17,3663
2026-09-04T06:24:48Z,260550,661516,126844,534672,0,17,3729
2026-09-04T06:25:48Z,260610,664416,126844,537572,0,17,3737
2026-09-04T06:26:48Z,260670,667312,126844,540468,0,17,3739
2026-09-04T06:27:48Z,260730,653828,126844,526984,0,17,3712
2026-09-04T06:28:48Z,260790,656724,126844,529880,0,17,3704
2026-09-04T06:29:48Z,260850,659620,126844,532776,0,17,3702
2026-09-04T06:30:48Z,260910,646140,126844,519296,0,17,3717
2026-09-04T06:31:48Z,260970,649040,126844,522196,0,17,3709
2026-09-04T06:32:48Z,261030,651940,126844,525096,0,17,3709
2026-09-04T06:33:49Z,261091,654836,126844,527992,0,17,3689
2026-09-04T06:34:49Z,261151,657732,126844,530888,0,17,3718
2026-09-04T06:35:49Z,261211,660624,126844,533780,0,17,3735
2026-09-04T06:36:49Z,261271,663516,126844,536672,0,17,3733
2026-09-04T06:37:49Z,261331,666412,126844,539568,0,17,3707
2026-09-04T06:38:49Z,261391,652928,126844,526084,0,17,3692
2026-09-04T06:39:49Z,261451,655812,126844,528968,0,17,3706
2026-09-04T06:40:49Z,261511,658708,126844,531864,0,17,3728
2026-09-04T06:41:49Z,261571,661600,126844,534756,0,17,3701
2026-09-04T06:42:49Z,261631,648108,126844,521264,0,17,3687
2026-09-04T06:43:49Z,261691,651004,126844,524160,0,17,3682
2026-09-04T06:44:49Z,261751,653896,126844,527052,0,17,3719
2026-09-04T06:45:49Z,261811,656792,126844,529948,0,17,3722
2026-09-04T06:46:49Z,261871,659692,126844,532848,0,17,3717
2026-09-04T06:47:49Z,261931,662580,126844,535736,0,17,3704
2026-09-04T06:48:50Z,261992,665476,126844,538632,0,17,3693
2026-09-04T06:49:50Z,262052,651984,126844,525140,0,17,3680
2026-09-04T06:50:50Z,262112,654868,126844,528028,0,17,3718
2026-09-04T06:51:50Z,262172,657768,126844,530924,0,17,3688
2026-09-04T06:52:50Z,262232,660660,126844,533816,0,17,3673
2026-09-04T06:53:50Z,262292,647164,126844,520320,0,17,3695
2026-09-04T06:54:50Z,262352,650060,126844,523216,0,17,3726
2026-09-04T06:55:50Z,262412,652948,126844,526108,0,17,3727
2026-09-04T06:56:50Z,262472,655848,126844,529004,0,17,3712
2026-09-04T06:57:50Z,262532,658740,126844,531896,0,17,3691
2026-09-04T06:58:50Z,262592,661632,126844,534788,0,17,3710
2026-09-04T06:59:50Z,262652,664524,126844,537680,0,17,3690
2026-09-04T07:00:50Z,262712,667424,126844,540580,0,17,3725
2026-09-04T07:01:50Z,262772,653932,126844,527088,0,17,3713
2026-09-04T07:02:50Z,262832,656820,126844,529976,0,17,3700
2026-09-04T07:03:50Z,262892,659708,126844,532864,0,17,3696
2026-09-04T07:04:51Z,262953,662604,126844,535760,0,17,3732
2026-09-04T07:05:51Z,263013,649116,126844,522276,0,17,3732
2026-09-04T07:06:51Z,263073,652008,126844,525164,0,17,3723
2026-09-04T07:07:51Z,263133,654908,126844,528064,0,17,3703
2026-09-04T07:08:51Z,263193,657800,126844,530956,0,17,3698
2026-09-04T07:09:51Z,263253,660692,126844,533852,0,17,3686
2026-09-04T07:10:51Z,263313,663592,126844,536748,0,17,3703
2026-09-04T07:11:51Z,263373,666480,126844,539636,0,17,3701
2026-09-04T07:12:51Z,263433,652988,126844,526144,0,17,3677
2026-09-04T07:13:51Z,263493,655876,126844,529032,0,17,3686
2026-09-04T07:14:51Z,263553,658768,126844,531924,0,17,3709
2026-09-04T07:15:51Z,263613,661660,126844,534816,0,17,3705
2026-09-04T07:16:52Z,263674,648168,126844,521324,0,17,3703
2026-09-04T07:17:52Z,263734,651056,126844,524212,0,17,3688
2026-09-04T07:18:52Z,263794,653944,126844,527100,0,17,3669
2026-09-04T07:19:52Z,263854,656840,126844,529996,0,17,3681
2026-09-04T07:20:52Z,263914,659732,126844,532888,0,17,3652
2026-09-04T07:21:52Z,263974,662624,126844,535780,0,17,3643
2026-09-04T07:22:52Z,264034,665516,126844,538672,0,17,3613
2026-09-04T07:23:52Z,264094,652016,126844,525172,0,17,3610
2026-09-04T07:24:52Z,264154,654908,126844,528068,0,17,3650
2026-09-04T07:25:52Z,264214,657796,126844,530956,0,17,3711
2026-09-04T07:26:52Z,264274,660692,126844,533852,0,17,3669
2026-09-04T07:27:52Z,264334,647208,126844,520368,0,17,3678
2026-09-04T07:28:52Z,264394,650096,126844,523252,0,17,3682
2026-09-04T07:29:53Z,264455,652992,126844,526148,0,17,3680
2026-09-04T07:30:53Z,264515,655880,126844,529036,0,17,3686
2026-09-04T07:31:53Z,264575,658768,126844,531928,0,17,3673
2026-09-04T07:32:53Z,264635,661656,126844,534812,0,17,3666
2026-09-04T07:33:53Z,264695,664548,126844,537704,0,17,3671
2026-09-04T07:34:53Z,264755,667440,126844,540596,0,17,3699
2026-09-04T07:35:53Z,264815,653944,126844,527100,0,17,3704
2026-09-04T07:36:53Z,264875,656832,126844,529988,0,17,3689
2026-09-04T07:37:53Z,264935,659724,126844,532880,0,17,3715
2026-09-04T07:38:53Z,264995,662612,126844,535768,0,17,3683
2026-09-04T07:39:53Z,265055,649116,126844,522272,0,17,3679
2026-09-04T07:40:53Z,265115,652004,126844,525160,0,17,3696
2026-09-04T07:41:53Z,265175,654896,126844,528052,0,17,3698
2026-09-04T07:42:53Z,265235,657788,126844,530944,0,17,3693
2026-09-04T07:43:53Z,265295,660680,126844,533836,0,17,3673
2026-09-04T07:44:54Z,265356,663568,126844,536728,0,17,3703
2026-09-04T07:45:54Z,265416,666460,126844,539616,0,17,3709
2026-09-04T07:46:54Z,265476,652968,126844,526124,0,17,3691
2026-09-04T07:47:54Z,265536,655864,126844,529020,0,17,3698
2026-09-04T07:48:54Z,265596,658752,126844,531908,0,17,3650
2026-09-04T07:49:54Z,265656,661640,126844,534796,0,17,3686
2026-09-04T07:50:54Z,265716,648148,126844,521304,0,17,3718
2026-09-04T07:51:54Z,265776,651044,126844,524200,0,17,3680
2026-09-04T07:52:54Z,265836,653940,126844,527096,0,17,3650
2026-09-04T07:53:54Z,265896,656828,126844,529984,0,17,3667
2026-09-04T07:54:54Z,265956,659720,126844,532876,0,17,3694
2026-09-04T07:55:54Z,266016,662616,126844,535772,0,17,3702
2026-09-04T07:56:54Z,266076,665508,126844,538664,0,17,3703
2026-09-04T07:57:55Z,266137,652016,126844,525172,0,17,3689
2026-09-04T07:58:55Z,266197,654912,126844,528068,0,17,3683
2026-09-04T07:59:55Z,266257,657796,126844,530952,0,17,3709
2026-09-04T08:00:55Z,266317,660692,126844,533848,0,17,3732
2026-09-04T08:01:55Z,266377,663584,126844,536740,0,17,3690
2026-09-04T08:02:55Z,266437,650096,126844,523252,0,17,3657
2026-09-04T08:03:55Z,266497,652984,126844,526140,0,17,3682
2026-09-04T08:04:55Z,266557,655880,126844,529036,0,17,3701
2026-09-04T08:05:55Z,266617,658772,126844,531928,0,17,3731
2026-09-04T08:06:55Z,266677,661664,126844,534824,0,17,3696
2026-09-04T08:07:55Z,266737,664556,126844,537712,0,17,3689
2026-09-04T08:08:55Z,266797,651068,126844,524224,0,17,3679
2026-09-04T08:09:55Z,266857,653956,126844,527116,0,17,3701
2026-09-04T08:10:55Z,266917,656856,126844,530012,0,17,3712
2026-09-04T08:11:56Z,266978,659744,126844,532900,0,17,3691
2026-09-04T08:12:56Z,267038,662640,126844,535796,0,17,3693
2026-09-04T08:13:56Z,267098,649148,126844,522304,0,17,3685
2026-09-04T08:14:56Z,267158,652044,126844,525200,0,17,3704
2026-09-04T08:15:56Z,267218,654940,126844,528096,0,17,3706
2026-09-04T08:16:56Z,267278,657836,126844,530992,0,17,3709
2026-09-04T08:17:56Z,267338,660724,126844,533880,0,17,3687
2026-09-04T08:18:56Z,267398,663616,126844,536772,0,17,3683
2026-09-04T08:19:56Z,267458,666512,126844,539668,0,17,3674
2026-09-04T08:20:56Z,267518,653020,126844,526176,0,17,3693
2026-09-04T08:21:56Z,267578,655916,126844,529072,0,17,3697
2026-09-04T08:22:56Z,267638,658808,126844,531964,0,17,3673
2026-09-04T08:23:56Z,267698,661696,126844,534852,0,17,3683
2026-09-04T08:24:56Z,267758,664592,126844,537748,0,17,3709
2026-09-04T08:25:57Z,267819,651100,126844,524256,0,17,3713
2026-09-04T08:26:57Z,267879,653992,126844,527148,0,17,3712
2026-09-04T08:27:57Z,267939,656884,126844,530040,0,17,3689
2026-09-04T08:28:57Z,267999,659772,126844,532928,0,17,3692
2026-09-04T08:29:57Z,268059,662672,126844,535828,0,17,3686
2026-09-04T08:30:57Z,268119,665560,126844,538716,0,17,3708
2026-09-04T08:31:57Z,268179,652068,126844,525224,0,17,3678
2026-09-04T08:32:57Z,268239,654956,126844,528116,0,17,3660
2026-09-04T08:33:57Z,268299,657852,126844,531008,0,17,3687
2026-09-04T08:34:57Z,268359,660748,126844,533904,0,17,3709
2026-09-04T08:35:57Z,268419,663644,126844,536800,0,17,3714
2026-09-04T08:36:57Z,268479,650152,126844,523308,0,17,3691
2026-09-04T08:37:57Z,268539,653044,126844,526200,0,17,3680
2026-09-04T08:38:57Z,268599,655932,126844,529088,0,17,3671
2026-09-04T08:39:58Z,268660,658824,126844,531980,0,17,3676
2026-09-04T08:40:58Z,268720,661720,126844,534876,0,17,3719
2026-09-04T08:41:58Z,268780,664616,126844,537772,0,17,3667
2026-09-04T08:42:58Z,268840,651128,126844,524284,0,17,3668
2026-09-04T08:43:58Z,268900,654016,126844,527172,0,17,3693
2026-09-04T08:44:58Z,268960,656908,126844,530064,0,17,3692
2026-09-04T08:45:58Z,269020,659808,126844,532964,0,17,3703
2026-09-04T08:46:58Z,269080,662696,126844,535852,0,17,3682
2026-09-04T08:47:58Z,269140,649204,126844,522364,0,17,3662
2026-09-04T08:48:58Z,269200,652096,126844,525252,0,17,3656
2026-09-04T08:49:58Z,269260,654996,126844,528152,0,17,3693
2026-09-04T08:50:59Z,269321,657896,126844,531052,0,17,3685
2026-09-04T08:51:59Z,269381,660784,126844,533940,0,17,3678
2026-09-04T08:52:59Z,269441,663672,126844,536828,0,17,3664
2026-09-04T08:53:59Z,269501,650176,126844,523332,0,17,3683
2026-09-04T08:54:59Z,269561,653068,126844,526224,0,17,3682
2026-09-04T08:55:59Z,269621,655964,126844,529120,0,17,3695
2026-09-04T08:56:59Z,269681,658856,126844,532012,0,17,3696
2026-09-04T08:57:59Z,269741,661744,126844,534900,0,17,3676
2026-09-04T08:58:59Z,269801,664640,126844,537796,0,17,3663
2026-09-04T08:59:59Z,269861,651144,126844,524300,0,17,3689
2026-09-04T09:00:59Z,269921,654044,126844,527200,0,17,3711
2026-09-04T09:01:59Z,269981,656928,126844,530084,0,17,3663
2026-09-04T09:02:59Z,270041,659824,126844,532980,0,17,3663
2026-09-04T09:03:59Z,270101,662716,126844,535872,0,17,3681
2026-09-04T09:04:59Z,270161,665604,126844,538760,0,17,3695
2026-09-04T09:06:00Z,270222,652116,126844,525276,0,17,3711
2026-09-04T09:07:00Z,270282,655016,126844,528172,0,17,3686
2026-09-04T09:08:00Z,270342,657900,126844,531056,0,17,3663
2026-09-04T09:09:00Z,270402,660792,126844,533948,0,17,3670
2026-09-04T09:10:00Z,270462,663684,126844,536840,0,17,3678
2026-09-04T09:11:00Z,270522,650188,126844,523344,0,17,3713
2026-09-04T09:12:00Z,270582,653084,126844,526240,0,17,3675
2026-09-04T09:13:00Z,270642,655980,126844,529136,0,17,3692
2026-09-04T09:14:00Z,270702,658872,126844,532028,0,17,3683
2026-09-04T09:15:00Z,270762,661768,126844,534924,0,17,3673
2026-09-04T09:16:00Z,270822,664660,126844,537816,0,17,3696
2026-09-04T09:17:00Z,270882,651168,126844,524324,0,17,3721
2026-09-04T09:18:01Z,270943,654068,126844,527224,0,17,3661
2026-09-04T09:19:01Z,271003,656956,126844,530116,0,17,3662
2026-09-04T09:20:01Z,271063,659852,126844,533008,0,17,3488
2026-09-04T09:21:01Z,271123,662740,126844,535896,0,17,3692
2026-09-04T09:22:01Z,271183,649252,126844,522408,0,17,3670
2026-09-04T09:23:01Z,271243,652144,126844,525300,0,17,3669
2026-09-04T09:24:01Z,271303,655036,126844,528192,0,17,3691
2026-09-04T09:25:01Z,271363,657920,126844,531076,0,17,3681
2026-09-04T09:26:01Z,271423,660816,126844,533972,0,17,3774
2026-09-04T09:27:01Z,271483,663708,126844,536864,0,17,3760
2026-09-04T09:28:01Z,271543,650220,126844,523376,0,17,3738
2026-09-04T09:29:01Z,271603,653112,126844,526268,0,17,3734
2026-09-04T09:30:01Z,271663,656008,126844,529164,0,17,3787
2026-09-04T09:31:01Z,271723,658896,126844,532056,0,17,3766
2026-09-04T09:32:02Z,271784,661796,126844,534952,0,17,3753
2026-09-04T09:33:02Z,271844,648308,126844,521464,0,17,3752
2026-09-04T09:34:02Z,271904,651204,126844,524360,0,17,3771
2026-09-04T09:35:02Z,271964,654104,126844,527260,0,17,3789
2026-09-04T09:36:02Z,272024,657000,126844,530156,0,17,3777
2026-09-04T09:37:02Z,272084,659888,126844,533044,0,17,3760
2026-09-04T09:38:02Z,272144,662776,126844,535932,0,17,3732
2026-09-04T09:39:02Z,272204,649284,126844,522440,0,17,3750
2026-09-04T09:40:02Z,272264,652184,126844,525340,0,17,3773
2026-09-04T09:41:02Z,272324,655080,126844,528236,0,17,3785
2026-09-04T09:42:02Z,272384,657968,126844,531124,0,17,3753
2026-09-04T09:43:02Z,272444,660864,126844,534020,0,17,3746
2026-09-04T09:44:02Z,272504,663756,126844,536912,0,17,3777
2026-09-04T09:45:02Z,272564,650256,126844,523412,0,17,3783
2026-09-04T09:46:03Z,272625,653152,126844,526312,0,17,3788
2026-09-04T09:47:03Z,272685,656052,126844,529208,0,17,3768
2026-09-04T09:48:03Z,272745,658940,126844,532096,0,17,3757
2026-09-04T09:49:03Z,272805,661836,126844,534992,0,17,3752
2026-09-04T09:50:03Z,272865,648352,126844,521508,0,17,3766
2026-09-04T09:51:03Z,272925,651248,126844,524404,0,17,3758
2026-09-04T09:52:03Z,272985,654148,126844,527304,0,17,3768
2026-09-04T09:53:03Z,273045,657040,126844,530196,0,17,3767
2026-09-04T09:54:03Z,273105,659936,126844,533096,0,17,3782
2026-09-04T09:55:03Z,273165,662832,126844,535988,0,17,3786
2026-09-04T09:56:03Z,273225,649344,126844,522500,0,17,3772
2026-09-04T09:57:03Z,273285,652240,126844,525396,0,17,3765
2026-09-04T09:58:03Z,273345,655128,126844,528284,0,17,3775
2026-09-04T09:59:03Z,273405,658024,126844,531180,0,17,3725
2026-09-04T10:00:04Z,273466,660916,126844,534076,0,17,3778
2026-09-04T10:01:04Z,273526,663816,126844,536976,0,17,3787
2026-09-04T10:02:04Z,273586,650328,126844,523484,0,17,3759
2026-09-04T10:03:04Z,273646,653228,126844,526384,0,17,3751
2026-09-04T10:04:04Z,273706,656124,126844,529280,0,17,3778
2026-09-04T10:05:04Z,273766,659016,126844,532172,0,17,3794
2026-09-04T10:06:04Z,273826,661912,126844,535068,0,17,3776
2026-09-04T10:07:04Z,273886,664808,126844,537964,0,17,3764
2026-09-04T10:08:04Z,273946,651316,126844,524472,0,17,3746
2026-09-04T10:09:04Z,274006,654208,126844,527364,0,17,3756
2026-09-04T10:10:04Z,274066,657100,126844,530256,0,17,3782
2026-09-04T10:11:04Z,274126,659996,126844,533152,0,17,3804
2026-09-04T10:12:04Z,274186,662888,126844,536044,0,17,3759
2026-09-04T10:13:04Z,274246,649404,126844,522560,0,17,3771
2026-09-04T10:14:04Z,274306,652296,126844,525452,0,17,3782
2026-09-04T10:15:05Z,274367,655188,126844,528344,0,17,3765
2026-09-04T10:16:05Z,274427,658080,126844,531236,0,17,3780
2026-09-04T10:17:05Z,274487,660976,126844,534132,0,17,3784
2026-09-04T10:18:05Z,274547,663876,126844,537032,0,17,3754
2026-09-04T10:19:05Z,274607,650392,126844,523548,0,17,3789
2026-09-04T10:20:05Z,274667,653292,126844,526448,0,17,3516
2026-09-04T10:21:05Z,274727,656188,126844,529344,0,17,3705
2026-09-04T10:22:05Z,274787,659084,126844,532240,0,17,3678
2026-09-04T10:23:05Z,274847,661980,126844,535136,0,17,3735
2026-09-04T10:24:05Z,274907,648488,126844,521644,0,17,3791
2026-09-04T10:25:05Z,274967,651384,126844,524540,0,17,3780
2026-09-04T10:26:05Z,275027,654288,126844,527444,0,17,3774
2026-09-04T10:27:05Z,275087,657180,126844,530336,0,17,3739
2026-09-04T10:28:05Z,275147,660084,126844,533240,0,17,3737
2026-09-04T10:29:05Z,275207,662980,126844,536136,0,17,3774
2026-09-04T10:30:05Z,275267,649488,126844,522644,0,17,3771
2026-09-04T10:31:05Z,275327,652388,126844,525544,0,17,3791
2026-09-04T10:32:06Z,275388,655288,126844,528444,0,17,3745
2026-09-04T10:33:06Z,275448,658184,126844,531340,0,17,3753
2026-09-04T10:34:06Z,275508,661076,126844,534232,0,17,3748
2026-09-04T10:35:06Z,275568,647592,126844,520748,0,17,3736
2026-09-04T10:36:06Z,275628,650484,126844,523640,0,17,3756
2026-09-04T10:37:06Z,275688,653376,126844,526532,0,17,3728
2026-09-04T10:38:06Z,275748,656276,126844,529432,0,17,3748
2026-09-04T10:39:06Z,275808,659172,126844,532328,0,17,3755
2026-09-04T10:40:06Z,275868,662072,126844,535228,0,17,3752
2026-09-04T10:41:06Z,275928,664968,126844,538124,0,17,3766
2026-09-04T10:42:06Z,275988,651476,126844,524632,0,17,3741
2026-09-04T10:43:06Z,276048,654372,126844,527528,0,17,3741
2026-09-04T10:44:07Z,276109,657264,126844,530420,0,17,3741
2026-09-04T10:45:07Z,276169,660156,126844,533312,0,17,3736
2026-09-04T10:46:07Z,276229,663056,126844,536212,0,17,3767
2026-09-04T10:47:07Z,276289,649560,126844,522716,0,17,3714
2026-09-04T10:48:07Z,276349,652460,126844,525616,0,17,3721
2026-09-04T10:49:07Z,276409,655344,126844,528500,0,17,3731
2026-09-04T10:50:07Z,276469,658236,126844,531392,0,17,3763
2026-09-04T10:51:07Z,276529,661136,126844,534292,0,17,3773
2026-09-04T10:52:07Z,276589,664036,126844,537192,0,17,3759
2026-09-04T10:53:07Z,276649,650540,126844,523700,0,17,3733
2026-09-04T10:54:07Z,276709,653436,126844,526592,0,17,3742
2026-09-04T10:55:07Z,276769,656324,126844,529480,0,17,3735
2026-09-04T10:56:07Z,276829,659220,126844,532376,0,17,3788
2026-09-04T10:57:08Z,276890,662116,126844,535272,0,17,3753
2026-09-04T10:58:08Z,276950,648624,126844,521780,0,17,3738
2026-09-04T10:59:08Z,277010,651520,126844,524676,0,17,3738
2026-09-04T11:00:08Z,277070,654412,126844,527568,0,17,3771
2026-09-04T11:01:08Z,277130,657308,126844,530464,0,17,3767
2026-09-04T11:02:08Z,277190,660204,126844,533360,0,17,3777
2026-09-04T11:03:08Z,277250,663104,126844,536260,0,17,3740
2026-09-04T11:04:08Z,277310,666000,126844,539156,0,17,3743
2026-09-04T11:05:08Z,277370,652512,126844,525668,0,17,3747
2026-09-04T11:06:08Z,277430,655408,126844,528564,0,17,3772
2026-09-04T11:07:08Z,277490,658308,126844,531464,0,17,3736
2026-09-04T11:08:08Z,277550,661196,126844,534356,0,17,3746
2026-09-04T11:09:08Z,277610,647716,126844,520872,0,17,3752
2026-09-04T11:10:08Z,277670,650604,126844,523760,0,17,3782
2026-09-04T11:11:08Z,277730,653500,126844,526656,0,17,3774
2026-09-04T11:12:09Z,277791,656396,126844,529552,0,17,3766
2026-09-04T11:13:09Z,277851,659288,126844,532444,0,17,3738
2026-09-04T11:14:09Z,277911,662180,126844,535336,0,17,3738
2026-09-04T11:15:09Z,277971,665076,126844,538232,0,17,3755
2026-09-04T11:16:09Z,278031,651592,126844,524748,0,17,3764
2026-09-04T11:17:09Z,278091,654484,126844,527640,0,17,3744
2026-09-04T11:18:09Z,278151,657372,126844,530528,0,17,3751
2026-09-04T11:19:09Z,278211,660268,126844,533424,0,17,3729
2026-09-04T11:20:09Z,278271,646772,126844,519928,0,17,3535
2026-09-04T11:21:09Z,278331,649668,126844,522824,0,17,3745
2026-09-04T11:22:09Z,278391,652560,126844,525716,0,17,3751
2026-09-04T11:23:09Z,278451,655448,126844,528604,0,17,3733
2026-09-04T11:24:09Z,278511,658344,126844,531500,0,17,3737
2026-09-04T11:25:09Z,278571,661240,126844,534396,0,17,3735
2026-09-04T11:26:10Z,278632,664132,126844,537288,0,17,3753
2026-09-04T11:27:10Z,278692,650652,126856,523796,0,17,3742
2026-09-04T11:28:10Z,278752,653544,126856,526688,0,17,3743
2026-09-04T11:29:10Z,278812,656432,126856,529576,0,17,3746
2026-09-04T11:30:10Z,278872,659328,126856,532472,0,17,3758
2026-09-04T11:31:10Z,278932,662216,126856,535364,0,17,3764
2026-09-04T11:32:10Z,278992,648732,126856,521876,0,17,3737
2026-09-04T11:33:10Z,279052,651628,126856,524772,0,17,3737
2026-09-04T11:34:10Z,279112,654524,126856,527672,0,17,3725
2026-09-04T11:35:10Z,279172,657416,126856,530560,0,17,3709
2026-09-04T11:36:10Z,279232,660316,126856,533460,0,17,3771
2026-09-04T11:37:10Z,279292,663212,126856,536356,0,17,3738
2026-09-04T11:38:10Z,279352,666112,126856,539256,0,17,3734
2026-09-04T11:39:10Z,279412,652624,126856,525768,0,17,3730
2026-09-04T11:40:10Z,279472,655520,126856,528664,0,17,3770
2026-09-04T11:41:11Z,279533,658412,126856,531556,0,17,3762
2026-09-04T11:42:11Z,279593,661316,126856,534460,0,17,3732
2026-09-04T11:43:11Z,279653,647824,126856,520968,0,17,3750
2026-09-04T11:44:11Z,279713,650728,126856,523872,0,17,3741
2026-09-04T11:45:11Z,279773,653624,126856,526768,0,17,3728
2026-09-04T11:46:11Z,279833,656516,126856,529660,0,17,3776
2026-09-04T11:47:11Z,279893,659412,126856,532556,0,17,3751
2026-09-04T11:48:11Z,279953,662308,126856,535452,0,17,3742
2026-09-04T11:49:11Z,280013,665204,126856,538352,0,17,3737
2026-09-04T11:50:11Z,280073,651716,126856,524860,0,17,3764
2026-09-04T11:51:11Z,280133,654608,126856,527752,0,17,3781
2026-09-04T11:52:11Z,280193,657496,126856,530640,0,17,3745
2026-09-04T11:53:11Z,280253,660392,126856,533536,0,17,3743
2026-09-04T11:54:11Z,280313,646916,126856,520060,0,17,3740
2026-09-04T11:55:12Z,280374,649808,126856,522952,0,17,3732
2026-09-04T11:56:12Z,280434,652708,126856,525852,0,17,3766
2026-09-04T11:57:12Z,280494,655608,126856,528756,0,17,3746
2026-09-04T11:58:12Z,280554,658508,126856,531652,0,17,3722
2026-09-04T11:59:12Z,280614,661404,126856,534548,0,17,3733
2026-09-04T12:00:12Z,280674,664304,126856,537448,0,17,3777
2026-09-04T12:01:12Z,280734,667208,126856,540352,0,17,3761
2026-09-04T12:02:12Z,280794,653724,126856,526868,0,17,3750
2026-09-04T12:03:12Z,280854,656624,126856,529768,0,17,3730
2026-09-04T12:04:12Z,280914,659520,126856,532664,0,17,3732
2026-09-04T12:05:12Z,280974,662420,126856,535564,0,17,3743
2026-09-04T12:06:12Z,281034,648940,126856,522084,0,17,3786
2026-09-04T12:07:12Z,281094,651836,126856,524980,0,17,3729
2026-09-04T12:08:12Z,281154,654732,126856,527876,0,17,3728
2026-09-04T12:09:13Z,281215,657628,126856,530772,0,17,3747
2026-09-04T12:10:13Z,281275,660528,126856,533672,0,17,3794
2026-09-04T12:11:13Z,281335,663424,126856,536568,0,17,3773
2026-09-04T12:12:13Z,281395,666316,126856,539460,0,17,3736
2026-09-04T12:13:13Z,281455,652832,126856,525976,0,17,3721
2026-09-04T12:14:13Z,281515,655728,126856,528872,0,17,3713
2026-09-04T12:15:13Z,281575,658632,126856,531776,0,17,3722
2026-09-04T12:16:13Z,281635,661532,126856,534676,0,17,3746
2026-09-04T12:17:13Z,281695,648044,126856,521188,0,17,3732
2026-09-04T12:18:13Z,281755,650944,126856,524088,0,17,3743
2026-09-04T12:19:13Z,281815,653840,126856,526984,0,17,3731
2026-09-04T12:20:13Z,281875,656740,126856,529884,0,17,3510
2026-09-04T12:21:13Z,281935,659640,126856,532784,0,17,3708
2026-09-04T12:22:14Z,281996,662548,126856,535692,0,17,3697
2026-09-04T12:23:14Z,282056,665444,126856,538588,0,17,3740
2026-09-04T12:24:14Z,282116,651956,126856,525100,0,17,3735
2026-09-04T12:25:14Z,282176,654860,126856,528004,0,17,3737
2026-09-04T12:26:14Z,282236,657756,126856,530900,0,17,3784
2026-09-04T12:27:14Z,282296,660660,126856,533804,0,17,3737
2026-09-04T12:28:14Z,282356,647172,126856,520316,0,17,3714
2026-09-04T12:29:14Z,282416,650068,126856,523212,0,17,3742
2026-09-04T12:30:14Z,282476,652972,126856,526116,0,17,3774
2026-09-04T12:31:14Z,282536,655876,126856,529020,0,17,3761
2026-09-04T12:32:14Z,282596,658776,126856,531920,0,17,3755
2026-09-04T12:33:14Z,282656,661676,126856,534820,0,17,3751
2026-09-04T12:34:14Z,282716,664568,126856,537712,0,17,3745
2026-09-04T12:35:15Z,282777,667476,126856,540620,0,17,3742
2026-09-04T12:36:15Z,282837,653988,126856,527132,0,17,3774
2026-09-04T12:37:15Z,282897,656892,126856,530036,0,17,3730
2026-09-04T12:38:15Z,282957,659796,126856,532940,0,17,3756
2026-09-04T12:39:15Z,283017,646316,126856,519460,0,17,3755
2026-09-04T12:40:15Z,283077,649220,126856,522364,0,17,3777
2026-09-04T12:41:15Z,283137,652116,126856,525260,0,17,3771
2026-09-04T12:42:15Z,283197,655012,126856,528156,0,17,3772
2026-09-04T12:43:15Z,283257,657912,126856,531056,0,17,3762
2026-09-04T12:44:15Z,283317,660812,126856,533956,0,17,3753
2026-09-04T12:45:15Z,283377,663712,126856,536860,0,17,3750
2026-09-04T12:46:15Z,283437,666616,126856,539760,0,17,3779
2026-09-04T12:47:15Z,283497,653132,126856,526280,0,17,3721
2026-09-04T12:48:15Z,283557,656032,126856,529176,0,17,3729
2026-09-04T12:49:15Z,283617,658924,126856,532068,0,17,3716
2026-09-04T12:50:16Z,283678,645440,126856,518584,0,17,3754
2026-09-04T12:51:16Z,283738,648344,126856,521488,0,17,3752
2026-09-04T12:52:16Z,283798,651240,126856,524384,0,17,3743
2026-09-04T12:53:16Z,283858,654140,126856,527284,0,17,3746
2026-09-04T12:54:16Z,283918,657032,126856,530176,0,17,3720
2026-09-04T12:55:16Z,283978,659924,126856,533068,0,17,3753
2026-09-04T12:56:16Z,284038,662824,126856,535968,0,17,3784
2026-09-04T12:57:16Z,284098,665724,126856,538868,0,17,3745
2026-09-04T12:58:16Z,284158,668620,126856,541764,0,17,3730
2026-09-04T12:59:16Z,284218,655128,126856,528272,0,17,3737
2026-09-04T13:00:16Z,284278,658016,126856,531164,0,17,3761
2026-09-04T13:01:16Z,284338,660916,126856,534060,0,17,3751
2026-09-04T13:02:16Z,284398,647436,126856,520580,0,17,3750
2026-09-04T13:03:16Z,284458,650336,126856,523480,0,17,3750
2026-09-04T13:04:16Z,284518,653232,126856,526376,0,17,3743
2026-09-04T13:05:16Z,284578,656124,126856,529268,0,17,3754
2026-09-04T13:06:17Z,284639,659028,126856,532172,0,17,3762
2026-09-04T13:07:17Z,284699,661924,126856,535068,0,17,3732
2026-09-04T13:08:17Z,284759,664820,126856,537968,0,17,3733
2026-09-04T13:09:17Z,284819,667724,126856,540868,0,17,3752
2026-09-04T13:10:17Z,284879,654244,126856,527388,0,17,3769
2026-09-04T13:11:17Z,284939,657144,126856,530288,0,17,3778
2026-09-04T13:12:17Z,284999,660044,126856,533188,0,17,3751
2026-09-04T13:13:17Z,285059,646556,126856,519700,0,17,3724
2026-09-04T13:14:17Z,285119,649448,126856,522596,0,17,3723
2026-09-04T13:15:17Z,285179,652352,126856,525496,0,17,3737
2026-09-04T13:16:17Z,285239,655252,126856,528396,0,17,3785
2026-09-04T13:17:17Z,285299,658152,126856,531296,0,17,3734
2026-09-04T13:18:17Z,285359,661052,126856,534196,0,17,3722
2026-09-04T13:19:17Z,285419,663948,126856,537092,0,17,3733
2026-09-04T13:20:18Z,285480,666848,126856,539992,0,17,3571
2026-09-04T13:21:18Z,285540,653368,126856,526512,0,17,3767
2026-09-04T13:22:18Z,285600,656264,126856,529408,0,17,3757
2026-09-04T13:23:18Z,285660,659164,126856,532308,0,17,3754
2026-09-04T13:24:18Z,285720,645680,126856,518824,0,17,3752
2026-09-04T13:25:18Z,285780,648580,126856,521724,0,17,3760
2026-09-04T13:26:18Z,285840,651480,126856,524624,0,17,3794
2026-09-04T13:27:18Z,285900,654384,126856,527528,0,17,3765
2026-09-04T13:28:18Z,285960,657280,126856,530424,0,17,3746
2026-09-04T13:29:18Z,286020,660176,126856,533320,0,17,3743
2026-09-04T13:30:18Z,286080,663076,126856,536224,0,17,3765
2026-09-04T13:31:18Z,286140,665976,126856,539124,0,17,3796
2026-09-04T13:32:18Z,286200,668876,126856,542020,0,17,3769
2026-09-04T13:33:18Z,286260,655392,126856,528536,0,17,3753
2026-09-04T13:34:18Z,286320,658288,126856,531432,0,17,3750
2026-09-04T13:35:18Z,286380,644804,126856,517948,0,17,3732
2026-09-04T13:36:18Z,286440,647704,126856,520848,0,17,3764
2026-09-04T13:37:19Z,286501,650604,126856,523748,0,17,3730
2026-09-04T13:38:19Z,286561,653496,126856,526640,0,17,3734
2026-09-04T13:39:19Z,286621,656396,126856,529540,0,17,3722
2026-09-04T13:40:19Z,286681,659284,126856,532428,0,17,3754
2026-09-04T13:41:19Z,286741,662184,126856,535328,0,17,3755
2026-09-04T13:42:19Z,286801,665080,126856,538228,0,17,3748
2026-09-04T13:43:19Z,286861,667980,126856,541124,0,17,3734
2026-09-04T13:44:19Z,286921,654500,126856,527644,0,17,3731
2026-09-04T13:45:19Z,286981,657400,126856,530544,0,17,3726
2026-09-04T13:46:19Z,287041,660296,126856,533440,0,17,3764
2026-09-04T13:47:19Z,287101,646804,126856,519948,0,17,3747
2026-09-04T13:48:19Z,287161,649700,126856,522844,0,17,3742
2026-09-04T13:49:19Z,287221,652596,126856,525740,0,17,3739
2026-09-04T13:50:20Z,287282,655496,126856,528640,0,17,3778
2026-09-04T13:51:20Z,287342,658392,126856,531536,0,17,3777
2026-09-04T13:52:20Z,287402,661296,126856,534440,0,17,3744
2026-09-04T13:53:20Z,287462,664188,126856,537332,0,17,3737
2026-09-04T13:54:20Z,287522,667080,126856,540224,0,17,3741
2026-09-04T13:55:20Z,287582,669976,126856,543120,0,17,3752
2026-09-04T13:56:20Z,287642,656492,126856,529636,0,17,3766
2026-09-04T13:57:20Z,287702,659388,126856,532532,0,17,3750
2026-09-04T13:58:20Z,287762,645900,126856,519048,0,17,3750
2026-09-04T13:59:20Z,287822,648796,126856,521940,0,17,3749
2026-09-04T14:00:20Z,287882,651696,126856,524840,0,17,3764
2026-09-04T14:01:20Z,287942,654592,126856,527736,0,17,3766
2026-09-04T14:02:20Z,288002,657492,126856,530636,0,17,3764
2026-09-04T14:03:21Z,288063,660388,126856,533536,0,17,3758
2026-09-04T14:04:21Z,288123,663284,126856,536428,0,17,3741
2026-09-04T14:05:21Z,288183,666184,126856,539328,0,17,3742
2026-09-04T14:06:21Z,288243,669080,126856,542224,0,17,3775
2026-09-04T14:07:21Z,288303,655592,126856,528736,0,17,3736
2026-09-04T14:08:21Z,288363,658484,126856,531628,0,17,3729
2026-09-04T14:09:21Z,288423,645000,126856,518148,0,17,3748
2026-09-04T14:10:21Z,288483,647900,126856,521044,0,17,3775
2026-09-04T14:11:21Z,288543,650800,126856,523944,0,17,3779
2026-09-04T14:12:21Z,288603,653692,126856,526836,0,17,3751
2026-09-04T14:13:21Z,288663,656588,126856,529732,0,17,3722
2026-09-04T14:14:21Z,288723,659484,126856,532628,0,17,3734
2026-09-04T14:15:21Z,288783,662388,126856,535532,0,17,3752
2026-09-04T14:16:21Z,288843,665280,126856,538424,0,17,3724
2026-09-04T14:17:21Z,288903,668180,126856,541324,0,17,3744
2026-09-04T14:18:21Z,288963,654696,126856,527840,0,17,3728
2026-09-04T14:19:21Z,289023,657592,126856,530736,0,17,3724
2026-09-04T14:20:22Z,289084,644108,126856,517252,0,17,3552
2026-09-04T14:21:22Z,289144,647008,126856,520152,0,17,3744
2026-09-04T14:22:22Z,289204,649912,126856,523056,0,17,3759
2026-09-04T14:23:22Z,289264,652808,126856,525956,0,17,3753
2026-09-04T14:24:22Z,289324,655704,126856,528848,0,17,3744
2026-09-04T14:25:22Z,289384,658600,126856,531744,0,17,3745
2026-09-04T14:26:22Z,289444,661496,126856,534644,0,17,3770
2026-09-04T14:27:22Z,289504,664392,126856,537536,0,17,3751
2026-09-04T14:28:22Z,289564,667292,126856,540436,0,17,3736
2026-09-04T14:29:22Z,289624,670188,126856,543336,0,17,3757
2026-09-04T14:30:22Z,289684,656704,126856,529848,0,17,3794
2026-09-04T14:31:22Z,289744,659604,126856,532748,0,17,3777
2026-09-04T14:32:22Z,289804,646116,126856,519264,0,17,3760
2026-09-04T14:33:22Z,289864,649012,126856,522156,0,17,3732
2026-09-04T14:34:23Z,289925,651912,126856,525056,0,17,3738
2026-09-04T14:35:23Z,289985,654804,126856,527948,0,17,3739
2026-09-04T14:36:23Z,290045,657700,126856,530848,0,17,3782
2026-09-04T14:37:23Z,290105,660596,126856,533740,0,17,3746
2026-09-04T14:38:23Z,290165,663492,126856,536636,0,17,3744
2026-09-04T14:39:23Z,290225,666388,126856,539532,0,17,3754
2026-09-04T14:40:23Z,290285,669284,126856,542428,0,17,3772
2026-09-04T14:41:23Z,290345,655808,126856,528952,0,17,3763
2026-09-04T14:42:23Z,290405,658696,126856,531840,0,17,3757
2026-09-04T14:43:23Z,290465,645216,126856,518364,0,17,3745
2026-09-04T14:44:23Z,290525,648112,126856,521256,0,17,3756
2026-09-04T14:45:23Z,290585,651020,126856,524164,0,17,3745
2026-09-04T14:46:23Z,290645,653912,126856,527056,0,17,3763
2026-09-04T14:47:23Z,290705,656808,126856,529952,0,17,3742
2026-09-04T14:48:23Z,290765,659712,126856,532856,0,17,3732
2026-09-04T14:49:24Z,290826,662612,126856,535756,0,17,3754
2026-09-04T14:50:24Z,290886,665508,126856,538652,0,17,3757
2026-09-04T14:51:24Z,290946,668412,126856,541556,0,17,3789
2026-09-04T14:52:24Z,291006,654920,126856,528064,0,17,3758
2026-09-04T14:53:24Z,291066,657824,126856,530968,0,17,3725
2026-09-04T14:54:24Z,291126,644344,126856,517492,0,17,3735
2026-09-04T14:55:24Z,291186,647244,126856,520388,0,17,3733
2026-09-04T14:56:24Z,291246,650136,126856,523280,0,17,3762
2026-09-04T14:57:24Z,291306,653032,126856,526176,0,17,3729
2026-09-04T14:58:24Z,291366,655932,126856,529076,0,17,3725
2026-09-04T14:59:24Z,291426,658820,126856,531964,0,17,3719
2026-09-04T15:00:24Z,291486,661724,126856,534868,0,17,3746
2026-09-04T15:01:24Z,291546,664616,126856,537760,0,17,3750
2026-09-04T15:02:24Z,291606,667520,126856,540664,0,17,3744
2026-09-04T15:03:25Z,291667,670420,126856,543564,0,17,3761
2026-09-04T15:04:25Z,291727,656932,126856,530076,0,17,3725
2026-09-04T15:05:25Z,291787,659832,126856,532976,0,17,3732
2026-09-04T15:06:25Z,291847,646348,126856,519492,0,17,3749
2026-09-04T15:07:25Z,291907,649252,126856,522400,0,17,3745
2026-09-04T15:08:25Z,291967,652152,126856,525296,0,17,3730
2026-09-04T15:09:25Z,292027,655044,126856,528188,0,17,3744
2026-09-04T15:10:25Z,292087,657940,126856,531084,0,17,3756
2026-09-04T15:11:25Z,292147,660832,126856,533976,0,17,3772
2026-09-04T15:12:25Z,292207,663732,126856,536876,0,17,3744
2026-09-04T15:13:25Z,292267,666632,126856,539776,0,17,3711
2026-09-04T15:14:25Z,292327,669528,126856,542676,0,17,3726
2026-09-04T15:15:25Z,292387,656044,126856,529192,0,17,3724
2026-09-04T15:16:26Z,292448,658948,126856,532092,0,17,3766
2026-09-04T15:17:26Z,292508,645460,126856,518604,0,17,3732
2026-09-04T15:18:26Z,292568,648356,126856,521500,0,17,3760
2026-09-04T15:19:26Z,292628,651252,126856,524396,0,17,3739
2026-09-04T15:20:26Z,292688,654144,126856,527288,0,17,3423
2026-09-04T15:21:26Z,292748,657052,126856,530196,0,17,3655
2026-09-04T15:22:26Z,292808,659944,126856,533088,0,17,3655
2026-09-04T15:23:26Z,292868,662840,126856,535984,0,17,3647
2026-09-04T15:24:26Z,292928,665732,126856,538876,0,17,3688
2026-09-04T15:25:26Z,292988,668632,126856,541776,0,17,3689
2026-09-04T15:26:26Z,293048,671528,126856,544672,0,17,3703
2026-09-04T15:27:26Z,293108,658040,126856,531184,0,17,3676
2026-09-04T15:28:26Z,293168,644556,126856,517700,0,17,3689
2026-09-04T15:29:26Z,293228,647448,126856,520592,0,17,3678
2026-09-04T15:30:27Z,293289,650348,126856,523492,0,17,3702
2026-09-04T15:31:27Z,293349,653244,126856,526388,0,17,3712
2026-09-04T15:32:27Z,293409,656132,126856,529276,0,17,3688
2026-09-04T15:33:27Z,293469,659036,126856,532180,0,17,3693
2026-09-04T15:34:27Z,293529,661932,126856,535076,0,17,3670
2026-09-04T15:35:27Z,293589,664828,126856,537972,0,17,3678
2026-09-04T15:36:27Z,293649,667728,126856,540872,0,17,3709
2026-09-04T15:37:27Z,293709,670620,126856,543764,0,17,3690
2026-09-04T15:38:27Z,293769,657136,126856,530280,0,17,3677
2026-09-04T15:39:27Z,293829,643648,126856,516792,0,17,3673
2026-09-04T15:40:27Z,293889,646540,126856,519684,0,17,3698
2026-09-04T15:41:27Z,293949,649436,126856,522584,0,17,3694
2026-09-04T15:42:27Z,294009,652332,126856,525476,0,17,3692
2026-09-04T15:43:27Z,294069,655224,126856,528368,0,17,3674
2026-09-04T15:44:28Z,294130,658120,126856,531264,0,17,3683
2026-09-04T15:45:28Z,294190,661016,126856,534160,0,17,3666
2026-09-04T15:46:28Z,294250,663912,126856,537060,0,17,3708
2026-09-04T15:47:28Z,294310,666812,126856,539956,0,17,3697
2026-09-04T15:48:28Z,294370,669704,126856,542852,0,17,3682
2026-09-04T15:49:28Z,294430,656216,126856,529360,0,17,3694
2026-09-04T15:50:28Z,294490,659112,126856,532256,0,17,3698
2026-09-04T15:51:28Z,294550,645624,126856,518768,0,17,3705
2026-09-04T15:52:28Z,294610,648520,126856,521664,0,17,3696
2026-09-04T15:53:28Z,294670,651416,126856,524560,0,17,3691
2026-09-04T15:54:28Z,294730,654312,126856,527456,0,17,3694
2026-09-04T15:55:28Z,294790,657204,126856,530348,0,17,3742
2026-09-04T15:56:28Z,294850,660104,126856,533248,0,17,3766
2026-09-04T15:57:28Z,294910,662996,126856,536140,0,17,3726
2026-09-04T15:58:28Z,294970,665888,126856,539032,0,17,3730
2026-09-04T15:59:28Z,295030,668788,126856,541932,0,17,3740
2026-09-04T16:00:29Z,295091,671684,126856,544828,0,17,3751
2026-09-04T16:01:29Z,295151,658192,126856,531336,0,17,3788
2026-09-04T16:02:29Z,295211,644704,126856,517852,0,17,3756
2026-09-04T16:03:29Z,295271,647596,126856,520744,0,17,3741
2026-09-04T16:04:29Z,295331,650496,126856,523640,0,17,3746
2026-09-04T16:05:29Z,295391,653392,126856,526536,0,17,3755
2026-09-04T16:06:29Z,295451,656288,126856,529432,0,17,3777
2026-09-04T16:07:29Z,295511,659184,126856,532328,0,17,3731
2026-09-04T16:08:29Z,295571,662080,126856,535228,0,17,3730
2026-09-04T16:09:29Z,295631,664976,126856,538120,0,17,3671
2026-09-04T16:10:29Z,295691,667872,126856,541016,0,17,3760
2026-09-04T16:11:29Z,295751,670768,126856,543912,0,17,3763
2026-09-04T16:12:29Z,295811,657280,126856,530424,0,17,3770
2026-09-04T16:13:29Z,295871,643792,126856,516936,0,17,3723
2026-09-04T16:14:29Z,295931,646688,126856,519832,0,17,3731
2026-09-04T16:15:29Z,295991,649588,126856,522732,0,17,3736
2026-09-04T16:16:30Z,296052,652476,126856,525620,0,17,3776
2026-09-04T16:17:30Z,296112,655368,126856,528512,0,17,3726
2026-09-04T16:18:30Z,296172,658268,126856,531412,0,17,3716
2026-09-04T16:19:30Z,296232,661164,126856,534308,0,17,3726
2026-09-04T16:20:30Z,296292,664064,126856,537208,0,17,3754
2026-09-04T16:21:30Z,296352,666952,126856,540096,0,17,3758
2026-09-04T16:22:30Z,296412,669844,126856,542988,0,17,3727
2026-09-04T16:23:30Z,296472,672744,126856,545888,0,17,3709
2026-09-04T16:24:30Z,296532,642872,126856,516016,0,17,3716
2026-09-04T16:25:30Z,296592,645768,126856,518912,0,17,3720
2026-09-04T16:26:30Z,296652,648664,126856,521808,0,17,3746
2026-09-04T16:27:30Z,296712,651560,126856,524704,0,17,3754
2026-09-04T16:28:30Z,296772,654456,126856,527600,0,17,3752
2026-09-04T16:29:30Z,296832,657352,126856,530496,0,17,3763
2026-09-04T16:30:30Z,296892,660248,126856,533392,0,17,3775
2026-09-04T16:31:31Z,296953,663136,126856,536284,0,17,3755
2026-09-04T16:32:31Z,297013,666036,126856,539180,0,17,3727
2026-09-04T16:33:31Z,297073,668932,126856,542080,0,17,3732
2026-09-04T16:34:31Z,297133,671828,126856,544972,0,17,3770
2026-09-04T16:35:31Z,297193,658336,126856,531480,0,17,3766
2026-09-04T16:36:31Z,297253,644844,126856,517988,0,17,3757
2026-09-04T16:37:31Z,297313,647736,126856,520880,0,17,3738
2026-09-04T16:38:31Z,297373,650636,126856,523780,0,17,3727
2026-09-04T16:39:31Z,297433,653528,126856,526672,0,17,3717
2026-09-04T16:40:31Z,297493,656428,126856,529572,0,17,3751
2026-09-04T16:41:31Z,297553,659320,126856,532464,0,17,3771
2026-09-04T16:42:31Z,297613,662216,126856,535360,0,17,3693
2026-09-04T16:43:31Z,297673,665116,126856,538260,0,17,3724
2026-09-04T16:44:31Z,297733,668008,126856,541152,0,17,3756
2026-09-04T16:45:31Z,297793,670896,126856,544040,0,17,3771
2026-09-04T16:46:31Z,297853,641032,126856,514176,0,17,3750
2026-09-04T16:47:32Z,297914,643924,126856,517068,0,17,3767
2026-09-04T16:48:32Z,297974,646820,126856,519964,0,17,3722
2026-09-04T16:49:32Z,298034,649716,126856,522860,0,17,3727
2026-09-04T16:50:32Z,298094,652612,126856,525756,0,17,3744
2026-09-04T16:51:32Z,298154,655504,126856,528648,0,17,3779
2026-09-04T16:52:32Z,298214,658400,126856,531544,0,17,3725
2026-09-04T16:53:32Z,298274,661292,126856,534436,0,17,3723
2026-09-04T16:54:32Z,298334,664184,126856,537328,0,17,3761
2026-09-04T16:55:32Z,298394,667080,126856,540224,0,17,3743
2026-09-04T16:56:32Z,298454,669976,126856,543120,0,17,3777
2026-09-04T16:57:32Z,298514,656488,126856,529632,0,17,3738
2026-09-04T16:58:32Z,298574,643000,126856,516144,0,17,3752
2026-09-04T16:59:32Z,298634,645888,126856,519036,0,17,3695
2026-09-04T17:00:32Z,298694,648780,126856,521924,0,17,3764
2026-09-04T17:01:33Z,298755,651676,126856,524820,0,17,3770
2026-09-04T17:02:33Z,298815,654568,126856,527712,0,17,3720
2026-09-04T17:03:33Z,298875,657464,126856,530608,0,17,3687
2026-09-04T17:04:33Z,298935,660360,126856,533504,0,17,3742
2026-09-04T17:05:33Z,298995,663252,126856,536396,0,17,3772
2026-09-04T17:06:33Z,299055,666148,126856,539292,0,17,3783
2026-09-04T17:07:33Z,299115,669044,126856,542188,0,17,3733
2026-09-04T17:08:33Z,299175,671944,126856,545088,0,17,3744
2026-09-04T17:09:33Z,299235,642068,126856,515212,0,17,3737
2026-09-04T17:10:33Z,299295,644968,126856,518112,0,17,3762
2026-09-04T17:11:33Z,299355,647868,126856,521012,0,17,3764
2026-09-04T17:12:33Z,299415,650764,126856,523908,0,17,3736
2026-09-04T17:13:34Z,299476,653660,126856,526804,0,17,3743
2026-09-04T17:14:34Z,299536,656552,126856,529700,0,17,3746
2026-09-04T17:15:34Z,299596,659448,126856,532592,0,17,3740
2026-09-04T17:16:34Z,299656,662344,126856,535492,0,17,3762
2026-09-04T17:17:34Z,299716,665244,126856,538388,0,17,3759
2026-09-04T17:18:34Z,299776,668140,126856,541284,0,17,3726
2026-09-04T17:19:34Z,299836,671032,126856,544176,0,17,3743
2026-09-04T17:20:34Z,299896,641164,126856,514308,0,17,3750
2026-09-04T17:21:34Z,299956,644052,126856,517196,0,17,3761
2026-09-04T17:22:34Z,300016,646944,126856,520088,0,17,3749
2026-09-04T17:23:34Z,300076,649844,126856,522988,0,17,3751
2026-09-04T17:24:34Z,300136,652744,126856,525888,0,17,3769
2026-09-04T17:25:35Z,300197,655636,126856,528780,0,17,3765
2026-09-04T17:26:35Z,300257,658528,126856,531672,0,17,3764
2026-09-04T17:27:35Z,300317,661428,126856,534572,0,17,3744
2026-09-04T17:28:35Z,300377,664324,126856,537468,0,17,3723
2026-09-04T17:29:35Z,300437,667216,126856,540360,0,17,3742
2026-09-04T17:30:35Z,300497,670108,126856,543252,0,17,3761
2026-09-04T17:31:35Z,300557,640236,126856,513380,0,17,3742
2026-09-04T17:32:35Z,300617,643136,126856,516280,0,17,3745
2026-09-04T17:33:35Z,300677,646024,126856,519172,0,17,3732
2026-09-04T17:34:35Z,300737,648924,126856,522068,0,17,3741
2026-09-04T17:35:35Z,300797,651820,126856,524964,0,17,3753
2026-09-04T17:36:35Z,300857,654716,126856,527860,0,17,3755
2026-09-04T17:37:35Z,300917,657608,126856,530752,0,17,3734
2026-09-04T17:38:35Z,300977,660504,126856,533648,0,17,3722
2026-09-04T17:39:36Z,301038,663396,126856,536540,0,17,3736
2026-09-04T17:40:36Z,301098,666292,126856,539436,0,17,3749
2026-09-04T17:41:36Z,301158,669192,126856,542336,0,17,3739
2026-09-04T17:42:36Z,301218,672080,126856,545224,0,17,3723
2026-09-04T17:43:36Z,301278,642208,126856,515352,0,17,3724
2026-09-04T17:44:36Z,301338,645096,126856,518240,0,17,3752
2026-09-04T17:45:36Z,301398,648000,126856,521144,0,17,3752
2026-09-04T17:46:36Z,301458,650892,126856,524036,0,17,3744
2026-09-04T17:47:36Z,301518,653788,126856,526932,0,17,3728
2026-09-04T17:48:36Z,301578,656684,126856,529828,0,17,3721
2026-09-04T17:49:36Z,301638,659568,126856,532712,0,17,3734
2026-09-04T17:50:37Z,301699,662468,126856,535612,0,17,3764
2026-09-04T17:51:37Z,301759,665364,126856,538508,0,17,3743
2026-09-04T17:52:37Z,301819,668264,126856,541408,0,17,3728
2026-09-04T17:53:37Z,301879,671152,126856,544300,0,17,3747
2026-09-04T17:54:37Z,301939,641284,126856,514428,0,17,3742
2026-09-04T17:55:37Z,301999,644188,126856,517332,0,17,3756
2026-09-04T17:56:37Z,302059,647084,126856,520228,0,17,3752
2026-09-04T17:57:37Z,302119,649984,126856,523128,0,17,3740
2026-09-04T17:58:37Z,302179,652880,126856,526024,0,17,3741
2026-09-04T17:59:37Z,302239,655776,126856,528920,0,17,3724
2026-09-04T18:00:37Z,302299,658680,126856,531824,0,17,3762
2026-09-04T18:01:37Z,302359,661572,126856,534716,0,17,3739
2026-09-04T18:02:38Z,302420,664476,126856,537620,0,17,3732
2026-09-04T18:03:38Z,302480,667372,126856,540516,0,17,3721
2026-09-04T18:04:38Z,302540,670264,126856,543408,0,17,3743
2026-09-04T18:05:38Z,302600,656780,126856,529924,0,17,3751
2026-09-04T18:06:38Z,302660,643284,126856,516428,0,17,3738
2026-09-04T18:07:38Z,302720,646188,126856,519332,0,17,3729
2026-09-04T18:08:38Z,302780,649088,126856,522232,0,17,3721
2026-09-04T18:09:38Z,302840,651988,126856,525132,0,17,3746
2026-09-04T18:10:38Z,302900,654880,126856,528024,0,17,3738
2026-09-04T18:11:38Z,302960,657776,126856,530924,0,17,3728
2026-09-04T18:12:38Z,303020,660672,126856,533816,0,17,3737
2026-09-04T18:13:38Z,303080,663564,126856,536708,0,17,3714
2026-09-04T18:14:39Z,303141,666456,126856,539600,0,17,3762
2026-09-04T18:15:39Z,303201,669356,126856,542500,0,17,3745
2026-09-04T18:16:39Z,303261,672248,126856,545392,0,17,3756
2026-09-04T18:17:39Z,303321,642376,126856,515520,0,17,3755
2026-09-04T18:18:39Z,303381,645264,126856,518412,0,17,3741
2026-09-04T18:19:39Z,303441,648164,126856,521308,0,17,3749
2026-09-04T18:20:39Z,303501,651056,126856,524200,0,17,3708
2026-09-04T18:21:39Z,303561,653952,126856,527096,0,17,3662
2026-09-04T18:22:39Z,303621,656844,126856,529988,0,17,3666
2026-09-04T18:23:39Z,303681,659744,126856,532888,0,17,3641
2026-09-04T18:24:39Z,303741,662636,126856,535780,0,17,3711
2026-09-04T18:25:39Z,303801,665532,126856,538676,0,17,3704
2026-09-04T18:26:39Z,303861,668424,126856,541568,0,17,3712
2026-09-04T18:27:40Z,303922,671316,126856,544460,0,17,3678
2026-09-04T18:28:40Z,303982,641444,126856,514588,0,17,3656
2026-09-04T18:29:40Z,304042,644340,126856,517484,0,17,3680
2026-09-04T18:30:40Z,304102,647228,126856,520372,0,17,3705
2026-09-04T18:31:40Z,304162,650116,126856,523260,0,17,3670
2026-09-04T18:32:40Z,304222,653016,126856,526160,0,17,3672
2026-09-04T18:33:40Z,304282,655908,126856,529052,0,17,3654
2026-09-04T18:34:40Z,304342,658804,126856,531948,0,17,3689
2026-09-04T18:35:40Z,304402,661696,126856,534840,0,17,3694
2026-09-04T18:36:40Z,304462,664588,126856,537732,0,17,3694
2026-09-04T18:37:40Z,304522,667480,126856,540624,0,17,3672
2026-09-04T18:38:40Z,304582,670380,126856,543524,0,17,3671
2026-09-04T18:39:41Z,304643,656888,126856,530032,0,17,3672
2026-09-04T18:40:41Z,304703,643404,126856,516548,0,17,3676
2026-09-04T18:41:41Z,304763,646300,126856,519444,0,17,3668
2026-09-04T18:42:41Z,304823,649192,126856,522336,0,17,3677
2026-09-04T18:43:41Z,304883,652088,126856,525232,0,17,3666
2026-09-04T18:44:41Z,304943,654980,126856,528124,0,17,3691
2026-09-04T18:45:41Z,305003,657872,126856,531016,0,17,3685
2026-09-04T18:46:41Z,305063,660760,126856,533904,0,17,3683
2026-09-04T18:47:41Z,305123,663652,126856,536796,0,17,3690
2026-09-04T18:48:41Z,305183,666552,126856,539696,0,17,3671
2026-09-04T18:49:41Z,305243,669440,126856,542584,0,17,3657
2026-09-04T18:50:41Z,305303,655944,126856,529088,0,17,3670
2026-09-04T18:51:42Z,305364,642456,126856,515600,0,17,3672
2026-09-04T18:52:42Z,305424,645348,126856,518492,0,17,3672
2026-09-04T18:53:42Z,305484,648244,126856,521388,0,17,3660
2026-09-04T18:54:42Z,305544,651136,126856,524284,0,17,3665
2026-09-04T18:55:42Z,305604,654032,126856,527176,0,17,3695
2026-09-04T18:56:42Z,305664,656928,126856,530072,0,17,3673
2026-09-04T18:57:42Z,305724,659824,126856,532968,0,17,3663
2026-09-04T18:58:42Z,305784,662720,126856,535864,0,17,3665
2026-09-04T18:59:42Z,305844,665604,126856,538752,0,17,3645
2026-09-04T19:00:42Z,305904,668508,126856,541652,0,17,3724
2026-09-04T19:01:42Z,305964,671400,126856,544544,0,17,3699
2026-09-04T19:02:42Z,306024,657912,126856,531056,0,17,3673
2026-09-04T19:03:42Z,306084,644424,126856,517568,0,17,3656
2026-09-04T19:04:42Z,306144,647316,126856,520460,0,17,3700
2026-09-04T19:05:43Z,306205,650212,126856,523356,0,17,3701
2026-09-04T19:06:43Z,306265,653104,126856,526248,0,17,3689
2026-09-04T19:07:43Z,306325,656000,126856,529144,0,17,3689
2026-09-04T19:08:43Z,306385,658888,126856,532032,0,17,3665
2026-09-04T19:09:43Z,306445,661788,126856,534932,0,17,3667
2026-09-04T19:10:43Z,306505,664680,126856,537824,0,17,3696
2026-09-04T19:11:43Z,306565,667580,126856,540724,0,17,3679
2026-09-04T19:12:43Z,306625,670484,126856,543628,0,17,3654
2026-09-04T19:13:43Z,306685,656996,126856,530140,0,17,3662
2026-09-04T19:14:43Z,306745,643508,126856,516652,0,17,3691
2026-09-04T19:15:43Z,306805,646404,126856,519548,0,17,3700
2026-09-04T19:16:43Z,306865,649300,126856,522444,0,17,3679
2026-09-04T19:17:44Z,306926,652196,126856,525340,0,17,3684
2026-09-04T19:18:44Z,306986,655096,126856,528240,0,17,3662
2026-09-04T19:19:44Z,307046,657996,126856,531140,0,17,3670
2026-09-04T19:20:44Z,307106,660884,126856,534028,0,17,3703
2026-09-04T19:21:44Z,307166,663780,126856,536924,0,17,3671
2026-09-04T19:22:44Z,307226,666668,126856,539812,0,17,3685
2026-09-04T19:23:44Z,307286,669568,126856,542712,0,17,3666
2026-09-04T19:24:44Z,307346,656084,126856,529228,0,17,3686
2026-09-04T19:25:44Z,307406,642600,126856,515744,0,17,3699
2026-09-04T19:26:44Z,307466,645500,126856,518644,0,17,3683
2026-09-04T19:27:44Z,307526,648392,126856,521536,0,17,3679
2026-09-04T19:28:44Z,307586,651288,126856,524432,0,17,3668
2026-09-04T19:29:45Z,307647,654184,126856,527328,0,17,3672
2026-09-04T19:30:45Z,307707,657084,126856,530228,0,17,3684
2026-09-04T19:31:45Z,307767,659980,126856,533124,0,17,3682
2026-09-04T19:32:45Z,307827,662880,126856,536028,0,17,3670
2026-09-04T19:33:45Z,307887,665780,126856,538924,0,17,3651
2026-09-04T19:34:45Z,307947,668676,126856,541820,0,17,3714
2026-09-04T19:35:45Z,308007,655184,126856,528328,0,17,3684
2026-09-04T19:36:45Z,308067,658084,126856,531228,0,17,3675
2026-09-04T19:37:45Z,308127,644588,126856,517732,0,17,3667
2026-09-04T19:38:45Z,308187,647488,126856,520632,0,17,3661
2026-09-04T19:39:45Z,308247,650376,126856,523520,0,17,3680
2026-09-04T19:40:45Z,308307,653280,126856,526424,0,17,3689
2026-09-04T19:41:46Z,308368,656168,126856,529312,0,17,3679
2026-09-04T19:42:46Z,308428,659064,126856,532208,0,17,3662
2026-09-04T19:43:46Z,308488,661960,126856,535104,0,17,3668
2026-09-04T19:44:46Z,308548,664860,126856,538004,0,17,3674
2026-09-04T19:45:46Z,308608,667756,126856,540900,0,17,3701
2026-09-04T19:46:46Z,308668,670652,126856,543796,0,17,3687
2026-09-04T19:47:46Z,308728,657160,126856,530304,0,17,3658
2026-09-04T19:48:46Z,308788,643676,126856,516820,0,17,3668
2026-09-04T19:49:46Z,308848,646568,126856,519712,0,17,3666
2026-09-04T19:50:46Z,308908,649468,126856,522612,0,17,3696
2026-09-04T19:51:46Z,308968,652356,126856,525500,0,17,3665
2026-09-04T19:52:46Z,309028,655248,126856,528392,0,17,3635
2026-09-04T19:53:46Z,309088,658140,126856,531288,0,17,3645
2026-09-04T19:54:47Z,309149,661036,126856,534180,0,17,3704
2026-09-04T19:55:47Z,309209,663932,126856,537076,0,17,3695
2026-09-04T19:56:47Z,309269,666824,126856,539968,0,17,3681
2026-09-04T19:57:47Z,309329,669720,126856,542864,0,17,3676
2026-09-04T19:58:47Z,309389,656232,126856,529376,0,17,3666
2026-09-04T19:59:47Z,309449,659128,126856,532272,0,17,3669
2026-09-04T20:00:47Z,309509,645636,126856,518780,0,17,3714
2026-09-04T20:01:47Z,309569,648536,126856,521680,0,17,3668
2026-09-04T20:02:47Z,309629,651432,126856,524576,0,17,3663
2026-09-04T20:03:47Z,309689,654328,126856,527472,0,17,3647
2026-09-04T20:04:47Z,309749,657220,126856,530364,0,17,3691
2026-09-04T20:05:47Z,309809,660116,126856,533260,0,17,3697
2026-09-04T20:06:48Z,309870,663016,126856,536160,0,17,3680
2026-09-04T20:07:48Z,309930,665916,126856,539060,0,17,3673
2026-09-04T20:08:48Z,309990,668812,126856,541956,0,17,3649
2026-09-04T20:09:48Z,310050,655328,126856,528472,0,17,3656
2026-09-04T20:10:48Z,310110,658228,126856,531372,0,17,3672
2026-09-04T20:11:48Z,310170,644744,126856,517888,0,17,3683
2026-09-04T20:12:48Z,310230,647640,126856,520784,0,17,3664
2026-09-04T20:13:48Z,310290,650532,126856,523676,0,17,3656
2026-09-04T20:14:48Z,310350,653432,126856,526576,0,17,3686
2026-09-04T20:15:48Z,310410,656332,126856,529476,0,17,3683
2026-09-04T20:16:48Z,310470,659232,126856,532376,0,17,3676
2026-09-04T20:17:48Z,310530,662132,126856,535276,0,17,3666
2026-09-04T20:18:49Z,310591,665032,126856,538176,0,17,3670
2026-09-04T20:19:49Z,310651,667932,126856,541076,0,17,3656
2026-09-04T20:20:49Z,310711,654444,126856,527588,0,17,3762
2026-09-04T20:21:49Z,310771,657340,126856,530484,0,17,3724
2026-09-04T20:22:49Z,310831,643856,126856,517000,0,17,3742
2026-09-04T20:23:49Z,310891,646756,126856,519900,0,17,3735
2026-09-04T20:24:49Z,310951,649644,126856,522788,0,17,3763
2026-09-04T20:25:49Z,311011,652544,126856,525688,0,17,3761
2026-09-04T20:26:49Z,311071,655440,126856,528584,0,17,3743
2026-09-04T20:27:49Z,311131,658332,126856,531480,0,17,3742
2026-09-04T20:28:49Z,311191,661228,126856,534372,0,17,3716
2026-09-04T20:29:49Z,311251,664128,126856,537272,0,17,3697
2026-09-04T20:30:49Z,311311,667028,126856,540172,0,17,3740
2026-09-04T20:31:50Z,311372,669920,126856,543064,0,17,3723
2026-09-04T20:32:50Z,311432,656428,126856,529572,0,17,3723
2026-09-04T20:33:50Z,311492,659324,126856,532468,0,17,3717
2026-09-04T20:34:50Z,311552,645828,126856,518972,0,17,3740
2026-09-04T20:35:50Z,311612,648728,126856,521872,0,17,3745
2026-09-04T20:36:50Z,311672,651620,126856,524764,0,17,3720
2026-09-04T20:37:50Z,311732,654512,126856,527656,0,17,3715
2026-09-04T20:38:50Z,311792,657404,126856,530548,0,17,3701
2026-09-04T20:39:50Z,311852,660292,126856,533436,0,17,3724
2026-09-04T20:40:50Z,311912,663192,126856,536336,0,17,3761
2026-09-04T20:41:50Z,311972,666088,126856,539236,0,17,3709
2026-09-04T20:42:50Z,312032,668992,126856,542136,0,17,3686
2026-09-04T20:43:50Z,312092,655496,126856,528644,0,17,3711
2026-09-04T20:44:51Z,312153,658396,126856,531540,0,17,3747
2026-09-04T20:45:51Z,312213,644904,126856,518048,0,17,3749
2026-09-04T20:46:51Z,312273,647800,126856,520948,0,17,3745
2026-09-04T20:47:51Z,312333,650696,126856,523840,0,17,3694
2026-09-04T20:48:51Z,312393,653588,126856,526732,0,17,3697
2026-09-04T20:49:51Z,312453,656484,126856,529628,0,17,3707
2026-09-04T20:50:51Z,312513,659380,126856,532524,0,17,3742
2026-09-04T20:51:51Z,312573,662272,126856,535416,0,17,3722
2026-09-04T20:52:51Z,312633,665160,126856,538304,0,17,3700
2026-09-04T20:53:51Z,312693,668056,126856,541200,0,17,3725
2026-09-04T20:54:51Z,312753,654564,126856,527708,0,17,3735
2026-09-04T20:55:52Z,312814,657456,126856,530600,0,17,3736
2026-09-04T20:56:52Z,312874,660352,126856,533496,0,17,3733
2026-09-04T20:57:52Z,312934,646864,126856,520008,0,17,3727
2026-09-04T20:58:52Z,312994,649760,126856,522904,0,17,3700
2026-09-04T20:59:52Z,313054,652648,126856,525792,0,17,3715
2026-09-04T21:00:52Z,313114,655544,126856,528688,0,17,3736
2026-09-04T21:01:52Z,313174,658432,126856,531576,0,17,3707
2026-09-04T21:02:52Z,313234,661324,126856,534468,0,17,3704
2026-09-04T21:03:52Z,313294,664212,126856,537356,0,17,3707
2026-09-04T21:04:52Z,313354,667108,126856,540252,0,17,3764
2026-09-04T21:05:52Z,313414,653616,126856,526760,0,17,3741
2026-09-04T21:06:52Z,313474,656508,126856,529652,0,17,3728
2026-09-04T21:07:52Z,313534,659404,126856,532548,0,17,3694
2026-09-04T21:08:53Z,313595,645916,126856,519060,0,17,3708
2026-09-04T21:09:53Z,313655,648804,126856,521948,0,17,3721
2026-09-04T21:10:53Z,313715,651700,126856,524844,0,17,3728
2026-09-04T21:11:53Z,313775,654592,126856,527736,0,17,3716
2026-09-04T21:12:53Z,313835,657488,126856,530632,0,17,3712
2026-09-04T21:13:53Z,313895,660376,126856,533520,0,17,3718
2026-09-04T21:14:53Z,313955,663264,126856,536412,0,17,3723
2026-09-04T21:15:53Z,314015,666164,126856,539308,0,17,3682
2026-09-04T21:16:53Z,314075,669052,126856,542196,0,17,3696
2026-09-04T21:17:53Z,314135,655560,126856,528704,0,17,3691
2026-09-04T21:18:53Z,314195,658452,126856,531596,0,17,3711
2026-09-04T21:19:53Z,314255,644964,126856,518108,0,17,3714
2026-09-04T21:20:53Z,314315,647860,126856,521004,0,17,3699
2026-09-04T21:21:53Z,314375,650752,126856,523896,0,17,3699
2026-09-04T21:22:54Z,314436,653652,126856,526796,0,17,3710
2026-09-04T21:23:54Z,314496,656544,126856,529688,0,17,3690
2026-09-04T21:24:54Z,314556,659444,126856,532588,0,17,3686
2026-09-04T21:25:54Z,314616,662336,126856,535480,0,17,3721
2026-09-04T21:26:54Z,314676,665232,126856,538376,0,17,3700
2026-09-04T21:27:54Z,314736,668128,126856,541272,0,17,3673
2026-09-04T21:28:54Z,314796,654640,126856,527784,0,17,3693
2026-09-04T21:29:54Z,314856,657532,126856,530676,0,17,3719
2026-09-04T21:30:54Z,314916,660428,126856,533572,0,17,3707
2026-09-04T21:31:54Z,314976,646936,126856,520080,0,17,3716
2026-09-04T21:32:54Z,315036,649832,126856,522976,0,17,3719
2026-09-04T21:33:54Z,315096,652720,126856,525864,0,17,3702
2026-09-04T21:34:54Z,315156,655616,126856,528760,0,17,3706
2026-09-04T21:35:55Z,315217,658516,126856,531660,0,17,3739
2026-09-04T21:36:55Z,315277,661408,126856,534556,0,17,3716
2026-09-04T21:37:55Z,315337,664304,126856,537448,0,17,3710
2026-09-04T21:38:55Z,315397,667196,126856,540340,0,17,3701
2026-09-04T21:39:55Z,315457,653704,126856,526848,0,17,3713
2026-09-04T21:40:55Z,315517,656600,126856,529744,0,17,3731
2026-09-04T21:41:55Z,315577,659488,126856,532632,0,17,3717
2026-09-04T21:42:55Z,315637,645996,126856,519140,0,17,3699
2026-09-04T21:43:55Z,315697,648884,126856,522028,0,17,3705
2026-09-04T21:44:55Z,315757,651772,126856,524920,0,17,3690
2026-09-04T21:45:55Z,315817,654668,126856,527812,0,17,3721
2026-09-04T21:46:55Z,315877,657552,126856,530700,0,17,3709
2026-09-04T21:47:55Z,315937,660452,126856,533596,0,17,3716
2026-09-04T21:48:55Z,315997,663340,126856,536484,0,17,3713
2026-09-04T21:49:56Z,316058,666232,126856,539376,0,17,3725
2026-09-04T21:50:56Z,316118,669124,126856,542268,0,17,3744
2026-09-04T21:51:56Z,316178,655628,126856,528772,0,17,3720
2026-09-04T21:52:56Z,316238,658520,126856,531664,0,17,3717
2026-09-04T21:53:56Z,316298,661412,126856,534556,0,17,3698
2026-09-04T21:54:56Z,316358,647920,126856,521064,0,17,3705
2026-09-04T21:55:56Z,316418,650812,126856,523956,0,17,3730
2026-09-04T21:56:56Z,316478,653692,126856,526836,0,17,3707
2026-09-04T21:57:56Z,316538,656580,126856,529724,0,17,3699
2026-09-04T21:58:56Z,316598,659472,126856,532616,0,17,3701
2026-09-04T21:59:56Z,316658,662360,126856,535504,0,17,3695
2026-09-04T22:00:56Z,316718,665252,126856,538400,0,17,3677
2026-09-04T22:01:56Z,316778,668144,126856,541288,0,17,3666
2026-09-04T22:02:57Z,316839,654648,126856,527792,0,17,3637
2026-09-04T22:03:57Z,316899,657540,126856,530688,0,17,3664
2026-09-04T22:04:57Z,316959,660428,126856,533572,0,17,3581
2026-09-04T22:05:57Z,317019,646936,126856,520080,0,17,3655
2026-09-04T22:06:57Z,317079,649828,126856,522972,0,17,3645
2026-09-04T22:07:57Z,317139,652724,126856,525868,0,17,3662
2026-09-04T22:08:57Z,317199,655620,126856,528764,0,17,3684
2026-09-04T22:09:57Z,317259,658508,126856,531652,0,17,3699
2026-09-04T22:10:57Z,317319,661424,126872,534552,0,17,3710
2026-09-04T22:11:57Z,317379,664304,126872,537432,0,17,3697
2026-09-04T22:12:57Z,317439,667192,126872,540320,0,17,3689
2026-09-04T22:13:58Z,317500,653704,126872,526832,0,17,3703
2026-09-04T22:14:58Z,317560,656588,126872,529716,0,17,3706
2026-09-04T22:15:58Z,317620,659484,126872,532612,0,17,3716
2026-09-04T22:16:58Z,317680,662372,126872,535500,0,17,3717
2026-09-04T22:17:58Z,317740,648880,126872,522008,0,17,3701
2026-09-04T22:18:58Z,317800,651768,126872,524896,0,17,3694
2026-09-04T22:19:58Z,317860,654664,126872,527792,0,17,3692
2026-09-04T22:20:58Z,317920,657556,126872,530684,0,17,3691
2026-09-04T22:21:58Z,317980,660440,126872,533572,0,17,3700
2026-09-04T22:22:58Z,318040,663332,126872,536464,0,17,3683
2026-09-04T22:23:58Z,318100,666228,126872,539356,0,17,3694
2026-09-04T22:24:59Z,318161,652736,126872,525864,0,17,3684
2026-09-04T22:25:59Z,318221,655628,126872,528756,0,17,3736
2026-09-04T22:26:59Z,318281,658512,126872,531640,0,17,3689
2026-09-04T22:27:59Z,318341,661400,126872,534528,0,17,3678
2026-09-04T22:28:59Z,318401,647908,126872,521036,0,17,3677
2026-09-04T22:29:59Z,318461,650800,126872,523928,0,17,3724
2026-09-04T22:30:59Z,318521,653692,126872,526820,0,17,3730
2026-09-04T22:31:59Z,318581,656584,126872,529712,0,17,3693
2026-09-04T22:32:59Z,318641,659476,126872,532604,0,17,3676
2026-09-04T22:33:59Z,318701,662364,126872,535492,0,17,3696
2026-09-04T22:34:59Z,318761,665260,126872,538388,0,17,3703
2026-09-04T22:35:59Z,318821,668152,126872,541280,0,17,3723
2026-09-04T22:36:59Z,318881,654656,126872,527784,0,17,3685
2026-09-04T22:38:00Z,318942,657548,126872,530676,0,17,3677
2026-09-04T22:39:00Z,319002,660440,126872,533568,0,17,3662
2026-09-04T22:40:00Z,319062,646952,126872,520080,0,17,3690
2026-09-04T22:41:00Z,319122,649836,126872,522964,0,17,3692
2026-09-04T22:42:00Z,319182,652724,126872,525852,0,17,3643
2026-09-04T22:43:00Z,319242,655616,126872,528744,0,17,3640
2026-09-04T22:44:00Z,319302,658504,126872,531632,0,17,3705
2026-09-04T22:45:00Z,319362,661396,126872,534524,0,17,3723
2026-09-04T22:46:00Z,319422,664284,126872,537412,0,17,3722
2026-09-04T22:47:00Z,319482,667176,126872,540304,0,17,3719
2026-09-04T22:48:00Z,319542,653684,126872,526812,0,17,3683
2026-09-04T22:49:00Z,319602,656560,126872,529692,0,17,3682
2026-09-04T22:50:00Z,319662,659452,126872,532580,0,17,3695
2026-09-04T22:51:01Z,319723,662340,126872,535468,0,17,3732
2026-09-04T22:52:01Z,319783,648844,126872,521972,0,17,3661
2026-09-04T22:53:01Z,319843,651720,126872,524848,0,17,3689
2026-09-04T22:54:01Z,319903,654608,126872,527736,0,17,3711
2026-09-04T22:55:01Z,319963,657492,126872,530620,0,17,3699
2026-09-04T22:56:01Z,320023,660380,126872,533512,0,17,3716
2026-09-04T22:57:01Z,320083,663276,126872,536404,0,17,3687
2026-09-04T22:58:01Z,320143,666168,126872,539296,0,17,3695
2026-09-04T22:59:01Z,320203,652676,126872,525804,0,17,3675
2026-09-04T23:00:01Z,320263,655564,126872,528692,0,17,3685
2026-09-04T23:01:01Z,320323,658452,126872,531580,0,17,3695
2026-09-04T23:02:01Z,320383,661344,126872,534472,0,17,3701
2026-09-04T23:03:01Z,320443,647848,126872,520976,0,17,3682
2026-09-04T23:04:02Z,320504,650740,126872,523868,0,17,3699
2026-09-04T23:05:02Z,320564,653628,126872,526756,0,17,3709
2026-09-04T23:06:02Z,320624,656520,126872,529648,0,17,3727
2026-09-04T23:07:02Z,320684,659404,126872,532532,0,17,3698
2026-09-04T23:08:02Z,320744,662296,126872,535424,0,17,3687
2026-09-04T23:09:02Z,320804,665184,126872,538312,0,17,3703
2026-09-04T23:10:02Z,320864,668064,126872,541192,0,17,3666
2026-09-04T23:11:02Z,320924,654568,126872,527696,0,17,3679
2026-09-04T23:12:02Z,320984,657464,126872,530592,0,17,3678
2026-09-04T23:13:02Z,321044,660348,126872,533476,0,17,3675
2026-09-04T23:14:02Z,321104,663240,126872,536368,0,17,3666
2026-09-04T23:15:02Z,321164,649736,126872,522864,0,17,3704
2026-09-04T23:16:02Z,321224,652628,126872,525756,0,17,3691
2026-09-04T23:17:02Z,321284,655516,126872,528648,0,17,3715
2026-09-04T23:18:03Z,321345,658400,126872,531528,0,17,3684
2026-09-04T23:19:03Z,321405,661296,126872,534424,0,17,3660
2026-09-04T23:20:03Z,321465,664188,126872,537316,0,17,3700
2026-09-04T23:21:03Z,321525,650696,126872,523824,0,17,3703
2026-09-04T23:22:03Z,321585,653576,126872,526704,0,17,3705
2026-09-04T23:23:03Z,321645,656464,126872,529592,0,17,3679
2026-09-04T23:24:03Z,321705,659352,126872,532484,0,17,3702
2026-09-04T23:25:03Z,321765,662244,126872,535372,0,17,3697
2026-09-04T23:26:03Z,321825,648748,126872,521880,0,17,3712
2026-09-04T23:27:03Z,321885,651632,126872,524760,0,17,3704
2026-09-04T23:28:03Z,321945,654516,126872,527644,0,17,3688
2026-09-04T23:29:03Z,322005,657404,126872,530532,0,17,3675
2026-09-04T23:30:04Z,322066,660296,126872,533424,0,17,3688
2026-09-04T23:31:04Z,322126,663188,126872,536316,0,17,3705
2026-09-04T23:32:04Z,322186,666072,126872,539200,0,17,3681
2026-09-04T23:33:04Z,322246,652568,126872,525696,0,17,3659
2026-09-04T23:34:04Z,322306,655456,126872,528584,0,17,3677
2026-09-04T23:35:04Z,322366,658344,126872,531472,0,17,3717
2026-09-04T23:36:04Z,322426,661232,126872,534360,0,17,3688
2026-09-04T23:37:04Z,322486,647740,126872,520868,0,17,3682
2026-09-04T23:38:04Z,322546,650620,126872,523748,0,17,3685
2026-09-04T23:39:04Z,322606,653508,126872,526636,0,17,3687
2026-09-04T23:40:04Z,322666,656392,126872,529524,0,17,3682
2026-09-04T23:41:04Z,322726,659284,126872,532412,0,17,3724
2026-09-04T23:42:04Z,322786,662176,126872,535304,0,17,3691
2026-09-04T23:43:05Z,322847,665060,126872,538188,0,17,3714
2026-09-04T23:44:05Z,322907,651568,126872,524696,0,17,3690
2026-09-04T23:45:05Z,322967,654448,126872,527576,0,17,3726
2026-09-04T23:46:05Z,323027,657336,126872,530464,0,17,3709
2026-09-04T23:47:05Z,323087,660216,126872,533344,0,17,3708
2026-09-04T23:48:05Z,323147,646724,126872,519852,0,17,3674
2026-09-04T23:49:05Z,323207,649612,126872,522740,0,17,3693
2026-09-04T23:50:05Z,323267,652500,126872,525628,0,17,3675
2026-09-04T23:51:05Z,323327,655388,126872,528516,0,17,3713
2026-09-04T23:52:05Z,323387,658276,126872,531404,0,17,3716
