iso,addr,perms,size_kb,rss_kb
2026-09-01T14:02:47Z,fc000000,rw-p,65536,59172
2026-09-01T14:02:47Z,7dabec000000,rw-p,2188,2180
2026-09-01T14:02:47Z,7dabf4000000,rw-p,2376,2376
2026-09-01T14:02:47Z,7dac00000000,rw-p,7484,7452
2026-09-01T14:02:47Z,7dac0c000000,rw-p,21836,20112
2026-09-01T14:02:47Z,7dac20000000,rw-p,4544,4544
2026-09-01T14:02:47Z,7dac204f0000,rw-p,2048,2048
2026-09-01T14:02:47Z,7dac206f0000,rw-p,1024,1024
2026-09-01T14:02:47Z,7dac208f0000,rw-p,2048,2048
2026-09-01T14:02:47Z,7dac20af0000,rw-p,1024,1024
2026-09-01T14:02:47Z,7dac20bf0000,rw-p,704,692
2026-09-01T14:02:47Z,7dac2c000000,rwxp,7296,6700
2026-09-01T14:02:47Z,7dac34000000,rw-p,4888,4732
2026-09-01T14:02:47Z,7dac396d0000,rw-p,1268,1256
2026-09-01T14:07:47Z,fc000000,rw-p,65536,59340
2026-09-01T14:07:47Z,7dabec000000,rw-p,2188,2180
2026-09-01T14:07:47Z,7dabf4000000,rw-p,2376,2376
2026-09-01T14:07:47Z,7dac00000000,rw-p,7484,7452
2026-09-01T14:07:47Z,7dac0c000000,rw-p,21836,20112
2026-09-01T14:07:47Z,7dac20000000,rw-p,4544,4544
2026-09-01T14:07:47Z,7dac204f0000,rw-p,2048,2048
2026-09-01T14:07:47Z,7dac206f0000,rw-p,1024,1024
2026-09-01T14:07:47Z,7dac208f0000,rw-p,2048,2048
2026-09-01T14:07:47Z,7dac20af0000,rw-p,1024,1024
2026-09-01T14:07:47Z,7dac20bf0000,rw-p,704,692
2026-09-01T14:07:47Z,7dac2c000000,rwxp,7296,6700
2026-09-01T14:07:47Z,7dac34000000,rw-p,4888,4732
2026-09-01T14:07:47Z,7dac396d0000,rw-p,1268,1256
2026-09-01T14:12:47Z,fc000000,rw-p,65536,59544
2026-09-01T14:12:47Z,7dabec000000,rw-p,2188,2180
2026-09-01T14:12:47Z,7dabf4000000,rw-p,2376,2376
2026-09-01T14:12:47Z,7dac00000000,rw-p,7484,7452
2026-09-01T14:12:47Z,7dac0c000000,rw-p,21836,20112
2026-09-01T14:12:47Z,7dac20000000,rw-p,4544,4544
2026-09-01T14:12:47Z,7dac204f0000,rw-p,2048,2048
2026-09-01T14:12:47Z,7dac206f0000,rw-p,1024,1024
2026-09-01T14:12:47Z,7dac208f0000,rw-p,2048,2048
2026-09-01T14:12:47Z,7dac20af0000,rw-p,1024,1024
2026-09-01T14:12:47Z,7dac20bf0000,rw-p,704,692
2026-09-01T14:12:47Z,7dac2c000000,rwxp,7296,6700
2026-09-01T14:12:47Z,7dac34000000,rw-p,4888,4732
2026-09-01T14:12:47Z,7dac396d0000,rw-p,1268,1256
2026-09-01T14:17:48Z,fc000000,rw-p,65536,59712
2026-09-01T14:17:48Z,7dabec000000,rw-p,2188,2180
2026-09-01T14:17:48Z,7dabf4000000,rw-p,2376,2376
2026-09-01T14:17:48Z,7dac00000000,rw-p,7484,7452
2026-09-01T14:17:48Z,7dac0c000000,rw-p,21836,20112
2026-09-01T14:17:48Z,7dac20000000,rw-p,4544,4544
2026-09-01T14:17:48Z,7dac204f0000,rw-p,2048,2048
2026-09-01T14:17:48Z,7dac206f0000,rw-p,1024,1024
2026-09-01T14:17:48Z,7dac208f0000,rw-p,2048,2048
2026-09-01T14:17:48Z,7dac20af0000,rw-p,1024,1024
2026-09-01T14:17:48Z,7dac20bf0000,rw-p,704,692
2026-09-01T14:17:48Z,7dac2c000000,rwxp,7296,6700
2026-09-01T14:17:48Z,7dac34000000,rw-p,4888,4732
2026-09-01T14:17:48Z,7dac396d0000,rw-p,1268,1256
2026-09-01T14:22:48Z,fc000000,rw-p,65536,59880
2026-09-01T14:22:48Z,7dabec000000,rw-p,2188,2180
2026-09-01T14:22:48Z,7dabf4000000,rw-p,2376,2376
2026-09-01T14:22:48Z,7dac00000000,rw-p,7484,7452
2026-09-01T14:22:48Z,7dac0c000000,rw-p,21836,20112
2026-09-01T14:22:48Z,7dac20000000,rw-p,4544,4544
2026-09-01T14:22:48Z,7dac204f0000,rw-p,2048,2048
2026-09-01T14:22:48Z,7dac206f0000,rw-p,1024,1024
2026-09-01T14:22:48Z,7dac208f0000,rw-p,2048,2048
2026-09-01T14:22:48Z,7dac20af0000,rw-p,1024,1024
2026-09-01T14:22:48Z,7dac20bf0000,rw-p,704,692
2026-09-01T14:22:48Z,7dac2c000000,rwxp,7296,6700
2026-09-01T14:22:48Z,7dac34000000,rw-p,4888,4732
2026-09-01T14:22:48Z,7dac396d0000,rw-p,1268,1256
2026-09-01T14:27:48Z,fc000000,rw-p,65536,60016
2026-09-01T14:27:48Z,7dabec000000,rw-p,2188,2180
2026-09-01T14:27:48Z,7dabf4000000,rw-p,2376,2376
2026-09-01T14:27:48Z,7dac00000000,rw-p,7484,7452
2026-09-01T14:27:48Z,7dac0c000000,rw-p,21836,20112
2026-09-01T14:27:48Z,7dac20000000,rw-p,4544,4544
2026-09-01T14:27:48Z,7dac204f0000,rw-p,2048,2048
2026-09-01T14:27:48Z,7dac206f0000,rw-p,1024,1024
2026-09-01T14:27:48Z,7dac208f0000,rw-p,2048,2048
2026-09-01T14:27:48Z,7dac20af0000,rw-p,1024,1024
2026-09-01T14:27:48Z,7dac20bf0000,rw-p,704,692
2026-09-01T14:27:48Z,7dac2c000000,rwxp,7296,6700
2026-09-01T14:27:48Z,7dac34000000,rw-p,4888,4732
2026-09-01T14:27:48Z,7dac396d0000,rw-p,1268,1256
2026-09-01T14:32:48Z,fc000000,rw-p,65536,60252
2026-09-01T14:32:48Z,7dabec000000,rw-p,2188,2180
2026-09-01T14:32:48Z,7dabf4000000,rw-p,2376,2376
2026-09-01T14:32:48Z,7dac00000000,rw-p,7484,7452
2026-09-01T14:32:48Z,7dac0c000000,rw-p,21836,20112
2026-09-01T14:32:48Z,7dac20000000,rw-p,4544,4544
2026-09-01T14:32:48Z,7dac204f0000,rw-p,2048,2048
2026-09-01T14:32:48Z,7dac206f0000,rw-p,1024,1024
2026-09-01T14:32:48Z,7dac208f0000,rw-p,2048,2048
2026-09-01T14:32:48Z,7dac20af0000,rw-p,1024,1024
2026-09-01T14:32:48Z,7dac20bf0000,rw-p,704,692
2026-09-01T14:32:48Z,7dac2c000000,rwxp,7296,6700
2026-09-01T14:32:48Z,7dac34000000,rw-p,4888,4732
2026-09-01T14:32:48Z,7dac396d0000,rw-p,1268,1256
2026-09-01T14:37:48Z,fc000000,rw-p,65536,60388
2026-09-01T14:37:48Z,7dabec000000,rw-p,2188,2180
2026-09-01T14:37:48Z,7dabf4000000,rw-p,2376,2376
2026-09-01T14:37:48Z,7dac00000000,rw-p,7484,7452
2026-09-01T14:37:48Z,7dac0c000000,rw-p,21836,20112
2026-09-01T14:37:48Z,7dac20000000,rw-p,4544,4544
2026-09-01T14:37:48Z,7dac204f0000,rw-p,2048,2048
2026-09-01T14:37:48Z,7dac206f0000,rw-p,1024,1024
2026-09-01T14:37:48Z,7dac208f0000,rw-p,2048,2048
2026-09-01T14:37:48Z,7dac20af0000,rw-p,1024,1024
2026-09-01T14:37:48Z,7dac20bf0000,rw-p,704,692
2026-09-01T14:37:48Z,7dac2c000000,rwxp,7296,6700
2026-09-01T14:37:48Z,7dac34000000,rw-p,4888,4732
2026-09-01T14:37:48Z,7dac396d0000,rw-p,1268,1256
2026-09-01T14:42:48Z,fc000000,rw-p,65536,60588
2026-09-01T14:42:48Z,7dabec000000,rw-p,2188,2180
2026-09-01T14:42:48Z,7dabf4000000,rw-p,2376,2376
2026-09-01T14:42:48Z,7dac00000000,rw-p,7484,7452
2026-09-01T14:42:48Z,7dac0c000000,rw-p,21836,20112
2026-09-01T14:42:48Z,7dac20000000,rw-p,4544,4544
2026-09-01T14:42:48Z,7dac204f0000,rw-p,2048,2048
2026-09-01T14:42:48Z,7dac206f0000,rw-p,1024,1024
2026-09-01T14:42:48Z,7dac208f0000,rw-p,2048,2048
2026-09-01T14:42:48Z,7dac20af0000,rw-p,1024,1024
2026-09-01T14:42:48Z,7dac20bf0000,rw-p,704,692
2026-09-01T14:42:48Z,7dac2c000000,rwxp,7296,6700
2026-09-01T14:42:48Z,7dac34000000,rw-p,4888,4732
2026-09-01T14:42:48Z,7dac396d0000,rw-p,1268,1256
2026-09-01T14:47:48Z,fc000000,rw-p,65536,60728
2026-09-01T14:47:48Z,7dabec000000,rw-p,2188,2180
2026-09-01T14:47:48Z,7dabf4000000,rw-p,2376,2376
2026-09-01T14:47:48Z,7dac00000000,rw-p,7484,7452
2026-09-01T14:47:48Z,7dac0c000000,rw-p,21836,20112
2026-09-01T14:47:48Z,7dac20000000,rw-p,4544,4544
2026-09-01T14:47:48Z,7dac204f0000,rw-p,2048,2048
2026-09-01T14:47:48Z,7dac206f0000,rw-p,1024,1024
2026-09-01T14:47:48Z,7dac208f0000,rw-p,2048,2048
2026-09-01T14:47:48Z,7dac20af0000,rw-p,1024,1024
2026-09-01T14:47:48Z,7dac20bf0000,rw-p,704,692
2026-09-01T14:47:48Z,7dac2c000000,rwxp,7296,6700
2026-09-01T14:47:48Z,7dac34000000,rw-p,4888,4732
2026-09-01T14:47:48Z,7dac396d0000,rw-p,1268,1256
2026-09-01T14:52:48Z,fc000000,rw-p,65536,60960
2026-09-01T14:52:48Z,7dabec000000,rw-p,2188,2180
2026-09-01T14:52:48Z,7dabf4000000,rw-p,2376,2376
2026-09-01T14:52:48Z,7dac00000000,rw-p,7484,7452
2026-09-01T14:52:48Z,7dac0c000000,rw-p,21836,20112
2026-09-01T14:52:48Z,7dac20000000,rw-p,4544,4544
2026-09-01T14:52:48Z,7dac204f0000,rw-p,2048,2048
2026-09-01T14:52:48Z,7dac206f0000,rw-p,1024,1024
2026-09-01T14:52:48Z,7dac208f0000,rw-p,2048,2048
2026-09-01T14:52:48Z,7dac20af0000,rw-p,1024,1024
2026-09-01T14:52:48Z,7dac20bf0000,rw-p,704,692
2026-09-01T14:52:48Z,7dac2c000000,rwxp,7296,6700
2026-09-01T14:52:48Z,7dac34000000,rw-p,4888,4732
2026-09-01T14:52:48Z,7dac396d0000,rw-p,1268,1256
2026-09-01T14:57:48Z,fc000000,rw-p,65536,61096
2026-09-01T14:57:48Z,7dabec000000,rw-p,2188,2180
2026-09-01T14:57:48Z,7dabf4000000,rw-p,2376,2376
2026-09-01T14:57:48Z,7dac00000000,rw-p,7484,7452
2026-09-01T14:57:48Z,7dac0c000000,rw-p,21836,20112
2026-09-01T14:57:48Z,7dac20000000,rw-p,4544,4544
2026-09-01T14:57:48Z,7dac204f0000,rw-p,2048,2048
2026-09-01T14:57:48Z,7dac206f0000,rw-p,1024,1024
2026-09-01T14:57:48Z,7dac208f0000,rw-p,2048,2048
2026-09-01T14:57:48Z,7dac20af0000,rw-p,1024,1024
2026-09-01T14:57:48Z,7dac20bf0000,rw-p,704,692
2026-09-01T14:57:48Z,7dac2c000000,rwxp,7296,6700
2026-09-01T14:57:48Z,7dac34000000,rw-p,4888,4732
2026-09-01T14:57:48Z,7dac396d0000,rw-p,1268,1260
2026-09-01T15:02:48Z,fc000000,rw-p,65536,61268
2026-09-01T15:02:48Z,7dabec000000,rw-p,2188,2180
2026-09-01T15:02:48Z,7dabf4000000,rw-p,2376,2376
2026-09-01T15:02:48Z,7dac00000000,rw-p,7484,7452
2026-09-01T15:02:48Z,7dac0c000000,rw-p,21836,20112
2026-09-01T15:02:48Z,7dac20000000,rw-p,4544,4544
2026-09-01T15:02:48Z,7dac204f0000,rw-p,2048,2048
2026-09-01T15:02:48Z,7dac206f0000,rw-p,1024,1024
2026-09-01T15:02:48Z,7dac208f0000,rw-p,2048,2048
2026-09-01T15:02:48Z,7dac20af0000,rw-p,1024,1024
2026-09-01T15:02:48Z,7dac20bf0000,rw-p,704,692
2026-09-01T15:02:48Z,7dac2c000000,rwxp,7296,6700
2026-09-01T15:02:48Z,7dac34000000,rw-p,4888,4732
2026-09-01T15:02:48Z,7dac396d0000,rw-p,1268,1260
2026-09-01T15:07:49Z,fc000000,rw-p,65536,61436
2026-09-01T15:07:49Z,7dabec000000,rw-p,2188,2180
2026-09-01T15:07:49Z,7dabf4000000,rw-p,2376,2376
2026-09-01T15:07:49Z,7dac00000000,rw-p,7484,7452
2026-09-01T15:07:49Z,7dac0c000000,rw-p,21836,20112
2026-09-01T15:07:49Z,7dac20000000,rw-p,4544,4544
2026-09-01T15:07:49Z,7dac204f0000,rw-p,2048,2048
2026-09-01T15:07:49Z,7dac206f0000,rw-p,1024,1024
2026-09-01T15:07:49Z,7dac208f0000,rw-p,2048,2048
2026-09-01T15:07:49Z,7dac20af0000,rw-p,1024,1024
2026-09-01T15:07:49Z,7dac20bf0000,rw-p,704,692
2026-09-01T15:07:49Z,7dac2c000000,rwxp,7296,6700
2026-09-01T15:07:49Z,7dac34000000,rw-p,4888,4732
2026-09-01T15:07:49Z,7dac396d0000,rw-p,1268,1260
2026-09-01T15:12:49Z,fc000000,rw-p,65536,61572
2026-09-01T15:12:49Z,7dabec000000,rw-p,2188,2180
2026-09-01T15:12:49Z,7dabf4000000,rw-p,2376,2376
2026-09-01T15:12:49Z,7dac00000000,rw-p,7484,7452
2026-09-01T15:12:49Z,7dac0c000000,rw-p,21836,20112
2026-09-01T15:12:49Z,7dac20000000,rw-p,4544,4544
2026-09-01T15:12:49Z,7dac204f0000,rw-p,2048,2048
2026-09-01T15:12:49Z,7dac206f0000,rw-p,1024,1024
2026-09-01T15:12:49Z,7dac208f0000,rw-p,2048,2048
2026-09-01T15:12:49Z,7dac20af0000,rw-p,1024,1024
2026-09-01T15:12:49Z,7dac20bf0000,rw-p,704,692
2026-09-01T15:12:49Z,7dac2c000000,rwxp,7296,6700
2026-09-01T15:12:49Z,7dac34000000,rw-p,4888,4732
2026-09-01T15:12:49Z,7dac396d0000,rw-p,1268,1260
2026-09-01T15:17:49Z,fc000000,rw-p,65536,61804
2026-09-01T15:17:49Z,7dabec000000,rw-p,2188,2180
2026-09-01T15:17:49Z,7dabf4000000,rw-p,2376,2376
2026-09-01T15:17:49Z,7dac00000000,rw-p,7484,7452
2026-09-01T15:17:49Z,7dac0c000000,rw-p,21836,20112
2026-09-01T15:17:49Z,7dac20000000,rw-p,4544,4544
2026-09-01T15:17:49Z,7dac204f0000,rw-p,2048,2048
2026-09-01T15:17:49Z,7dac206f0000,rw-p,1024,1024
2026-09-01T15:17:49Z,7dac208f0000,rw-p,2048,2048
2026-09-01T15:17:49Z,7dac20af0000,rw-p,1024,1024
2026-09-01T15:17:49Z,7dac20bf0000,rw-p,704,692
2026-09-01T15:17:49Z,7dac2c000000,rwxp,7296,6700
2026-09-01T15:17:49Z,7dac34000000,rw-p,4888,4732
2026-09-01T15:17:49Z,7dac396d0000,rw-p,1268,1260
2026-09-01T15:22:49Z,fc000000,rw-p,65536,61944
2026-09-01T15:22:49Z,7dabec000000,rw-p,2188,2180
2026-09-01T15:22:49Z,7dabf4000000,rw-p,2376,2376
2026-09-01T15:22:49Z,7dac00000000,rw-p,7484,7452
2026-09-01T15:22:49Z,7dac0c000000,rw-p,21836,20112
2026-09-01T15:22:49Z,7dac20000000,rw-p,4544,4544
2026-09-01T15:22:49Z,7dac204f0000,rw-p,2048,2048
2026-09-01T15:22:49Z,7dac206f0000,rw-p,1024,1024
2026-09-01T15:22:49Z,7dac208f0000,rw-p,2048,2048
2026-09-01T15:22:49Z,7dac20af0000,rw-p,1024,1024
2026-09-01T15:22:49Z,7dac20bf0000,rw-p,704,692
2026-09-01T15:22:49Z,7dac2c000000,rwxp,7296,6700
2026-09-01T15:22:49Z,7dac34000000,rw-p,4888,4732
2026-09-01T15:22:49Z,7dac396d0000,rw-p,1268,1260
2026-09-01T15:27:49Z,fc000000,rw-p,65536,62144
2026-09-01T15:27:49Z,7dabec000000,rw-p,2188,2180
2026-09-01T15:27:49Z,7dabf4000000,rw-p,2376,2376
2026-09-01T15:27:49Z,7dac00000000,rw-p,7484,7452
2026-09-01T15:27:49Z,7dac0c000000,rw-p,21836,20112
2026-09-01T15:27:49Z,7dac20000000,rw-p,4544,4544
2026-09-01T15:27:49Z,7dac204f0000,rw-p,2048,2048
2026-09-01T15:27:49Z,7dac206f0000,rw-p,1024,1024
2026-09-01T15:27:49Z,7dac208f0000,rw-p,2048,2048
2026-09-01T15:27:49Z,7dac20af0000,rw-p,1024,1024
2026-09-01T15:27:49Z,7dac20bf0000,rw-p,704,692
2026-09-01T15:27:49Z,7dac2c000000,rwxp,7296,6700
2026-09-01T15:27:49Z,7dac34000000,rw-p,4888,4732
2026-09-01T15:27:49Z,7dac396d0000,rw-p,1268,1260
2026-09-01T15:32:49Z,fc000000,rw-p,65536,62280
2026-09-01T15:32:49Z,7dabec000000,rw-p,2188,2180
2026-09-01T15:32:49Z,7dabf4000000,rw-p,2376,2376
2026-09-01T15:32:49Z,7dac00000000,rw-p,7484,7452
2026-09-01T15:32:49Z,7dac0c000000,rw-p,21836,20112
2026-09-01T15:32:49Z,7dac20000000,rw-p,4544,4544
2026-09-01T15:32:49Z,7dac204f0000,rw-p,2048,2048
2026-09-01T15:32:49Z,7dac206f0000,rw-p,1024,1024
2026-09-01T15:32:49Z,7dac208f0000,rw-p,2048,2048
2026-09-01T15:32:49Z,7dac20af0000,rw-p,1024,1024
2026-09-01T15:32:49Z,7dac20bf0000,rw-p,704,692
2026-09-01T15:32:49Z,7dac2c000000,rwxp,7296,6700
2026-09-01T15:32:49Z,7dac34000000,rw-p,4888,4732
2026-09-01T15:32:49Z,7dac396d0000,rw-p,1268,1260
2026-09-01T15:37:49Z,fc000000,rw-p,65536,62484
2026-09-01T15:37:49Z,7dabec000000,rw-p,2188,2180
2026-09-01T15:37:49Z,7dabf4000000,rw-p,2376,2376
2026-09-01T15:37:49Z,7dac00000000,rw-p,7484,7452
2026-09-01T15:37:49Z,7dac0c000000,rw-p,21836,20112
2026-09-01T15:37:49Z,7dac20000000,rw-p,4544,4544
2026-09-01T15:37:49Z,7dac204f0000,rw-p,2048,2048
2026-09-01T15:37:49Z,7dac206f0000,rw-p,1024,1024
2026-09-01T15:37:49Z,7dac208f0000,rw-p,2048,2048
2026-09-01T15:37:49Z,7dac20af0000,rw-p,1024,1024
2026-09-01T15:37:49Z,7dac20bf0000,rw-p,704,692
2026-09-01T15:37:49Z,7dac2c000000,rwxp,7296,6700
2026-09-01T15:37:49Z,7dac34000000,rw-p,4888,4732
2026-09-01T15:37:49Z,7dac396d0000,rw-p,1268,1260
2026-09-01T15:42:49Z,fc000000,rw-p,65536,62652
2026-09-01T15:42:49Z,7dabec000000,rw-p,2188,2180
2026-09-01T15:42:49Z,7dabf4000000,rw-p,2376,2376
2026-09-01T15:42:49Z,7dac00000000,rw-p,7484,7452
2026-09-01T15:42:49Z,7dac0c000000,rw-p,21836,20112
2026-09-01T15:42:49Z,7dac20000000,rw-p,4544,4544
2026-09-01T15:42:49Z,7dac204f0000,rw-p,2048,2048
2026-09-01T15:42:49Z,7dac206f0000,rw-p,1024,1024
2026-09-01T15:42:49Z,7dac208f0000,rw-p,2048,2048
2026-09-01T15:42:49Z,7dac20af0000,rw-p,1024,1024
2026-09-01T15:42:49Z,7dac20bf0000,rw-p,704,692
2026-09-01T15:42:49Z,7dac2c000000,rwxp,7296,6700
2026-09-01T15:42:49Z,7dac34000000,rw-p,4888,4732
2026-09-01T15:42:49Z,7dac396d0000,rw-p,1268,1260
2026-09-01T15:47:49Z,fc000000,rw-p,65536,62820
2026-09-01T15:47:49Z,7dabec000000,rw-p,2188,2180
2026-09-01T15:47:49Z,7dabf4000000,rw-p,2376,2376
2026-09-01T15:47:49Z,7dac00000000,rw-p,7484,7452
2026-09-01T15:47:49Z,7dac0c000000,rw-p,21836,20112
2026-09-01T15:47:49Z,7dac20000000,rw-p,4544,4544
2026-09-01T15:47:49Z,7dac204f0000,rw-p,2048,2048
2026-09-01T15:47:49Z,7dac206f0000,rw-p,1024,1024
2026-09-01T15:47:49Z,7dac208f0000,rw-p,2048,2048
2026-09-01T15:47:49Z,7dac20af0000,rw-p,1024,1024
2026-09-01T15:47:49Z,7dac20bf0000,rw-p,704,692
2026-09-01T15:47:49Z,7dac2c000000,rwxp,7296,6700
2026-09-01T15:47:49Z,7dac34000000,rw-p,4888,4732
2026-09-01T15:47:49Z,7dac396d0000,rw-p,1268,1260
2026-09-01T15:52:49Z,fc000000,rw-p,65536,62988
2026-09-01T15:52:49Z,7dabec000000,rw-p,2188,2180
2026-09-01T15:52:49Z,7dabf4000000,rw-p,2376,2376
2026-09-01T15:52:49Z,7dac00000000,rw-p,7484,7452
2026-09-01T15:52:49Z,7dac0c000000,rw-p,21836,20112
2026-09-01T15:52:49Z,7dac20000000,rw-p,4544,4544
2026-09-01T15:52:49Z,7dac204f0000,rw-p,2048,2048
2026-09-01T15:52:49Z,7dac206f0000,rw-p,1024,1024
2026-09-01T15:52:49Z,7dac208f0000,rw-p,2048,2048
2026-09-01T15:52:49Z,7dac20af0000,rw-p,1024,1024
2026-09-01T15:52:49Z,7dac20bf0000,rw-p,704,692
2026-09-01T15:52:49Z,7dac2c000000,rwxp,7296,6700
2026-09-01T15:52:49Z,7dac34000000,rw-p,4888,4732
2026-09-01T15:52:49Z,7dac396d0000,rw-p,1268,1260
2026-09-01T15:57:50Z,fc000000,rw-p,65536,63192
2026-09-01T15:57:50Z,7dabec000000,rw-p,2188,2180
2026-09-01T15:57:50Z,7dabf4000000,rw-p,2376,2376
2026-09-01T15:57:50Z,7dac00000000,rw-p,7484,7452
2026-09-01T15:57:50Z,7dac0c000000,rw-p,21836,20112
2026-09-01T15:57:50Z,7dac20000000,rw-p,4544,4544
2026-09-01T15:57:50Z,7dac204f0000,rw-p,2048,2048
2026-09-01T15:57:50Z,7dac206f0000,rw-p,1024,1024
2026-09-01T15:57:50Z,7dac208f0000,rw-p,2048,2048
2026-09-01T15:57:50Z,7dac20af0000,rw-p,1024,1024
2026-09-01T15:57:50Z,7dac20bf0000,rw-p,704,692
2026-09-01T15:57:50Z,7dac2c000000,rwxp,7296,6700
2026-09-01T15:57:50Z,7dac34000000,rw-p,4888,4732
2026-09-01T15:57:50Z,7dac396d0000,rw-p,1268,1264
2026-09-01T16:02:50Z,fc000000,rw-p,65536,63360
2026-09-01T16:02:50Z,7dabec000000,rw-p,2188,2180
2026-09-01T16:02:50Z,7dabf4000000,rw-p,2376,2376
2026-09-01T16:02:50Z,7dac00000000,rw-p,7484,7452
2026-09-01T16:02:50Z,7dac0c000000,rw-p,21836,20112
2026-09-01T16:02:50Z,7dac20000000,rw-p,4544,4544
2026-09-01T16:02:50Z,7dac204f0000,rw-p,2048,2048
2026-09-01T16:02:50Z,7dac206f0000,rw-p,1024,1024
2026-09-01T16:02:50Z,7dac208f0000,rw-p,2048,2048
2026-09-01T16:02:50Z,7dac20af0000,rw-p,1024,1024
2026-09-01T16:02:50Z,7dac20bf0000,rw-p,704,692
2026-09-01T16:02:50Z,7dac2c000000,rwxp,7296,6700
2026-09-01T16:02:50Z,7dac34000000,rw-p,4888,4732
2026-09-01T16:02:50Z,7dac396d0000,rw-p,1268,1264
2026-09-01T16:07:50Z,fc000000,rw-p,65536,63496
2026-09-01T16:07:50Z,7dabec000000,rw-p,2188,2180
2026-09-01T16:07:50Z,7dabf4000000,rw-p,2376,2376
2026-09-01T16:07:50Z,7dac00000000,rw-p,7484,7452
2026-09-01T16:07:50Z,7dac0c000000,rw-p,21836,20112
2026-09-01T16:07:50Z,7dac20000000,rw-p,4544,4544
2026-09-01T16:07:50Z,7dac204f0000,rw-p,2048,2048
2026-09-01T16:07:50Z,7dac206f0000,rw-p,1024,1024
2026-09-01T16:07:50Z,7dac208f0000,rw-p,2048,2048
2026-09-01T16:07:50Z,7dac20af0000,rw-p,1024,1024
2026-09-01T16:07:50Z,7dac20bf0000,rw-p,704,692
2026-09-01T16:07:50Z,7dac2c000000,rwxp,7296,6700
2026-09-01T16:07:50Z,7dac34000000,rw-p,4888,4732
2026-09-01T16:07:50Z,7dac396d0000,rw-p,1268,1264
2026-09-01T16:12:50Z,fc000000,rw-p,65536,63664
2026-09-01T16:12:50Z,7dabec000000,rw-p,2188,2180
2026-09-01T16:12:50Z,7dabf4000000,rw-p,2376,2376
2026-09-01T16:12:50Z,7dac00000000,rw-p,7484,7452
2026-09-01T16:12:50Z,7dac0c000000,rw-p,21836,20112
2026-09-01T16:12:50Z,7dac20000000,rw-p,4544,4544
2026-09-01T16:12:50Z,7dac204f0000,rw-p,2048,2048
2026-09-01T16:12:50Z,7dac206f0000,rw-p,1024,1024
2026-09-01T16:12:50Z,7dac208f0000,rw-p,2048,2048
2026-09-01T16:12:50Z,7dac20af0000,rw-p,1024,1024
2026-09-01T16:12:50Z,7dac20bf0000,rw-p,704,692
2026-09-01T16:12:50Z,7dac2c000000,rwxp,7296,6700
2026-09-01T16:12:50Z,7dac34000000,rw-p,4888,4732
2026-09-01T16:12:50Z,7dac396d0000,rw-p,1268,1264
2026-09-01T16:17:50Z,fc000000,rw-p,65536,63764
2026-09-01T16:17:50Z,7dabec000000,rw-p,2188,2180
2026-09-01T16:17:50Z,7dabf4000000,rw-p,2376,2376
2026-09-01T16:17:50Z,7dac00000000,rw-p,7484,7452
2026-09-01T16:17:50Z,7dac0c000000,rw-p,21836,20112
2026-09-01T16:17:50Z,7dac20000000,rw-p,4544,4544
2026-09-01T16:17:50Z,7dac204f0000,rw-p,2048,2048
2026-09-01T16:17:50Z,7dac206f0000,rw-p,1024,1024
2026-09-01T16:17:50Z,7dac208f0000,rw-p,2048,2048
2026-09-01T16:17:50Z,7dac20af0000,rw-p,1024,1024
2026-09-01T16:17:50Z,7dac20bf0000,rw-p,704,692
2026-09-01T16:17:50Z,7dac2c000000,rwxp,7296,6700
2026-09-01T16:17:50Z,7dac34000000,rw-p,4888,4732
2026-09-01T16:17:50Z,7dac396d0000,rw-p,1268,1264
2026-09-01T16:22:50Z,fc000000,rw-p,65536,63764
2026-09-01T16:22:50Z,7dabec000000,rw-p,2188,2180
2026-09-01T16:22:50Z,7dabf4000000,rw-p,2376,2376
2026-09-01T16:22:50Z,7dac00000000,rw-p,7484,7452
2026-09-01T16:22:50Z,7dac0c000000,rw-p,21836,20112
2026-09-01T16:22:50Z,7dac20000000,rw-p,4544,4544
2026-09-01T16:22:50Z,7dac204f0000,rw-p,2048,2048
2026-09-01T16:22:50Z,7dac206f0000,rw-p,1024,1024
2026-09-01T16:22:50Z,7dac208f0000,rw-p,2048,2048
2026-09-01T16:22:50Z,7dac20af0000,rw-p,1024,1024
2026-09-01T16:22:50Z,7dac20bf0000,rw-p,704,692
2026-09-01T16:22:50Z,7dac2c000000,rwxp,7296,6700
2026-09-01T16:22:50Z,7dac34000000,rw-p,4888,4732
2026-09-01T16:22:50Z,7dac396d0000,rw-p,1268,1264
2026-09-01T16:27:50Z,fc000000,rw-p,65536,63764
2026-09-01T16:27:50Z,7dabec000000,rw-p,2188,2180
2026-09-01T16:27:50Z,7dabf4000000,rw-p,2376,2376
2026-09-01T16:27:50Z,7dac00000000,rw-p,7484,7452
2026-09-01T16:27:50Z,7dac0c000000,rw-p,21836,20112
2026-09-01T16:27:50Z,7dac20000000,rw-p,4544,4544
2026-09-01T16:27:50Z,7dac204f0000,rw-p,2048,2048
2026-09-01T16:27:50Z,7dac206f0000,rw-p,1024,1024
2026-09-01T16:27:50Z,7dac208f0000,rw-p,2048,2048
2026-09-01T16:27:50Z,7dac20af0000,rw-p,1024,1024
2026-09-01T16:27:50Z,7dac20bf0000,rw-p,704,692
2026-09-01T16:27:50Z,7dac2c000000,rwxp,7296,6700
2026-09-01T16:27:50Z,7dac34000000,rw-p,4888,4732
2026-09-01T16:27:50Z,7dac396d0000,rw-p,1268,1264
2026-09-01T16:32:50Z,fc000000,rw-p,65536,63764
2026-09-01T16:32:50Z,7dabec000000,rw-p,2188,2180
2026-09-01T16:32:50Z,7dabf4000000,rw-p,2376,2376
2026-09-01T16:32:50Z,7dac00000000,rw-p,7484,7452
2026-09-01T16:32:50Z,7dac0c000000,rw-p,21836,20112
2026-09-01T16:32:50Z,7dac20000000,rw-p,4544,4544
2026-09-01T16:32:50Z,7dac204f0000,rw-p,2048,2048
2026-09-01T16:32:50Z,7dac206f0000,rw-p,1024,1024
2026-09-01T16:32:50Z,7dac208f0000,rw-p,2048,2048
2026-09-01T16:32:50Z,7dac20af0000,rw-p,1024,1024
2026-09-01T16:32:50Z,7dac20bf0000,rw-p,704,692
2026-09-01T16:32:50Z,7dac2c000000,rwxp,7296,6700
2026-09-01T16:32:50Z,7dac34000000,rw-p,4888,4732
2026-09-01T16:32:50Z,7dac396d0000,rw-p,1268,1264
2026-09-01T16:37:50Z,fc000000,rw-p,65536,63764
2026-09-01T16:37:50Z,7dabec000000,rw-p,2188,2180
2026-09-01T16:37:50Z,7dabf4000000,rw-p,2376,2376
2026-09-01T16:37:50Z,7dac00000000,rw-p,7484,7452
2026-09-01T16:37:50Z,7dac0c000000,rw-p,21836,20112
2026-09-01T16:37:50Z,7dac20000000,rw-p,4544,4544
2026-09-01T16:37:50Z,7dac204f0000,rw-p,2048,2048
2026-09-01T16:37:50Z,7dac206f0000,rw-p,1024,1024
2026-09-01T16:37:50Z,7dac208f0000,rw-p,2048,2048
2026-09-01T16:37:50Z,7dac20af0000,rw-p,1024,1024
2026-09-01T16:37:50Z,7dac20bf0000,rw-p,704,692
2026-09-01T16:37:50Z,7dac2c000000,rwxp,7296,6700
2026-09-01T16:37:50Z,7dac34000000,rw-p,4888,4732
2026-09-01T16:37:50Z,7dac396d0000,rw-p,1268,1264
2026-09-01T16:42:50Z,fc000000,rw-p,65536,63764
2026-09-01T16:42:50Z,7dabec000000,rw-p,2188,2180
2026-09-01T16:42:50Z,7dabf4000000,rw-p,2376,2376
2026-09-01T16:42:50Z,7dac00000000,rw-p,7484,7452
2026-09-01T16:42:50Z,7dac0c000000,rw-p,21836,20112
2026-09-01T16:42:50Z,7dac20000000,rw-p,4544,4544
2026-09-01T16:42:50Z,7dac204f0000,rw-p,2048,2048
2026-09-01T16:42:50Z,7dac206f0000,rw-p,1024,1024
2026-09-01T16:42:50Z,7dac208f0000,rw-p,2048,2048
2026-09-01T16:42:50Z,7dac20af0000,rw-p,1024,1024
2026-09-01T16:42:50Z,7dac20bf0000,rw-p,704,692
2026-09-01T16:42:50Z,7dac2c000000,rwxp,7296,6700
2026-09-01T16:42:50Z,7dac34000000,rw-p,4888,4732
2026-09-01T16:42:50Z,7dac396d0000,rw-p,1268,1264
2026-09-01T16:47:51Z,fc000000,rw-p,65536,63764
2026-09-01T16:47:51Z,7dabec000000,rw-p,2188,2180
2026-09-01T16:47:51Z,7dabf4000000,rw-p,2376,2376
2026-09-01T16:47:51Z,7dac00000000,rw-p,7484,7452
2026-09-01T16:47:51Z,7dac0c000000,rw-p,21836,20112
2026-09-01T16:47:51Z,7dac20000000,rw-p,4544,4544
2026-09-01T16:47:51Z,7dac204f0000,rw-p,2048,2048
2026-09-01T16:47:51Z,7dac206f0000,rw-p,1024,1024
2026-09-01T16:47:51Z,7dac208f0000,rw-p,2048,2048
2026-09-01T16:47:51Z,7dac20af0000,rw-p,1024,1024
2026-09-01T16:47:51Z,7dac20bf0000,rw-p,704,692
2026-09-01T16:47:51Z,7dac2c000000,rwxp,7296,6700
2026-09-01T16:47:51Z,7dac34000000,rw-p,4888,4732
2026-09-01T16:47:51Z,7dac396d0000,rw-p,1268,1264
2026-09-01T16:52:51Z,fc000000,rw-p,65536,63764
2026-09-01T16:52:51Z,7dabec000000,rw-p,2188,2180
2026-09-01T16:52:51Z,7dabf4000000,rw-p,2376,2376
2026-09-01T16:52:51Z,7dac00000000,rw-p,7484,7452
2026-09-01T16:52:51Z,7dac0c000000,rw-p,21836,20112
2026-09-01T16:52:51Z,7dac20000000,rw-p,4544,4544
2026-09-01T16:52:51Z,7dac204f0000,rw-p,2048,2048
2026-09-01T16:52:51Z,7dac206f0000,rw-p,1024,1024
2026-09-01T16:52:51Z,7dac208f0000,rw-p,2048,2048
2026-09-01T16:52:51Z,7dac20af0000,rw-p,1024,1024
2026-09-01T16:52:51Z,7dac20bf0000,rw-p,704,692
2026-09-01T16:52:51Z,7dac2c000000,rwxp,7296,6700
2026-09-01T16:52:51Z,7dac34000000,rw-p,4888,4732
2026-09-01T16:52:51Z,7dac396d0000,rw-p,1268,1264
2026-09-01T16:57:51Z,fc000000,rw-p,65536,63764
2026-09-01T16:57:51Z,7dabec000000,rw-p,2188,2180
2026-09-01T16:57:51Z,7dabf4000000,rw-p,2376,2376
2026-09-01T16:57:51Z,7dac00000000,rw-p,7484,7452
2026-09-01T16:57:51Z,7dac0c000000,rw-p,21836,20112
2026-09-01T16:57:51Z,7dac20000000,rw-p,4544,4544
2026-09-01T16:57:51Z,7dac204f0000,rw-p,2048,2048
2026-09-01T16:57:51Z,7dac206f0000,rw-p,1024,1024
2026-09-01T16:57:51Z,7dac208f0000,rw-p,2048,2048
2026-09-01T16:57:51Z,7dac20af0000,rw-p,1024,1024
2026-09-01T16:57:51Z,7dac20bf0000,rw-p,704,692
2026-09-01T16:57:51Z,7dac2c000000,rwxp,7296,6700
2026-09-01T16:57:51Z,7dac34000000,rw-p,4888,4732
2026-09-01T16:57:51Z,7dac396d0000,rw-p,1268,1264
2026-09-01T17:02:51Z,fc000000,rw-p,65536,63764
2026-09-01T17:02:51Z,7dabec000000,rw-p,2188,2180
2026-09-01T17:02:51Z,7dabf4000000,rw-p,2376,2376
2026-09-01T17:02:51Z,7dac00000000,rw-p,7484,7452
2026-09-01T17:02:51Z,7dac0c000000,rw-p,21836,20112
2026-09-01T17:02:51Z,7dac20000000,rw-p,4544,4544
2026-09-01T17:02:51Z,7dac204f0000,rw-p,2048,2048
2026-09-01T17:02:51Z,7dac206f0000,rw-p,1024,1024
2026-09-01T17:02:51Z,7dac208f0000,rw-p,2048,2048
2026-09-01T17:02:51Z,7dac20af0000,rw-p,1024,1024
2026-09-01T17:02:51Z,7dac20bf0000,rw-p,704,692
2026-09-01T17:02:51Z,7dac2c000000,rwxp,7296,6700
2026-09-01T17:02:51Z,7dac34000000,rw-p,4888,4732
2026-09-01T17:02:51Z,7dac396d0000,rw-p,1268,1264
2026-09-01T17:07:51Z,fc000000,rw-p,65536,63764
2026-09-01T17:07:51Z,7dabec000000,rw-p,2188,2180
2026-09-01T17:07:51Z,7dabf4000000,rw-p,2376,2376
2026-09-01T17:07:51Z,7dac00000000,rw-p,7484,7452
2026-09-01T17:07:51Z,7dac0c000000,rw-p,21836,20112
2026-09-01T17:07:51Z,7dac20000000,rw-p,4544,4544
2026-09-01T17:07:51Z,7dac204f0000,rw-p,2048,2048
2026-09-01T17:07:51Z,7dac206f0000,rw-p,1024,1024
2026-09-01T17:07:51Z,7dac208f0000,rw-p,2048,2048
2026-09-01T17:07:51Z,7dac20af0000,rw-p,1024,1024
2026-09-01T17:07:51Z,7dac20bf0000,rw-p,704,692
2026-09-01T17:07:51Z,7dac2c000000,rwxp,7296,6700
2026-09-01T17:07:51Z,7dac34000000,rw-p,4888,4732
2026-09-01T17:07:51Z,7dac396d0000,rw-p,1268,1264
2026-09-01T17:12:51Z,fc000000,rw-p,65536,63764
2026-09-01T17:12:51Z,7dabec000000,rw-p,2188,2180
2026-09-01T17:12:51Z,7dabf4000000,rw-p,2376,2376
2026-09-01T17:12:51Z,7dac00000000,rw-p,7484,7452
2026-09-01T17:12:51Z,7dac0c000000,rw-p,21836,20112
2026-09-01T17:12:51Z,7dac20000000,rw-p,4544,4544
2026-09-01T17:12:51Z,7dac204f0000,rw-p,2048,2048
2026-09-01T17:12:51Z,7dac206f0000,rw-p,1024,1024
2026-09-01T17:12:51Z,7dac208f0000,rw-p,2048,2048
2026-09-01T17:12:51Z,7dac20af0000,rw-p,1024,1024
2026-09-01T17:12:51Z,7dac20bf0000,rw-p,704,692
2026-09-01T17:12:51Z,7dac2c000000,rwxp,7296,6700
2026-09-01T17:12:51Z,7dac34000000,rw-p,4888,4732
2026-09-01T17:12:51Z,7dac396d0000,rw-p,1268,1264
2026-09-01T17:17:51Z,fc000000,rw-p,65536,63764
2026-09-01T17:17:51Z,7dabec000000,rw-p,2188,2180
2026-09-01T17:17:51Z,7dabf4000000,rw-p,2376,2376
2026-09-01T17:17:51Z,7dac00000000,rw-p,7484,7452
2026-09-01T17:17:51Z,7dac0c000000,rw-p,21836,20112
2026-09-01T17:17:51Z,7dac20000000,rw-p,4544,4544
2026-09-01T17:17:51Z,7dac204f0000,rw-p,2048,2048
2026-09-01T17:17:51Z,7dac206f0000,rw-p,1024,1024
2026-09-01T17:17:51Z,7dac208f0000,rw-p,2048,2048
2026-09-01T17:17:51Z,7dac20af0000,rw-p,1024,1024
2026-09-01T17:17:51Z,7dac20bf0000,rw-p,704,692
2026-09-01T17:17:51Z,7dac2c000000,rwxp,7296,6700
2026-09-01T17:17:51Z,7dac34000000,rw-p,4888,4732
2026-09-01T17:17:51Z,7dac396d0000,rw-p,1268,1264
2026-09-01T17:22:51Z,fc000000,rw-p,65536,63764
2026-09-01T17:22:51Z,7dabec000000,rw-p,2188,2180
2026-09-01T17:22:51Z,7dabf4000000,rw-p,2376,2376
2026-09-01T17:22:51Z,7dac00000000,rw-p,7484,7452
2026-09-01T17:22:51Z,7dac0c000000,rw-p,21836,20112
2026-09-01T17:22:51Z,7dac20000000,rw-p,4544,4544
2026-09-01T17:22:51Z,7dac204f0000,rw-p,2048,2048
2026-09-01T17:22:51Z,7dac206f0000,rw-p,1024,1024
2026-09-01T17:22:51Z,7dac208f0000,rw-p,2048,2048
2026-09-01T17:22:51Z,7dac20af0000,rw-p,1024,1024
2026-09-01T17:22:51Z,7dac20bf0000,rw-p,704,692
2026-09-01T17:22:51Z,7dac2c000000,rwxp,7296,6700
2026-09-01T17:22:51Z,7dac34000000,rw-p,4888,4732
2026-09-01T17:22:51Z,7dac396d0000,rw-p,1268,1264
2026-09-01T17:27:51Z,fc000000,rw-p,65536,63764
2026-09-01T17:27:51Z,7dabec000000,rw-p,2188,2180
2026-09-01T17:27:51Z,7dabf4000000,rw-p,2376,2376
2026-09-01T17:27:51Z,7dac00000000,rw-p,7484,7452
2026-09-01T17:27:51Z,7dac0c000000,rw-p,21836,20112
2026-09-01T17:27:51Z,7dac20000000,rw-p,4544,4544
2026-09-01T17:27:51Z,7dac204f0000,rw-p,2048,2048
2026-09-01T17:27:51Z,7dac206f0000,rw-p,1024,1024
2026-09-01T17:27:51Z,7dac208f0000,rw-p,2048,2048
2026-09-01T17:27:51Z,7dac20af0000,rw-p,1024,1024
2026-09-01T17:27:51Z,7dac20bf0000,rw-p,704,692
2026-09-01T17:27:51Z,7dac2c000000,rwxp,7296,6700
2026-09-01T17:27:51Z,7dac34000000,rw-p,4888,4732
2026-09-01T17:27:51Z,7dac396d0000,rw-p,1268,1264
2026-09-01T17:32:51Z,fc000000,rw-p,65536,63764
2026-09-01T17:32:51Z,7dabec000000,rw-p,2188,2180
2026-09-01T17:32:51Z,7dabf4000000,rw-p,2376,2376
2026-09-01T17:32:51Z,7dac00000000,rw-p,7484,7452
2026-09-01T17:32:51Z,7dac0c000000,rw-p,21836,20112
2026-09-01T17:32:51Z,7dac20000000,rw-p,4544,4544
2026-09-01T17:32:51Z,7dac204f0000,rw-p,2048,2048
2026-09-01T17:32:51Z,7dac206f0000,rw-p,1024,1024
2026-09-01T17:32:51Z,7dac208f0000,rw-p,2048,2048
2026-09-01T17:32:51Z,7dac20af0000,rw-p,1024,1024
2026-09-01T17:32:51Z,7dac20bf0000,rw-p,704,692
2026-09-01T17:32:51Z,7dac2c000000,rwxp,7296,6700
2026-09-01T17:32:51Z,7dac34000000,rw-p,4888,4732
2026-09-01T17:32:51Z,7dac396d0000,rw-p,1268,1264
2026-09-01T17:37:52Z,fc000000,rw-p,65536,63764
2026-09-01T17:37:52Z,7dabec000000,rw-p,2188,2180
2026-09-01T17:37:52Z,7dabf4000000,rw-p,2376,2376
2026-09-01T17:37:52Z,7dac00000000,rw-p,7484,7452
2026-09-01T17:37:52Z,7dac0c000000,rw-p,21836,20112
2026-09-01T17:37:52Z,7dac20000000,rw-p,4544,4544
2026-09-01T17:37:52Z,7dac204f0000,rw-p,2048,2048
2026-09-01T17:37:52Z,7dac206f0000,rw-p,1024,1024
2026-09-01T17:37:52Z,7dac208f0000,rw-p,2048,2048
2026-09-01T17:37:52Z,7dac20af0000,rw-p,1024,1024
2026-09-01T17:37:52Z,7dac20bf0000,rw-p,704,692
2026-09-01T17:37:52Z,7dac2c000000,rwxp,7296,6700
2026-09-01T17:37:52Z,7dac34000000,rw-p,4888,4732
2026-09-01T17:37:52Z,7dac396d0000,rw-p,1268,1264
2026-09-01T17:42:52Z,fc000000,rw-p,65536,63764
2026-09-01T17:42:52Z,7dabec000000,rw-p,2188,2180
2026-09-01T17:42:52Z,7dabf4000000,rw-p,2376,2376
2026-09-01T17:42:52Z,7dac00000000,rw-p,7484,7452
2026-09-01T17:42:52Z,7dac0c000000,rw-p,21836,20112
2026-09-01T17:42:52Z,7dac20000000,rw-p,4544,4544
2026-09-01T17:42:52Z,7dac204f0000,rw-p,2048,2048
2026-09-01T17:42:52Z,7dac206f0000,rw-p,1024,1024
2026-09-01T17:42:52Z,7dac208f0000,rw-p,2048,2048
2026-09-01T17:42:52Z,7dac20af0000,rw-p,1024,1024
2026-09-01T17:42:52Z,7dac20bf0000,rw-p,704,692
2026-09-01T17:42:52Z,7dac2c000000,rwxp,7296,6700
2026-09-01T17:42:52Z,7dac34000000,rw-p,4888,4732
2026-09-01T17:42:52Z,7dac396d0000,rw-p,1268,1264
2026-09-01T17:47:52Z,fc000000,rw-p,65536,63796
2026-09-01T17:47:52Z,7dabec000000,rw-p,2188,2180
2026-09-01T17:47:52Z,7dabf4000000,rw-p,2376,2376
2026-09-01T17:47:52Z,7dac00000000,rw-p,7484,7452
2026-09-01T17:47:52Z,7dac0c000000,rw-p,21836,20112
2026-09-01T17:47:52Z,7dac20000000,rw-p,4544,4544
2026-09-01T17:47:52Z,7dac204f0000,rw-p,2048,2048
2026-09-01T17:47:52Z,7dac206f0000,rw-p,1024,1024
2026-09-01T17:47:52Z,7dac208f0000,rw-p,2048,2048
2026-09-01T17:47:52Z,7dac20af0000,rw-p,1024,1024
2026-09-01T17:47:52Z,7dac20bf0000,rw-p,704,692
2026-09-01T17:47:52Z,7dac2c000000,rwxp,7296,6700
2026-09-01T17:47:52Z,7dac34000000,rw-p,4888,4732
2026-09-01T17:47:52Z,7dac396d0000,rw-p,1268,1264
2026-09-01T17:52:52Z,fc000000,rw-p,65536,63796
2026-09-01T17:52:52Z,7dabec000000,rw-p,2188,2180
2026-09-01T17:52:52Z,7dabf4000000,rw-p,2376,2376
2026-09-01T17:52:52Z,7dac00000000,rw-p,7484,7452
2026-09-01T17:52:52Z,7dac0c000000,rw-p,21836,20112
2026-09-01T17:52:52Z,7dac20000000,rw-p,4544,4544
2026-09-01T17:52:52Z,7dac204f0000,rw-p,2048,2048
2026-09-01T17:52:52Z,7dac206f0000,rw-p,1024,1024
2026-09-01T17:52:52Z,7dac208f0000,rw-p,2048,2048
2026-09-01T17:52:52Z,7dac20af0000,rw-p,1024,1024
2026-09-01T17:52:52Z,7dac20bf0000,rw-p,704,692
2026-09-01T17:52:52Z,7dac2c000000,rwxp,7296,6700
2026-09-01T17:52:52Z,7dac34000000,rw-p,4888,4732
2026-09-01T17:52:52Z,7dac396d0000,rw-p,1268,1264
2026-09-01T17:57:52Z,fc000000,rw-p,65536,63796
2026-09-01T17:57:52Z,7dabec000000,rw-p,2188,2180
2026-09-01T17:57:52Z,7dabf4000000,rw-p,2376,2376
2026-09-01T17:57:52Z,7dac00000000,rw-p,7484,7452
2026-09-01T17:57:52Z,7dac0c000000,rw-p,21836,20112
2026-09-01T17:57:52Z,7dac20000000,rw-p,4544,4544
2026-09-01T17:57:52Z,7dac204f0000,rw-p,2048,2048
2026-09-01T17:57:52Z,7dac206f0000,rw-p,1024,1024
2026-09-01T17:57:52Z,7dac208f0000,rw-p,2048,2048
2026-09-01T17:57:52Z,7dac20af0000,rw-p,1024,1024
2026-09-01T17:57:52Z,7dac20bf0000,rw-p,704,692
2026-09-01T17:57:52Z,7dac2c000000,rwxp,7296,6700
2026-09-01T17:57:52Z,7dac34000000,rw-p,4888,4732
2026-09-01T17:57:52Z,7dac396d0000,rw-p,1268,1264
2026-09-01T18:02:52Z,fc000000,rw-p,65536,63796
2026-09-01T18:02:52Z,7dabec000000,rw-p,2188,2180
2026-09-01T18:02:52Z,7dabf4000000,rw-p,2376,2376
2026-09-01T18:02:52Z,7dac00000000,rw-p,7484,7452
2026-09-01T18:02:52Z,7dac0c000000,rw-p,21836,20112
2026-09-01T18:02:52Z,7dac20000000,rw-p,4544,4544
2026-09-01T18:02:52Z,7dac204f0000,rw-p,2048,2048
2026-09-01T18:02:52Z,7dac206f0000,rw-p,1024,1024
2026-09-01T18:02:52Z,7dac208f0000,rw-p,2048,2048
2026-09-01T18:02:52Z,7dac20af0000,rw-p,1024,1024
2026-09-01T18:02:52Z,7dac20bf0000,rw-p,704,692
2026-09-01T18:02:52Z,7dac2c000000,rwxp,7296,6700
2026-09-01T18:02:52Z,7dac34000000,rw-p,4888,4732
2026-09-01T18:02:52Z,7dac396d0000,rw-p,1268,1264
2026-09-01T18:07:52Z,fc000000,rw-p,65536,63796
2026-09-01T18:07:52Z,7dabec000000,rw-p,2188,2180
2026-09-01T18:07:52Z,7dabf4000000,rw-p,2376,2376
2026-09-01T18:07:52Z,7dac00000000,rw-p,7484,7452
2026-09-01T18:07:52Z,7dac0c000000,rw-p,21836,20112
2026-09-01T18:07:52Z,7dac20000000,rw-p,4544,4544
2026-09-01T18:07:52Z,7dac204f0000,rw-p,2048,2048
2026-09-01T18:07:52Z,7dac206f0000,rw-p,1024,1024
2026-09-01T18:07:52Z,7dac208f0000,rw-p,2048,2048
2026-09-01T18:07:52Z,7dac20af0000,rw-p,1024,1024
2026-09-01T18:07:52Z,7dac20bf0000,rw-p,704,692
2026-09-01T18:07:52Z,7dac2c000000,rwxp,7296,6700
2026-09-01T18:07:52Z,7dac34000000,rw-p,4888,4732
2026-09-01T18:07:52Z,7dac396d0000,rw-p,1268,1264
2026-09-01T18:12:52Z,fc000000,rw-p,65536,63796
2026-09-01T18:12:52Z,7dabec000000,rw-p,2188,2180
2026-09-01T18:12:52Z,7dabf4000000,rw-p,2376,2376
2026-09-01T18:12:52Z,7dac00000000,rw-p,7484,7452
2026-09-01T18:12:52Z,7dac0c000000,rw-p,21836,20112
2026-09-01T18:12:52Z,7dac20000000,rw-p,4544,4544
2026-09-01T18:12:52Z,7dac204f0000,rw-p,2048,2048
2026-09-01T18:12:52Z,7dac206f0000,rw-p,1024,1024
2026-09-01T18:12:52Z,7dac208f0000,rw-p,2048,2048
2026-09-01T18:12:52Z,7dac20af0000,rw-p,1024,1024
2026-09-01T18:12:52Z,7dac20bf0000,rw-p,704,692
2026-09-01T18:12:52Z,7dac2c000000,rwxp,7296,6700
2026-09-01T18:12:52Z,7dac34000000,rw-p,4888,4732
2026-09-01T18:12:52Z,7dac396d0000,rw-p,1268,1264
2026-09-01T18:17:52Z,fc000000,rw-p,65536,63796
2026-09-01T18:17:52Z,7dabec000000,rw-p,2188,2180
2026-09-01T18:17:52Z,7dabf4000000,rw-p,2376,2376
2026-09-01T18:17:52Z,7dac00000000,rw-p,7484,7452
2026-09-01T18:17:52Z,7dac0c000000,rw-p,21836,20112
2026-09-01T18:17:52Z,7dac20000000,rw-p,4544,4544
2026-09-01T18:17:52Z,7dac204f0000,rw-p,2048,2048
2026-09-01T18:17:52Z,7dac206f0000,rw-p,1024,1024
2026-09-01T18:17:52Z,7dac208f0000,rw-p,2048,2048
2026-09-01T18:17:52Z,7dac20af0000,rw-p,1024,1024
2026-09-01T18:17:52Z,7dac20bf0000,rw-p,704,692
2026-09-01T18:17:52Z,7dac2c000000,rwxp,7296,6700
2026-09-01T18:17:52Z,7dac34000000,rw-p,4888,4732
2026-09-01T18:17:52Z,7dac396d0000,rw-p,1268,1264
2026-09-01T18:22:52Z,fc000000,rw-p,65536,63796
2026-09-01T18:22:52Z,7dabec000000,rw-p,2188,2180
2026-09-01T18:22:52Z,7dabf4000000,rw-p,2376,2376
2026-09-01T18:22:52Z,7dac00000000,rw-p,7484,7452
2026-09-01T18:22:52Z,7dac0c000000,rw-p,21836,20112
2026-09-01T18:22:52Z,7dac20000000,rw-p,4544,4544
2026-09-01T18:22:52Z,7dac204f0000,rw-p,2048,2048
2026-09-01T18:22:52Z,7dac206f0000,rw-p,1024,1024
2026-09-01T18:22:52Z,7dac208f0000,rw-p,2048,2048
2026-09-01T18:22:52Z,7dac20af0000,rw-p,1024,1024
2026-09-01T18:22:52Z,7dac20bf0000,rw-p,704,692
2026-09-01T18:22:52Z,7dac2c000000,rwxp,7296,6700
2026-09-01T18:22:52Z,7dac34000000,rw-p,4888,4732
2026-09-01T18:22:52Z,7dac396d0000,rw-p,1268,1264
2026-09-01T18:27:53Z,fc000000,rw-p,65536,63796
2026-09-01T18:27:53Z,7dabec000000,rw-p,2188,2180
2026-09-01T18:27:53Z,7dabf4000000,rw-p,2376,2376
2026-09-01T18:27:53Z,7dac00000000,rw-p,7484,7452
2026-09-01T18:27:53Z,7dac0c000000,rw-p,21836,20112
2026-09-01T18:27:53Z,7dac20000000,rw-p,4544,4544
2026-09-01T18:27:53Z,7dac204f0000,rw-p,2048,2048
2026-09-01T18:27:53Z,7dac206f0000,rw-p,1024,1024
2026-09-01T18:27:53Z,7dac208f0000,rw-p,2048,2048
2026-09-01T18:27:53Z,7dac20af0000,rw-p,1024,1024
2026-09-01T18:27:53Z,7dac20bf0000,rw-p,704,692
2026-09-01T18:27:53Z,7dac2c000000,rwxp,7296,6700
2026-09-01T18:27:53Z,7dac34000000,rw-p,4888,4732
2026-09-01T18:27:53Z,7dac396d0000,rw-p,1268,1264
2026-09-01T18:32:53Z,fc000000,rw-p,65536,63796
2026-09-01T18:32:53Z,7dabec000000,rw-p,2188,2180
2026-09-01T18:32:53Z,7dabf4000000,rw-p,2376,2376
2026-09-01T18:32:53Z,7dac00000000,rw-p,7484,7452
2026-09-01T18:32:53Z,7dac0c000000,rw-p,21836,20112
2026-09-01T18:32:53Z,7dac20000000,rw-p,4544,4544
2026-09-01T18:32:53Z,7dac204f0000,rw-p,2048,2048
2026-09-01T18:32:53Z,7dac206f0000,rw-p,1024,1024
2026-09-01T18:32:53Z,7dac208f0000,rw-p,2048,2048
2026-09-01T18:32:53Z,7dac20af0000,rw-p,1024,1024
2026-09-01T18:32:53Z,7dac20bf0000,rw-p,704,692
2026-09-01T18:32:53Z,7dac2c000000,rwxp,7296,6700
2026-09-01T18:32:53Z,7dac34000000,rw-p,4888,4732
2026-09-01T18:32:53Z,7dac396d0000,rw-p,1268,1264
2026-09-01T18:37:53Z,fc000000,rw-p,65536,63796
2026-09-01T18:37:53Z,7dabec000000,rw-p,2188,2180
2026-09-01T18:37:53Z,7dabf4000000,rw-p,2376,2376
2026-09-01T18:37:53Z,7dac00000000,rw-p,7484,7452
2026-09-01T18:37:53Z,7dac0c000000,rw-p,21836,20112
2026-09-01T18:37:53Z,7dac20000000,rw-p,4544,4544
2026-09-01T18:37:53Z,7dac204f0000,rw-p,2048,2048
2026-09-01T18:37:53Z,7dac206f0000,rw-p,1024,1024
2026-09-01T18:37:53Z,7dac208f0000,rw-p,2048,2048
2026-09-01T18:37:53Z,7dac20af0000,rw-p,1024,1024
2026-09-01T18:37:53Z,7dac20bf0000,rw-p,704,692
2026-09-01T18:37:53Z,7dac2c000000,rwxp,7296,6700
2026-09-01T18:37:53Z,7dac34000000,rw-p,4888,4732
2026-09-01T18:37:53Z,7dac396d0000,rw-p,1268,1264
2026-09-01T18:42:53Z,fc000000,rw-p,65536,63796
2026-09-01T18:42:53Z,7dabec000000,rw-p,2188,2180
2026-09-01T18:42:53Z,7dabf4000000,rw-p,2376,2376
2026-09-01T18:42:53Z,7dac00000000,rw-p,7484,7452
2026-09-01T18:42:53Z,7dac0c000000,rw-p,21836,20112
2026-09-01T18:42:53Z,7dac20000000,rw-p,4544,4544
2026-09-01T18:42:53Z,7dac204f0000,rw-p,2048,2048
2026-09-01T18:42:53Z,7dac206f0000,rw-p,1024,1024
2026-09-01T18:42:53Z,7dac208f0000,rw-p,2048,2048
2026-09-01T18:42:53Z,7dac20af0000,rw-p,1024,1024
2026-09-01T18:42:53Z,7dac20bf0000,rw-p,704,692
2026-09-01T18:42:53Z,7dac2c000000,rwxp,7296,6700
2026-09-01T18:42:53Z,7dac34000000,rw-p,4888,4732
2026-09-01T18:42:53Z,7dac396d0000,rw-p,1268,1264
2026-09-01T18:47:53Z,fc000000,rw-p,65536,63796
2026-09-01T18:47:53Z,7dabec000000,rw-p,2188,2180
2026-09-01T18:47:53Z,7dabf4000000,rw-p,2376,2376
2026-09-01T18:47:53Z,7dac00000000,rw-p,7484,7452
2026-09-01T18:47:53Z,7dac0c000000,rw-p,21836,20112
2026-09-01T18:47:53Z,7dac20000000,rw-p,4544,4544
2026-09-01T18:47:53Z,7dac204f0000,rw-p,2048,2048
2026-09-01T18:47:53Z,7dac206f0000,rw-p,1024,1024
2026-09-01T18:47:53Z,7dac208f0000,rw-p,2048,2048
2026-09-01T18:47:53Z,7dac20af0000,rw-p,1024,1024
2026-09-01T18:47:53Z,7dac20bf0000,rw-p,704,692
2026-09-01T18:47:53Z,7dac2c000000,rwxp,7296,6700
2026-09-01T18:47:53Z,7dac34000000,rw-p,4888,4732
2026-09-01T18:47:53Z,7dac396d0000,rw-p,1268,1264
2026-09-01T18:52:53Z,fc000000,rw-p,65536,63796
2026-09-01T18:52:53Z,7dabec000000,rw-p,2188,2180
2026-09-01T18:52:53Z,7dabf4000000,rw-p,2376,2376
2026-09-01T18:52:53Z,7dac00000000,rw-p,7484,7452
2026-09-01T18:52:53Z,7dac0c000000,rw-p,21836,20112
2026-09-01T18:52:53Z,7dac20000000,rw-p,4544,4544
2026-09-01T18:52:53Z,7dac204f0000,rw-p,2048,2048
2026-09-01T18:52:53Z,7dac206f0000,rw-p,1024,1024
2026-09-01T18:52:53Z,7dac208f0000,rw-p,2048,2048
2026-09-01T18:52:53Z,7dac20af0000,rw-p,1024,1024
2026-09-01T18:52:53Z,7dac20bf0000,rw-p,704,692
2026-09-01T18:52:53Z,7dac2c000000,rwxp,7296,6700
2026-09-01T18:52:53Z,7dac34000000,rw-p,4888,4732
2026-09-01T18:52:53Z,7dac396d0000,rw-p,1268,1264
2026-09-01T18:57:53Z,fc000000,rw-p,65536,63796
2026-09-01T18:57:53Z,7dabec000000,rw-p,2188,2180
2026-09-01T18:57:53Z,7dabf4000000,rw-p,2376,2376
2026-09-01T18:57:53Z,7dac00000000,rw-p,7484,7452
2026-09-01T18:57:53Z,7dac0c000000,rw-p,21836,20112
2026-09-01T18:57:53Z,7dac20000000,rw-p,4544,4544
2026-09-01T18:57:53Z,7dac204f0000,rw-p,2048,2048
2026-09-01T18:57:53Z,7dac206f0000,rw-p,1024,1024
2026-09-01T18:57:53Z,7dac208f0000,rw-p,2048,2048
2026-09-01T18:57:53Z,7dac20af0000,rw-p,1024,1024
2026-09-01T18:57:53Z,7dac20bf0000,rw-p,704,692
2026-09-01T18:57:53Z,7dac2c000000,rwxp,7296,6700
2026-09-01T18:57:53Z,7dac34000000,rw-p,4888,4732
2026-09-01T18:57:53Z,7dac396d0000,rw-p,1268,1264
2026-09-01T19:02:53Z,fc000000,rw-p,65536,63796
2026-09-01T19:02:53Z,7dabec000000,rw-p,2188,2180
2026-09-01T19:02:53Z,7dabf4000000,rw-p,2376,2376
2026-09-01T19:02:53Z,7dac00000000,rw-p,7484,7452
2026-09-01T19:02:53Z,7dac0c000000,rw-p,21836,20112
2026-09-01T19:02:53Z,7dac20000000,rw-p,4544,4544
2026-09-01T19:02:53Z,7dac204f0000,rw-p,2048,2048
2026-09-01T19:02:53Z,7dac206f0000,rw-p,1024,1024
2026-09-01T19:02:53Z,7dac208f0000,rw-p,2048,2048
2026-09-01T19:02:53Z,7dac20af0000,rw-p,1024,1024
2026-09-01T19:02:53Z,7dac20bf0000,rw-p,704,692
2026-09-01T19:02:53Z,7dac2c000000,rwxp,7296,6700
2026-09-01T19:02:53Z,7dac34000000,rw-p,4888,4732
2026-09-01T19:02:53Z,7dac396d0000,rw-p,1268,1264
2026-09-01T19:07:53Z,fc000000,rw-p,65536,63796
2026-09-01T19:07:53Z,7dabec000000,rw-p,2188,2180
2026-09-01T19:07:53Z,7dabf4000000,rw-p,2376,2376
2026-09-01T19:07:53Z,7dac00000000,rw-p,7484,7452
2026-09-01T19:07:53Z,7dac0c000000,rw-p,21836,20112
2026-09-01T19:07:53Z,7dac20000000,rw-p,4544,4544
2026-09-01T19:07:53Z,7dac204f0000,rw-p,2048,2048
2026-09-01T19:07:53Z,7dac206f0000,rw-p,1024,1024
2026-09-01T19:07:53Z,7dac208f0000,rw-p,2048,2048
2026-09-01T19:07:53Z,7dac20af0000,rw-p,1024,1024
2026-09-01T19:07:53Z,7dac20bf0000,rw-p,704,692
2026-09-01T19:07:53Z,7dac2c000000,rwxp,7296,6700
2026-09-01T19:07:53Z,7dac34000000,rw-p,4888,4732
2026-09-01T19:07:53Z,7dac396d0000,rw-p,1268,1264
2026-09-01T19:12:53Z,fc000000,rw-p,65536,63796
2026-09-01T19:12:53Z,7dabec000000,rw-p,2188,2180
2026-09-01T19:12:53Z,7dabf4000000,rw-p,2376,2376
2026-09-01T19:12:53Z,7dac00000000,rw-p,7484,7452
2026-09-01T19:12:53Z,7dac0c000000,rw-p,21836,20112
2026-09-01T19:12:53Z,7dac20000000,rw-p,4544,4544
2026-09-01T19:12:53Z,7dac204f0000,rw-p,2048,2048
2026-09-01T19:12:53Z,7dac206f0000,rw-p,1024,1024
2026-09-01T19:12:53Z,7dac208f0000,rw-p,2048,2048
2026-09-01T19:12:53Z,7dac20af0000,rw-p,1024,1024
2026-09-01T19:12:53Z,7dac20bf0000,rw-p,704,692
2026-09-01T19:12:53Z,7dac2c000000,rwxp,7296,6700
2026-09-01T19:12:53Z,7dac34000000,rw-p,4888,4732
2026-09-01T19:12:53Z,7dac396d0000,rw-p,1268,1264
2026-09-01T19:17:54Z,fc000000,rw-p,65536,63796
2026-09-01T19:17:54Z,7dabec000000,rw-p,2188,2180
2026-09-01T19:17:54Z,7dabf4000000,rw-p,2376,2376
2026-09-01T19:17:54Z,7dac00000000,rw-p,7484,7452
2026-09-01T19:17:54Z,7dac0c000000,rw-p,21836,20112
2026-09-01T19:17:54Z,7dac20000000,rw-p,4544,4544
2026-09-01T19:17:54Z,7dac204f0000,rw-p,2048,2048
2026-09-01T19:17:54Z,7dac206f0000,rw-p,1024,1024
2026-09-01T19:17:54Z,7dac208f0000,rw-p,2048,2048
2026-09-01T19:17:54Z,7dac20af0000,rw-p,1024,1024
2026-09-01T19:17:54Z,7dac20bf0000,rw-p,704,692
2026-09-01T19:17:54Z,7dac2c000000,rwxp,7296,6700
2026-09-01T19:17:54Z,7dac34000000,rw-p,4888,4732
2026-09-01T19:17:54Z,7dac396d0000,rw-p,1268,1264
2026-09-01T19:22:54Z,fc000000,rw-p,65536,63796
2026-09-01T19:22:54Z,7dabec000000,rw-p,2188,2180
2026-09-01T19:22:54Z,7dabf4000000,rw-p,2376,2376
2026-09-01T19:22:54Z,7dac00000000,rw-p,7484,7452
2026-09-01T19:22:54Z,7dac0c000000,rw-p,21836,20112
2026-09-01T19:22:54Z,7dac20000000,rw-p,4544,4544
2026-09-01T19:22:54Z,7dac204f0000,rw-p,2048,2048
2026-09-01T19:22:54Z,7dac206f0000,rw-p,1024,1024
2026-09-01T19:22:54Z,7dac208f0000,rw-p,2048,2048
2026-09-01T19:22:54Z,7dac20af0000,rw-p,1024,1024
2026-09-01T19:22:54Z,7dac20bf0000,rw-p,704,692
2026-09-01T19:22:54Z,7dac2c000000,rwxp,7296,6700
2026-09-01T19:22:54Z,7dac34000000,rw-p,4888,4732
2026-09-01T19:22:54Z,7dac396d0000,rw-p,1268,1264
2026-09-01T19:27:54Z,fc000000,rw-p,65536,63796
2026-09-01T19:27:54Z,7dabec000000,rw-p,2188,2180
2026-09-01T19:27:54Z,7dabf4000000,rw-p,2376,2376
2026-09-01T19:27:54Z,7dac00000000,rw-p,7484,7452
2026-09-01T19:27:54Z,7dac0c000000,rw-p,21836,20112
2026-09-01T19:27:54Z,7dac20000000,rw-p,4544,4544
2026-09-01T19:27:54Z,7dac204f0000,rw-p,2048,2048
2026-09-01T19:27:54Z,7dac206f0000,rw-p,1024,1024
2026-09-01T19:27:54Z,7dac208f0000,rw-p,2048,2048
2026-09-01T19:27:54Z,7dac20af0000,rw-p,1024,1024
2026-09-01T19:27:54Z,7dac20bf0000,rw-p,704,692
2026-09-01T19:27:54Z,7dac2c000000,rwxp,7296,6700
2026-09-01T19:27:54Z,7dac34000000,rw-p,4888,4732
2026-09-01T19:27:54Z,7dac396d0000,rw-p,1268,1264
2026-09-01T19:32:54Z,fc000000,rw-p,65536,63796
2026-09-01T19:32:54Z,7dabec000000,rw-p,2188,2180
2026-09-01T19:32:54Z,7dabf4000000,rw-p,2376,2376
2026-09-01T19:32:54Z,7dac00000000,rw-p,7484,7452
2026-09-01T19:32:54Z,7dac0c000000,rw-p,21836,20112
2026-09-01T19:32:54Z,7dac20000000,rw-p,4544,4544
2026-09-01T19:32:54Z,7dac204f0000,rw-p,2048,2048
2026-09-01T19:32:54Z,7dac206f0000,rw-p,1024,1024
2026-09-01T19:32:54Z,7dac208f0000,rw-p,2048,2048
2026-09-01T19:32:54Z,7dac20af0000,rw-p,1024,1024
2026-09-01T19:32:54Z,7dac20bf0000,rw-p,704,692
2026-09-01T19:32:54Z,7dac2c000000,rwxp,7296,6700
2026-09-01T19:32:54Z,7dac34000000,rw-p,4888,4732
2026-09-01T19:32:54Z,7dac396d0000,rw-p,1268,1264
2026-09-01T19:37:54Z,fc000000,rw-p,65536,63796
2026-09-01T19:37:54Z,7dabec000000,rw-p,2188,2180
2026-09-01T19:37:54Z,7dabf4000000,rw-p,2376,2376
2026-09-01T19:37:54Z,7dac00000000,rw-p,7484,7452
2026-09-01T19:37:54Z,7dac0c000000,rw-p,21836,20112
2026-09-01T19:37:54Z,7dac20000000,rw-p,4544,4544
2026-09-01T19:37:54Z,7dac204f0000,rw-p,2048,2048
2026-09-01T19:37:54Z,7dac206f0000,rw-p,1024,1024
2026-09-01T19:37:54Z,7dac208f0000,rw-p,2048,2048
2026-09-01T19:37:54Z,7dac20af0000,rw-p,1024,1024
2026-09-01T19:37:54Z,7dac20bf0000,rw-p,704,692
2026-09-01T19:37:54Z,7dac20d00000,rw-p,576,516
2026-09-01T19:37:54Z,7dac2c000000,rwxp,7296,6700
2026-09-01T19:37:54Z,7dac34000000,rw-p,4888,4732
2026-09-01T19:37:54Z,7dac396d0000,rw-p,1268,1264
2026-09-01T19:42:54Z,fc000000,rw-p,65536,63796
2026-09-01T19:42:54Z,7dabec000000,rw-p,2188,2180
2026-09-01T19:42:54Z,7dabf4000000,rw-p,2376,2376
2026-09-01T19:42:54Z,7dac00000000,rw-p,7484,7452
2026-09-01T19:42:54Z,7dac0c000000,rw-p,21836,20112
2026-09-01T19:42:54Z,7dac20000000,rw-p,4544,4544
2026-09-01T19:42:54Z,7dac204f0000,rw-p,2048,2048
2026-09-01T19:42:54Z,7dac206f0000,rw-p,1024,1024
2026-09-01T19:42:54Z,7dac208f0000,rw-p,2048,2048
2026-09-01T19:42:54Z,7dac20af0000,rw-p,1024,1024
2026-09-01T19:42:54Z,7dac20bf0000,rw-p,704,692
2026-09-01T19:42:54Z,7dac20d00000,rw-p,576,520
2026-09-01T19:42:54Z,7dac2c000000,rwxp,7296,6700
2026-09-01T19:42:54Z,7dac34000000,rw-p,4888,4732
2026-09-01T19:42:54Z,7dac396d0000,rw-p,1268,1264
2026-09-01T19:47:54Z,fc000000,rw-p,65536,63796
2026-09-01T19:47:54Z,7dabec000000,rw-p,2188,2180
2026-09-01T19:47:54Z,7dabf4000000,rw-p,2376,2376
2026-09-01T19:47:54Z,7dac00000000,rw-p,7484,7452
2026-09-01T19:47:54Z,7dac0c000000,rw-p,21836,20112
2026-09-01T19:47:54Z,7dac20000000,rw-p,4544,4544
2026-09-01T19:47:54Z,7dac204f0000,rw-p,2048,2048
2026-09-01T19:47:54Z,7dac206f0000,rw-p,1024,1024
2026-09-01T19:47:54Z,7dac208f0000,rw-p,2048,2048
2026-09-01T19:47:54Z,7dac20af0000,rw-p,1024,1024
2026-09-01T19:47:54Z,7dac20bf0000,rw-p,704,692
2026-09-01T19:47:54Z,7dac20d00000,rw-p,576,520
2026-09-01T19:47:54Z,7dac2c000000,rwxp,7296,6700
2026-09-01T19:47:54Z,7dac34000000,rw-p,4888,4732
2026-09-01T19:47:54Z,7dac396d0000,rw-p,1268,1264
2026-09-01T19:52:54Z,fc000000,rw-p,65536,63796
2026-09-01T19:52:54Z,7dabec000000,rw-p,2188,2180
2026-09-01T19:52:54Z,7dabf4000000,rw-p,2376,2376
2026-09-01T19:52:54Z,7dac00000000,rw-p,7484,7452
2026-09-01T19:52:54Z,7dac0c000000,rw-p,21836,20112
2026-09-01T19:52:54Z,7dac20000000,rw-p,4544,4544
2026-09-01T19:52:54Z,7dac204f0000,rw-p,2048,2048
2026-09-01T19:52:54Z,7dac206f0000,rw-p,1024,1024
2026-09-01T19:52:54Z,7dac208f0000,rw-p,2048,2048
2026-09-01T19:52:54Z,7dac20af0000,rw-p,1024,1024
2026-09-01T19:52:54Z,7dac20bf0000,rw-p,704,692
2026-09-01T19:52:54Z,7dac20d00000,rw-p,576,520
2026-09-01T19:52:54Z,7dac2c000000,rwxp,7296,6700
2026-09-01T19:52:54Z,7dac34000000,rw-p,4888,4732
2026-09-01T19:52:54Z,7dac396d0000,rw-p,1268,1264
2026-09-01T19:57:54Z,fc000000,rw-p,65536,63796
2026-09-01T19:57:54Z,7dabec000000,rw-p,2188,2180
2026-09-01T19:57:54Z,7dabf4000000,rw-p,2376,2376
2026-09-01T19:57:54Z,7dac00000000,rw-p,7484,7452
2026-09-01T19:57:54Z,7dac0c000000,rw-p,21836,20112
2026-09-01T19:57:54Z,7dac20000000,rw-p,4544,4544
2026-09-01T19:57:54Z,7dac204f0000,rw-p,2048,2048
2026-09-01T19:57:54Z,7dac206f0000,rw-p,1024,1024
2026-09-01T19:57:54Z,7dac208f0000,rw-p,2048,2048
2026-09-01T19:57:54Z,7dac20af0000,rw-p,1024,1024
2026-09-01T19:57:54Z,7dac20bf0000,rw-p,704,700
2026-09-01T19:57:54Z,7dac20d00000,rw-p,576,528
2026-09-01T19:57:54Z,7dac2c000000,rwxp,7296,6700
2026-09-01T19:57:54Z,7dac34000000,rw-p,4888,4732
2026-09-01T19:57:54Z,7dac396d0000,rw-p,1268,1264
2026-09-01T20:02:55Z,fc000000,rw-p,65536,63796
2026-09-01T20:02:55Z,7dabec000000,rw-p,2188,2180
2026-09-01T20:02:55Z,7dabf4000000,rw-p,2376,2376
2026-09-01T20:02:55Z,7dac00000000,rw-p,7484,7452
2026-09-01T20:02:55Z,7dac0c000000,rw-p,21836,20112
2026-09-01T20:02:55Z,7dac20000000,rw-p,4544,4544
2026-09-01T20:02:55Z,7dac204f0000,rw-p,2048,2048
2026-09-01T20:02:55Z,7dac206f0000,rw-p,1024,1024
2026-09-01T20:02:55Z,7dac208f0000,rw-p,2048,2048
2026-09-01T20:02:55Z,7dac20af0000,rw-p,1024,1024
2026-09-01T20:02:55Z,7dac20bf0000,rw-p,704,700
2026-09-01T20:02:55Z,7dac20d00000,rw-p,576,528
2026-09-01T20:02:55Z,7dac2c000000,rwxp,7296,6700
2026-09-01T20:02:55Z,7dac34000000,rw-p,4888,4732
2026-09-01T20:02:55Z,7dac396d0000,rw-p,1268,1264
2026-09-01T20:07:55Z,fc000000,rw-p,65536,63796
2026-09-01T20:07:55Z,7dabec000000,rw-p,2188,2180
2026-09-01T20:07:55Z,7dabf4000000,rw-p,2376,2376
2026-09-01T20:07:55Z,7dac00000000,rw-p,7484,7452
2026-09-01T20:07:55Z,7dac0c000000,rw-p,21836,20112
2026-09-01T20:07:55Z,7dac20000000,rw-p,4544,4544
2026-09-01T20:07:55Z,7dac204f0000,rw-p,2048,2048
2026-09-01T20:07:55Z,7dac206f0000,rw-p,1024,1024
2026-09-01T20:07:55Z,7dac208f0000,rw-p,2048,2048
2026-09-01T20:07:55Z,7dac20af0000,rw-p,1024,1024
2026-09-01T20:07:55Z,7dac20bf0000,rw-p,704,700
2026-09-01T20:07:55Z,7dac20d00000,rw-p,576,532
2026-09-01T20:07:55Z,7dac2c000000,rwxp,7296,6700
2026-09-01T20:07:55Z,7dac34000000,rw-p,4888,4732
2026-09-01T20:07:55Z,7dac396d0000,rw-p,1268,1264
2026-09-01T20:12:55Z,fc000000,rw-p,65536,63796
2026-09-01T20:12:55Z,7dabec000000,rw-p,2188,2180
2026-09-01T20:12:55Z,7dabf4000000,rw-p,2376,2376
2026-09-01T20:12:55Z,7dac00000000,rw-p,7484,7452
2026-09-01T20:12:55Z,7dac0c000000,rw-p,21836,20112
2026-09-01T20:12:55Z,7dac20000000,rw-p,4544,4544
2026-09-01T20:12:55Z,7dac204f0000,rw-p,2048,2048
2026-09-01T20:12:55Z,7dac206f0000,rw-p,1024,1024
2026-09-01T20:12:55Z,7dac208f0000,rw-p,2048,2048
2026-09-01T20:12:55Z,7dac20af0000,rw-p,1024,1024
2026-09-01T20:12:55Z,7dac20bf0000,rw-p,704,700
2026-09-01T20:12:55Z,7dac20d00000,rw-p,576,532
2026-09-01T20:12:55Z,7dac2c000000,rwxp,7296,6700
2026-09-01T20:12:55Z,7dac34000000,rw-p,4888,4732
2026-09-01T20:12:55Z,7dac396d0000,rw-p,1268,1264
2026-09-01T20:17:55Z,fc000000,rw-p,65536,63796
2026-09-01T20:17:55Z,7dabec000000,rw-p,2188,2180
2026-09-01T20:17:55Z,7dabf4000000,rw-p,2376,2376
2026-09-01T20:17:55Z,7dac00000000,rw-p,7484,7452
2026-09-01T20:17:55Z,7dac0c000000,rw-p,21836,20112
2026-09-01T20:17:55Z,7dac20000000,rw-p,4544,4544
2026-09-01T20:17:55Z,7dac204f0000,rw-p,2048,2048
2026-09-01T20:17:55Z,7dac206f0000,rw-p,1024,1024
2026-09-01T20:17:55Z,7dac208f0000,rw-p,2048,2048
2026-09-01T20:17:55Z,7dac20af0000,rw-p,1024,1024
2026-09-01T20:17:55Z,7dac20bf0000,rw-p,704,700
2026-09-01T20:17:55Z,7dac20d00000,rw-p,576,532
2026-09-01T20:17:55Z,7dac2c000000,rwxp,7296,6700
2026-09-01T20:17:55Z,7dac34000000,rw-p,4888,4732
2026-09-01T20:17:55Z,7dac396d0000,rw-p,1268,1264
2026-09-01T20:22:55Z,fc000000,rw-p,65536,63796
2026-09-01T20:22:55Z,7dabec000000,rw-p,2188,2180
2026-09-01T20:22:55Z,7dabf4000000,rw-p,2376,2376
2026-09-01T20:22:55Z,7dac00000000,rw-p,7484,7452
2026-09-01T20:22:55Z,7dac0c000000,rw-p,21836,20112
2026-09-01T20:22:55Z,7dac20000000,rw-p,4544,4544
2026-09-01T20:22:55Z,7dac204f0000,rw-p,2048,2048
2026-09-01T20:22:55Z,7dac206f0000,rw-p,1024,1024
2026-09-01T20:22:55Z,7dac208f0000,rw-p,2048,2048
2026-09-01T20:22:55Z,7dac20af0000,rw-p,1024,1024
2026-09-01T20:22:55Z,7dac20bf0000,rw-p,704,700
2026-09-01T20:22:55Z,7dac20d00000,rw-p,576,532
2026-09-01T20:22:55Z,7dac2c000000,rwxp,7296,6700
2026-09-01T20:22:55Z,7dac34000000,rw-p,4888,4732
2026-09-01T20:22:55Z,7dac396d0000,rw-p,1268,1264
2026-09-01T20:27:55Z,fc000000,rw-p,65536,63796
2026-09-01T20:27:55Z,7dabec000000,rw-p,2188,2180
2026-09-01T20:27:55Z,7dabf4000000,rw-p,2376,2376
2026-09-01T20:27:55Z,7dac00000000,rw-p,7484,7452
2026-09-01T20:27:55Z,7dac0c000000,rw-p,21836,20112
2026-09-01T20:27:55Z,7dac20000000,rw-p,4544,4544
2026-09-01T20:27:55Z,7dac204f0000,rw-p,2048,2048
2026-09-01T20:27:55Z,7dac206f0000,rw-p,1024,1024
2026-09-01T20:27:55Z,7dac208f0000,rw-p,2048,2048
2026-09-01T20:27:55Z,7dac20af0000,rw-p,1024,1024
2026-09-01T20:27:55Z,7dac20bf0000,rw-p,704,700
2026-09-01T20:27:55Z,7dac20d00000,rw-p,576,532
2026-09-01T20:27:55Z,7dac2c000000,rwxp,7296,6700
2026-09-01T20:27:55Z,7dac34000000,rw-p,4888,4732
2026-09-01T20:27:55Z,7dac396d0000,rw-p,1268,1264
2026-09-01T20:32:55Z,fc000000,rw-p,65536,63796
2026-09-01T20:32:55Z,7dabec000000,rw-p,2188,2180
2026-09-01T20:32:55Z,7dabf4000000,rw-p,2376,2376
2026-09-01T20:32:55Z,7dac00000000,rw-p,7484,7452
2026-09-01T20:32:55Z,7dac0c000000,rw-p,21836,20112
2026-09-01T20:32:55Z,7dac20000000,rw-p,4544,4544
2026-09-01T20:32:55Z,7dac204f0000,rw-p,2048,2048
2026-09-01T20:32:55Z,7dac206f0000,rw-p,1024,1024
2026-09-01T20:32:55Z,7dac208f0000,rw-p,2048,2048
2026-09-01T20:32:55Z,7dac20af0000,rw-p,1024,1024
2026-09-01T20:32:55Z,7dac20bf0000,rw-p,704,700
2026-09-01T20:32:55Z,7dac20d00000,rw-p,576,532
2026-09-01T20:32:55Z,7dac2c000000,rwxp,7296,6700
2026-09-01T20:32:55Z,7dac34000000,rw-p,4888,4732
2026-09-01T20:32:55Z,7dac396d0000,rw-p,1268,1264
2026-09-01T20:37:55Z,fc000000,rw-p,65536,63796
2026-09-01T20:37:55Z,7dabec000000,rw-p,2188,2180
2026-09-01T20:37:55Z,7dabf4000000,rw-p,2376,2376
2026-09-01T20:37:55Z,7dac00000000,rw-p,7484,7452
2026-09-01T20:37:55Z,7dac0c000000,rw-p,21836,20112
2026-09-01T20:37:55Z,7dac20000000,rw-p,4544,4544
2026-09-01T20:37:55Z,7dac204f0000,rw-p,2048,2048
2026-09-01T20:37:55Z,7dac206f0000,rw-p,1024,1024
2026-09-01T20:37:55Z,7dac208f0000,rw-p,2048,2048
2026-09-01T20:37:55Z,7dac20af0000,rw-p,1024,1024
2026-09-01T20:37:55Z,7dac20bf0000,rw-p,704,700
2026-09-01T20:37:55Z,7dac20d00000,rw-p,576,532
2026-09-01T20:37:55Z,7dac2c000000,rwxp,7296,6700
2026-09-01T20:37:55Z,7dac34000000,rw-p,4888,4732
2026-09-01T20:37:55Z,7dac396d0000,rw-p,1268,1264
2026-09-01T20:42:55Z,fc000000,rw-p,65536,63796
2026-09-01T20:42:55Z,7dabec000000,rw-p,2188,2180
2026-09-01T20:42:55Z,7dabf4000000,rw-p,2376,2376
2026-09-01T20:42:55Z,7dac00000000,rw-p,7484,7452
2026-09-01T20:42:55Z,7dac0c000000,rw-p,21836,20112
2026-09-01T20:42:55Z,7dac20000000,rw-p,4544,4544
2026-09-01T20:42:55Z,7dac204f0000,rw-p,2048,2048
2026-09-01T20:42:55Z,7dac206f0000,rw-p,1024,1024
2026-09-01T20:42:55Z,7dac208f0000,rw-p,2048,2048
2026-09-01T20:42:55Z,7dac20af0000,rw-p,1024,1024
2026-09-01T20:42:55Z,7dac20bf0000,rw-p,704,700
2026-09-01T20:42:55Z,7dac20d00000,rw-p,576,532
2026-09-01T20:42:55Z,7dac2c000000,rwxp,7296,6700
2026-09-01T20:42:55Z,7dac34000000,rw-p,4888,4732
2026-09-01T20:42:55Z,7dac396d0000,rw-p,1268,1264
2026-09-01T20:47:56Z,fc000000,rw-p,65536,63796
2026-09-01T20:47:56Z,7dabec000000,rw-p,2188,2180
2026-09-01T20:47:56Z,7dabf4000000,rw-p,2376,2376
2026-09-01T20:47:56Z,7dac00000000,rw-p,7484,7452
2026-09-01T20:47:56Z,7dac0c000000,rw-p,21836,20112
2026-09-01T20:47:56Z,7dac20000000,rw-p,4544,4544
2026-09-01T20:47:56Z,7dac204f0000,rw-p,2048,2048
2026-09-01T20:47:56Z,7dac206f0000,rw-p,1024,1024
2026-09-01T20:47:56Z,7dac208f0000,rw-p,2048,2048
2026-09-01T20:47:56Z,7dac20af0000,rw-p,1024,1024
2026-09-01T20:47:56Z,7dac20bf0000,rw-p,704,700
2026-09-01T20:47:56Z,7dac20d00000,rw-p,576,532
2026-09-01T20:47:56Z,7dac2c000000,rwxp,7296,6700
2026-09-01T20:47:56Z,7dac34000000,rw-p,4888,4732
2026-09-01T20:47:56Z,7dac396d0000,rw-p,1268,1264
2026-09-01T20:52:56Z,fc000000,rw-p,65536,63796
2026-09-01T20:52:56Z,7dabec000000,rw-p,2188,2180
2026-09-01T20:52:56Z,7dabf4000000,rw-p,2376,2376
2026-09-01T20:52:56Z,7dac00000000,rw-p,7484,7452
2026-09-01T20:52:56Z,7dac0c000000,rw-p,21836,20112
2026-09-01T20:52:56Z,7dac20000000,rw-p,4544,4544
2026-09-01T20:52:56Z,7dac204f0000,rw-p,2048,2048
2026-09-01T20:52:56Z,7dac206f0000,rw-p,1024,1024
2026-09-01T20:52:56Z,7dac208f0000,rw-p,2048,2048
2026-09-01T20:52:56Z,7dac20af0000,rw-p,1024,1024
2026-09-01T20:52:56Z,7dac20bf0000,rw-p,704,700
2026-09-01T20:52:56Z,7dac20d00000,rw-p,576,532
2026-09-01T20:52:56Z,7dac2c000000,rwxp,7296,6700
2026-09-01T20:52:56Z,7dac34000000,rw-p,4888,4732
2026-09-01T20:52:56Z,7dac396d0000,rw-p,1268,1264
2026-09-01T20:57:56Z,fc000000,rw-p,65536,63796
2026-09-01T20:57:56Z,7dabec000000,rw-p,2188,2180
2026-09-01T20:57:56Z,7dabf4000000,rw-p,2376,2376
2026-09-01T20:57:56Z,7dac00000000,rw-p,7484,7452
2026-09-01T20:57:56Z,7dac0c000000,rw-p,21836,20112
2026-09-01T20:57:56Z,7dac20000000,rw-p,4544,4544
2026-09-01T20:57:56Z,7dac204f0000,rw-p,2048,2048
2026-09-01T20:57:56Z,7dac206f0000,rw-p,1024,1024
2026-09-01T20:57:56Z,7dac208f0000,rw-p,2048,2048
2026-09-01T20:57:56Z,7dac20af0000,rw-p,1024,1024
2026-09-01T20:57:56Z,7dac20bf0000,rw-p,704,700
2026-09-01T20:57:56Z,7dac20d00000,rw-p,576,532
2026-09-01T20:57:56Z,7dac2c000000,rwxp,7296,6700
2026-09-01T20:57:56Z,7dac34000000,rw-p,4888,4732
2026-09-01T20:57:56Z,7dac396d0000,rw-p,1268,1264
2026-09-01T21:02:56Z,fc000000,rw-p,65536,63796
2026-09-01T21:02:56Z,7dabec000000,rw-p,2188,2180
2026-09-01T21:02:56Z,7dabf4000000,rw-p,2376,2376
2026-09-01T21:02:56Z,7dac00000000,rw-p,7484,7452
2026-09-01T21:02:56Z,7dac0c000000,rw-p,21836,20112
2026-09-01T21:02:56Z,7dac20000000,rw-p,4544,4544
2026-09-01T21:02:56Z,7dac204f0000,rw-p,2048,2048
2026-09-01T21:02:56Z,7dac206f0000,rw-p,1024,1024
2026-09-01T21:02:56Z,7dac208f0000,rw-p,2048,2048
2026-09-01T21:02:56Z,7dac20af0000,rw-p,1024,1024
2026-09-01T21:02:56Z,7dac20bf0000,rw-p,704,700
2026-09-01T21:02:56Z,7dac20d00000,rw-p,576,532
2026-09-01T21:02:56Z,7dac2c000000,rwxp,7296,6700
2026-09-01T21:02:56Z,7dac34000000,rw-p,4888,4732
2026-09-01T21:02:56Z,7dac396d0000,rw-p,1268,1264
2026-09-01T21:07:56Z,fc000000,rw-p,65536,63796
2026-09-01T21:07:56Z,7dabec000000,rw-p,2188,2180
2026-09-01T21:07:56Z,7dabf4000000,rw-p,2376,2376
2026-09-01T21:07:56Z,7dac00000000,rw-p,7484,7452
2026-09-01T21:07:56Z,7dac0c000000,rw-p,21836,20112
2026-09-01T21:07:56Z,7dac20000000,rw-p,4544,4544
2026-09-01T21:07:56Z,7dac204f0000,rw-p,2048,2048
2026-09-01T21:07:56Z,7dac206f0000,rw-p,1024,1024
2026-09-01T21:07:56Z,7dac208f0000,rw-p,2048,2048
2026-09-01T21:07:56Z,7dac20af0000,rw-p,1024,1024
2026-09-01T21:07:56Z,7dac20bf0000,rw-p,704,700
2026-09-01T21:07:56Z,7dac20d00000,rw-p,576,532
2026-09-01T21:07:56Z,7dac2c000000,rwxp,7296,6700
2026-09-01T21:07:56Z,7dac34000000,rw-p,4888,4732
2026-09-01T21:07:56Z,7dac396d0000,rw-p,1268,1264
2026-09-01T21:12:56Z,fc000000,rw-p,65536,63796
2026-09-01T21:12:56Z,7dabec000000,rw-p,2188,2180
2026-09-01T21:12:56Z,7dabf4000000,rw-p,2376,2376
2026-09-01T21:12:56Z,7dac00000000,rw-p,7484,7452
2026-09-01T21:12:56Z,7dac0c000000,rw-p,21836,20112
2026-09-01T21:12:56Z,7dac20000000,rw-p,4544,4544
2026-09-01T21:12:56Z,7dac204f0000,rw-p,2048,2048
2026-09-01T21:12:56Z,7dac206f0000,rw-p,1024,1024
2026-09-01T21:12:56Z,7dac208f0000,rw-p,2048,2048
2026-09-01T21:12:56Z,7dac20af0000,rw-p,1024,1024
2026-09-01T21:12:56Z,7dac20bf0000,rw-p,704,700
2026-09-01T21:12:56Z,7dac20d00000,rw-p,576,532
2026-09-01T21:12:56Z,7dac2c000000,rwxp,7296,6700
2026-09-01T21:12:56Z,7dac34000000,rw-p,4888,4732
2026-09-01T21:12:56Z,7dac396d0000,rw-p,1268,1264
2026-09-01T21:17:56Z,fc000000,rw-p,65536,63796
2026-09-01T21:17:56Z,7dabec000000,rw-p,2188,2180
2026-09-01T21:17:56Z,7dabf4000000,rw-p,2376,2376
2026-09-01T21:17:56Z,7dac00000000,rw-p,7484,7452
2026-09-01T21:17:56Z,7dac0c000000,rw-p,21836,20112
2026-09-01T21:17:56Z,7dac20000000,rw-p,4544,4544
2026-09-01T21:17:56Z,7dac204f0000,rw-p,2048,2048
2026-09-01T21:17:56Z,7dac206f0000,rw-p,1024,1024
2026-09-01T21:17:56Z,7dac208f0000,rw-p,2048,2048
2026-09-01T21:17:56Z,7dac20af0000,rw-p,1024,1024
2026-09-01T21:17:56Z,7dac20bf0000,rw-p,704,700
2026-09-01T21:17:56Z,7dac20d00000,rw-p,576,532
2026-09-01T21:17:56Z,7dac2c000000,rwxp,7296,6700
2026-09-01T21:17:56Z,7dac34000000,rw-p,4888,4732
2026-09-01T21:17:56Z,7dac396d0000,rw-p,1268,1264
2026-09-01T21:22:56Z,fc000000,rw-p,65536,63796
2026-09-01T21:22:56Z,7dabec000000,rw-p,2188,2180
2026-09-01T21:22:56Z,7dabf4000000,rw-p,2376,2376
2026-09-01T21:22:56Z,7dac00000000,rw-p,7484,7452
2026-09-01T21:22:56Z,7dac0c000000,rw-p,21836,20112
2026-09-01T21:22:56Z,7dac20000000,rw-p,4544,4544
2026-09-01T21:22:56Z,7dac204f0000,rw-p,2048,2048
2026-09-01T21:22:56Z,7dac206f0000,rw-p,1024,1024
2026-09-01T21:22:56Z,7dac208f0000,rw-p,2048,2048
2026-09-01T21:22:56Z,7dac20af0000,rw-p,1024,1024
2026-09-01T21:22:56Z,7dac20bf0000,rw-p,704,700
2026-09-01T21:22:56Z,7dac20d00000,rw-p,576,532
2026-09-01T21:22:56Z,7dac2c000000,rwxp,7296,6700
2026-09-01T21:22:56Z,7dac34000000,rw-p,4888,4732
2026-09-01T21:22:56Z,7dac396d0000,rw-p,1268,1264
2026-09-01T21:27:56Z,fc000000,rw-p,65536,63796
2026-09-01T21:27:56Z,7dabec000000,rw-p,2188,2180
2026-09-01T21:27:56Z,7dabf4000000,rw-p,2376,2376
2026-09-01T21:27:56Z,7dac00000000,rw-p,7484,7452
2026-09-01T21:27:56Z,7dac0c000000,rw-p,21836,20112
2026-09-01T21:27:56Z,7dac20000000,rw-p,4544,4544
2026-09-01T21:27:56Z,7dac204f0000,rw-p,2048,2048
2026-09-01T21:27:56Z,7dac206f0000,rw-p,1024,1024
2026-09-01T21:27:56Z,7dac208f0000,rw-p,2048,2048
2026-09-01T21:27:56Z,7dac20af0000,rw-p,1024,1024
2026-09-01T21:27:56Z,7dac20bf0000,rw-p,704,700
2026-09-01T21:27:56Z,7dac20d00000,rw-p,576,532
2026-09-01T21:27:56Z,7dac2c000000,rwxp,7296,6700
2026-09-01T21:27:56Z,7dac34000000,rw-p,4888,4732
2026-09-01T21:27:56Z,7dac396d0000,rw-p,1268,1264
2026-09-01T21:32:56Z,fc000000,rw-p,65536,63796
2026-09-01T21:32:56Z,7dabec000000,rw-p,2188,2180
2026-09-01T21:32:56Z,7dabf4000000,rw-p,2376,2376
2026-09-01T21:32:56Z,7dac00000000,rw-p,7484,7452
2026-09-01T21:32:56Z,7dac0c000000,rw-p,21836,20112
2026-09-01T21:32:56Z,7dac20000000,rw-p,4544,4544
2026-09-01T21:32:56Z,7dac204f0000,rw-p,2048,2048
2026-09-01T21:32:56Z,7dac206f0000,rw-p,1024,1024
2026-09-01T21:32:56Z,7dac208f0000,rw-p,2048,2048
2026-09-01T21:32:56Z,7dac20af0000,rw-p,1024,1024
2026-09-01T21:32:56Z,7dac20bf0000,rw-p,704,700
2026-09-01T21:32:56Z,7dac20d00000,rw-p,576,532
2026-09-01T21:32:56Z,7dac2c000000,rwxp,7296,6700
2026-09-01T21:32:56Z,7dac34000000,rw-p,4888,4732
2026-09-01T21:32:56Z,7dac396d0000,rw-p,1268,1264
2026-09-01T21:37:57Z,fc000000,rw-p,65536,63796
2026-09-01T21:37:57Z,7dabec000000,rw-p,2188,2180
2026-09-01T21:37:57Z,7dabf4000000,rw-p,2376,2376
2026-09-01T21:37:57Z,7dac00000000,rw-p,7484,7452
2026-09-01T21:37:57Z,7dac0c000000,rw-p,21836,20112
2026-09-01T21:37:57Z,7dac20000000,rw-p,4544,4544
2026-09-01T21:37:57Z,7dac204f0000,rw-p,2048,2048
2026-09-01T21:37:57Z,7dac206f0000,rw-p,1024,1024
2026-09-01T21:37:57Z,7dac208f0000,rw-p,2048,2048
2026-09-01T21:37:57Z,7dac20af0000,rw-p,1024,1024
2026-09-01T21:37:57Z,7dac20bf0000,rw-p,704,700
2026-09-01T21:37:57Z,7dac20d00000,rw-p,576,532
2026-09-01T21:37:57Z,7dac2c000000,rwxp,7296,6700
2026-09-01T21:37:57Z,7dac34000000,rw-p,4888,4732
2026-09-01T21:37:57Z,7dac396d0000,rw-p,1268,1264
2026-09-01T21:42:57Z,fc000000,rw-p,65536,63796
2026-09-01T21:42:57Z,7dabec000000,rw-p,2188,2180
2026-09-01T21:42:57Z,7dabf4000000,rw-p,2376,2376
2026-09-01T21:42:57Z,7dac00000000,rw-p,7484,7452
2026-09-01T21:42:57Z,7dac0c000000,rw-p,21836,20112
2026-09-01T21:42:57Z,7dac20000000,rw-p,4544,4544
2026-09-01T21:42:57Z,7dac204f0000,rw-p,2048,2048
2026-09-01T21:42:57Z,7dac206f0000,rw-p,1024,1024
2026-09-01T21:42:57Z,7dac208f0000,rw-p,2048,2048
2026-09-01T21:42:57Z,7dac20af0000,rw-p,1024,1024
2026-09-01T21:42:57Z,7dac20bf0000,rw-p,704,700
2026-09-01T21:42:57Z,7dac20d00000,rw-p,576,532
2026-09-01T21:42:57Z,7dac2c000000,rwxp,7296,6700
2026-09-01T21:42:57Z,7dac34000000,rw-p,4888,4732
2026-09-01T21:42:57Z,7dac396d0000,rw-p,1268,1264
2026-09-01T21:47:57Z,fc000000,rw-p,65536,63796
2026-09-01T21:47:57Z,7dabec000000,rw-p,2188,2180
2026-09-01T21:47:57Z,7dabf4000000,rw-p,2376,2376
2026-09-01T21:47:57Z,7dac00000000,rw-p,7484,7452
2026-09-01T21:47:57Z,7dac0c000000,rw-p,21836,20112
2026-09-01T21:47:57Z,7dac20000000,rw-p,4544,4544
2026-09-01T21:47:57Z,7dac204f0000,rw-p,2048,2048
2026-09-01T21:47:57Z,7dac206f0000,rw-p,1024,1024
2026-09-01T21:47:57Z,7dac208f0000,rw-p,2048,2048
2026-09-01T21:47:57Z,7dac20af0000,rw-p,1024,1024
2026-09-01T21:47:57Z,7dac20bf0000,rw-p,704,700
2026-09-01T21:47:57Z,7dac20d00000,rw-p,576,532
2026-09-01T21:47:57Z,7dac2c000000,rwxp,7296,6700
2026-09-01T21:47:57Z,7dac34000000,rw-p,4888,4732
2026-09-01T21:47:57Z,7dac396d0000,rw-p,1268,1264
2026-09-01T21:52:57Z,fc000000,rw-p,65536,63796
2026-09-01T21:52:57Z,7dabec000000,rw-p,2188,2180
2026-09-01T21:52:57Z,7dabf4000000,rw-p,2376,2376
2026-09-01T21:52:57Z,7dac00000000,rw-p,7484,7452
2026-09-01T21:52:57Z,7dac0c000000,rw-p,21836,20112
2026-09-01T21:52:57Z,7dac20000000,rw-p,4544,4544
2026-09-01T21:52:57Z,7dac204f0000,rw-p,2048,2048
2026-09-01T21:52:57Z,7dac206f0000,rw-p,1024,1024
2026-09-01T21:52:57Z,7dac208f0000,rw-p,2048,2048
2026-09-01T21:52:57Z,7dac20af0000,rw-p,1024,1024
2026-09-01T21:52:57Z,7dac20bf0000,rw-p,704,700
2026-09-01T21:52:57Z,7dac20d00000,rw-p,576,532
2026-09-01T21:52:57Z,7dac2c000000,rwxp,7296,6700
2026-09-01T21:52:57Z,7dac34000000,rw-p,4888,4732
2026-09-01T21:52:57Z,7dac396d0000,rw-p,1268,1264
2026-09-01T21:57:57Z,fc000000,rw-p,65536,63796
2026-09-01T21:57:57Z,7dabec000000,rw-p,2188,2180
2026-09-01T21:57:57Z,7dabf4000000,rw-p,2376,2376
2026-09-01T21:57:57Z,7dac00000000,rw-p,7484,7452
2026-09-01T21:57:57Z,7dac0c000000,rw-p,21836,20112
2026-09-01T21:57:57Z,7dac20000000,rw-p,4544,4544
2026-09-01T21:57:57Z,7dac204f0000,rw-p,2048,2048
2026-09-01T21:57:57Z,7dac206f0000,rw-p,1024,1024
2026-09-01T21:57:57Z,7dac208f0000,rw-p,2048,2048
2026-09-01T21:57:57Z,7dac20af0000,rw-p,1024,1024
2026-09-01T21:57:57Z,7dac20bf0000,rw-p,704,700
2026-09-01T21:57:57Z,7dac20d00000,rw-p,576,532
2026-09-01T21:57:57Z,7dac2c000000,rwxp,7296,6700
2026-09-01T21:57:57Z,7dac34000000,rw-p,4888,4732
2026-09-01T21:57:57Z,7dac396d0000,rw-p,1268,1264
2026-09-01T22:02:57Z,fc000000,rw-p,65536,63796
2026-09-01T22:02:57Z,7dabec000000,rw-p,2188,2180
2026-09-01T22:02:57Z,7dabf4000000,rw-p,2376,2376
2026-09-01T22:02:57Z,7dac00000000,rw-p,7484,7452
2026-09-01T22:02:57Z,7dac0c000000,rw-p,21836,20112
2026-09-01T22:02:57Z,7dac20000000,rw-p,4544,4544
2026-09-01T22:02:57Z,7dac204f0000,rw-p,2048,2048
2026-09-01T22:02:57Z,7dac206f0000,rw-p,1024,1024
2026-09-01T22:02:57Z,7dac208f0000,rw-p,2048,2048
2026-09-01T22:02:57Z,7dac20af0000,rw-p,1024,1024
2026-09-01T22:02:57Z,7dac20bf0000,rw-p,704,700
2026-09-01T22:02:57Z,7dac20d00000,rw-p,576,532
2026-09-01T22:02:57Z,7dac2c000000,rwxp,7296,6700
2026-09-01T22:02:57Z,7dac34000000,rw-p,4888,4732
2026-09-01T22:02:57Z,7dac396d0000,rw-p,1268,1264
2026-09-01T22:07:57Z,fc000000,rw-p,65536,63796
2026-09-01T22:07:57Z,7dabec000000,rw-p,2188,2180
2026-09-01T22:07:57Z,7dabf4000000,rw-p,2376,2376
2026-09-01T22:07:57Z,7dac00000000,rw-p,7484,7452
2026-09-01T22:07:57Z,7dac0c000000,rw-p,21836,20112
2026-09-01T22:07:57Z,7dac20000000,rw-p,4544,4544
2026-09-01T22:07:57Z,7dac204f0000,rw-p,2048,2048
2026-09-01T22:07:57Z,7dac206f0000,rw-p,1024,1024
2026-09-01T22:07:57Z,7dac208f0000,rw-p,2048,2048
2026-09-01T22:07:57Z,7dac20af0000,rw-p,1024,1024
2026-09-01T22:07:57Z,7dac20bf0000,rw-p,704,700
2026-09-01T22:07:57Z,7dac20d00000,rw-p,576,532
2026-09-01T22:07:57Z,7dac2c000000,rwxp,7296,6700
2026-09-01T22:07:57Z,7dac34000000,rw-p,4888,4732
2026-09-01T22:07:57Z,7dac396d0000,rw-p,1268,1264
2026-09-01T22:12:57Z,fc000000,rw-p,65536,63796
2026-09-01T22:12:57Z,7dabec000000,rw-p,2188,2180
2026-09-01T22:12:57Z,7dabf4000000,rw-p,2376,2376
2026-09-01T22:12:57Z,7dac00000000,rw-p,7484,7452
2026-09-01T22:12:57Z,7dac0c000000,rw-p,21836,20112
2026-09-01T22:12:57Z,7dac20000000,rw-p,4544,4544
2026-09-01T22:12:57Z,7dac204f0000,rw-p,2048,2048
2026-09-01T22:12:57Z,7dac206f0000,rw-p,1024,1024
2026-09-01T22:12:57Z,7dac208f0000,rw-p,2048,2048
2026-09-01T22:12:57Z,7dac20af0000,rw-p,1024,1024
2026-09-01T22:12:57Z,7dac20bf0000,rw-p,704,700
2026-09-01T22:12:57Z,7dac20d00000,rw-p,576,536
2026-09-01T22:12:57Z,7dac2c000000,rwxp,7296,6700
2026-09-01T22:12:57Z,7dac34000000,rw-p,4888,4732
2026-09-01T22:12:57Z,7dac396d0000,rw-p,1268,1264
2026-09-01T22:17:57Z,fc000000,rw-p,65536,63796
2026-09-01T22:17:57Z,7dabec000000,rw-p,2188,2180
2026-09-01T22:17:57Z,7dabf4000000,rw-p,2376,2376
2026-09-01T22:17:57Z,7dac00000000,rw-p,7484,7452
2026-09-01T22:17:57Z,7dac0c000000,rw-p,21836,20112
2026-09-01T22:17:57Z,7dac20000000,rw-p,4544,4544
2026-09-01T22:17:57Z,7dac204f0000,rw-p,2048,2048
2026-09-01T22:17:57Z,7dac206f0000,rw-p,1024,1024
2026-09-01T22:17:57Z,7dac208f0000,rw-p,2048,2048
2026-09-01T22:17:57Z,7dac20af0000,rw-p,1024,1024
2026-09-01T22:17:57Z,7dac20bf0000,rw-p,704,700
2026-09-01T22:17:57Z,7dac20d00000,rw-p,576,536
2026-09-01T22:17:57Z,7dac2c000000,rwxp,7296,6700
2026-09-01T22:17:57Z,7dac34000000,rw-p,4888,4732
2026-09-01T22:17:57Z,7dac396d0000,rw-p,1268,1264
2026-09-01T22:22:57Z,fc000000,rw-p,65536,63796
2026-09-01T22:22:57Z,7dabec000000,rw-p,2188,2180
2026-09-01T22:22:57Z,7dabf4000000,rw-p,2376,2376
2026-09-01T22:22:57Z,7dac00000000,rw-p,7484,7452
2026-09-01T22:22:57Z,7dac0c000000,rw-p,21836,20112
2026-09-01T22:22:57Z,7dac20000000,rw-p,4544,4544
2026-09-01T22:22:57Z,7dac204f0000,rw-p,2048,2048
2026-09-01T22:22:57Z,7dac206f0000,rw-p,1024,1024
2026-09-01T22:22:57Z,7dac208f0000,rw-p,2048,2048
2026-09-01T22:22:57Z,7dac20af0000,rw-p,1024,1024
2026-09-01T22:22:57Z,7dac20bf0000,rw-p,704,700
2026-09-01T22:22:57Z,7dac20d00000,rw-p,576,536
2026-09-01T22:22:57Z,7dac2c000000,rwxp,7296,6700
2026-09-01T22:22:57Z,7dac34000000,rw-p,4888,4732
2026-09-01T22:22:57Z,7dac396d0000,rw-p,1268,1264
2026-09-01T22:27:58Z,fc000000,rw-p,65536,63796
2026-09-01T22:27:58Z,7dabec000000,rw-p,2188,2180
2026-09-01T22:27:58Z,7dabf4000000,rw-p,2376,2376
2026-09-01T22:27:58Z,7dac00000000,rw-p,7484,7452
2026-09-01T22:27:58Z,7dac0c000000,rw-p,21836,20112
2026-09-01T22:27:58Z,7dac20000000,rw-p,4544,4544
2026-09-01T22:27:58Z,7dac204f0000,rw-p,2048,2048
2026-09-01T22:27:58Z,7dac206f0000,rw-p,1024,1024
2026-09-01T22:27:58Z,7dac208f0000,rw-p,2048,2048
2026-09-01T22:27:58Z,7dac20af0000,rw-p,1024,1024
2026-09-01T22:27:58Z,7dac20bf0000,rw-p,704,700
2026-09-01T22:27:58Z,7dac20d00000,rw-p,576,536
2026-09-01T22:27:58Z,7dac2c000000,rwxp,7296,6700
2026-09-01T22:27:58Z,7dac34000000,rw-p,4888,4732
2026-09-01T22:27:58Z,7dac396d0000,rw-p,1268,1264
2026-09-01T22:32:58Z,fc000000,rw-p,65536,63796
2026-09-01T22:32:58Z,7dabec000000,rw-p,2188,2180
2026-09-01T22:32:58Z,7dabf4000000,rw-p,2376,2376
2026-09-01T22:32:58Z,7dac00000000,rw-p,7484,7452
2026-09-01T22:32:58Z,7dac0c000000,rw-p,21836,20112
2026-09-01T22:32:58Z,7dac20000000,rw-p,4544,4544
2026-09-01T22:32:58Z,7dac204f0000,rw-p,2048,2048
2026-09-01T22:32:58Z,7dac206f0000,rw-p,1024,1024
2026-09-01T22:32:58Z,7dac208f0000,rw-p,2048,2048
2026-09-01T22:32:58Z,7dac20af0000,rw-p,1024,1024
2026-09-01T22:32:58Z,7dac20bf0000,rw-p,704,700
2026-09-01T22:32:58Z,7dac20d00000,rw-p,576,536
2026-09-01T22:32:58Z,7dac2c000000,rwxp,7296,6700
2026-09-01T22:32:58Z,7dac34000000,rw-p,4888,4732
2026-09-01T22:32:58Z,7dac396d0000,rw-p,1268,1264
2026-09-01T22:37:58Z,fc000000,rw-p,65536,63796
2026-09-01T22:37:58Z,7dabec000000,rw-p,2188,2180
2026-09-01T22:37:58Z,7dabf4000000,rw-p,2376,2376
2026-09-01T22:37:58Z,7dac00000000,rw-p,7484,7452
2026-09-01T22:37:58Z,7dac0c000000,rw-p,21836,20112
2026-09-01T22:37:58Z,7dac20000000,rw-p,4544,4544
2026-09-01T22:37:58Z,7dac204f0000,rw-p,2048,2048
2026-09-01T22:37:58Z,7dac206f0000,rw-p,1024,1024
2026-09-01T22:37:58Z,7dac208f0000,rw-p,2048,2048
2026-09-01T22:37:58Z,7dac20af0000,rw-p,1024,1024
2026-09-01T22:37:58Z,7dac20bf0000,rw-p,704,700
2026-09-01T22:37:58Z,7dac20d00000,rw-p,576,536
2026-09-01T22:37:58Z,7dac2c000000,rwxp,7296,6700
2026-09-01T22:37:58Z,7dac34000000,rw-p,4888,4732
2026-09-01T22:37:58Z,7dac396d0000,rw-p,1268,1264
2026-09-01T22:42:58Z,fc000000,rw-p,65536,63796
2026-09-01T22:42:58Z,7dabec000000,rw-p,2188,2180
2026-09-01T22:42:58Z,7dabf4000000,rw-p,2376,2376
2026-09-01T22:42:58Z,7dac00000000,rw-p,7484,7452
2026-09-01T22:42:58Z,7dac0c000000,rw-p,21836,20112
2026-09-01T22:42:58Z,7dac20000000,rw-p,4544,4544
2026-09-01T22:42:58Z,7dac204f0000,rw-p,2048,2048
2026-09-01T22:42:58Z,7dac206f0000,rw-p,1024,1024
2026-09-01T22:42:58Z,7dac208f0000,rw-p,2048,2048
2026-09-01T22:42:58Z,7dac20af0000,rw-p,1024,1024
2026-09-01T22:42:58Z,7dac20bf0000,rw-p,704,700
2026-09-01T22:42:58Z,7dac20d00000,rw-p,576,536
2026-09-01T22:42:58Z,7dac2c000000,rwxp,7296,6700
2026-09-01T22:42:58Z,7dac34000000,rw-p,4888,4732
2026-09-01T22:42:58Z,7dac396d0000,rw-p,1268,1264
2026-09-01T22:47:58Z,fc000000,rw-p,65536,63796
2026-09-01T22:47:58Z,7dabec000000,rw-p,2188,2180
2026-09-01T22:47:58Z,7dabf4000000,rw-p,2376,2376
2026-09-01T22:47:58Z,7dac00000000,rw-p,7484,7452
2026-09-01T22:47:58Z,7dac0c000000,rw-p,21836,20112
2026-09-01T22:47:58Z,7dac20000000,rw-p,4544,4544
2026-09-01T22:47:58Z,7dac204f0000,rw-p,2048,2048
2026-09-01T22:47:58Z,7dac206f0000,rw-p,1024,1024
2026-09-01T22:47:58Z,7dac208f0000,rw-p,2048,2048
2026-09-01T22:47:58Z,7dac20af0000,rw-p,1024,1024
2026-09-01T22:47:58Z,7dac20bf0000,rw-p,704,700
2026-09-01T22:47:58Z,7dac20d00000,rw-p,576,536
2026-09-01T22:47:58Z,7dac2c000000,rwxp,7296,6700
2026-09-01T22:47:58Z,7dac34000000,rw-p,4888,4732
2026-09-01T22:47:58Z,7dac396d0000,rw-p,1268,1264
2026-09-01T22:52:58Z,fc000000,rw-p,65536,63796
2026-09-01T22:52:58Z,7dabec000000,rw-p,2188,2180
2026-09-01T22:52:58Z,7dabf4000000,rw-p,2376,2376
2026-09-01T22:52:58Z,7dac00000000,rw-p,7484,7452
2026-09-01T22:52:58Z,7dac0c000000,rw-p,21836,20112
2026-09-01T22:52:58Z,7dac20000000,rw-p,4544,4544
2026-09-01T22:52:58Z,7dac204f0000,rw-p,2048,2048
2026-09-01T22:52:58Z,7dac206f0000,rw-p,1024,1024
2026-09-01T22:52:58Z,7dac208f0000,rw-p,2048,2048
2026-09-01T22:52:58Z,7dac20af0000,rw-p,1024,1024
2026-09-01T22:52:58Z,7dac20bf0000,rw-p,704,700
2026-09-01T22:52:58Z,7dac20d00000,rw-p,576,536
2026-09-01T22:52:58Z,7dac2c000000,rwxp,7296,6700
2026-09-01T22:52:58Z,7dac34000000,rw-p,4888,4732
2026-09-01T22:52:58Z,7dac396d0000,rw-p,1268,1264
2026-09-01T22:57:58Z,fc000000,rw-p,65536,63796
2026-09-01T22:57:58Z,7dabec000000,rw-p,2188,2180
2026-09-01T22:57:58Z,7dabf4000000,rw-p,2376,2376
2026-09-01T22:57:58Z,7dac00000000,rw-p,7484,7452
2026-09-01T22:57:58Z,7dac0c000000,rw-p,21836,20112
2026-09-01T22:57:58Z,7dac20000000,rw-p,4544,4544
2026-09-01T22:57:58Z,7dac204f0000,rw-p,2048,2048
2026-09-01T22:57:58Z,7dac206f0000,rw-p,1024,1024
2026-09-01T22:57:58Z,7dac208f0000,rw-p,2048,2048
2026-09-01T22:57:58Z,7dac20af0000,rw-p,1024,1024
2026-09-01T22:57:58Z,7dac20bf0000,rw-p,704,700
2026-09-01T22:57:58Z,7dac20d00000,rw-p,576,536
2026-09-01T22:57:58Z,7dac2c000000,rwxp,7296,6700
2026-09-01T22:57:58Z,7dac34000000,rw-p,4888,4732
2026-09-01T22:57:58Z,7dac396d0000,rw-p,1268,1264
2026-09-01T23:02:58Z,fc000000,rw-p,65536,63796
2026-09-01T23:02:58Z,7dabec000000,rw-p,2188,2180
2026-09-01T23:02:58Z,7dabf4000000,rw-p,2376,2376
2026-09-01T23:02:58Z,7dac00000000,rw-p,7484,7452
2026-09-01T23:02:58Z,7dac0c000000,rw-p,21836,20112
2026-09-01T23:02:58Z,7dac20000000,rw-p,4544,4544
2026-09-01T23:02:58Z,7dac204f0000,rw-p,2048,2048
2026-09-01T23:02:58Z,7dac206f0000,rw-p,1024,1024
2026-09-01T23:02:58Z,7dac208f0000,rw-p,2048,2048
2026-09-01T23:02:58Z,7dac20af0000,rw-p,1024,1024
2026-09-01T23:02:58Z,7dac20bf0000,rw-p,704,700
2026-09-01T23:02:58Z,7dac20d00000,rw-p,576,536
2026-09-01T23:02:58Z,7dac2c000000,rwxp,7296,6700
2026-09-01T23:02:58Z,7dac34000000,rw-p,4888,4732
2026-09-01T23:02:58Z,7dac396d0000,rw-p,1268,1264
2026-09-01T23:07:58Z,fc000000,rw-p,65536,63796
2026-09-01T23:07:58Z,7dabec000000,rw-p,2188,2180
2026-09-01T23:07:58Z,7dabf4000000,rw-p,2376,2376
2026-09-01T23:07:58Z,7dac00000000,rw-p,7484,7452
2026-09-01T23:07:58Z,7dac0c000000,rw-p,21836,20112
2026-09-01T23:07:58Z,7dac20000000,rw-p,4544,4544
2026-09-01T23:07:58Z,7dac204f0000,rw-p,2048,2048
2026-09-01T23:07:58Z,7dac206f0000,rw-p,1024,1024
2026-09-01T23:07:58Z,7dac208f0000,rw-p,2048,2048
2026-09-01T23:07:58Z,7dac20af0000,rw-p,1024,1024
2026-09-01T23:07:58Z,7dac20bf0000,rw-p,704,700
2026-09-01T23:07:58Z,7dac20d00000,rw-p,576,536
2026-09-01T23:07:58Z,7dac2c000000,rwxp,7296,6700
2026-09-01T23:07:58Z,7dac34000000,rw-p,4888,4732
2026-09-01T23:07:58Z,7dac396d0000,rw-p,1268,1264
2026-09-01T23:12:59Z,fc000000,rw-p,65536,63796
2026-09-01T23:12:59Z,7dabec000000,rw-p,2188,2180
2026-09-01T23:12:59Z,7dabf4000000,rw-p,2376,2376
2026-09-01T23:12:59Z,7dac00000000,rw-p,7484,7452
2026-09-01T23:12:59Z,7dac0c000000,rw-p,21836,20112
2026-09-01T23:12:59Z,7dac20000000,rw-p,4544,4544
2026-09-01T23:12:59Z,7dac204f0000,rw-p,2048,2048
2026-09-01T23:12:59Z,7dac206f0000,rw-p,1024,1024
2026-09-01T23:12:59Z,7dac208f0000,rw-p,2048,2048
2026-09-01T23:12:59Z,7dac20af0000,rw-p,1024,1024
2026-09-01T23:12:59Z,7dac20bf0000,rw-p,704,700
2026-09-01T23:12:59Z,7dac20d00000,rw-p,576,536
2026-09-01T23:12:59Z,7dac2c000000,rwxp,7296,6700
2026-09-01T23:12:59Z,7dac34000000,rw-p,4888,4732
2026-09-01T23:12:59Z,7dac396d0000,rw-p,1268,1264
2026-09-01T23:17:59Z,fc000000,rw-p,65536,63796
2026-09-01T23:17:59Z,7dabec000000,rw-p,2188,2180
2026-09-01T23:17:59Z,7dabf4000000,rw-p,2376,2376
2026-09-01T23:17:59Z,7dac00000000,rw-p,7484,7452
2026-09-01T23:17:59Z,7dac0c000000,rw-p,21836,20112
2026-09-01T23:17:59Z,7dac20000000,rw-p,4544,4544
2026-09-01T23:17:59Z,7dac204f0000,rw-p,2048,2048
2026-09-01T23:17:59Z,7dac206f0000,rw-p,1024,1024
2026-09-01T23:17:59Z,7dac208f0000,rw-p,2048,2048
2026-09-01T23:17:59Z,7dac20af0000,rw-p,1024,1024
2026-09-01T23:17:59Z,7dac20bf0000,rw-p,704,700
2026-09-01T23:17:59Z,7dac20d00000,rw-p,576,536
2026-09-01T23:17:59Z,7dac2c000000,rwxp,7296,6700
2026-09-01T23:17:59Z,7dac34000000,rw-p,4888,4732
2026-09-01T23:17:59Z,7dac396d0000,rw-p,1268,1264
2026-09-01T23:22:59Z,fc000000,rw-p,65536,63796
2026-09-01T23:22:59Z,7dabec000000,rw-p,2188,2180
2026-09-01T23:22:59Z,7dabf4000000,rw-p,2376,2376
2026-09-01T23:22:59Z,7dac00000000,rw-p,7484,7452
2026-09-01T23:22:59Z,7dac0c000000,rw-p,21836,20112
2026-09-01T23:22:59Z,7dac20000000,rw-p,4544,4544
2026-09-01T23:22:59Z,7dac204f0000,rw-p,2048,2048
2026-09-01T23:22:59Z,7dac206f0000,rw-p,1024,1024
2026-09-01T23:22:59Z,7dac208f0000,rw-p,2048,2048
2026-09-01T23:22:59Z,7dac20af0000,rw-p,1024,1024
2026-09-01T23:22:59Z,7dac20bf0000,rw-p,704,700
2026-09-01T23:22:59Z,7dac20d00000,rw-p,576,536
2026-09-01T23:22:59Z,7dac2c000000,rwxp,7296,6700
2026-09-01T23:22:59Z,7dac34000000,rw-p,4888,4732
2026-09-01T23:22:59Z,7dac396d0000,rw-p,1268,1264
2026-09-01T23:27:59Z,fc000000,rw-p,65536,63796
2026-09-01T23:27:59Z,7dabec000000,rw-p,2188,2180
2026-09-01T23:27:59Z,7dabf4000000,rw-p,2376,2376
2026-09-01T23:27:59Z,7dac00000000,rw-p,7484,7452
2026-09-01T23:27:59Z,7dac0c000000,rw-p,21836,20112
2026-09-01T23:27:59Z,7dac20000000,rw-p,4544,4544
2026-09-01T23:27:59Z,7dac204f0000,rw-p,2048,2048
2026-09-01T23:27:59Z,7dac206f0000,rw-p,1024,1024
2026-09-01T23:27:59Z,7dac208f0000,rw-p,2048,2048
2026-09-01T23:27:59Z,7dac20af0000,rw-p,1024,1024
2026-09-01T23:27:59Z,7dac20bf0000,rw-p,704,700
2026-09-01T23:27:59Z,7dac20d00000,rw-p,576,536
2026-09-01T23:27:59Z,7dac2c000000,rwxp,7296,6712
2026-09-01T23:27:59Z,7dac34000000,rw-p,4888,4732
2026-09-01T23:27:59Z,7dac396d0000,rw-p,1268,1264
2026-09-01T23:32:59Z,fc000000,rw-p,65536,63796
2026-09-01T23:32:59Z,7dabec000000,rw-p,2188,2180
2026-09-01T23:32:59Z,7dabf4000000,rw-p,2376,2376
2026-09-01T23:32:59Z,7dac00000000,rw-p,7484,7452
2026-09-01T23:32:59Z,7dac0c000000,rw-p,21836,20112
2026-09-01T23:32:59Z,7dac20000000,rw-p,4544,4544
2026-09-01T23:32:59Z,7dac204f0000,rw-p,2048,2048
2026-09-01T23:32:59Z,7dac206f0000,rw-p,1024,1024
2026-09-01T23:32:59Z,7dac208f0000,rw-p,2048,2048
2026-09-01T23:32:59Z,7dac20af0000,rw-p,1024,1024
2026-09-01T23:32:59Z,7dac20bf0000,rw-p,704,700
2026-09-01T23:32:59Z,7dac20d00000,rw-p,576,536
2026-09-01T23:32:59Z,7dac2c000000,rwxp,7296,6712
2026-09-01T23:32:59Z,7dac34000000,rw-p,4888,4732
2026-09-01T23:32:59Z,7dac396d0000,rw-p,1268,1264
2026-09-01T23:37:59Z,fc000000,rw-p,65536,63796
2026-09-01T23:37:59Z,7dabec000000,rw-p,2188,2180
2026-09-01T23:37:59Z,7dabf4000000,rw-p,2376,2376
2026-09-01T23:37:59Z,7dac00000000,rw-p,7484,7452
2026-09-01T23:37:59Z,7dac0c000000,rw-p,21836,20112
2026-09-01T23:37:59Z,7dac20000000,rw-p,4544,4544
2026-09-01T23:37:59Z,7dac204f0000,rw-p,2048,2048
2026-09-01T23:37:59Z,7dac206f0000,rw-p,1024,1024
2026-09-01T23:37:59Z,7dac208f0000,rw-p,2048,2048
2026-09-01T23:37:59Z,7dac20af0000,rw-p,1024,1024
2026-09-01T23:37:59Z,7dac20bf0000,rw-p,704,700
2026-09-01T23:37:59Z,7dac20d00000,rw-p,576,536
2026-09-01T23:37:59Z,7dac2c000000,rwxp,7296,6712
2026-09-01T23:37:59Z,7dac34000000,rw-p,4888,4732
2026-09-01T23:37:59Z,7dac396d0000,rw-p,1268,1264
2026-09-01T23:42:59Z,fc000000,rw-p,65536,63796
2026-09-01T23:42:59Z,7dabec000000,rw-p,2188,2180
2026-09-01T23:42:59Z,7dabf4000000,rw-p,2376,2376
2026-09-01T23:42:59Z,7dac00000000,rw-p,7484,7452
2026-09-01T23:42:59Z,7dac0c000000,rw-p,21836,20112
2026-09-01T23:42:59Z,7dac20000000,rw-p,4544,4544
2026-09-01T23:42:59Z,7dac204f0000,rw-p,2048,2048
2026-09-01T23:42:59Z,7dac206f0000,rw-p,1024,1024
2026-09-01T23:42:59Z,7dac208f0000,rw-p,2048,2048
2026-09-01T23:42:59Z,7dac20af0000,rw-p,1024,1024
2026-09-01T23:42:59Z,7dac20bf0000,rw-p,704,700
2026-09-01T23:42:59Z,7dac20d00000,rw-p,576,536
2026-09-01T23:42:59Z,7dac2c000000,rwxp,7296,6712
2026-09-01T23:42:59Z,7dac34000000,rw-p,4888,4732
2026-09-01T23:42:59Z,7dac396d0000,rw-p,1268,1264
2026-09-01T23:47:59Z,fc000000,rw-p,65536,63796
2026-09-01T23:47:59Z,7dabec000000,rw-p,2188,2180
2026-09-01T23:47:59Z,7dabf4000000,rw-p,2376,2376
2026-09-01T23:47:59Z,7dac00000000,rw-p,7484,7452
2026-09-01T23:47:59Z,7dac0c000000,rw-p,21836,20112
2026-09-01T23:47:59Z,7dac20000000,rw-p,4544,4544
2026-09-01T23:47:59Z,7dac204f0000,rw-p,2048,2048
2026-09-01T23:47:59Z,7dac206f0000,rw-p,1024,1024
2026-09-01T23:47:59Z,7dac208f0000,rw-p,2048,2048
2026-09-01T23:47:59Z,7dac20af0000,rw-p,1024,1024
2026-09-01T23:47:59Z,7dac20bf0000,rw-p,704,700
2026-09-01T23:47:59Z,7dac20d00000,rw-p,576,536
2026-09-01T23:47:59Z,7dac2c000000,rwxp,7296,6712
2026-09-01T23:47:59Z,7dac34000000,rw-p,4888,4732
2026-09-01T23:47:59Z,7dac396d0000,rw-p,1268,1264
2026-09-01T23:52:59Z,fc000000,rw-p,65536,63796
2026-09-01T23:52:59Z,7dabec000000,rw-p,2188,2180
2026-09-01T23:52:59Z,7dabf4000000,rw-p,2376,2376
2026-09-01T23:52:59Z,7dac00000000,rw-p,7484,7452
2026-09-01T23:52:59Z,7dac0c000000,rw-p,21836,20112
2026-09-01T23:52:59Z,7dac20000000,rw-p,4544,4544
2026-09-01T23:52:59Z,7dac204f0000,rw-p,2048,2048
2026-09-01T23:52:59Z,7dac206f0000,rw-p,1024,1024
2026-09-01T23:52:59Z,7dac208f0000,rw-p,2048,2048
2026-09-01T23:52:59Z,7dac20af0000,rw-p,1024,1024
2026-09-01T23:52:59Z,7dac20bf0000,rw-p,704,700
2026-09-01T23:52:59Z,7dac20d00000,rw-p,576,536
2026-09-01T23:52:59Z,7dac2c000000,rwxp,7296,6712
2026-09-01T23:52:59Z,7dac34000000,rw-p,4888,4732
2026-09-01T23:52:59Z,7dac396d0000,rw-p,1268,1264
2026-09-01T23:58:00Z,fc000000,rw-p,65536,63796
2026-09-01T23:58:00Z,7dabec000000,rw-p,2188,2180
2026-09-01T23:58:00Z,7dabf4000000,rw-p,2376,2376
2026-09-01T23:58:00Z,7dac00000000,rw-p,7484,7452
2026-09-01T23:58:00Z,7dac0c000000,rw-p,21836,20112
2026-09-01T23:58:00Z,7dac20000000,rw-p,4544,4544
2026-09-01T23:58:00Z,7dac204f0000,rw-p,2048,2048
2026-09-01T23:58:00Z,7dac206f0000,rw-p,1024,1024
2026-09-01T23:58:00Z,7dac208f0000,rw-p,2048,2048
2026-09-01T23:58:00Z,7dac20af0000,rw-p,1024,1024
2026-09-01T23:58:00Z,7dac20bf0000,rw-p,704,700
2026-09-01T23:58:00Z,7dac20d00000,rw-p,576,536
2026-09-01T23:58:00Z,7dac2c000000,rwxp,7296,6712
2026-09-01T23:58:00Z,7dac34000000,rw-p,4888,4732
2026-09-01T23:58:00Z,7dac396d0000,rw-p,1268,1264
2026-09-02T00:03:00Z,fc000000,rw-p,65536,63796
2026-09-02T00:03:00Z,7dabec000000,rw-p,2188,2180
2026-09-02T00:03:00Z,7dabf4000000,rw-p,2376,2376
2026-09-02T00:03:00Z,7dac00000000,rw-p,7484,7452
2026-09-02T00:03:00Z,7dac0c000000,rw-p,21836,20112
2026-09-02T00:03:00Z,7dac20000000,rw-p,4544,4544
2026-09-02T00:03:00Z,7dac204f0000,rw-p,2048,2048
2026-09-02T00:03:00Z,7dac206f0000,rw-p,1024,1024
2026-09-02T00:03:00Z,7dac208f0000,rw-p,2048,2048
2026-09-02T00:03:00Z,7dac20af0000,rw-p,1024,1024
2026-09-02T00:03:00Z,7dac20bf0000,rw-p,704,700
2026-09-02T00:03:00Z,7dac20d00000,rw-p,576,536
2026-09-02T00:03:00Z,7dac2c000000,rwxp,7296,6712
2026-09-02T00:03:00Z,7dac34000000,rw-p,4888,4732
2026-09-02T00:03:00Z,7dac396d0000,rw-p,1268,1264
2026-09-02T00:08:00Z,fc000000,rw-p,65536,63796
2026-09-02T00:08:00Z,7dabec000000,rw-p,2188,2180
2026-09-02T00:08:00Z,7dabf4000000,rw-p,2376,2376
2026-09-02T00:08:00Z,7dac00000000,rw-p,7484,7452
2026-09-02T00:08:00Z,7dac0c000000,rw-p,21836,20112
2026-09-02T00:08:00Z,7dac20000000,rw-p,4544,4544
2026-09-02T00:08:00Z,7dac204f0000,rw-p,2048,2048
2026-09-02T00:08:00Z,7dac206f0000,rw-p,1024,1024
2026-09-02T00:08:00Z,7dac208f0000,rw-p,2048,2048
2026-09-02T00:08:00Z,7dac20af0000,rw-p,1024,1024
2026-09-02T00:08:00Z,7dac20bf0000,rw-p,704,700
2026-09-02T00:08:00Z,7dac20d00000,rw-p,576,536
2026-09-02T00:08:00Z,7dac2c000000,rwxp,7296,6712
2026-09-02T00:08:00Z,7dac34000000,rw-p,4888,4732
2026-09-02T00:08:00Z,7dac396d0000,rw-p,1268,1264
2026-09-02T00:13:00Z,fc000000,rw-p,65536,63796
2026-09-02T00:13:00Z,7dabec000000,rw-p,2188,2180
2026-09-02T00:13:00Z,7dabf4000000,rw-p,2376,2376
2026-09-02T00:13:00Z,7dac00000000,rw-p,7484,7452
2026-09-02T00:13:00Z,7dac0c000000,rw-p,21836,20112
2026-09-02T00:13:00Z,7dac20000000,rw-p,4544,4544
2026-09-02T00:13:00Z,7dac204f0000,rw-p,2048,2048
2026-09-02T00:13:00Z,7dac206f0000,rw-p,1024,1024
2026-09-02T00:13:00Z,7dac208f0000,rw-p,2048,2048
2026-09-02T00:13:00Z,7dac20af0000,rw-p,1024,1024
2026-09-02T00:13:00Z,7dac20bf0000,rw-p,704,700
2026-09-02T00:13:00Z,7dac20d00000,rw-p,576,536
2026-09-02T00:13:00Z,7dac2c000000,rwxp,7296,6712
2026-09-02T00:13:00Z,7dac34000000,rw-p,4888,4732
2026-09-02T00:13:00Z,7dac396d0000,rw-p,1268,1264
2026-09-02T00:18:00Z,fc000000,rw-p,65536,63796
2026-09-02T00:18:00Z,7dabec000000,rw-p,2188,2180
2026-09-02T00:18:00Z,7dabf4000000,rw-p,2376,2376
2026-09-02T00:18:00Z,7dac00000000,rw-p,7484,7452
2026-09-02T00:18:00Z,7dac0c000000,rw-p,21836,20112
2026-09-02T00:18:00Z,7dac20000000,rw-p,4544,4544
2026-09-02T00:18:00Z,7dac204f0000,rw-p,2048,2048
2026-09-02T00:18:00Z,7dac206f0000,rw-p,1024,1024
2026-09-02T00:18:00Z,7dac208f0000,rw-p,2048,2048
2026-09-02T00:18:00Z,7dac20af0000,rw-p,1024,1024
2026-09-02T00:18:00Z,7dac20bf0000,rw-p,704,700
2026-09-02T00:18:00Z,7dac20d00000,rw-p,576,536
2026-09-02T00:18:00Z,7dac2c000000,rwxp,7296,6712
2026-09-02T00:18:00Z,7dac34000000,rw-p,4888,4732
2026-09-02T00:18:00Z,7dac396d0000,rw-p,1268,1264
2026-09-02T00:23:00Z,fc000000,rw-p,65536,63796
2026-09-02T00:23:00Z,7dabec000000,rw-p,2188,2180
2026-09-02T00:23:00Z,7dabf4000000,rw-p,2376,2376
2026-09-02T00:23:00Z,7dac00000000,rw-p,7484,7452
2026-09-02T00:23:00Z,7dac0c000000,rw-p,21836,20112
2026-09-02T00:23:00Z,7dac20000000,rw-p,4544,4544
2026-09-02T00:23:00Z,7dac204f0000,rw-p,2048,2048
2026-09-02T00:23:00Z,7dac206f0000,rw-p,1024,1024
2026-09-02T00:23:00Z,7dac208f0000,rw-p,2048,2048
2026-09-02T00:23:00Z,7dac20af0000,rw-p,1024,1024
2026-09-02T00:23:00Z,7dac20bf0000,rw-p,704,700
2026-09-02T00:23:00Z,7dac20d00000,rw-p,576,536
2026-09-02T00:23:00Z,7dac2c000000,rwxp,7296,6712
2026-09-02T00:23:00Z,7dac34000000,rw-p,4888,4732
2026-09-02T00:23:00Z,7dac396d0000,rw-p,1268,1264
2026-09-02T00:28:00Z,fc000000,rw-p,65536,63796
2026-09-02T00:28:00Z,7dabec000000,rw-p,2188,2180
2026-09-02T00:28:00Z,7dabf4000000,rw-p,2376,2376
2026-09-02T00:28:00Z,7dac00000000,rw-p,7484,7452
2026-09-02T00:28:00Z,7dac0c000000,rw-p,21836,20112
2026-09-02T00:28:00Z,7dac20000000,rw-p,4544,4544
2026-09-02T00:28:00Z,7dac204f0000,rw-p,2048,2048
2026-09-02T00:28:00Z,7dac206f0000,rw-p,1024,1024
2026-09-02T00:28:00Z,7dac208f0000,rw-p,2048,2048
2026-09-02T00:28:00Z,7dac20af0000,rw-p,1024,1024
2026-09-02T00:28:00Z,7dac20bf0000,rw-p,704,700
2026-09-02T00:28:00Z,7dac20d00000,rw-p,576,536
2026-09-02T00:28:00Z,7dac2c000000,rwxp,7296,6712
2026-09-02T00:28:00Z,7dac34000000,rw-p,4888,4732
2026-09-02T00:28:00Z,7dac396d0000,rw-p,1268,1264
2026-09-02T00:33:00Z,fc000000,rw-p,65536,63796
2026-09-02T00:33:00Z,7dabec000000,rw-p,2188,2180
2026-09-02T00:33:00Z,7dabf4000000,rw-p,2376,2376
2026-09-02T00:33:00Z,7dac00000000,rw-p,7484,7452
2026-09-02T00:33:00Z,7dac0c000000,rw-p,21836,20112
2026-09-02T00:33:00Z,7dac20000000,rw-p,4544,4544
2026-09-02T00:33:00Z,7dac204f0000,rw-p,2048,2048
2026-09-02T00:33:00Z,7dac206f0000,rw-p,1024,1024
2026-09-02T00:33:00Z,7dac208f0000,rw-p,2048,2048
2026-09-02T00:33:00Z,7dac20af0000,rw-p,1024,1024
2026-09-02T00:33:00Z,7dac20bf0000,rw-p,704,700
2026-09-02T00:33:00Z,7dac20d00000,rw-p,576,536
2026-09-02T00:33:00Z,7dac2c000000,rwxp,7296,6712
2026-09-02T00:33:00Z,7dac34000000,rw-p,4888,4732
2026-09-02T00:33:00Z,7dac396d0000,rw-p,1268,1264
2026-09-02T00:38:00Z,fc000000,rw-p,65536,63796
2026-09-02T00:38:00Z,7dabec000000,rw-p,2188,2180
2026-09-02T00:38:00Z,7dabf4000000,rw-p,2376,2376
2026-09-02T00:38:00Z,7dac00000000,rw-p,7484,7452
2026-09-02T00:38:00Z,7dac0c000000,rw-p,21836,20112
2026-09-02T00:38:00Z,7dac20000000,rw-p,4544,4544
2026-09-02T00:38:00Z,7dac204f0000,rw-p,2048,2048
2026-09-02T00:38:00Z,7dac206f0000,rw-p,1024,1024
2026-09-02T00:38:00Z,7dac208f0000,rw-p,2048,2048
2026-09-02T00:38:00Z,7dac20af0000,rw-p,1024,1024
2026-09-02T00:38:00Z,7dac20bf0000,rw-p,704,700
2026-09-02T00:38:00Z,7dac20d00000,rw-p,576,536
2026-09-02T00:38:00Z,7dac2c000000,rwxp,7296,6712
2026-09-02T00:38:00Z,7dac34000000,rw-p,4888,4732
2026-09-02T00:38:00Z,7dac396d0000,rw-p,1268,1264
2026-09-02T00:43:00Z,fc000000,rw-p,65536,63796
2026-09-02T00:43:00Z,7dabec000000,rw-p,2188,2180
2026-09-02T00:43:00Z,7dabf4000000,rw-p,2376,2376
2026-09-02T00:43:00Z,7dac00000000,rw-p,7484,7452
2026-09-02T00:43:00Z,7dac0c000000,rw-p,21836,20112
2026-09-02T00:43:00Z,7dac20000000,rw-p,4544,4544
2026-09-02T00:43:00Z,7dac204f0000,rw-p,2048,2048
2026-09-02T00:43:00Z,7dac206f0000,rw-p,1024,1024
2026-09-02T00:43:00Z,7dac208f0000,rw-p,2048,2048
2026-09-02T00:43:00Z,7dac20af0000,rw-p,1024,1024
2026-09-02T00:43:00Z,7dac20bf0000,rw-p,704,700
2026-09-02T00:43:00Z,7dac20d00000,rw-p,576,536
2026-09-02T00:43:00Z,7dac2c000000,rwxp,7296,6712
2026-09-02T00:43:00Z,7dac34000000,rw-p,4888,4732
2026-09-02T00:43:00Z,7dac396d0000,rw-p,1268,1264
2026-09-02T00:48:01Z,fc000000,rw-p,65536,63796
2026-09-02T00:48:01Z,7dabec000000,rw-p,2188,2180
2026-09-02T00:48:01Z,7dabf4000000,rw-p,2376,2376
2026-09-02T00:48:01Z,7dac00000000,rw-p,7484,7452
2026-09-02T00:48:01Z,7dac0c000000,rw-p,21836,20112
2026-09-02T00:48:01Z,7dac20000000,rw-p,4544,4544
2026-09-02T00:48:01Z,7dac204f0000,rw-p,2048,2048
2026-09-02T00:48:01Z,7dac206f0000,rw-p,1024,1024
2026-09-02T00:48:01Z,7dac208f0000,rw-p,2048,2048
2026-09-02T00:48:01Z,7dac20af0000,rw-p,1024,1024
2026-09-02T00:48:01Z,7dac20bf0000,rw-p,704,700
2026-09-02T00:48:01Z,7dac20d00000,rw-p,576,536
2026-09-02T00:48:01Z,7dac2c000000,rwxp,7296,6712
2026-09-02T00:48:01Z,7dac34000000,rw-p,4888,4732
2026-09-02T00:48:01Z,7dac396d0000,rw-p,1268,1264
2026-09-02T00:53:01Z,fc000000,rw-p,65536,63796
2026-09-02T00:53:01Z,7dabec000000,rw-p,2188,2180
2026-09-02T00:53:01Z,7dabf4000000,rw-p,2376,2376
2026-09-02T00:53:01Z,7dac00000000,rw-p,7484,7452
2026-09-02T00:53:01Z,7dac0c000000,rw-p,21836,20112
2026-09-02T00:53:01Z,7dac20000000,rw-p,4544,4544
2026-09-02T00:53:01Z,7dac204f0000,rw-p,2048,2048
2026-09-02T00:53:01Z,7dac206f0000,rw-p,1024,1024
2026-09-02T00:53:01Z,7dac208f0000,rw-p,2048,2048
2026-09-02T00:53:01Z,7dac20af0000,rw-p,1024,1024
2026-09-02T00:53:01Z,7dac20bf0000,rw-p,704,700
2026-09-02T00:53:01Z,7dac20d00000,rw-p,576,536
2026-09-02T00:53:01Z,7dac2c000000,rwxp,7296,6712
2026-09-02T00:53:01Z,7dac34000000,rw-p,4888,4732
2026-09-02T00:53:01Z,7dac396d0000,rw-p,1268,1264
2026-09-02T00:58:01Z,fc000000,rw-p,65536,63796
2026-09-02T00:58:01Z,7dabec000000,rw-p,2188,2180
2026-09-02T00:58:01Z,7dabf4000000,rw-p,2376,2376
2026-09-02T00:58:01Z,7dac00000000,rw-p,7484,7452
2026-09-02T00:58:01Z,7dac0c000000,rw-p,21836,20112
2026-09-02T00:58:01Z,7dac20000000,rw-p,4544,4544
2026-09-02T00:58:01Z,7dac204f0000,rw-p,2048,2048
2026-09-02T00:58:01Z,7dac206f0000,rw-p,1024,1024
2026-09-02T00:58:01Z,7dac208f0000,rw-p,2048,2048
2026-09-02T00:58:01Z,7dac20af0000,rw-p,1024,1024
2026-09-02T00:58:01Z,7dac20bf0000,rw-p,704,700
2026-09-02T00:58:01Z,7dac20d00000,rw-p,576,536
2026-09-02T00:58:01Z,7dac2c000000,rwxp,7296,6712
2026-09-02T00:58:01Z,7dac34000000,rw-p,4888,4732
2026-09-02T00:58:01Z,7dac396d0000,rw-p,1268,1264
2026-09-02T01:03:01Z,fc000000,rw-p,65536,63796
2026-09-02T01:03:01Z,7dabec000000,rw-p,2188,2180
2026-09-02T01:03:01Z,7dabf4000000,rw-p,2376,2376
2026-09-02T01:03:01Z,7dac00000000,rw-p,7484,7452
2026-09-02T01:03:01Z,7dac0c000000,rw-p,21836,20112
2026-09-02T01:03:01Z,7dac20000000,rw-p,4544,4544
2026-09-02T01:03:01Z,7dac204f0000,rw-p,2048,2048
2026-09-02T01:03:01Z,7dac206f0000,rw-p,1024,1024
2026-09-02T01:03:01Z,7dac208f0000,rw-p,2048,2048
2026-09-02T01:03:01Z,7dac20af0000,rw-p,1024,1024
2026-09-02T01:03:01Z,7dac20bf0000,rw-p,704,700
2026-09-02T01:03:01Z,7dac20d00000,rw-p,576,536
2026-09-02T01:03:01Z,7dac2c000000,rwxp,7296,6712
2026-09-02T01:03:01Z,7dac34000000,rw-p,4888,4732
2026-09-02T01:03:01Z,7dac396d0000,rw-p,1268,1264
2026-09-02T01:08:01Z,fc000000,rw-p,65536,63796
2026-09-02T01:08:01Z,7dabec000000,rw-p,2188,2180
2026-09-02T01:08:01Z,7dabf4000000,rw-p,2376,2376
2026-09-02T01:08:01Z,7dac00000000,rw-p,7484,7452
2026-09-02T01:08:01Z,7dac0c000000,rw-p,21836,20112
2026-09-02T01:08:01Z,7dac20000000,rw-p,4544,4544
2026-09-02T01:08:01Z,7dac204f0000,rw-p,2048,2048
2026-09-02T01:08:01Z,7dac206f0000,rw-p,1024,1024
2026-09-02T01:08:01Z,7dac208f0000,rw-p,2048,2048
2026-09-02T01:08:01Z,7dac20af0000,rw-p,1024,1024
2026-09-02T01:08:01Z,7dac20bf0000,rw-p,704,700
2026-09-02T01:08:01Z,7dac20d00000,rw-p,576,536
2026-09-02T01:08:01Z,7dac2c000000,rwxp,7296,6712
2026-09-02T01:08:01Z,7dac34000000,rw-p,4888,4732
2026-09-02T01:08:01Z,7dac396d0000,rw-p,1268,1264
2026-09-02T01:13:01Z,fc000000,rw-p,65536,63796
2026-09-02T01:13:01Z,7dabec000000,rw-p,2188,2180
2026-09-02T01:13:01Z,7dabf4000000,rw-p,2376,2376
2026-09-02T01:13:01Z,7dac00000000,rw-p,7484,7452
2026-09-02T01:13:01Z,7dac0c000000,rw-p,21836,20112
2026-09-02T01:13:01Z,7dac20000000,rw-p,4544,4544
2026-09-02T01:13:01Z,7dac204f0000,rw-p,2048,2048
2026-09-02T01:13:01Z,7dac206f0000,rw-p,1024,1024
2026-09-02T01:13:01Z,7dac208f0000,rw-p,2048,2048
2026-09-02T01:13:01Z,7dac20af0000,rw-p,1024,1024
2026-09-02T01:13:01Z,7dac20bf0000,rw-p,704,700
2026-09-02T01:13:01Z,7dac20d00000,rw-p,576,536
2026-09-02T01:13:01Z,7dac2c000000,rwxp,7296,6712
2026-09-02T01:13:01Z,7dac34000000,rw-p,4888,4732
2026-09-02T01:13:01Z,7dac396d0000,rw-p,1268,1264
2026-09-02T01:18:01Z,fc000000,rw-p,65536,63796
2026-09-02T01:18:01Z,7dabec000000,rw-p,2188,2180
2026-09-02T01:18:01Z,7dabf4000000,rw-p,2376,2376
2026-09-02T01:18:01Z,7dac00000000,rw-p,7484,7452
2026-09-02T01:18:01Z,7dac0c000000,rw-p,21836,20112
2026-09-02T01:18:01Z,7dac20000000,rw-p,4544,4544
2026-09-02T01:18:01Z,7dac204f0000,rw-p,2048,2048
2026-09-02T01:18:01Z,7dac206f0000,rw-p,1024,1024
2026-09-02T01:18:01Z,7dac208f0000,rw-p,2048,2048
2026-09-02T01:18:01Z,7dac20af0000,rw-p,1024,1024
2026-09-02T01:18:01Z,7dac20bf0000,rw-p,704,700
2026-09-02T01:18:01Z,7dac20d00000,rw-p,576,536
2026-09-02T01:18:01Z,7dac2c000000,rwxp,7296,6712
2026-09-02T01:18:01Z,7dac34000000,rw-p,4888,4732
2026-09-02T01:18:01Z,7dac396d0000,rw-p,1268,1264
2026-09-02T01:23:01Z,fc000000,rw-p,65536,63796
2026-09-02T01:23:01Z,7dabec000000,rw-p,2188,2180
2026-09-02T01:23:01Z,7dabf4000000,rw-p,2376,2376
2026-09-02T01:23:01Z,7dac00000000,rw-p,7484,7452
2026-09-02T01:23:01Z,7dac0c000000,rw-p,21836,20112
2026-09-02T01:23:01Z,7dac20000000,rw-p,4544,4544
2026-09-02T01:23:01Z,7dac204f0000,rw-p,2048,2048
2026-09-02T01:23:01Z,7dac206f0000,rw-p,1024,1024
2026-09-02T01:23:01Z,7dac208f0000,rw-p,2048,2048
2026-09-02T01:23:01Z,7dac20af0000,rw-p,1024,1024
2026-09-02T01:23:01Z,7dac20bf0000,rw-p,704,700
2026-09-02T01:23:01Z,7dac20d00000,rw-p,576,536
2026-09-02T01:23:01Z,7dac2c000000,rwxp,7296,6712
2026-09-02T01:23:01Z,7dac34000000,rw-p,4888,4732
2026-09-02T01:23:01Z,7dac396d0000,rw-p,1268,1264
2026-09-02T01:28:01Z,fc000000,rw-p,65536,63796
2026-09-02T01:28:01Z,7dabec000000,rw-p,2188,2180
2026-09-02T01:28:01Z,7dabf4000000,rw-p,2376,2376
2026-09-02T01:28:01Z,7dac00000000,rw-p,7484,7452
2026-09-02T01:28:01Z,7dac0c000000,rw-p,21836,20112
2026-09-02T01:28:01Z,7dac20000000,rw-p,4544,4544
2026-09-02T01:28:01Z,7dac204f0000,rw-p,2048,2048
2026-09-02T01:28:01Z,7dac206f0000,rw-p,1024,1024
2026-09-02T01:28:01Z,7dac208f0000,rw-p,2048,2048
2026-09-02T01:28:01Z,7dac20af0000,rw-p,1024,1024
2026-09-02T01:28:01Z,7dac20bf0000,rw-p,704,700
2026-09-02T01:28:01Z,7dac20d00000,rw-p,576,536
2026-09-02T01:28:01Z,7dac2c000000,rwxp,7296,6712
2026-09-02T01:28:01Z,7dac34000000,rw-p,4888,4732
2026-09-02T01:28:01Z,7dac396d0000,rw-p,1268,1264
2026-09-02T01:33:02Z,fc000000,rw-p,65536,63796
2026-09-02T01:33:02Z,7dabec000000,rw-p,2188,2180
2026-09-02T01:33:02Z,7dabf4000000,rw-p,2376,2376
2026-09-02T01:33:02Z,7dac00000000,rw-p,7484,7452
2026-09-02T01:33:02Z,7dac0c000000,rw-p,21836,20112
2026-09-02T01:33:02Z,7dac20000000,rw-p,4544,4544
2026-09-02T01:33:02Z,7dac204f0000,rw-p,2048,2048
2026-09-02T01:33:02Z,7dac206f0000,rw-p,1024,1024
2026-09-02T01:33:02Z,7dac208f0000,rw-p,2048,2048
2026-09-02T01:33:02Z,7dac20af0000,rw-p,1024,1024
2026-09-02T01:33:02Z,7dac20bf0000,rw-p,704,700
2026-09-02T01:33:02Z,7dac20d00000,rw-p,576,536
2026-09-02T01:33:02Z,7dac2c000000,rwxp,7296,6712
2026-09-02T01:33:02Z,7dac34000000,rw-p,4888,4732
2026-09-02T01:33:02Z,7dac396d0000,rw-p,1268,1264
2026-09-02T01:38:02Z,fc000000,rw-p,65536,63796
2026-09-02T01:38:02Z,7dabec000000,rw-p,2188,2180
2026-09-02T01:38:02Z,7dabf4000000,rw-p,2376,2376
2026-09-02T01:38:02Z,7dac00000000,rw-p,7484,7452
2026-09-02T01:38:02Z,7dac0c000000,rw-p,21836,20112
2026-09-02T01:38:02Z,7dac20000000,rw-p,4544,4544
2026-09-02T01:38:02Z,7dac204f0000,rw-p,2048,2048
2026-09-02T01:38:02Z,7dac206f0000,rw-p,1024,1024
2026-09-02T01:38:02Z,7dac208f0000,rw-p,2048,2048
2026-09-02T01:38:02Z,7dac20af0000,rw-p,1024,1024
2026-09-02T01:38:02Z,7dac20bf0000,rw-p,704,700
2026-09-02T01:38:02Z,7dac20d00000,rw-p,576,536
2026-09-02T01:38:02Z,7dac2c000000,rwxp,7296,6712
2026-09-02T01:38:02Z,7dac34000000,rw-p,4888,4732
2026-09-02T01:38:02Z,7dac396d0000,rw-p,1268,1264
2026-09-02T01:43:02Z,fc000000,rw-p,65536,63796
2026-09-02T01:43:02Z,7dabec000000,rw-p,2188,2180
2026-09-02T01:43:02Z,7dabf4000000,rw-p,2376,2376
2026-09-02T01:43:02Z,7dac00000000,rw-p,7484,7452
2026-09-02T01:43:02Z,7dac0c000000,rw-p,21836,20112
2026-09-02T01:43:02Z,7dac20000000,rw-p,4544,4544
2026-09-02T01:43:02Z,7dac204f0000,rw-p,2048,2048
2026-09-02T01:43:02Z,7dac206f0000,rw-p,1024,1024
2026-09-02T01:43:02Z,7dac208f0000,rw-p,2048,2048
2026-09-02T01:43:02Z,7dac20af0000,rw-p,1024,1024
2026-09-02T01:43:02Z,7dac20bf0000,rw-p,704,700
2026-09-02T01:43:02Z,7dac20d00000,rw-p,576,536
2026-09-02T01:43:02Z,7dac2c000000,rwxp,7296,6712
2026-09-02T01:43:02Z,7dac34000000,rw-p,4888,4732
2026-09-02T01:43:02Z,7dac396d0000,rw-p,1268,1264
2026-09-02T01:48:02Z,fc000000,rw-p,65536,63796
2026-09-02T01:48:02Z,7dabec000000,rw-p,2188,2180
2026-09-02T01:48:02Z,7dabf4000000,rw-p,2376,2376
2026-09-02T01:48:02Z,7dac00000000,rw-p,7484,7452
2026-09-02T01:48:02Z,7dac0c000000,rw-p,21836,20112
2026-09-02T01:48:02Z,7dac20000000,rw-p,4544,4544
2026-09-02T01:48:02Z,7dac204f0000,rw-p,2048,2048
2026-09-02T01:48:02Z,7dac206f0000,rw-p,1024,1024
2026-09-02T01:48:02Z,7dac208f0000,rw-p,2048,2048
2026-09-02T01:48:02Z,7dac20af0000,rw-p,1024,1024
2026-09-02T01:48:02Z,7dac20bf0000,rw-p,704,700
2026-09-02T01:48:02Z,7dac20d00000,rw-p,576,536
2026-09-02T01:48:02Z,7dac2c000000,rwxp,7296,6712
2026-09-02T01:48:02Z,7dac34000000,rw-p,4888,4732
2026-09-02T01:48:02Z,7dac396d0000,rw-p,1268,1264
2026-09-02T01:53:02Z,fc000000,rw-p,65536,63796
2026-09-02T01:53:02Z,7dabec000000,rw-p,2188,2180
2026-09-02T01:53:02Z,7dabf4000000,rw-p,2376,2376
2026-09-02T01:53:02Z,7dac00000000,rw-p,7484,7452
2026-09-02T01:53:02Z,7dac0c000000,rw-p,21836,20112
2026-09-02T01:53:02Z,7dac20000000,rw-p,4544,4544
2026-09-02T01:53:02Z,7dac204f0000,rw-p,2048,2048
2026-09-02T01:53:02Z,7dac206f0000,rw-p,1024,1024
2026-09-02T01:53:02Z,7dac208f0000,rw-p,2048,2048
2026-09-02T01:53:02Z,7dac20af0000,rw-p,1024,1024
2026-09-02T01:53:02Z,7dac20bf0000,rw-p,704,700
2026-09-02T01:53:02Z,7dac20d00000,rw-p,576,536
2026-09-02T01:53:02Z,7dac2c000000,rwxp,7296,6712
2026-09-02T01:53:02Z,7dac34000000,rw-p,4888,4732
2026-09-02T01:53:02Z,7dac396d0000,rw-p,1268,1264
2026-09-02T01:58:02Z,fc000000,rw-p,65536,63796
2026-09-02T01:58:02Z,7dabec000000,rw-p,2188,2180
2026-09-02T01:58:02Z,7dabf4000000,rw-p,2376,2376
2026-09-02T01:58:02Z,7dac00000000,rw-p,7484,7452
2026-09-02T01:58:02Z,7dac0c000000,rw-p,21836,20112
2026-09-02T01:58:02Z,7dac20000000,rw-p,4544,4544
2026-09-02T01:58:02Z,7dac204f0000,rw-p,2048,2048
2026-09-02T01:58:02Z,7dac206f0000,rw-p,1024,1024
2026-09-02T01:58:02Z,7dac208f0000,rw-p,2048,2048
2026-09-02T01:58:02Z,7dac20af0000,rw-p,1024,1024
2026-09-02T01:58:02Z,7dac20bf0000,rw-p,704,700
2026-09-02T01:58:02Z,7dac20d00000,rw-p,576,536
2026-09-02T01:58:02Z,7dac2c000000,rwxp,7296,6712
2026-09-02T01:58:02Z,7dac34000000,rw-p,4888,4732
2026-09-02T01:58:02Z,7dac396d0000,rw-p,1268,1264
2026-09-02T02:03:02Z,fc000000,rw-p,65536,63796
2026-09-02T02:03:02Z,7dabec000000,rw-p,2188,2180
2026-09-02T02:03:02Z,7dabf4000000,rw-p,2376,2376
2026-09-02T02:03:02Z,7dac00000000,rw-p,7484,7452
2026-09-02T02:03:02Z,7dac0c000000,rw-p,21836,20112
2026-09-02T02:03:02Z,7dac20000000,rw-p,4544,4544
2026-09-02T02:03:02Z,7dac204f0000,rw-p,2048,2048
2026-09-02T02:03:02Z,7dac206f0000,rw-p,1024,1024
2026-09-02T02:03:02Z,7dac208f0000,rw-p,2048,2048
2026-09-02T02:03:02Z,7dac20af0000,rw-p,1024,1024
2026-09-02T02:03:02Z,7dac20bf0000,rw-p,704,700
2026-09-02T02:03:02Z,7dac20d00000,rw-p,576,536
2026-09-02T02:03:02Z,7dac2c000000,rwxp,7296,6712
2026-09-02T02:03:02Z,7dac34000000,rw-p,4888,4732
2026-09-02T02:03:02Z,7dac396d0000,rw-p,1268,1264
2026-09-02T02:08:02Z,fc000000,rw-p,65536,63796
2026-09-02T02:08:02Z,7dabec000000,rw-p,2188,2180
2026-09-02T02:08:02Z,7dabf4000000,rw-p,2376,2376
2026-09-02T02:08:02Z,7dac00000000,rw-p,7484,7452
2026-09-02T02:08:02Z,7dac0c000000,rw-p,21836,20112
2026-09-02T02:08:02Z,7dac20000000,rw-p,4544,4544
2026-09-02T02:08:02Z,7dac204f0000,rw-p,2048,2048
2026-09-02T02:08:02Z,7dac206f0000,rw-p,1024,1024
2026-09-02T02:08:02Z,7dac208f0000,rw-p,2048,2048
2026-09-02T02:08:02Z,7dac20af0000,rw-p,1024,1024
2026-09-02T02:08:02Z,7dac20bf0000,rw-p,704,700
2026-09-02T02:08:02Z,7dac20d00000,rw-p,576,536
2026-09-02T02:08:02Z,7dac2c000000,rwxp,7296,6712
2026-09-02T02:08:02Z,7dac34000000,rw-p,4888,4732
2026-09-02T02:08:02Z,7dac396d0000,rw-p,1268,1264
2026-09-02T02:13:02Z,fc000000,rw-p,65536,63796
2026-09-02T02:13:02Z,7dabec000000,rw-p,2188,2180
2026-09-02T02:13:02Z,7dabf4000000,rw-p,2376,2376
2026-09-02T02:13:02Z,7dac00000000,rw-p,7484,7452
2026-09-02T02:13:02Z,7dac0c000000,rw-p,21836,20112
2026-09-02T02:13:02Z,7dac20000000,rw-p,4544,4544
2026-09-02T02:13:02Z,7dac204f0000,rw-p,2048,2048
2026-09-02T02:13:02Z,7dac206f0000,rw-p,1024,1024
2026-09-02T02:13:02Z,7dac208f0000,rw-p,2048,2048
2026-09-02T02:13:02Z,7dac20af0000,rw-p,1024,1024
2026-09-02T02:13:02Z,7dac20bf0000,rw-p,704,700
2026-09-02T02:13:02Z,7dac20d00000,rw-p,576,536
2026-09-02T02:13:02Z,7dac2c000000,rwxp,7296,6712
2026-09-02T02:13:02Z,7dac34000000,rw-p,4888,4732
2026-09-02T02:13:02Z,7dac396d0000,rw-p,1268,1264
2026-09-02T02:18:02Z,fc000000,rw-p,65536,63796
2026-09-02T02:18:02Z,7dabec000000,rw-p,2188,2180
2026-09-02T02:18:02Z,7dabf4000000,rw-p,2376,2376
2026-09-02T02:18:02Z,7dac00000000,rw-p,7484,7452
2026-09-02T02:18:02Z,7dac0c000000,rw-p,21836,20112
2026-09-02T02:18:02Z,7dac20000000,rw-p,4544,4544
2026-09-02T02:18:02Z,7dac204f0000,rw-p,2048,2048
2026-09-02T02:18:02Z,7dac206f0000,rw-p,1024,1024
2026-09-02T02:18:02Z,7dac208f0000,rw-p,2048,2048
2026-09-02T02:18:02Z,7dac20af0000,rw-p,1024,1024
2026-09-02T02:18:02Z,7dac20bf0000,rw-p,704,700
2026-09-02T02:18:02Z,7dac20d00000,rw-p,576,536
2026-09-02T02:18:02Z,7dac2c000000,rwxp,7296,6712
2026-09-02T02:18:02Z,7dac34000000,rw-p,4888,4732
2026-09-02T02:18:02Z,7dac396d0000,rw-p,1268,1264
2026-09-02T02:23:03Z,fc000000,rw-p,65536,63796
2026-09-02T02:23:03Z,7dabec000000,rw-p,2188,2180
2026-09-02T02:23:03Z,7dabf4000000,rw-p,2376,2376
2026-09-02T02:23:03Z,7dac00000000,rw-p,7484,7452
2026-09-02T02:23:03Z,7dac0c000000,rw-p,21836,20112
2026-09-02T02:23:03Z,7dac20000000,rw-p,4544,4544
2026-09-02T02:23:03Z,7dac204f0000,rw-p,2048,2048
2026-09-02T02:23:03Z,7dac206f0000,rw-p,1024,1024
2026-09-02T02:23:03Z,7dac208f0000,rw-p,2048,2048
2026-09-02T02:23:03Z,7dac20af0000,rw-p,1024,1024
2026-09-02T02:23:03Z,7dac20bf0000,rw-p,704,700
2026-09-02T02:23:03Z,7dac20d00000,rw-p,576,536
2026-09-02T02:23:03Z,7dac2c000000,rwxp,7296,6712
2026-09-02T02:23:03Z,7dac34000000,rw-p,4888,4732
2026-09-02T02:23:03Z,7dac396d0000,rw-p,1268,1264
2026-09-02T02:28:03Z,fc000000,rw-p,65536,63796
2026-09-02T02:28:03Z,7dabec000000,rw-p,2188,2180
2026-09-02T02:28:03Z,7dabf4000000,rw-p,2376,2376
2026-09-02T02:28:03Z,7dac00000000,rw-p,7484,7452
2026-09-02T02:28:03Z,7dac0c000000,rw-p,21836,20112
2026-09-02T02:28:03Z,7dac20000000,rw-p,4544,4544
2026-09-02T02:28:03Z,7dac204f0000,rw-p,2048,2048
2026-09-02T02:28:03Z,7dac206f0000,rw-p,1024,1024
2026-09-02T02:28:03Z,7dac208f0000,rw-p,2048,2048
2026-09-02T02:28:03Z,7dac20af0000,rw-p,1024,1024
2026-09-02T02:28:03Z,7dac20bf0000,rw-p,704,700
2026-09-02T02:28:03Z,7dac20d00000,rw-p,576,536
2026-09-02T02:28:03Z,7dac2c000000,rwxp,7296,6712
2026-09-02T02:28:03Z,7dac34000000,rw-p,4888,4732
2026-09-02T02:28:03Z,7dac396d0000,rw-p,1268,1264
2026-09-02T02:33:03Z,fc000000,rw-p,65536,63796
2026-09-02T02:33:03Z,7dabec000000,rw-p,2188,2180
2026-09-02T02:33:03Z,7dabf4000000,rw-p,2376,2376
2026-09-02T02:33:03Z,7dac00000000,rw-p,7484,7452
2026-09-02T02:33:03Z,7dac0c000000,rw-p,21836,20112
2026-09-02T02:33:03Z,7dac20000000,rw-p,4544,4544
2026-09-02T02:33:03Z,7dac204f0000,rw-p,2048,2048
2026-09-02T02:33:03Z,7dac206f0000,rw-p,1024,1024
2026-09-02T02:33:03Z,7dac208f0000,rw-p,2048,2048
2026-09-02T02:33:03Z,7dac20af0000,rw-p,1024,1024
2026-09-02T02:33:03Z,7dac20bf0000,rw-p,704,700
2026-09-02T02:33:03Z,7dac20d00000,rw-p,576,536
2026-09-02T02:33:03Z,7dac2c000000,rwxp,7296,6712
2026-09-02T02:33:03Z,7dac34000000,rw-p,4888,4732
2026-09-02T02:33:03Z,7dac396d0000,rw-p,1268,1264
2026-09-02T02:38:03Z,fc000000,rw-p,65536,63796
2026-09-02T02:38:03Z,7dabec000000,rw-p,2188,2180
2026-09-02T02:38:03Z,7dabf4000000,rw-p,2376,2376
2026-09-02T02:38:03Z,7dac00000000,rw-p,7484,7452
2026-09-02T02:38:03Z,7dac0c000000,rw-p,21836,20112
2026-09-02T02:38:03Z,7dac20000000,rw-p,4544,4544
2026-09-02T02:38:03Z,7dac204f0000,rw-p,2048,2048
2026-09-02T02:38:03Z,7dac206f0000,rw-p,1024,1024
2026-09-02T02:38:03Z,7dac208f0000,rw-p,2048,2048
2026-09-02T02:38:03Z,7dac20af0000,rw-p,1024,1024
2026-09-02T02:38:03Z,7dac20bf0000,rw-p,704,700
2026-09-02T02:38:03Z,7dac20d00000,rw-p,576,536
2026-09-02T02:38:03Z,7dac2c000000,rwxp,7296,6712
2026-09-02T02:38:03Z,7dac34000000,rw-p,4888,4732
2026-09-02T02:38:03Z,7dac396d0000,rw-p,1268,1264
2026-09-02T02:43:03Z,fc000000,rw-p,65536,63796
2026-09-02T02:43:03Z,7dabec000000,rw-p,2188,2180
2026-09-02T02:43:03Z,7dabf4000000,rw-p,2376,2376
2026-09-02T02:43:03Z,7dac00000000,rw-p,7484,7452
2026-09-02T02:43:03Z,7dac0c000000,rw-p,21836,20112
2026-09-02T02:43:03Z,7dac20000000,rw-p,4544,4544
2026-09-02T02:43:03Z,7dac204f0000,rw-p,2048,2048
2026-09-02T02:43:03Z,7dac206f0000,rw-p,1024,1024
2026-09-02T02:43:03Z,7dac208f0000,rw-p,2048,2048
2026-09-02T02:43:03Z,7dac20af0000,rw-p,1024,1024
2026-09-02T02:43:03Z,7dac20bf0000,rw-p,704,700
2026-09-02T02:43:03Z,7dac20d00000,rw-p,576,536
2026-09-02T02:43:03Z,7dac2c000000,rwxp,7296,6712
2026-09-02T02:43:03Z,7dac34000000,rw-p,4888,4732
2026-09-02T02:43:03Z,7dac396d0000,rw-p,1268,1264
2026-09-02T02:48:03Z,fc000000,rw-p,65536,63796
2026-09-02T02:48:03Z,7dabec000000,rw-p,2188,2180
2026-09-02T02:48:03Z,7dabf4000000,rw-p,2376,2376
2026-09-02T02:48:03Z,7dac00000000,rw-p,7484,7452
2026-09-02T02:48:03Z,7dac0c000000,rw-p,21836,20112
2026-09-02T02:48:03Z,7dac20000000,rw-p,4544,4544
2026-09-02T02:48:03Z,7dac204f0000,rw-p,2048,2048
2026-09-02T02:48:03Z,7dac206f0000,rw-p,1024,1024
2026-09-02T02:48:03Z,7dac208f0000,rw-p,2048,2048
2026-09-02T02:48:03Z,7dac20af0000,rw-p,1024,1024
2026-09-02T02:48:03Z,7dac20bf0000,rw-p,704,700
2026-09-02T02:48:03Z,7dac20d00000,rw-p,576,536
2026-09-02T02:48:03Z,7dac2c000000,rwxp,7296,6712
2026-09-02T02:48:03Z,7dac34000000,rw-p,4888,4732
2026-09-02T02:48:03Z,7dac396d0000,rw-p,1268,1264
2026-09-02T02:53:03Z,fc000000,rw-p,65536,63796
2026-09-02T02:53:03Z,7dabec000000,rw-p,2188,2180
2026-09-02T02:53:03Z,7dabf4000000,rw-p,2376,2376
2026-09-02T02:53:03Z,7dac00000000,rw-p,7484,7452
2026-09-02T02:53:03Z,7dac0c000000,rw-p,21836,20112
2026-09-02T02:53:03Z,7dac20000000,rw-p,4544,4544
2026-09-02T02:53:03Z,7dac204f0000,rw-p,2048,2048
2026-09-02T02:53:03Z,7dac206f0000,rw-p,1024,1024
2026-09-02T02:53:03Z,7dac208f0000,rw-p,2048,2048
2026-09-02T02:53:03Z,7dac20af0000,rw-p,1024,1024
2026-09-02T02:53:03Z,7dac20bf0000,rw-p,704,700
2026-09-02T02:53:03Z,7dac20d00000,rw-p,576,536
2026-09-02T02:53:03Z,7dac2c000000,rwxp,7296,6712
2026-09-02T02:53:03Z,7dac34000000,rw-p,4888,4732
2026-09-02T02:53:03Z,7dac396d0000,rw-p,1268,1264
2026-09-02T02:58:03Z,fc000000,rw-p,65536,63796
2026-09-02T02:58:03Z,7dabec000000,rw-p,2188,2180
2026-09-02T02:58:03Z,7dabf4000000,rw-p,2376,2376
2026-09-02T02:58:03Z,7dac00000000,rw-p,7484,7452
2026-09-02T02:58:03Z,7dac0c000000,rw-p,21836,20112
2026-09-02T02:58:03Z,7dac20000000,rw-p,4544,4544
2026-09-02T02:58:03Z,7dac204f0000,rw-p,2048,2048
2026-09-02T02:58:03Z,7dac206f0000,rw-p,1024,1024
2026-09-02T02:58:03Z,7dac208f0000,rw-p,2048,2048
2026-09-02T02:58:03Z,7dac20af0000,rw-p,1024,1024
2026-09-02T02:58:03Z,7dac20bf0000,rw-p,704,700
2026-09-02T02:58:03Z,7dac20d00000,rw-p,576,536
2026-09-02T02:58:03Z,7dac2c000000,rwxp,7296,6712
2026-09-02T02:58:03Z,7dac34000000,rw-p,4888,4732
2026-09-02T02:58:03Z,7dac396d0000,rw-p,1268,1264
2026-09-02T03:03:03Z,fc000000,rw-p,65536,63796
2026-09-02T03:03:03Z,7dabec000000,rw-p,2188,2180
2026-09-02T03:03:03Z,7dabf4000000,rw-p,2376,2376
2026-09-02T03:03:03Z,7dac00000000,rw-p,7484,7452
2026-09-02T03:03:03Z,7dac0c000000,rw-p,21836,20112
2026-09-02T03:03:03Z,7dac20000000,rw-p,4544,4544
2026-09-02T03:03:03Z,7dac204f0000,rw-p,2048,2048
2026-09-02T03:03:03Z,7dac206f0000,rw-p,1024,1024
2026-09-02T03:03:03Z,7dac208f0000,rw-p,2048,2048
2026-09-02T03:03:03Z,7dac20af0000,rw-p,1024,1024
2026-09-02T03:03:03Z,7dac20bf0000,rw-p,704,700
2026-09-02T03:03:03Z,7dac20d00000,rw-p,576,536
2026-09-02T03:03:03Z,7dac2c000000,rwxp,7296,6712
2026-09-02T03:03:03Z,7dac34000000,rw-p,4888,4732
2026-09-02T03:03:03Z,7dac396d0000,rw-p,1268,1264
2026-09-02T03:08:04Z,fc000000,rw-p,65536,63796
2026-09-02T03:08:04Z,7dabec000000,rw-p,2188,2180
2026-09-02T03:08:04Z,7dabf4000000,rw-p,2376,2376
2026-09-02T03:08:04Z,7dac00000000,rw-p,7484,7452
2026-09-02T03:08:04Z,7dac0c000000,rw-p,21836,20112
2026-09-02T03:08:04Z,7dac20000000,rw-p,4544,4544
2026-09-02T03:08:04Z,7dac204f0000,rw-p,2048,2048
2026-09-02T03:08:04Z,7dac206f0000,rw-p,1024,1024
2026-09-02T03:08:04Z,7dac208f0000,rw-p,2048,2048
2026-09-02T03:08:04Z,7dac20af0000,rw-p,1024,1024
2026-09-02T03:08:04Z,7dac20bf0000,rw-p,704,700
2026-09-02T03:08:04Z,7dac20d00000,rw-p,576,536
2026-09-02T03:08:04Z,7dac2c000000,rwxp,7296,6712
2026-09-02T03:08:04Z,7dac34000000,rw-p,4888,4732
2026-09-02T03:08:04Z,7dac396d0000,rw-p,1268,1264
2026-09-02T03:13:04Z,fc000000,rw-p,65536,63796
2026-09-02T03:13:04Z,7dabec000000,rw-p,2188,2180
2026-09-02T03:13:04Z,7dabf4000000,rw-p,2376,2376
2026-09-02T03:13:04Z,7dac00000000,rw-p,7484,7452
2026-09-02T03:13:04Z,7dac0c000000,rw-p,21836,20112
2026-09-02T03:13:04Z,7dac20000000,rw-p,4544,4544
2026-09-02T03:13:04Z,7dac204f0000,rw-p,2048,2048
2026-09-02T03:13:04Z,7dac206f0000,rw-p,1024,1024
2026-09-02T03:13:04Z,7dac208f0000,rw-p,2048,2048
2026-09-02T03:13:04Z,7dac20af0000,rw-p,1024,1024
2026-09-02T03:13:04Z,7dac20bf0000,rw-p,704,700
2026-09-02T03:13:04Z,7dac20d00000,rw-p,576,536
2026-09-02T03:13:04Z,7dac2c000000,rwxp,7296,6712
2026-09-02T03:13:04Z,7dac34000000,rw-p,4888,4732
2026-09-02T03:13:04Z,7dac396d0000,rw-p,1268,1264
2026-09-02T03:18:04Z,fc000000,rw-p,65536,63796
2026-09-02T03:18:04Z,7dabec000000,rw-p,2188,2180
2026-09-02T03:18:04Z,7dabf4000000,rw-p,2376,2376
2026-09-02T03:18:04Z,7dac00000000,rw-p,7484,7452
2026-09-02T03:18:04Z,7dac0c000000,rw-p,21836,20112
2026-09-02T03:18:04Z,7dac20000000,rw-p,4544,4544
2026-09-02T03:18:04Z,7dac204f0000,rw-p,2048,2048
2026-09-02T03:18:04Z,7dac206f0000,rw-p,1024,1024
2026-09-02T03:18:04Z,7dac208f0000,rw-p,2048,2048
2026-09-02T03:18:04Z,7dac20af0000,rw-p,1024,1024
2026-09-02T03:18:04Z,7dac20bf0000,rw-p,704,700
2026-09-02T03:18:04Z,7dac20d00000,rw-p,576,536
2026-09-02T03:18:04Z,7dac2c000000,rwxp,7296,6712
2026-09-02T03:18:04Z,7dac34000000,rw-p,4888,4732
2026-09-02T03:18:04Z,7dac396d0000,rw-p,1268,1264
2026-09-02T03:23:04Z,fc000000,rw-p,65536,63796
2026-09-02T03:23:04Z,7dabec000000,rw-p,2188,2180
2026-09-02T03:23:04Z,7dabf4000000,rw-p,2376,2376
2026-09-02T03:23:04Z,7dac00000000,rw-p,7484,7452
2026-09-02T03:23:04Z,7dac0c000000,rw-p,21836,20112
2026-09-02T03:23:04Z,7dac20000000,rw-p,4544,4544
2026-09-02T03:23:04Z,7dac204f0000,rw-p,2048,2048
2026-09-02T03:23:04Z,7dac206f0000,rw-p,1024,1024
2026-09-02T03:23:04Z,7dac208f0000,rw-p,2048,2048
2026-09-02T03:23:04Z,7dac20af0000,rw-p,1024,1024
2026-09-02T03:23:04Z,7dac20bf0000,rw-p,704,700
2026-09-02T03:23:04Z,7dac20d00000,rw-p,576,536
2026-09-02T03:23:04Z,7dac2c000000,rwxp,7296,6712
2026-09-02T03:23:04Z,7dac34000000,rw-p,4888,4732
2026-09-02T03:23:04Z,7dac396d0000,rw-p,1268,1264
2026-09-02T03:28:04Z,fc000000,rw-p,65536,63796
2026-09-02T03:28:04Z,7dabec000000,rw-p,2188,2180
2026-09-02T03:28:04Z,7dabf4000000,rw-p,2376,2376
2026-09-02T03:28:04Z,7dac00000000,rw-p,7484,7452
2026-09-02T03:28:04Z,7dac0c000000,rw-p,21836,20112
2026-09-02T03:28:04Z,7dac20000000,rw-p,4544,4544
2026-09-02T03:28:04Z,7dac204f0000,rw-p,2048,2048
2026-09-02T03:28:04Z,7dac206f0000,rw-p,1024,1024
2026-09-02T03:28:04Z,7dac208f0000,rw-p,2048,2048
2026-09-02T03:28:04Z,7dac20af0000,rw-p,1024,1024
2026-09-02T03:28:04Z,7dac20bf0000,rw-p,704,700
2026-09-02T03:28:04Z,7dac20d00000,rw-p,576,536
2026-09-02T03:28:04Z,7dac2c000000,rwxp,7296,6712
2026-09-02T03:28:04Z,7dac34000000,rw-p,4888,4732
2026-09-02T03:28:04Z,7dac396d0000,rw-p,1268,1264
2026-09-02T03:33:04Z,fc000000,rw-p,65536,63796
2026-09-02T03:33:04Z,7dabec000000,rw-p,2188,2180
2026-09-02T03:33:04Z,7dabf4000000,rw-p,2376,2376
2026-09-02T03:33:04Z,7dac00000000,rw-p,7484,7452
2026-09-02T03:33:04Z,7dac0c000000,rw-p,21836,20112
2026-09-02T03:33:04Z,7dac20000000,rw-p,4544,4544
2026-09-02T03:33:04Z,7dac204f0000,rw-p,2048,2048
2026-09-02T03:33:04Z,7dac206f0000,rw-p,1024,1024
2026-09-02T03:33:04Z,7dac208f0000,rw-p,2048,2048
2026-09-02T03:33:04Z,7dac20af0000,rw-p,1024,1024
2026-09-02T03:33:04Z,7dac20bf0000,rw-p,704,700
2026-09-02T03:33:04Z,7dac20d00000,rw-p,576,536
2026-09-02T03:33:04Z,7dac2c000000,rwxp,7296,6712
2026-09-02T03:33:04Z,7dac34000000,rw-p,4888,4732
2026-09-02T03:33:04Z,7dac396d0000,rw-p,1268,1264
2026-09-02T03:38:04Z,fc000000,rw-p,65536,63796
2026-09-02T03:38:04Z,7dabec000000,rw-p,2188,2180
2026-09-02T03:38:04Z,7dabf4000000,rw-p,2376,2376
2026-09-02T03:38:04Z,7dac00000000,rw-p,7484,7452
2026-09-02T03:38:04Z,7dac0c000000,rw-p,21836,20112
2026-09-02T03:38:04Z,7dac20000000,rw-p,4544,4544
2026-09-02T03:38:04Z,7dac204f0000,rw-p,2048,2048
2026-09-02T03:38:04Z,7dac206f0000,rw-p,1024,1024
2026-09-02T03:38:04Z,7dac208f0000,rw-p,2048,2048
2026-09-02T03:38:04Z,7dac20af0000,rw-p,1024,1024
2026-09-02T03:38:04Z,7dac20bf0000,rw-p,704,700
2026-09-02T03:38:04Z,7dac20d00000,rw-p,576,536
2026-09-02T03:38:04Z,7dac2c000000,rwxp,7296,6712
2026-09-02T03:38:04Z,7dac34000000,rw-p,4888,4732
2026-09-02T03:38:04Z,7dac396d0000,rw-p,1268,1264
2026-09-02T03:43:04Z,fc000000,rw-p,65536,63796
2026-09-02T03:43:04Z,7dabec000000,rw-p,2188,2180
2026-09-02T03:43:04Z,7dabf4000000,rw-p,2376,2376
2026-09-02T03:43:04Z,7dac00000000,rw-p,7484,7452
2026-09-02T03:43:04Z,7dac0c000000,rw-p,21836,20112
2026-09-02T03:43:04Z,7dac20000000,rw-p,4544,4544
2026-09-02T03:43:04Z,7dac204f0000,rw-p,2048,2048
2026-09-02T03:43:04Z,7dac206f0000,rw-p,1024,1024
2026-09-02T03:43:04Z,7dac208f0000,rw-p,2048,2048
2026-09-02T03:43:04Z,7dac20af0000,rw-p,1024,1024
2026-09-02T03:43:04Z,7dac20bf0000,rw-p,704,700
2026-09-02T03:43:04Z,7dac20d00000,rw-p,576,536
2026-09-02T03:43:04Z,7dac2c000000,rwxp,7296,6712
2026-09-02T03:43:04Z,7dac34000000,rw-p,4888,4732
2026-09-02T03:43:04Z,7dac396d0000,rw-p,1268,1264
2026-09-02T03:48:04Z,fc000000,rw-p,65536,63796
2026-09-02T03:48:04Z,7dabec000000,rw-p,2188,2180
2026-09-02T03:48:04Z,7dabf4000000,rw-p,2376,2376
2026-09-02T03:48:04Z,7dac00000000,rw-p,7484,7452
2026-09-02T03:48:04Z,7dac0c000000,rw-p,21836,20112
2026-09-02T03:48:04Z,7dac20000000,rw-p,4544,4544
2026-09-02T03:48:04Z,7dac204f0000,rw-p,2048,2048
2026-09-02T03:48:04Z,7dac206f0000,rw-p,1024,1024
2026-09-02T03:48:04Z,7dac208f0000,rw-p,2048,2048
2026-09-02T03:48:04Z,7dac20af0000,rw-p,1024,1024
2026-09-02T03:48:04Z,7dac20bf0000,rw-p,704,700
2026-09-02T03:48:04Z,7dac20d00000,rw-p,576,536
2026-09-02T03:48:04Z,7dac2c000000,rwxp,7296,6712
2026-09-02T03:48:04Z,7dac34000000,rw-p,4888,4732
2026-09-02T03:48:04Z,7dac396d0000,rw-p,1268,1264
2026-09-02T03:53:04Z,fc000000,rw-p,65536,63796
2026-09-02T03:53:04Z,7dabec000000,rw-p,2188,2180
2026-09-02T03:53:04Z,7dabf4000000,rw-p,2376,2376
2026-09-02T03:53:04Z,7dac00000000,rw-p,7484,7452
2026-09-02T03:53:04Z,7dac0c000000,rw-p,21836,20112
2026-09-02T03:53:04Z,7dac20000000,rw-p,4544,4544
2026-09-02T03:53:04Z,7dac204f0000,rw-p,2048,2048
2026-09-02T03:53:04Z,7dac206f0000,rw-p,1024,1024
2026-09-02T03:53:04Z,7dac208f0000,rw-p,2048,2048
2026-09-02T03:53:04Z,7dac20af0000,rw-p,1024,1024
2026-09-02T03:53:04Z,7dac20bf0000,rw-p,704,700
2026-09-02T03:53:04Z,7dac20d00000,rw-p,576,536
2026-09-02T03:53:04Z,7dac2c000000,rwxp,7296,6712
2026-09-02T03:53:04Z,7dac34000000,rw-p,4888,4732
2026-09-02T03:53:04Z,7dac396d0000,rw-p,1268,1264
2026-09-02T03:58:04Z,fc000000,rw-p,65536,63796
2026-09-02T03:58:04Z,7dabec000000,rw-p,2188,2180
2026-09-02T03:58:04Z,7dabf4000000,rw-p,2376,2376
2026-09-02T03:58:04Z,7dac00000000,rw-p,7484,7452
2026-09-02T03:58:04Z,7dac0c000000,rw-p,21836,20112
2026-09-02T03:58:04Z,7dac20000000,rw-p,4544,4544
2026-09-02T03:58:04Z,7dac204f0000,rw-p,2048,2048
2026-09-02T03:58:04Z,7dac206f0000,rw-p,1024,1024
2026-09-02T03:58:04Z,7dac208f0000,rw-p,2048,2048
2026-09-02T03:58:04Z,7dac20af0000,rw-p,1024,1024
2026-09-02T03:58:04Z,7dac20bf0000,rw-p,704,700
2026-09-02T03:58:04Z,7dac20d00000,rw-p,576,536
2026-09-02T03:58:04Z,7dac2c000000,rwxp,7296,6712
2026-09-02T03:58:04Z,7dac34000000,rw-p,4888,4732
2026-09-02T03:58:04Z,7dac396d0000,rw-p,1268,1264
2026-09-02T04:03:05Z,fc000000,rw-p,65536,63796
2026-09-02T04:03:05Z,7dabec000000,rw-p,2188,2180
2026-09-02T04:03:05Z,7dabf4000000,rw-p,2376,2376
2026-09-02T04:03:05Z,7dac00000000,rw-p,7484,7452
2026-09-02T04:03:05Z,7dac0c000000,rw-p,21836,20112
2026-09-02T04:03:05Z,7dac20000000,rw-p,4544,4544
2026-09-02T04:03:05Z,7dac204f0000,rw-p,2048,2048
2026-09-02T04:03:05Z,7dac206f0000,rw-p,1024,1024
2026-09-02T04:03:05Z,7dac208f0000,rw-p,2048,2048
2026-09-02T04:03:05Z,7dac20af0000,rw-p,1024,1024
2026-09-02T04:03:05Z,7dac20bf0000,rw-p,704,700
2026-09-02T04:03:05Z,7dac20d00000,rw-p,576,536
2026-09-02T04:03:05Z,7dac2c000000,rwxp,7296,6712
2026-09-02T04:03:05Z,7dac34000000,rw-p,4888,4732
2026-09-02T04:03:05Z,7dac396d0000,rw-p,1268,1264
2026-09-02T04:08:05Z,fc000000,rw-p,65536,63796
2026-09-02T04:08:05Z,7dabec000000,rw-p,2188,2180
2026-09-02T04:08:05Z,7dabf4000000,rw-p,2376,2376
2026-09-02T04:08:05Z,7dac00000000,rw-p,7484,7452
2026-09-02T04:08:05Z,7dac0c000000,rw-p,21836,20112
2026-09-02T04:08:05Z,7dac20000000,rw-p,4544,4544
2026-09-02T04:08:05Z,7dac204f0000,rw-p,2048,2048
2026-09-02T04:08:05Z,7dac206f0000,rw-p,1024,1024
2026-09-02T04:08:05Z,7dac208f0000,rw-p,2048,2048
2026-09-02T04:08:05Z,7dac20af0000,rw-p,1024,1024
2026-09-02T04:08:05Z,7dac20bf0000,rw-p,704,700
2026-09-02T04:08:05Z,7dac20d00000,rw-p,576,536
2026-09-02T04:08:05Z,7dac2c000000,rwxp,7296,6712
2026-09-02T04:08:05Z,7dac34000000,rw-p,4888,4732
2026-09-02T04:08:05Z,7dac396d0000,rw-p,1268,1264
2026-09-02T04:13:05Z,fc000000,rw-p,65536,63796
2026-09-02T04:13:05Z,7dabec000000,rw-p,2188,2180
2026-09-02T04:13:05Z,7dabf4000000,rw-p,2376,2376
2026-09-02T04:13:05Z,7dac00000000,rw-p,7484,7452
2026-09-02T04:13:05Z,7dac0c000000,rw-p,21836,20112
2026-09-02T04:13:05Z,7dac20000000,rw-p,4544,4544
2026-09-02T04:13:05Z,7dac204f0000,rw-p,2048,2048
2026-09-02T04:13:05Z,7dac206f0000,rw-p,1024,1024
2026-09-02T04:13:05Z,7dac208f0000,rw-p,2048,2048
2026-09-02T04:13:05Z,7dac20af0000,rw-p,1024,1024
2026-09-02T04:13:05Z,7dac20bf0000,rw-p,704,700
2026-09-02T04:13:05Z,7dac20d00000,rw-p,576,536
2026-09-02T04:13:05Z,7dac2c000000,rwxp,7296,6712
2026-09-02T04:13:05Z,7dac34000000,rw-p,4888,4732
2026-09-02T04:13:05Z,7dac396d0000,rw-p,1268,1264
2026-09-02T04:18:05Z,fc000000,rw-p,65536,63796
2026-09-02T04:18:05Z,7dabec000000,rw-p,2188,2180
2026-09-02T04:18:05Z,7dabf4000000,rw-p,2376,2376
2026-09-02T04:18:05Z,7dac00000000,rw-p,7484,7452
2026-09-02T04:18:05Z,7dac0c000000,rw-p,21836,20112
2026-09-02T04:18:05Z,7dac20000000,rw-p,4544,4544
2026-09-02T04:18:05Z,7dac204f0000,rw-p,2048,2048
2026-09-02T04:18:05Z,7dac206f0000,rw-p,1024,1024
2026-09-02T04:18:05Z,7dac208f0000,rw-p,2048,2048
2026-09-02T04:18:05Z,7dac20af0000,rw-p,1024,1024
2026-09-02T04:18:05Z,7dac20bf0000,rw-p,704,700
2026-09-02T04:18:05Z,7dac20d00000,rw-p,576,536
2026-09-02T04:18:05Z,7dac2c000000,rwxp,7296,6712
2026-09-02T04:18:05Z,7dac34000000,rw-p,4888,4732
2026-09-02T04:18:05Z,7dac396d0000,rw-p,1268,1264
2026-09-02T04:23:05Z,fc000000,rw-p,65536,63796
2026-09-02T04:23:05Z,7dabec000000,rw-p,2188,2180
2026-09-02T04:23:05Z,7dabf4000000,rw-p,2376,2376
2026-09-02T04:23:05Z,7dac00000000,rw-p,7484,7452
2026-09-02T04:23:05Z,7dac0c000000,rw-p,21836,20112
2026-09-02T04:23:05Z,7dac20000000,rw-p,4544,4544
2026-09-02T04:23:05Z,7dac204f0000,rw-p,2048,2048
2026-09-02T04:23:05Z,7dac206f0000,rw-p,1024,1024
2026-09-02T04:23:05Z,7dac208f0000,rw-p,2048,2048
2026-09-02T04:23:05Z,7dac20af0000,rw-p,1024,1024
2026-09-02T04:23:05Z,7dac20bf0000,rw-p,704,700
2026-09-02T04:23:05Z,7dac20d00000,rw-p,576,536
2026-09-02T04:23:05Z,7dac2c000000,rwxp,7296,6712
2026-09-02T04:23:05Z,7dac34000000,rw-p,4888,4732
2026-09-02T04:23:05Z,7dac396d0000,rw-p,1268,1264
2026-09-02T04:28:05Z,fc000000,rw-p,65536,63796
2026-09-02T04:28:05Z,7dabec000000,rw-p,2188,2180
2026-09-02T04:28:05Z,7dabf4000000,rw-p,2376,2376
2026-09-02T04:28:05Z,7dac00000000,rw-p,7484,7452
2026-09-02T04:28:05Z,7dac0c000000,rw-p,21836,20112
2026-09-02T04:28:05Z,7dac20000000,rw-p,4544,4544
2026-09-02T04:28:05Z,7dac204f0000,rw-p,2048,2048
2026-09-02T04:28:05Z,7dac206f0000,rw-p,1024,1024
2026-09-02T04:28:05Z,7dac208f0000,rw-p,2048,2048
2026-09-02T04:28:05Z,7dac20af0000,rw-p,1024,1024
2026-09-02T04:28:05Z,7dac20bf0000,rw-p,704,700
2026-09-02T04:28:05Z,7dac20d00000,rw-p,576,536
2026-09-02T04:28:05Z,7dac2c000000,rwxp,7296,6712
2026-09-02T04:28:05Z,7dac34000000,rw-p,4888,4732
2026-09-02T04:28:05Z,7dac396d0000,rw-p,1268,1264
2026-09-02T04:33:05Z,fc000000,rw-p,65536,63796
2026-09-02T04:33:05Z,7dabec000000,rw-p,2188,2180
2026-09-02T04:33:05Z,7dabf4000000,rw-p,2376,2376
2026-09-02T04:33:05Z,7dac00000000,rw-p,7484,7452
2026-09-02T04:33:05Z,7dac0c000000,rw-p,21836,20112
2026-09-02T04:33:05Z,7dac20000000,rw-p,4544,4544
2026-09-02T04:33:05Z,7dac204f0000,rw-p,2048,2048
2026-09-02T04:33:05Z,7dac206f0000,rw-p,1024,1024
2026-09-02T04:33:05Z,7dac208f0000,rw-p,2048,2048
2026-09-02T04:33:05Z,7dac20af0000,rw-p,1024,1024
2026-09-02T04:33:05Z,7dac20bf0000,rw-p,704,700
2026-09-02T04:33:05Z,7dac20d00000,rw-p,576,536
2026-09-02T04:33:05Z,7dac2c000000,rwxp,7296,6712
2026-09-02T04:33:05Z,7dac34000000,rw-p,4888,4732
2026-09-02T04:33:05Z,7dac396d0000,rw-p,1268,1264
2026-09-02T04:38:05Z,fc000000,rw-p,65536,63796
2026-09-02T04:38:05Z,7dabec000000,rw-p,2188,2180
2026-09-02T04:38:05Z,7dabf4000000,rw-p,2376,2376
2026-09-02T04:38:05Z,7dac00000000,rw-p,7484,7452
2026-09-02T04:38:05Z,7dac0c000000,rw-p,21836,20112
2026-09-02T04:38:05Z,7dac20000000,rw-p,4544,4544
2026-09-02T04:38:05Z,7dac204f0000,rw-p,2048,2048
2026-09-02T04:38:05Z,7dac206f0000,rw-p,1024,1024
2026-09-02T04:38:05Z,7dac208f0000,rw-p,2048,2048
2026-09-02T04:38:05Z,7dac20af0000,rw-p,1024,1024
2026-09-02T04:38:05Z,7dac20bf0000,rw-p,704,700
2026-09-02T04:38:05Z,7dac20d00000,rw-p,576,536
2026-09-02T04:38:05Z,7dac2c000000,rwxp,7296,6712
2026-09-02T04:38:05Z,7dac34000000,rw-p,4888,4732
2026-09-02T04:38:05Z,7dac396d0000,rw-p,1268,1264
2026-09-02T04:43:05Z,fc000000,rw-p,65536,63796
2026-09-02T04:43:05Z,7dabec000000,rw-p,2188,2180
2026-09-02T04:43:05Z,7dabf4000000,rw-p,2376,2376
2026-09-02T04:43:05Z,7dac00000000,rw-p,7484,7452
2026-09-02T04:43:05Z,7dac0c000000,rw-p,21836,20112
2026-09-02T04:43:05Z,7dac20000000,rw-p,4544,4544
2026-09-02T04:43:05Z,7dac204f0000,rw-p,2048,2048
2026-09-02T04:43:05Z,7dac206f0000,rw-p,1024,1024
2026-09-02T04:43:05Z,7dac208f0000,rw-p,2048,2048
2026-09-02T04:43:05Z,7dac20af0000,rw-p,1024,1024
2026-09-02T04:43:05Z,7dac20bf0000,rw-p,704,700
2026-09-02T04:43:05Z,7dac20d00000,rw-p,576,536
2026-09-02T04:43:05Z,7dac2c000000,rwxp,7296,6712
2026-09-02T04:43:05Z,7dac34000000,rw-p,4888,4732
2026-09-02T04:43:05Z,7dac396d0000,rw-p,1268,1264
2026-09-02T04:48:06Z,fc000000,rw-p,65536,63796
2026-09-02T04:48:06Z,7dabec000000,rw-p,2188,2180
2026-09-02T04:48:06Z,7dabf4000000,rw-p,2376,2376
2026-09-02T04:48:06Z,7dac00000000,rw-p,7484,7452
2026-09-02T04:48:06Z,7dac0c000000,rw-p,21836,20112
2026-09-02T04:48:06Z,7dac20000000,rw-p,4544,4544
2026-09-02T04:48:06Z,7dac204f0000,rw-p,2048,2048
2026-09-02T04:48:06Z,7dac206f0000,rw-p,1024,1024
2026-09-02T04:48:06Z,7dac208f0000,rw-p,2048,2048
2026-09-02T04:48:06Z,7dac20af0000,rw-p,1024,1024
2026-09-02T04:48:06Z,7dac20bf0000,rw-p,704,700
2026-09-02T04:48:06Z,7dac20d00000,rw-p,576,536
2026-09-02T04:48:06Z,7dac2c000000,rwxp,7296,6712
2026-09-02T04:48:06Z,7dac34000000,rw-p,4888,4732
2026-09-02T04:48:06Z,7dac396d0000,rw-p,1268,1264
2026-09-02T04:53:06Z,fc000000,rw-p,65536,63796
2026-09-02T04:53:06Z,7dabec000000,rw-p,2188,2180
2026-09-02T04:53:06Z,7dabf4000000,rw-p,2376,2376
2026-09-02T04:53:06Z,7dac00000000,rw-p,7484,7452
2026-09-02T04:53:06Z,7dac0c000000,rw-p,21836,20112
2026-09-02T04:53:06Z,7dac20000000,rw-p,4544,4544
2026-09-02T04:53:06Z,7dac204f0000,rw-p,2048,2048
2026-09-02T04:53:06Z,7dac206f0000,rw-p,1024,1024
2026-09-02T04:53:06Z,7dac208f0000,rw-p,2048,2048
2026-09-02T04:53:06Z,7dac20af0000,rw-p,1024,1024
2026-09-02T04:53:06Z,7dac20bf0000,rw-p,704,700
2026-09-02T04:53:06Z,7dac20d00000,rw-p,576,536
2026-09-02T04:53:06Z,7dac2c000000,rwxp,7296,6712
2026-09-02T04:53:06Z,7dac34000000,rw-p,4888,4732
2026-09-02T04:53:06Z,7dac396d0000,rw-p,1268,1264
2026-09-02T04:58:06Z,fc000000,rw-p,65536,63796
2026-09-02T04:58:06Z,7dabec000000,rw-p,2188,2180
2026-09-02T04:58:06Z,7dabf4000000,rw-p,2376,2376
2026-09-02T04:58:06Z,7dac00000000,rw-p,7484,7452
2026-09-02T04:58:06Z,7dac0c000000,rw-p,21836,20112
2026-09-02T04:58:06Z,7dac20000000,rw-p,4544,4544
2026-09-02T04:58:06Z,7dac204f0000,rw-p,2048,2048
2026-09-02T04:58:06Z,7dac206f0000,rw-p,1024,1024
2026-09-02T04:58:06Z,7dac208f0000,rw-p,2048,2048
2026-09-02T04:58:06Z,7dac20af0000,rw-p,1024,1024
2026-09-02T04:58:06Z,7dac20bf0000,rw-p,704,700
2026-09-02T04:58:06Z,7dac20d00000,rw-p,576,536
2026-09-02T04:58:06Z,7dac2c000000,rwxp,7296,6712
2026-09-02T04:58:06Z,7dac34000000,rw-p,4888,4732
2026-09-02T04:58:06Z,7dac396d0000,rw-p,1268,1264
2026-09-02T05:03:06Z,fc000000,rw-p,65536,63796
2026-09-02T05:03:06Z,7dabec000000,rw-p,2188,2180
2026-09-02T05:03:06Z,7dabf4000000,rw-p,2376,2376
2026-09-02T05:03:06Z,7dac00000000,rw-p,7484,7452
2026-09-02T05:03:06Z,7dac0c000000,rw-p,21836,20112
2026-09-02T05:03:06Z,7dac20000000,rw-p,4544,4544
2026-09-02T05:03:06Z,7dac204f0000,rw-p,2048,2048
2026-09-02T05:03:06Z,7dac206f0000,rw-p,1024,1024
2026-09-02T05:03:06Z,7dac208f0000,rw-p,2048,2048
2026-09-02T05:03:06Z,7dac20af0000,rw-p,1024,1024
2026-09-02T05:03:06Z,7dac20bf0000,rw-p,704,700
2026-09-02T05:03:06Z,7dac20d00000,rw-p,576,536
2026-09-02T05:03:06Z,7dac2c000000,rwxp,7296,6712
2026-09-02T05:03:06Z,7dac34000000,rw-p,4888,4732
2026-09-02T05:03:06Z,7dac396d0000,rw-p,1268,1264
2026-09-02T05:08:06Z,fc000000,rw-p,65536,63796
2026-09-02T05:08:06Z,7dabec000000,rw-p,2188,2180
2026-09-02T05:08:06Z,7dabf4000000,rw-p,2376,2376
2026-09-02T05:08:06Z,7dac00000000,rw-p,7484,7452
2026-09-02T05:08:06Z,7dac0c000000,rw-p,21836,20112
2026-09-02T05:08:06Z,7dac20000000,rw-p,4544,4544
2026-09-02T05:08:06Z,7dac204f0000,rw-p,2048,2048
2026-09-02T05:08:06Z,7dac206f0000,rw-p,1024,1024
2026-09-02T05:08:06Z,7dac208f0000,rw-p,2048,2048
2026-09-02T05:08:06Z,7dac20af0000,rw-p,1024,1024
2026-09-02T05:08:06Z,7dac20bf0000,rw-p,704,700
2026-09-02T05:08:06Z,7dac20d00000,rw-p,576,536
2026-09-02T05:08:06Z,7dac2c000000,rwxp,7296,6712
2026-09-02T05:08:06Z,7dac34000000,rw-p,4888,4732
2026-09-02T05:08:06Z,7dac396d0000,rw-p,1268,1264
2026-09-02T05:13:06Z,fc000000,rw-p,65536,63796
2026-09-02T05:13:06Z,7dabec000000,rw-p,2188,2180
2026-09-02T05:13:06Z,7dabf4000000,rw-p,2376,2376
2026-09-02T05:13:06Z,7dac00000000,rw-p,7484,7452
2026-09-02T05:13:06Z,7dac0c000000,rw-p,21836,20112
2026-09-02T05:13:06Z,7dac20000000,rw-p,4544,4544
2026-09-02T05:13:06Z,7dac204f0000,rw-p,2048,2048
2026-09-02T05:13:06Z,7dac206f0000,rw-p,1024,1024
2026-09-02T05:13:06Z,7dac208f0000,rw-p,2048,2048
2026-09-02T05:13:06Z,7dac20af0000,rw-p,1024,1024
2026-09-02T05:13:06Z,7dac20bf0000,rw-p,704,700
2026-09-02T05:13:06Z,7dac20d00000,rw-p,576,536
2026-09-02T05:13:06Z,7dac2c000000,rwxp,7296,6712
2026-09-02T05:13:06Z,7dac34000000,rw-p,4888,4732
2026-09-02T05:13:06Z,7dac396d0000,rw-p,1268,1264
2026-09-02T05:18:06Z,fc000000,rw-p,65536,63796
2026-09-02T05:18:06Z,7dabec000000,rw-p,2188,2180
2026-09-02T05:18:06Z,7dabf4000000,rw-p,2376,2376
2026-09-02T05:18:06Z,7dac00000000,rw-p,7484,7452
2026-09-02T05:18:06Z,7dac0c000000,rw-p,21836,20112
2026-09-02T05:18:06Z,7dac20000000,rw-p,4544,4544
2026-09-02T05:18:06Z,7dac204f0000,rw-p,2048,2048
2026-09-02T05:18:06Z,7dac206f0000,rw-p,1024,1024
2026-09-02T05:18:06Z,7dac208f0000,rw-p,2048,2048
2026-09-02T05:18:06Z,7dac20af0000,rw-p,1024,1024
2026-09-02T05:18:06Z,7dac20bf0000,rw-p,704,700
2026-09-02T05:18:06Z,7dac20d00000,rw-p,576,536
2026-09-02T05:18:06Z,7dac2c000000,rwxp,7296,6712
2026-09-02T05:18:06Z,7dac34000000,rw-p,4888,4732
2026-09-02T05:18:06Z,7dac396d0000,rw-p,1268,1264
2026-09-02T05:23:06Z,fc000000,rw-p,65536,63796
2026-09-02T05:23:06Z,7dabec000000,rw-p,2188,2180
2026-09-02T05:23:06Z,7dabf4000000,rw-p,2376,2376
2026-09-02T05:23:06Z,7dac00000000,rw-p,7484,7452
2026-09-02T05:23:06Z,7dac0c000000,rw-p,21836,20112
2026-09-02T05:23:06Z,7dac20000000,rw-p,4544,4544
2026-09-02T05:23:06Z,7dac204f0000,rw-p,2048,2048
2026-09-02T05:23:06Z,7dac206f0000,rw-p,1024,1024
2026-09-02T05:23:06Z,7dac208f0000,rw-p,2048,2048
2026-09-02T05:23:06Z,7dac20af0000,rw-p,1024,1024
2026-09-02T05:23:06Z,7dac20bf0000,rw-p,704,700
2026-09-02T05:23:06Z,7dac20d00000,rw-p,576,536
2026-09-02T05:23:06Z,7dac2c000000,rwxp,7296,6712
2026-09-02T05:23:06Z,7dac34000000,rw-p,4888,4732
2026-09-02T05:23:06Z,7dac396d0000,rw-p,1268,1264
2026-09-02T05:28:06Z,fc000000,rw-p,65536,63796
2026-09-02T05:28:06Z,7dabec000000,rw-p,2188,2180
2026-09-02T05:28:06Z,7dabf4000000,rw-p,2376,2376
2026-09-02T05:28:06Z,7dac00000000,rw-p,7484,7452
2026-09-02T05:28:06Z,7dac0c000000,rw-p,21836,20112
2026-09-02T05:28:06Z,7dac20000000,rw-p,4544,4544
2026-09-02T05:28:06Z,7dac204f0000,rw-p,2048,2048
2026-09-02T05:28:06Z,7dac206f0000,rw-p,1024,1024
2026-09-02T05:28:06Z,7dac208f0000,rw-p,2048,2048
2026-09-02T05:28:06Z,7dac20af0000,rw-p,1024,1024
2026-09-02T05:28:06Z,7dac20bf0000,rw-p,704,700
2026-09-02T05:28:06Z,7dac20d00000,rw-p,576,536
2026-09-02T05:28:06Z,7dac2c000000,rwxp,7296,6712
2026-09-02T05:28:06Z,7dac34000000,rw-p,4888,4732
2026-09-02T05:28:06Z,7dac396d0000,rw-p,1268,1264
2026-09-02T05:33:07Z,fc000000,rw-p,65536,63796
2026-09-02T05:33:07Z,7dabec000000,rw-p,2188,2180
2026-09-02T05:33:07Z,7dabf4000000,rw-p,2376,2376
2026-09-02T05:33:07Z,7dac00000000,rw-p,7484,7452
2026-09-02T05:33:07Z,7dac0c000000,rw-p,21836,20112
2026-09-02T05:33:07Z,7dac20000000,rw-p,4544,4544
2026-09-02T05:33:07Z,7dac204f0000,rw-p,2048,2048
2026-09-02T05:33:07Z,7dac206f0000,rw-p,1024,1024
2026-09-02T05:33:07Z,7dac208f0000,rw-p,2048,2048
2026-09-02T05:33:07Z,7dac20af0000,rw-p,1024,1024
2026-09-02T05:33:07Z,7dac20bf0000,rw-p,704,700
2026-09-02T05:33:07Z,7dac20d00000,rw-p,576,536
2026-09-02T05:33:07Z,7dac2c000000,rwxp,7296,6712
2026-09-02T05:33:07Z,7dac34000000,rw-p,4888,4732
2026-09-02T05:33:07Z,7dac396d0000,rw-p,1268,1264
2026-09-02T05:38:07Z,fc000000,rw-p,65536,63796
2026-09-02T05:38:07Z,7dabec000000,rw-p,2188,2180
2026-09-02T05:38:07Z,7dabf4000000,rw-p,2376,2376
2026-09-02T05:38:07Z,7dac00000000,rw-p,7484,7452
2026-09-02T05:38:07Z,7dac0c000000,rw-p,21836,20112
2026-09-02T05:38:07Z,7dac20000000,rw-p,4544,4544
2026-09-02T05:38:07Z,7dac204f0000,rw-p,2048,2048
2026-09-02T05:38:07Z,7dac206f0000,rw-p,1024,1024
2026-09-02T05:38:07Z,7dac208f0000,rw-p,2048,2048
2026-09-02T05:38:07Z,7dac20af0000,rw-p,1024,1024
2026-09-02T05:38:07Z,7dac20bf0000,rw-p,704,700
2026-09-02T05:38:07Z,7dac20d00000,rw-p,576,536
2026-09-02T05:38:07Z,7dac2c000000,rwxp,7296,6712
2026-09-02T05:38:07Z,7dac34000000,rw-p,4888,4732
2026-09-02T05:38:07Z,7dac396d0000,rw-p,1268,1264
2026-09-02T05:43:07Z,fc000000,rw-p,65536,63796
2026-09-02T05:43:07Z,7dabec000000,rw-p,2188,2180
2026-09-02T05:43:07Z,7dabf4000000,rw-p,2376,2376
2026-09-02T05:43:07Z,7dac00000000,rw-p,7484,7452
2026-09-02T05:43:07Z,7dac0c000000,rw-p,21836,20112
2026-09-02T05:43:07Z,7dac20000000,rw-p,4544,4544
2026-09-02T05:43:07Z,7dac204f0000,rw-p,2048,2048
2026-09-02T05:43:07Z,7dac206f0000,rw-p,1024,1024
2026-09-02T05:43:07Z,7dac208f0000,rw-p,2048,2048
2026-09-02T05:43:07Z,7dac20af0000,rw-p,1024,1024
2026-09-02T05:43:07Z,7dac20bf0000,rw-p,704,700
2026-09-02T05:43:07Z,7dac20d00000,rw-p,576,536
2026-09-02T05:43:07Z,7dac2c000000,rwxp,7296,6712
2026-09-02T05:43:07Z,7dac34000000,rw-p,4888,4732
2026-09-02T05:43:07Z,7dac396d0000,rw-p,1268,1264
2026-09-02T05:48:07Z,fc000000,rw-p,65536,63796
2026-09-02T05:48:07Z,7dabec000000,rw-p,2188,2180
2026-09-02T05:48:07Z,7dabf4000000,rw-p,2376,2376
2026-09-02T05:48:07Z,7dac00000000,rw-p,7484,7452
2026-09-02T05:48:07Z,7dac0c000000,rw-p,21836,20112
2026-09-02T05:48:07Z,7dac20000000,rw-p,4544,4544
2026-09-02T05:48:07Z,7dac204f0000,rw-p,2048,2048
2026-09-02T05:48:07Z,7dac206f0000,rw-p,1024,1024
2026-09-02T05:48:07Z,7dac208f0000,rw-p,2048,2048
2026-09-02T05:48:07Z,7dac20af0000,rw-p,1024,1024
2026-09-02T05:48:07Z,7dac20bf0000,rw-p,704,700
2026-09-02T05:48:07Z,7dac20d00000,rw-p,576,536
2026-09-02T05:48:07Z,7dac2c000000,rwxp,7296,6712
2026-09-02T05:48:07Z,7dac34000000,rw-p,4888,4732
2026-09-02T05:48:07Z,7dac396d0000,rw-p,1268,1264
2026-09-02T05:53:07Z,fc000000,rw-p,65536,63796
2026-09-02T05:53:07Z,7dabec000000,rw-p,2188,2188
2026-09-02T05:53:07Z,7dabf4000000,rw-p,2376,2376
2026-09-02T05:53:07Z,7dac00000000,rw-p,7484,7452
2026-09-02T05:53:07Z,7dac0c000000,rw-p,21836,20112
2026-09-02T05:53:07Z,7dac20000000,rw-p,4544,4544
2026-09-02T05:53:07Z,7dac204f0000,rw-p,2048,2048
2026-09-02T05:53:07Z,7dac206f0000,rw-p,1024,1024
2026-09-02T05:53:07Z,7dac208f0000,rw-p,2048,2048
2026-09-02T05:53:07Z,7dac20af0000,rw-p,1024,1024
2026-09-02T05:53:07Z,7dac20bf0000,rw-p,704,700
2026-09-02T05:53:07Z,7dac20d00000,rw-p,576,536
2026-09-02T05:53:07Z,7dac2c000000,rwxp,7296,6712
2026-09-02T05:53:07Z,7dac34000000,rw-p,4888,4732
2026-09-02T05:53:07Z,7dac396d0000,rw-p,1268,1264
2026-09-02T05:58:07Z,fc000000,rw-p,65536,63796
2026-09-02T05:58:07Z,7dabec000000,rw-p,2188,2188
2026-09-02T05:58:07Z,7dabf4000000,rw-p,2376,2376
2026-09-02T05:58:07Z,7dac00000000,rw-p,7484,7452
2026-09-02T05:58:07Z,7dac0c000000,rw-p,21836,20112
2026-09-02T05:58:07Z,7dac20000000,rw-p,4544,4544
2026-09-02T05:58:07Z,7dac204f0000,rw-p,2048,2048
2026-09-02T05:58:07Z,7dac206f0000,rw-p,1024,1024
2026-09-02T05:58:07Z,7dac208f0000,rw-p,2048,2048
2026-09-02T05:58:07Z,7dac20af0000,rw-p,1024,1024
2026-09-02T05:58:07Z,7dac20bf0000,rw-p,704,700
2026-09-02T05:58:07Z,7dac20d00000,rw-p,576,536
2026-09-02T05:58:07Z,7dac2c000000,rwxp,7296,6712
2026-09-02T05:58:07Z,7dac34000000,rw-p,4888,4732
2026-09-02T05:58:07Z,7dac396d0000,rw-p,1268,1264
2026-09-02T06:03:07Z,fc000000,rw-p,65536,63796
2026-09-02T06:03:07Z,7dabec000000,rw-p,2188,2188
2026-09-02T06:03:07Z,7dabf4000000,rw-p,2376,2376
2026-09-02T06:03:07Z,7dac00000000,rw-p,7484,7452
2026-09-02T06:03:07Z,7dac0c000000,rw-p,21836,20112
2026-09-02T06:03:07Z,7dac20000000,rw-p,4544,4544
2026-09-02T06:03:07Z,7dac204f0000,rw-p,2048,2048
2026-09-02T06:03:07Z,7dac206f0000,rw-p,1024,1024
2026-09-02T06:03:07Z,7dac208f0000,rw-p,2048,2048
2026-09-02T06:03:07Z,7dac20af0000,rw-p,1024,1024
2026-09-02T06:03:07Z,7dac20bf0000,rw-p,704,700
2026-09-02T06:03:07Z,7dac20d00000,rw-p,576,536
2026-09-02T06:03:07Z,7dac2c000000,rwxp,7296,6712
2026-09-02T06:03:07Z,7dac34000000,rw-p,4888,4732
2026-09-02T06:03:07Z,7dac396d0000,rw-p,1268,1264
2026-09-02T06:08:07Z,fc000000,rw-p,65536,63796
2026-09-02T06:08:07Z,7dabec000000,rw-p,2188,2188
2026-09-02T06:08:07Z,7dabf4000000,rw-p,2376,2376
2026-09-02T06:08:07Z,7dac00000000,rw-p,7484,7452
2026-09-02T06:08:07Z,7dac0c000000,rw-p,21836,20112
2026-09-02T06:08:07Z,7dac20000000,rw-p,4544,4544
2026-09-02T06:08:07Z,7dac204f0000,rw-p,2048,2048
2026-09-02T06:08:07Z,7dac206f0000,rw-p,1024,1024
2026-09-02T06:08:07Z,7dac208f0000,rw-p,2048,2048
2026-09-02T06:08:07Z,7dac20af0000,rw-p,1024,1024
2026-09-02T06:08:07Z,7dac20bf0000,rw-p,704,700
2026-09-02T06:08:07Z,7dac20d00000,rw-p,576,536
2026-09-02T06:08:07Z,7dac2c000000,rwxp,7296,6712
2026-09-02T06:08:07Z,7dac34000000,rw-p,4888,4732
2026-09-02T06:08:07Z,7dac396d0000,rw-p,1268,1264
2026-09-02T06:13:07Z,fc000000,rw-p,65536,63796
2026-09-02T06:13:07Z,7dabec000000,rw-p,2188,2188
2026-09-02T06:13:07Z,7dabf4000000,rw-p,2376,2376
2026-09-02T06:13:07Z,7dac00000000,rw-p,7484,7452
2026-09-02T06:13:07Z,7dac0c000000,rw-p,21836,20112
2026-09-02T06:13:07Z,7dac20000000,rw-p,4544,4544
2026-09-02T06:13:07Z,7dac204f0000,rw-p,2048,2048
2026-09-02T06:13:07Z,7dac206f0000,rw-p,1024,1024
2026-09-02T06:13:07Z,7dac208f0000,rw-p,2048,2048
2026-09-02T06:13:07Z,7dac20af0000,rw-p,1024,1024
2026-09-02T06:13:07Z,7dac20bf0000,rw-p,704,700
2026-09-02T06:13:07Z,7dac20d00000,rw-p,576,536
2026-09-02T06:13:07Z,7dac2c000000,rwxp,7296,6712
2026-09-02T06:13:07Z,7dac34000000,rw-p,4888,4732
2026-09-02T06:13:07Z,7dac396d0000,rw-p,1268,1264
2026-09-02T06:18:07Z,fc000000,rw-p,65536,63796
2026-09-02T06:18:07Z,7dabec000000,rw-p,2188,2188
2026-09-02T06:18:07Z,7dabf4000000,rw-p,2376,2376
2026-09-02T06:18:07Z,7dac00000000,rw-p,7484,7452
2026-09-02T06:18:07Z,7dac0c000000,rw-p,21836,20112
2026-09-02T06:18:07Z,7dac20000000,rw-p,4544,4544
2026-09-02T06:18:07Z,7dac204f0000,rw-p,2048,2048
2026-09-02T06:18:07Z,7dac206f0000,rw-p,1024,1024
2026-09-02T06:18:07Z,7dac208f0000,rw-p,2048,2048
2026-09-02T06:18:07Z,7dac20af0000,rw-p,1024,1024
2026-09-02T06:18:07Z,7dac20bf0000,rw-p,704,700
2026-09-02T06:18:07Z,7dac20d00000,rw-p,576,536
2026-09-02T06:18:07Z,7dac2c000000,rwxp,7296,6712
2026-09-02T06:18:07Z,7dac34000000,rw-p,4888,4732
2026-09-02T06:18:07Z,7dac396d0000,rw-p,1268,1264
2026-09-02T06:23:08Z,fc000000,rw-p,65536,63796
2026-09-02T06:23:08Z,7dabec000000,rw-p,2188,2188
2026-09-02T06:23:08Z,7dabf4000000,rw-p,2376,2376
2026-09-02T06:23:08Z,7dac00000000,rw-p,7484,7452
2026-09-02T06:23:08Z,7dac0c000000,rw-p,21836,20112
2026-09-02T06:23:08Z,7dac20000000,rw-p,4544,4544
2026-09-02T06:23:08Z,7dac204f0000,rw-p,2048,2048
2026-09-02T06:23:08Z,7dac206f0000,rw-p,1024,1024
2026-09-02T06:23:08Z,7dac208f0000,rw-p,2048,2048
2026-09-02T06:23:08Z,7dac20af0000,rw-p,1024,1024
2026-09-02T06:23:08Z,7dac20bf0000,rw-p,704,700
2026-09-02T06:23:08Z,7dac20d00000,rw-p,576,536
2026-09-02T06:23:08Z,7dac2c000000,rwxp,7360,6756
2026-09-02T06:23:08Z,7dac34000000,rw-p,4888,4732
2026-09-02T06:23:08Z,7dac396d0000,rw-p,1268,1264
2026-09-02T06:28:08Z,fc000000,rw-p,65536,63796
2026-09-02T06:28:08Z,7dabec000000,rw-p,2188,2188
2026-09-02T06:28:08Z,7dabf4000000,rw-p,2376,2376
2026-09-02T06:28:08Z,7dac00000000,rw-p,7484,7452
2026-09-02T06:28:08Z,7dac0c000000,rw-p,21836,20112
2026-09-02T06:28:08Z,7dac20000000,rw-p,4544,4544
2026-09-02T06:28:08Z,7dac204f0000,rw-p,2048,2048
2026-09-02T06:28:08Z,7dac206f0000,rw-p,1024,1024
2026-09-02T06:28:08Z,7dac208f0000,rw-p,2048,2048
2026-09-02T06:28:08Z,7dac20af0000,rw-p,1024,1024
2026-09-02T06:28:08Z,7dac20bf0000,rw-p,704,700
2026-09-02T06:28:08Z,7dac20d00000,rw-p,576,536
2026-09-02T06:28:08Z,7dac2c000000,rwxp,7360,6756
2026-09-02T06:28:08Z,7dac34000000,rw-p,4888,4732
2026-09-02T06:28:08Z,7dac396d0000,rw-p,1268,1264
2026-09-02T06:33:08Z,fc000000,rw-p,65536,63796
2026-09-02T06:33:08Z,7dabec000000,rw-p,2188,2188
2026-09-02T06:33:08Z,7dabf4000000,rw-p,2376,2376
2026-09-02T06:33:08Z,7dac00000000,rw-p,7484,7452
2026-09-02T06:33:08Z,7dac0c000000,rw-p,21836,20112
2026-09-02T06:33:08Z,7dac20000000,rw-p,4544,4544
2026-09-02T06:33:08Z,7dac204f0000,rw-p,2048,2048
2026-09-02T06:33:08Z,7dac206f0000,rw-p,1024,1024
2026-09-02T06:33:08Z,7dac208f0000,rw-p,2048,2048
2026-09-02T06:33:08Z,7dac20af0000,rw-p,1024,1024
2026-09-02T06:33:08Z,7dac20bf0000,rw-p,704,700
2026-09-02T06:33:08Z,7dac20d00000,rw-p,576,536
2026-09-02T06:33:08Z,7dac2c000000,rwxp,7360,6756
2026-09-02T06:33:08Z,7dac34000000,rw-p,4888,4732
2026-09-02T06:33:08Z,7dac396d0000,rw-p,1268,1264
2026-09-02T06:38:08Z,fc000000,rw-p,65536,63796
2026-09-02T06:38:08Z,7dabec000000,rw-p,2188,2188
2026-09-02T06:38:08Z,7dabf4000000,rw-p,2376,2376
2026-09-02T06:38:08Z,7dac00000000,rw-p,7484,7452
2026-09-02T06:38:08Z,7dac0c000000,rw-p,21836,20112
2026-09-02T06:38:08Z,7dac20000000,rw-p,4544,4544
2026-09-02T06:38:08Z,7dac204f0000,rw-p,2048,2048
2026-09-02T06:38:08Z,7dac206f0000,rw-p,1024,1024
2026-09-02T06:38:08Z,7dac208f0000,rw-p,2048,2048
2026-09-02T06:38:08Z,7dac20af0000,rw-p,1024,1024
2026-09-02T06:38:08Z,7dac20bf0000,rw-p,704,700
2026-09-02T06:38:08Z,7dac20d00000,rw-p,576,536
2026-09-02T06:38:08Z,7dac2c000000,rwxp,7360,6756
2026-09-02T06:38:08Z,7dac34000000,rw-p,4888,4732
2026-09-02T06:38:08Z,7dac396d0000,rw-p,1268,1264
2026-09-02T06:43:08Z,fc000000,rw-p,65536,63796
2026-09-02T06:43:08Z,7dabec000000,rw-p,2188,2188
2026-09-02T06:43:08Z,7dabf4000000,rw-p,2376,2376
2026-09-02T06:43:08Z,7dac00000000,rw-p,7484,7452
2026-09-02T06:43:08Z,7dac0c000000,rw-p,21836,20112
2026-09-02T06:43:08Z,7dac20000000,rw-p,4544,4544
2026-09-02T06:43:08Z,7dac204f0000,rw-p,2048,2048
2026-09-02T06:43:08Z,7dac206f0000,rw-p,1024,1024
2026-09-02T06:43:08Z,7dac208f0000,rw-p,2048,2048
2026-09-02T06:43:08Z,7dac20af0000,rw-p,1024,1024
2026-09-02T06:43:08Z,7dac20bf0000,rw-p,704,700
2026-09-02T06:43:08Z,7dac20d00000,rw-p,576,536
2026-09-02T06:43:08Z,7dac2c000000,rwxp,7360,6756
2026-09-02T06:43:08Z,7dac34000000,rw-p,4888,4732
2026-09-02T06:43:08Z,7dac396d0000,rw-p,1268,1264
2026-09-02T06:48:08Z,fc000000,rw-p,65536,63796
2026-09-02T06:48:08Z,7dabec000000,rw-p,2188,2188
2026-09-02T06:48:08Z,7dabf4000000,rw-p,2376,2376
2026-09-02T06:48:08Z,7dac00000000,rw-p,7484,7452
2026-09-02T06:48:08Z,7dac0c000000,rw-p,21836,20112
2026-09-02T06:48:08Z,7dac20000000,rw-p,4544,4544
2026-09-02T06:48:08Z,7dac204f0000,rw-p,2048,2048
2026-09-02T06:48:08Z,7dac206f0000,rw-p,1024,1024
2026-09-02T06:48:08Z,7dac208f0000,rw-p,2048,2048
2026-09-02T06:48:08Z,7dac20af0000,rw-p,1024,1024
2026-09-02T06:48:08Z,7dac20bf0000,rw-p,704,700
2026-09-02T06:48:08Z,7dac20d00000,rw-p,576,536
2026-09-02T06:48:08Z,7dac2c000000,rwxp,7360,6756
2026-09-02T06:48:08Z,7dac34000000,rw-p,4888,4732
2026-09-02T06:48:08Z,7dac396d0000,rw-p,1268,1264
2026-09-02T06:53:08Z,fc000000,rw-p,65536,63796
2026-09-02T06:53:08Z,7dabec000000,rw-p,2188,2188
2026-09-02T06:53:08Z,7dabf4000000,rw-p,2376,2376
2026-09-02T06:53:08Z,7dac00000000,rw-p,7484,7452
2026-09-02T06:53:08Z,7dac0c000000,rw-p,21836,20112
2026-09-02T06:53:08Z,7dac20000000,rw-p,4544,4544
2026-09-02T06:53:08Z,7dac204f0000,rw-p,2048,2048
2026-09-02T06:53:08Z,7dac206f0000,rw-p,1024,1024
2026-09-02T06:53:08Z,7dac208f0000,rw-p,2048,2048
2026-09-02T06:53:08Z,7dac20af0000,rw-p,1024,1024
2026-09-02T06:53:08Z,7dac20bf0000,rw-p,704,700
2026-09-02T06:53:08Z,7dac20d00000,rw-p,576,536
2026-09-02T06:53:08Z,7dac2c000000,rwxp,7360,6756
2026-09-02T06:53:08Z,7dac34000000,rw-p,4888,4732
2026-09-02T06:53:08Z,7dac396d0000,rw-p,1268,1264
2026-09-02T06:58:08Z,fc000000,rw-p,65536,63796
2026-09-02T06:58:08Z,7dabec000000,rw-p,2188,2188
2026-09-02T06:58:08Z,7dabf4000000,rw-p,2376,2376
2026-09-02T06:58:08Z,7dac00000000,rw-p,7484,7452
2026-09-02T06:58:08Z,7dac0c000000,rw-p,21836,20112
2026-09-02T06:58:08Z,7dac20000000,rw-p,4544,4544
2026-09-02T06:58:08Z,7dac204f0000,rw-p,2048,2048
2026-09-02T06:58:08Z,7dac206f0000,rw-p,1024,1024
2026-09-02T06:58:08Z,7dac208f0000,rw-p,2048,2048
2026-09-02T06:58:08Z,7dac20af0000,rw-p,1024,1024
2026-09-02T06:58:08Z,7dac20bf0000,rw-p,704,700
2026-09-02T06:58:08Z,7dac20d00000,rw-p,576,536
2026-09-02T06:58:08Z,7dac2c000000,rwxp,7360,6756
2026-09-02T06:58:08Z,7dac34000000,rw-p,4888,4732
2026-09-02T06:58:08Z,7dac396d0000,rw-p,1268,1264
2026-09-02T07:03:09Z,fc000000,rw-p,65536,63796
2026-09-02T07:03:09Z,7dabec000000,rw-p,2188,2188
2026-09-02T07:03:09Z,7dabf4000000,rw-p,2376,2376
2026-09-02T07:03:09Z,7dac00000000,rw-p,7484,7452
2026-09-02T07:03:09Z,7dac0c000000,rw-p,21836,20112
2026-09-02T07:03:09Z,7dac20000000,rw-p,4544,4544
2026-09-02T07:03:09Z,7dac204f0000,rw-p,2048,2048
2026-09-02T07:03:09Z,7dac206f0000,rw-p,1024,1024
2026-09-02T07:03:09Z,7dac208f0000,rw-p,2048,2048
2026-09-02T07:03:09Z,7dac20af0000,rw-p,1024,1024
2026-09-02T07:03:09Z,7dac20bf0000,rw-p,704,700
2026-09-02T07:03:09Z,7dac20d00000,rw-p,576,536
2026-09-02T07:03:09Z,7dac2c000000,rwxp,7360,6756
2026-09-02T07:03:09Z,7dac34000000,rw-p,4888,4732
2026-09-02T07:03:09Z,7dac396d0000,rw-p,1268,1264
2026-09-02T07:08:09Z,fc000000,rw-p,65536,63796
2026-09-02T07:08:09Z,7dabec000000,rw-p,2188,2188
2026-09-02T07:08:09Z,7dabf4000000,rw-p,2376,2376
2026-09-02T07:08:09Z,7dac00000000,rw-p,7484,7452
2026-09-02T07:08:09Z,7dac0c000000,rw-p,21836,20112
2026-09-02T07:08:09Z,7dac20000000,rw-p,4544,4544
2026-09-02T07:08:09Z,7dac204f0000,rw-p,2048,2048
2026-09-02T07:08:09Z,7dac206f0000,rw-p,1024,1024
2026-09-02T07:08:09Z,7dac208f0000,rw-p,2048,2048
2026-09-02T07:08:09Z,7dac20af0000,rw-p,1024,1024
2026-09-02T07:08:09Z,7dac20bf0000,rw-p,704,700
2026-09-02T07:08:09Z,7dac20d00000,rw-p,576,536
2026-09-02T07:08:09Z,7dac2c000000,rwxp,7360,6756
2026-09-02T07:08:09Z,7dac34000000,rw-p,4888,4732
2026-09-02T07:08:09Z,7dac396d0000,rw-p,1268,1264
2026-09-02T07:13:09Z,fc000000,rw-p,65536,63796
2026-09-02T07:13:09Z,7dabec000000,rw-p,2188,2188
2026-09-02T07:13:09Z,7dabf4000000,rw-p,2376,2376
2026-09-02T07:13:09Z,7dac00000000,rw-p,7484,7452
2026-09-02T07:13:09Z,7dac0c000000,rw-p,21836,20112
2026-09-02T07:13:09Z,7dac20000000,rw-p,4544,4544
2026-09-02T07:13:09Z,7dac204f0000,rw-p,2048,2048
2026-09-02T07:13:09Z,7dac206f0000,rw-p,1024,1024
2026-09-02T07:13:09Z,7dac208f0000,rw-p,2048,2048
2026-09-02T07:13:09Z,7dac20af0000,rw-p,1024,1024
2026-09-02T07:13:09Z,7dac20bf0000,rw-p,704,700
2026-09-02T07:13:09Z,7dac20d00000,rw-p,576,536
2026-09-02T07:13:09Z,7dac2c000000,rwxp,7360,6756
2026-09-02T07:13:09Z,7dac34000000,rw-p,4888,4732
2026-09-02T07:13:09Z,7dac396d0000,rw-p,1268,1264
2026-09-02T07:18:09Z,fc000000,rw-p,65536,63796
2026-09-02T07:18:09Z,7dabec000000,rw-p,2188,2188
2026-09-02T07:18:09Z,7dabf4000000,rw-p,2376,2376
2026-09-02T07:18:09Z,7dac00000000,rw-p,7484,7452
2026-09-02T07:18:09Z,7dac0c000000,rw-p,21836,20112
2026-09-02T07:18:09Z,7dac20000000,rw-p,4544,4544
2026-09-02T07:18:09Z,7dac204f0000,rw-p,2048,2048
2026-09-02T07:18:09Z,7dac206f0000,rw-p,1024,1024
2026-09-02T07:18:09Z,7dac208f0000,rw-p,2048,2048
2026-09-02T07:18:09Z,7dac20af0000,rw-p,1024,1024
2026-09-02T07:18:09Z,7dac20bf0000,rw-p,704,700
2026-09-02T07:18:09Z,7dac20d00000,rw-p,576,536
2026-09-02T07:18:09Z,7dac2c000000,rwxp,7360,6756
2026-09-02T07:18:09Z,7dac34000000,rw-p,4888,4732
2026-09-02T07:18:09Z,7dac396d0000,rw-p,1268,1264
2026-09-02T07:23:09Z,fc000000,rw-p,65536,63796
2026-09-02T07:23:09Z,7dabec000000,rw-p,2188,2188
2026-09-02T07:23:09Z,7dabf4000000,rw-p,2376,2376
2026-09-02T07:23:09Z,7dac00000000,rw-p,7484,7452
2026-09-02T07:23:09Z,7dac0c000000,rw-p,21836,20112
2026-09-02T07:23:09Z,7dac20000000,rw-p,4544,4544
2026-09-02T07:23:09Z,7dac204f0000,rw-p,2048,2048
2026-09-02T07:23:09Z,7dac206f0000,rw-p,1024,1024
2026-09-02T07:23:09Z,7dac208f0000,rw-p,2048,2048
2026-09-02T07:23:09Z,7dac20af0000,rw-p,1024,1024
2026-09-02T07:23:09Z,7dac20bf0000,rw-p,704,700
2026-09-02T07:23:09Z,7dac20d00000,rw-p,576,536
2026-09-02T07:23:09Z,7dac2c000000,rwxp,7360,6756
2026-09-02T07:23:09Z,7dac34000000,rw-p,4888,4732
2026-09-02T07:23:09Z,7dac396d0000,rw-p,1268,1264
2026-09-02T07:28:09Z,fc000000,rw-p,65536,63796
2026-09-02T07:28:09Z,7dabec000000,rw-p,2188,2188
2026-09-02T07:28:09Z,7dabf4000000,rw-p,2376,2376
2026-09-02T07:28:09Z,7dac00000000,rw-p,7484,7452
2026-09-02T07:28:09Z,7dac0c000000,rw-p,21836,20112
2026-09-02T07:28:09Z,7dac20000000,rw-p,4544,4544
2026-09-02T07:28:09Z,7dac204f0000,rw-p,2048,2048
2026-09-02T07:28:09Z,7dac206f0000,rw-p,1024,1024
2026-09-02T07:28:09Z,7dac208f0000,rw-p,2048,2048
2026-09-02T07:28:09Z,7dac20af0000,rw-p,1024,1024
2026-09-02T07:28:09Z,7dac20bf0000,rw-p,704,700
2026-09-02T07:28:09Z,7dac20d00000,rw-p,576,536
2026-09-02T07:28:09Z,7dac2c000000,rwxp,7360,6756
2026-09-02T07:28:09Z,7dac34000000,rw-p,4888,4732
2026-09-02T07:28:09Z,7dac396d0000,rw-p,1268,1264
2026-09-02T07:33:09Z,fc000000,rw-p,65536,63796
2026-09-02T07:33:09Z,7dabec000000,rw-p,2188,2188
2026-09-02T07:33:09Z,7dabf4000000,rw-p,2376,2376
2026-09-02T07:33:09Z,7dac00000000,rw-p,7484,7452
2026-09-02T07:33:09Z,7dac0c000000,rw-p,21836,20112
2026-09-02T07:33:09Z,7dac20000000,rw-p,4544,4544
2026-09-02T07:33:09Z,7dac204f0000,rw-p,2048,2048
2026-09-02T07:33:09Z,7dac206f0000,rw-p,1024,1024
2026-09-02T07:33:09Z,7dac208f0000,rw-p,2048,2048
2026-09-02T07:33:09Z,7dac20af0000,rw-p,1024,1024
2026-09-02T07:33:09Z,7dac20bf0000,rw-p,704,700
2026-09-02T07:33:09Z,7dac20d00000,rw-p,576,536
2026-09-02T07:33:09Z,7dac2c000000,rwxp,7360,6756
2026-09-02T07:33:09Z,7dac34000000,rw-p,4888,4732
2026-09-02T07:33:09Z,7dac396d0000,rw-p,1268,1264
2026-09-02T07:38:09Z,fc000000,rw-p,65536,63796
2026-09-02T07:38:09Z,7dabec000000,rw-p,2188,2188
2026-09-02T07:38:09Z,7dabf4000000,rw-p,2376,2376
2026-09-02T07:38:09Z,7dac00000000,rw-p,7484,7452
2026-09-02T07:38:09Z,7dac0c000000,rw-p,21836,20112
2026-09-02T07:38:09Z,7dac20000000,rw-p,4544,4544
2026-09-02T07:38:09Z,7dac204f0000,rw-p,2048,2048
2026-09-02T07:38:09Z,7dac206f0000,rw-p,1024,1024
2026-09-02T07:38:09Z,7dac208f0000,rw-p,2048,2048
2026-09-02T07:38:09Z,7dac20af0000,rw-p,1024,1024
2026-09-02T07:38:09Z,7dac20bf0000,rw-p,704,700
2026-09-02T07:38:09Z,7dac20d00000,rw-p,576,536
2026-09-02T07:38:09Z,7dac2c000000,rwxp,7360,6756
2026-09-02T07:38:09Z,7dac34000000,rw-p,4888,4732
2026-09-02T07:38:09Z,7dac396d0000,rw-p,1268,1264
2026-09-02T07:43:09Z,fc000000,rw-p,65536,63796
2026-09-02T07:43:09Z,7dabec000000,rw-p,2188,2188
2026-09-02T07:43:09Z,7dabf4000000,rw-p,2376,2376
2026-09-02T07:43:09Z,7dac00000000,rw-p,7484,7452
2026-09-02T07:43:09Z,7dac0c000000,rw-p,21836,20112
2026-09-02T07:43:09Z,7dac20000000,rw-p,4544,4544
2026-09-02T07:43:09Z,7dac204f0000,rw-p,2048,2048
2026-09-02T07:43:09Z,7dac206f0000,rw-p,1024,1024
2026-09-02T07:43:09Z,7dac208f0000,rw-p,2048,2048
2026-09-02T07:43:09Z,7dac20af0000,rw-p,1024,1024
2026-09-02T07:43:09Z,7dac20bf0000,rw-p,704,700
2026-09-02T07:43:09Z,7dac20d00000,rw-p,576,536
2026-09-02T07:43:09Z,7dac2c000000,rwxp,7360,6756
2026-09-02T07:43:09Z,7dac34000000,rw-p,4888,4732
2026-09-02T07:43:09Z,7dac396d0000,rw-p,1268,1264
2026-09-02T07:48:09Z,fc000000,rw-p,65536,63796
2026-09-02T07:48:09Z,7dabec000000,rw-p,2188,2188
2026-09-02T07:48:09Z,7dabf4000000,rw-p,2376,2376
2026-09-02T07:48:09Z,7dac00000000,rw-p,7484,7452
2026-09-02T07:48:09Z,7dac0c000000,rw-p,21836,20112
2026-09-02T07:48:09Z,7dac20000000,rw-p,4544,4544
2026-09-02T07:48:09Z,7dac204f0000,rw-p,2048,2048
2026-09-02T07:48:09Z,7dac206f0000,rw-p,1024,1024
2026-09-02T07:48:09Z,7dac208f0000,rw-p,2048,2048
2026-09-02T07:48:09Z,7dac20af0000,rw-p,1024,1024
2026-09-02T07:48:09Z,7dac20bf0000,rw-p,704,700
2026-09-02T07:48:09Z,7dac20d00000,rw-p,576,536
2026-09-02T07:48:09Z,7dac2c000000,rwxp,7360,6756
2026-09-02T07:48:09Z,7dac34000000,rw-p,4888,4732
2026-09-02T07:48:09Z,7dac396d0000,rw-p,1268,1264
2026-09-02T07:53:10Z,fc000000,rw-p,65536,63796
2026-09-02T07:53:10Z,7dabec000000,rw-p,2188,2188
2026-09-02T07:53:10Z,7dabf4000000,rw-p,2376,2376
2026-09-02T07:53:10Z,7dac00000000,rw-p,7484,7452
2026-09-02T07:53:10Z,7dac0c000000,rw-p,21836,20112
2026-09-02T07:53:10Z,7dac20000000,rw-p,4544,4544
2026-09-02T07:53:10Z,7dac204f0000,rw-p,2048,2048
2026-09-02T07:53:10Z,7dac206f0000,rw-p,1024,1024
2026-09-02T07:53:10Z,7dac208f0000,rw-p,2048,2048
2026-09-02T07:53:10Z,7dac20af0000,rw-p,1024,1024
2026-09-02T07:53:10Z,7dac20bf0000,rw-p,704,700
2026-09-02T07:53:10Z,7dac20d00000,rw-p,576,536
2026-09-02T07:53:10Z,7dac2c000000,rwxp,7360,6756
2026-09-02T07:53:10Z,7dac34000000,rw-p,4888,4732
2026-09-02T07:53:10Z,7dac396d0000,rw-p,1268,1264
2026-09-02T07:58:10Z,fc000000,rw-p,65536,63796
2026-09-02T07:58:10Z,7dabec000000,rw-p,2188,2188
2026-09-02T07:58:10Z,7dabf4000000,rw-p,2376,2376
2026-09-02T07:58:10Z,7dac00000000,rw-p,7484,7452
2026-09-02T07:58:10Z,7dac0c000000,rw-p,21836,20112
2026-09-02T07:58:10Z,7dac20000000,rw-p,4544,4544
2026-09-02T07:58:10Z,7dac204f0000,rw-p,2048,2048
2026-09-02T07:58:10Z,7dac206f0000,rw-p,1024,1024
2026-09-02T07:58:10Z,7dac208f0000,rw-p,2048,2048
2026-09-02T07:58:10Z,7dac20af0000,rw-p,1024,1024
2026-09-02T07:58:10Z,7dac20bf0000,rw-p,704,700
2026-09-02T07:58:10Z,7dac20d00000,rw-p,576,540
2026-09-02T07:58:10Z,7dac2c000000,rwxp,7360,6756
2026-09-02T07:58:10Z,7dac34000000,rw-p,4888,4732
2026-09-02T07:58:10Z,7dac396d0000,rw-p,1268,1264
2026-09-02T08:03:10Z,fc000000,rw-p,65536,63796
2026-09-02T08:03:10Z,7dabec000000,rw-p,2188,2188
2026-09-02T08:03:10Z,7dabf4000000,rw-p,2376,2376
2026-09-02T08:03:10Z,7dac00000000,rw-p,7484,7452
2026-09-02T08:03:10Z,7dac0c000000,rw-p,21836,20112
2026-09-02T08:03:10Z,7dac20000000,rw-p,4544,4544
2026-09-02T08:03:10Z,7dac204f0000,rw-p,2048,2048
2026-09-02T08:03:10Z,7dac206f0000,rw-p,1024,1024
2026-09-02T08:03:10Z,7dac208f0000,rw-p,2048,2048
2026-09-02T08:03:10Z,7dac20af0000,rw-p,1024,1024
2026-09-02T08:03:10Z,7dac20bf0000,rw-p,704,700
2026-09-02T08:03:10Z,7dac20d00000,rw-p,576,540
2026-09-02T08:03:10Z,7dac2c000000,rwxp,7360,6756
2026-09-02T08:03:10Z,7dac34000000,rw-p,4888,4732
2026-09-02T08:03:10Z,7dac396d0000,rw-p,1268,1264
2026-09-02T08:08:10Z,fc000000,rw-p,65536,63796
2026-09-02T08:08:10Z,7dabec000000,rw-p,2188,2188
2026-09-02T08:08:10Z,7dabf4000000,rw-p,2376,2376
2026-09-02T08:08:10Z,7dac00000000,rw-p,7484,7452
2026-09-02T08:08:10Z,7dac0c000000,rw-p,21836,20112
2026-09-02T08:08:10Z,7dac20000000,rw-p,4544,4544
2026-09-02T08:08:10Z,7dac204f0000,rw-p,2048,2048
2026-09-02T08:08:10Z,7dac206f0000,rw-p,1024,1024
2026-09-02T08:08:10Z,7dac208f0000,rw-p,2048,2048
2026-09-02T08:08:10Z,7dac20af0000,rw-p,1024,1024
2026-09-02T08:08:10Z,7dac20bf0000,rw-p,704,700
2026-09-02T08:08:10Z,7dac20d00000,rw-p,576,540
2026-09-02T08:08:10Z,7dac2c000000,rwxp,7360,6756
2026-09-02T08:08:10Z,7dac34000000,rw-p,4888,4732
2026-09-02T08:08:10Z,7dac396d0000,rw-p,1268,1264
2026-09-02T08:13:10Z,fc000000,rw-p,65536,63796
2026-09-02T08:13:10Z,7dabec000000,rw-p,2188,2188
2026-09-02T08:13:10Z,7dabf4000000,rw-p,2376,2376
2026-09-02T08:13:10Z,7dac00000000,rw-p,7484,7452
2026-09-02T08:13:10Z,7dac0c000000,rw-p,21836,20112
2026-09-02T08:13:10Z,7dac20000000,rw-p,4544,4544
2026-09-02T08:13:10Z,7dac204f0000,rw-p,2048,2048
2026-09-02T08:13:10Z,7dac206f0000,rw-p,1024,1024
2026-09-02T08:13:10Z,7dac208f0000,rw-p,2048,2048
2026-09-02T08:13:10Z,7dac20af0000,rw-p,1024,1024
2026-09-02T08:13:10Z,7dac20bf0000,rw-p,704,700
2026-09-02T08:13:10Z,7dac20d00000,rw-p,576,540
2026-09-02T08:13:10Z,7dac2c000000,rwxp,7360,6756
2026-09-02T08:13:10Z,7dac34000000,rw-p,4888,4732
2026-09-02T08:13:10Z,7dac396d0000,rw-p,1268,1264
2026-09-02T08:18:10Z,fc000000,rw-p,65536,63796
2026-09-02T08:18:10Z,7dabec000000,rw-p,2188,2188
2026-09-02T08:18:10Z,7dabf4000000,rw-p,2376,2376
2026-09-02T08:18:10Z,7dac00000000,rw-p,7484,7452
2026-09-02T08:18:10Z,7dac0c000000,rw-p,21836,20112
2026-09-02T08:18:10Z,7dac20000000,rw-p,4544,4544
2026-09-02T08:18:10Z,7dac204f0000,rw-p,2048,2048
2026-09-02T08:18:10Z,7dac206f0000,rw-p,1024,1024
2026-09-02T08:18:10Z,7dac208f0000,rw-p,2048,2048
2026-09-02T08:18:10Z,7dac20af0000,rw-p,1024,1024
2026-09-02T08:18:10Z,7dac20bf0000,rw-p,704,700
2026-09-02T08:18:10Z,7dac20d00000,rw-p,576,540
2026-09-02T08:18:10Z,7dac2c000000,rwxp,7360,6756
2026-09-02T08:18:10Z,7dac34000000,rw-p,4888,4732
2026-09-02T08:18:10Z,7dac396d0000,rw-p,1268,1264
2026-09-02T08:23:10Z,fc000000,rw-p,65536,63796
2026-09-02T08:23:10Z,7dabec000000,rw-p,2188,2188
2026-09-02T08:23:10Z,7dabf4000000,rw-p,2376,2376
2026-09-02T08:23:10Z,7dac00000000,rw-p,7484,7452
2026-09-02T08:23:10Z,7dac0c000000,rw-p,21836,20112
2026-09-02T08:23:10Z,7dac20000000,rw-p,4544,4544
2026-09-02T08:23:10Z,7dac204f0000,rw-p,2048,2048
2026-09-02T08:23:10Z,7dac206f0000,rw-p,1024,1024
2026-09-02T08:23:10Z,7dac208f0000,rw-p,2048,2048
2026-09-02T08:23:10Z,7dac20af0000,rw-p,1024,1024
2026-09-02T08:23:10Z,7dac20bf0000,rw-p,704,700
2026-09-02T08:23:10Z,7dac20d00000,rw-p,576,540
2026-09-02T08:23:10Z,7dac2c000000,rwxp,7360,6756
2026-09-02T08:23:10Z,7dac34000000,rw-p,4888,4732
2026-09-02T08:23:10Z,7dac396d0000,rw-p,1268,1264
2026-09-02T08:28:10Z,fc000000,rw-p,65536,63796
2026-09-02T08:28:10Z,7dabec000000,rw-p,2188,2188
2026-09-02T08:28:10Z,7dabf4000000,rw-p,2376,2376
2026-09-02T08:28:10Z,7dac00000000,rw-p,7484,7452
2026-09-02T08:28:10Z,7dac0c000000,rw-p,21836,20112
2026-09-02T08:28:10Z,7dac20000000,rw-p,4544,4544
2026-09-02T08:28:10Z,7dac204f0000,rw-p,2048,2048
2026-09-02T08:28:10Z,7dac206f0000,rw-p,1024,1024
2026-09-02T08:28:10Z,7dac208f0000,rw-p,2048,2048
2026-09-02T08:28:10Z,7dac20af0000,rw-p,1024,1024
2026-09-02T08:28:10Z,7dac20bf0000,rw-p,704,700
2026-09-02T08:28:10Z,7dac20d00000,rw-p,576,540
2026-09-02T08:28:10Z,7dac2c000000,rwxp,7360,6756
2026-09-02T08:28:10Z,7dac34000000,rw-p,4888,4732
2026-09-02T08:28:10Z,7dac396d0000,rw-p,1268,1264
2026-09-02T08:33:10Z,fc000000,rw-p,65536,63796
2026-09-02T08:33:10Z,7dabec000000,rw-p,2188,2188
2026-09-02T08:33:10Z,7dabf4000000,rw-p,2376,2376
2026-09-02T08:33:10Z,7dac00000000,rw-p,7484,7452
2026-09-02T08:33:10Z,7dac0c000000,rw-p,21836,20112
2026-09-02T08:33:10Z,7dac20000000,rw-p,4544,4544
2026-09-02T08:33:10Z,7dac204f0000,rw-p,2048,2048
2026-09-02T08:33:10Z,7dac206f0000,rw-p,1024,1024
2026-09-02T08:33:10Z,7dac208f0000,rw-p,2048,2048
2026-09-02T08:33:10Z,7dac20af0000,rw-p,1024,1024
2026-09-02T08:33:10Z,7dac20bf0000,rw-p,704,700
2026-09-02T08:33:10Z,7dac20d00000,rw-p,576,540
2026-09-02T08:33:10Z,7dac2c000000,rwxp,7360,6756
2026-09-02T08:33:10Z,7dac34000000,rw-p,4888,4732
2026-09-02T08:33:10Z,7dac396d0000,rw-p,1268,1264
2026-09-02T08:38:10Z,fc000000,rw-p,65536,63796
2026-09-02T08:38:10Z,7dabec000000,rw-p,2188,2188
2026-09-02T08:38:10Z,7dabf4000000,rw-p,2376,2376
2026-09-02T08:38:10Z,7dac00000000,rw-p,7484,7452
2026-09-02T08:38:10Z,7dac0c000000,rw-p,21836,20112
2026-09-02T08:38:10Z,7dac20000000,rw-p,4544,4544
2026-09-02T08:38:10Z,7dac204f0000,rw-p,2048,2048
2026-09-02T08:38:10Z,7dac206f0000,rw-p,1024,1024
2026-09-02T08:38:10Z,7dac208f0000,rw-p,2048,2048
2026-09-02T08:38:10Z,7dac20af0000,rw-p,1024,1024
2026-09-02T08:38:10Z,7dac20bf0000,rw-p,704,700
2026-09-02T08:38:10Z,7dac20d00000,rw-p,576,540
2026-09-02T08:38:10Z,7dac2c000000,rwxp,7360,6756
2026-09-02T08:38:10Z,7dac34000000,rw-p,4888,4732
2026-09-02T08:38:10Z,7dac396d0000,rw-p,1268,1264
2026-09-02T08:43:11Z,fc000000,rw-p,65536,63796
2026-09-02T08:43:11Z,7dabec000000,rw-p,2188,2188
2026-09-02T08:43:11Z,7dabf4000000,rw-p,2376,2376
2026-09-02T08:43:11Z,7dac00000000,rw-p,7484,7452
2026-09-02T08:43:11Z,7dac0c000000,rw-p,21836,20112
2026-09-02T08:43:11Z,7dac20000000,rw-p,4544,4544
2026-09-02T08:43:11Z,7dac204f0000,rw-p,2048,2048
2026-09-02T08:43:11Z,7dac206f0000,rw-p,1024,1024
2026-09-02T08:43:11Z,7dac208f0000,rw-p,2048,2048
2026-09-02T08:43:11Z,7dac20af0000,rw-p,1024,1024
2026-09-02T08:43:11Z,7dac20bf0000,rw-p,704,700
2026-09-02T08:43:11Z,7dac20d00000,rw-p,576,540
2026-09-02T08:43:11Z,7dac2c000000,rwxp,7360,6756
2026-09-02T08:43:11Z,7dac34000000,rw-p,4888,4732
2026-09-02T08:43:11Z,7dac396d0000,rw-p,1268,1264
2026-09-02T08:48:11Z,fc000000,rw-p,65536,63796
2026-09-02T08:48:11Z,7dabec000000,rw-p,2188,2188
2026-09-02T08:48:11Z,7dabf4000000,rw-p,2376,2376
2026-09-02T08:48:11Z,7dac00000000,rw-p,7484,7452
2026-09-02T08:48:11Z,7dac0c000000,rw-p,21836,20112
2026-09-02T08:48:11Z,7dac20000000,rw-p,4544,4544
2026-09-02T08:48:11Z,7dac204f0000,rw-p,2048,2048
2026-09-02T08:48:11Z,7dac206f0000,rw-p,1024,1024
2026-09-02T08:48:11Z,7dac208f0000,rw-p,2048,2048
2026-09-02T08:48:11Z,7dac20af0000,rw-p,1024,1024
2026-09-02T08:48:11Z,7dac20bf0000,rw-p,704,700
2026-09-02T08:48:11Z,7dac20d00000,rw-p,576,540
2026-09-02T08:48:11Z,7dac2c000000,rwxp,7360,6756
2026-09-02T08:48:11Z,7dac34000000,rw-p,4888,4732
2026-09-02T08:48:11Z,7dac396d0000,rw-p,1268,1264
2026-09-02T08:53:11Z,fc000000,rw-p,65536,63796
2026-09-02T08:53:11Z,7dabec000000,rw-p,2188,2188
2026-09-02T08:53:11Z,7dabf4000000,rw-p,2376,2376
2026-09-02T08:53:11Z,7dac00000000,rw-p,7484,7452
2026-09-02T08:53:11Z,7dac0c000000,rw-p,21836,20112
2026-09-02T08:53:11Z,7dac20000000,rw-p,4544,4544
2026-09-02T08:53:11Z,7dac204f0000,rw-p,2048,2048
2026-09-02T08:53:11Z,7dac206f0000,rw-p,1024,1024
2026-09-02T08:53:11Z,7dac208f0000,rw-p,2048,2048
2026-09-02T08:53:11Z,7dac20af0000,rw-p,1024,1024
2026-09-02T08:53:11Z,7dac20bf0000,rw-p,704,700
2026-09-02T08:53:11Z,7dac20d00000,rw-p,576,540
2026-09-02T08:53:11Z,7dac2c000000,rwxp,7360,6756
2026-09-02T08:53:11Z,7dac34000000,rw-p,4888,4732
2026-09-02T08:53:11Z,7dac396d0000,rw-p,1268,1264
2026-09-02T08:58:11Z,fc000000,rw-p,65536,63796
2026-09-02T08:58:11Z,7dabec000000,rw-p,2188,2188
2026-09-02T08:58:11Z,7dabf4000000,rw-p,2376,2376
2026-09-02T08:58:11Z,7dac00000000,rw-p,7484,7452
2026-09-02T08:58:11Z,7dac0c000000,rw-p,21836,20112
2026-09-02T08:58:11Z,7dac20000000,rw-p,4544,4544
2026-09-02T08:58:11Z,7dac204f0000,rw-p,2048,2048
2026-09-02T08:58:11Z,7dac206f0000,rw-p,1024,1024
2026-09-02T08:58:11Z,7dac208f0000,rw-p,2048,2048
2026-09-02T08:58:11Z,7dac20af0000,rw-p,1024,1024
2026-09-02T08:58:11Z,7dac20bf0000,rw-p,704,700
2026-09-02T08:58:11Z,7dac20d00000,rw-p,576,540
2026-09-02T08:58:11Z,7dac2c000000,rwxp,7360,6756
2026-09-02T08:58:11Z,7dac34000000,rw-p,4888,4732
2026-09-02T08:58:11Z,7dac396d0000,rw-p,1268,1264
2026-09-02T09:03:11Z,fc000000,rw-p,65536,63796
2026-09-02T09:03:11Z,7dabec000000,rw-p,2188,2188
2026-09-02T09:03:11Z,7dabf4000000,rw-p,2376,2376
2026-09-02T09:03:11Z,7dac00000000,rw-p,7484,7452
2026-09-02T09:03:11Z,7dac0c000000,rw-p,21836,20112
2026-09-02T09:03:11Z,7dac20000000,rw-p,4544,4544
2026-09-02T09:03:11Z,7dac204f0000,rw-p,2048,2048
2026-09-02T09:03:11Z,7dac206f0000,rw-p,1024,1024
2026-09-02T09:03:11Z,7dac208f0000,rw-p,2048,2048
2026-09-02T09:03:11Z,7dac20af0000,rw-p,1024,1024
2026-09-02T09:03:11Z,7dac20bf0000,rw-p,704,700
2026-09-02T09:03:11Z,7dac20d00000,rw-p,576,540
2026-09-02T09:03:11Z,7dac2c000000,rwxp,7360,6756
2026-09-02T09:03:11Z,7dac34000000,rw-p,4888,4732
2026-09-02T09:03:11Z,7dac396d0000,rw-p,1268,1264
2026-09-02T09:08:11Z,fc000000,rw-p,65536,63796
2026-09-02T09:08:11Z,7dabec000000,rw-p,2188,2188
2026-09-02T09:08:11Z,7dabf4000000,rw-p,2376,2376
2026-09-02T09:08:11Z,7dac00000000,rw-p,7484,7452
2026-09-02T09:08:11Z,7dac0c000000,rw-p,21836,20112
2026-09-02T09:08:11Z,7dac20000000,rw-p,4544,4544
2026-09-02T09:08:11Z,7dac204f0000,rw-p,2048,2048
2026-09-02T09:08:11Z,7dac206f0000,rw-p,1024,1024
2026-09-02T09:08:11Z,7dac208f0000,rw-p,2048,2048
2026-09-02T09:08:11Z,7dac20af0000,rw-p,1024,1024
2026-09-02T09:08:11Z,7dac20bf0000,rw-p,704,700
2026-09-02T09:08:11Z,7dac20d00000,rw-p,576,540
2026-09-02T09:08:11Z,7dac2c000000,rwxp,7360,6756
2026-09-02T09:08:11Z,7dac34000000,rw-p,4888,4732
2026-09-02T09:08:11Z,7dac396d0000,rw-p,1268,1264
2026-09-02T09:13:11Z,fc000000,rw-p,65536,63796
2026-09-02T09:13:11Z,7dabec000000,rw-p,2188,2188
2026-09-02T09:13:11Z,7dabf4000000,rw-p,2376,2376
2026-09-02T09:13:11Z,7dac00000000,rw-p,7484,7452
2026-09-02T09:13:11Z,7dac0c000000,rw-p,21836,20112
2026-09-02T09:13:11Z,7dac20000000,rw-p,4544,4544
2026-09-02T09:13:11Z,7dac204f0000,rw-p,2048,2048
2026-09-02T09:13:11Z,7dac206f0000,rw-p,1024,1024
2026-09-02T09:13:11Z,7dac208f0000,rw-p,2048,2048
2026-09-02T09:13:11Z,7dac20af0000,rw-p,1024,1024
2026-09-02T09:13:11Z,7dac20bf0000,rw-p,704,700
2026-09-02T09:13:11Z,7dac20d00000,rw-p,576,540
2026-09-02T09:13:11Z,7dac2c000000,rwxp,7360,6756
2026-09-02T09:13:11Z,7dac34000000,rw-p,4888,4732
2026-09-02T09:13:11Z,7dac396d0000,rw-p,1268,1264
2026-09-02T09:18:11Z,fc000000,rw-p,65536,63796
2026-09-02T09:18:11Z,7dabec000000,rw-p,2188,2188
2026-09-02T09:18:11Z,7dabf4000000,rw-p,2376,2376
2026-09-02T09:18:11Z,7dac00000000,rw-p,7484,7452
2026-09-02T09:18:11Z,7dac0c000000,rw-p,21836,20112
2026-09-02T09:18:11Z,7dac20000000,rw-p,4544,4544
2026-09-02T09:18:11Z,7dac204f0000,rw-p,2048,2048
2026-09-02T09:18:11Z,7dac206f0000,rw-p,1024,1024
2026-09-02T09:18:11Z,7dac208f0000,rw-p,2048,2048
2026-09-02T09:18:11Z,7dac20af0000,rw-p,1024,1024
2026-09-02T09:18:11Z,7dac20bf0000,rw-p,704,700
2026-09-02T09:18:11Z,7dac20d00000,rw-p,576,540
2026-09-02T09:18:11Z,7dac2c000000,rwxp,7360,6756
2026-09-02T09:18:11Z,7dac34000000,rw-p,4888,4732
2026-09-02T09:18:11Z,7dac396d0000,rw-p,1268,1264
2026-09-02T09:23:11Z,fc000000,rw-p,65536,63796
2026-09-02T09:23:11Z,7dabec000000,rw-p,2188,2188
2026-09-02T09:23:11Z,7dabf4000000,rw-p,2376,2376
2026-09-02T09:23:11Z,7dac00000000,rw-p,7484,7452
2026-09-02T09:23:11Z,7dac0c000000,rw-p,21836,20112
2026-09-02T09:23:11Z,7dac20000000,rw-p,4544,4544
2026-09-02T09:23:11Z,7dac204f0000,rw-p,2048,2048
2026-09-02T09:23:11Z,7dac206f0000,rw-p,1024,1024
2026-09-02T09:23:11Z,7dac208f0000,rw-p,2048,2048
2026-09-02T09:23:11Z,7dac20af0000,rw-p,1024,1024
2026-09-02T09:23:11Z,7dac20bf0000,rw-p,704,700
2026-09-02T09:23:11Z,7dac20d00000,rw-p,576,540
2026-09-02T09:23:11Z,7dac2c000000,rwxp,7360,6756
2026-09-02T09:23:11Z,7dac34000000,rw-p,4888,4732
2026-09-02T09:23:11Z,7dac396d0000,rw-p,1268,1264
2026-09-02T09:28:11Z,fc000000,rw-p,65536,63796
2026-09-02T09:28:11Z,7dabec000000,rw-p,2188,2188
2026-09-02T09:28:11Z,7dabf4000000,rw-p,2376,2376
2026-09-02T09:28:11Z,7dac00000000,rw-p,7484,7452
2026-09-02T09:28:11Z,7dac0c000000,rw-p,21836,20112
2026-09-02T09:28:11Z,7dac20000000,rw-p,4544,4544
2026-09-02T09:28:11Z,7dac204f0000,rw-p,2048,2048
2026-09-02T09:28:11Z,7dac206f0000,rw-p,1024,1024
2026-09-02T09:28:11Z,7dac208f0000,rw-p,2048,2048
2026-09-02T09:28:11Z,7dac20af0000,rw-p,1024,1024
2026-09-02T09:28:11Z,7dac20bf0000,rw-p,704,700
2026-09-02T09:28:11Z,7dac20d00000,rw-p,576,540
2026-09-02T09:28:11Z,7dac2c000000,rwxp,7360,6756
2026-09-02T09:28:11Z,7dac34000000,rw-p,4888,4732
2026-09-02T09:28:11Z,7dac396d0000,rw-p,1268,1264
2026-09-02T09:33:12Z,fc000000,rw-p,65536,63796
2026-09-02T09:33:12Z,7dabec000000,rw-p,2188,2188
2026-09-02T09:33:12Z,7dabf4000000,rw-p,2376,2376
2026-09-02T09:33:12Z,7dac00000000,rw-p,7484,7452
2026-09-02T09:33:12Z,7dac0c000000,rw-p,21836,20112
2026-09-02T09:33:12Z,7dac20000000,rw-p,4544,4544
2026-09-02T09:33:12Z,7dac204f0000,rw-p,2048,2048
2026-09-02T09:33:12Z,7dac206f0000,rw-p,1024,1024
2026-09-02T09:33:12Z,7dac208f0000,rw-p,2048,2048
2026-09-02T09:33:12Z,7dac20af0000,rw-p,1024,1024
2026-09-02T09:33:12Z,7dac20bf0000,rw-p,704,700
2026-09-02T09:33:12Z,7dac20d00000,rw-p,576,540
2026-09-02T09:33:12Z,7dac2c000000,rwxp,7360,6756
2026-09-02T09:33:12Z,7dac34000000,rw-p,4888,4732
2026-09-02T09:33:12Z,7dac396d0000,rw-p,1268,1264
2026-09-02T09:38:12Z,fc000000,rw-p,65536,63796
2026-09-02T09:38:12Z,7dabec000000,rw-p,2188,2188
2026-09-02T09:38:12Z,7dabf4000000,rw-p,2376,2376
2026-09-02T09:38:12Z,7dac00000000,rw-p,7484,7452
2026-09-02T09:38:12Z,7dac0c000000,rw-p,21836,20112
2026-09-02T09:38:12Z,7dac20000000,rw-p,4544,4544
2026-09-02T09:38:12Z,7dac204f0000,rw-p,2048,2048
2026-09-02T09:38:12Z,7dac206f0000,rw-p,1024,1024
2026-09-02T09:38:12Z,7dac208f0000,rw-p,2048,2048
2026-09-02T09:38:12Z,7dac20af0000,rw-p,1024,1024
2026-09-02T09:38:12Z,7dac20bf0000,rw-p,704,700
2026-09-02T09:38:12Z,7dac20d00000,rw-p,576,540
2026-09-02T09:38:12Z,7dac2c000000,rwxp,7360,6756
2026-09-02T09:38:12Z,7dac34000000,rw-p,4888,4732
2026-09-02T09:38:12Z,7dac396d0000,rw-p,1268,1264
2026-09-02T09:43:12Z,fc000000,rw-p,65536,63796
2026-09-02T09:43:12Z,7dabec000000,rw-p,2188,2188
2026-09-02T09:43:12Z,7dabf4000000,rw-p,2376,2376
2026-09-02T09:43:12Z,7dac00000000,rw-p,7484,7452
2026-09-02T09:43:12Z,7dac0c000000,rw-p,21836,20112
2026-09-02T09:43:12Z,7dac20000000,rw-p,4544,4544
2026-09-02T09:43:12Z,7dac204f0000,rw-p,2048,2048
2026-09-02T09:43:12Z,7dac206f0000,rw-p,1024,1024
2026-09-02T09:43:12Z,7dac208f0000,rw-p,2048,2048
2026-09-02T09:43:12Z,7dac20af0000,rw-p,1024,1024
2026-09-02T09:43:12Z,7dac20bf0000,rw-p,704,700
2026-09-02T09:43:12Z,7dac20d00000,rw-p,576,540
2026-09-02T09:43:12Z,7dac2c000000,rwxp,7360,6756
2026-09-02T09:43:12Z,7dac34000000,rw-p,4888,4732
2026-09-02T09:43:12Z,7dac396d0000,rw-p,1268,1264
2026-09-02T09:48:12Z,fc000000,rw-p,65536,63796
2026-09-02T09:48:12Z,7dabec000000,rw-p,2188,2188
2026-09-02T09:48:12Z,7dabf4000000,rw-p,2376,2376
2026-09-02T09:48:12Z,7dac00000000,rw-p,7484,7452
2026-09-02T09:48:12Z,7dac0c000000,rw-p,21836,20112
2026-09-02T09:48:12Z,7dac20000000,rw-p,4544,4544
2026-09-02T09:48:12Z,7dac204f0000,rw-p,2048,2048
2026-09-02T09:48:12Z,7dac206f0000,rw-p,1024,1024
2026-09-02T09:48:12Z,7dac208f0000,rw-p,2048,2048
2026-09-02T09:48:12Z,7dac20af0000,rw-p,1024,1024
2026-09-02T09:48:12Z,7dac20bf0000,rw-p,704,700
2026-09-02T09:48:12Z,7dac20d00000,rw-p,576,540
2026-09-02T09:48:12Z,7dac2c000000,rwxp,7360,6756
2026-09-02T09:48:12Z,7dac34000000,rw-p,4888,4732
2026-09-02T09:48:12Z,7dac396d0000,rw-p,1268,1264
2026-09-02T09:53:12Z,fc000000,rw-p,65536,63796
2026-09-02T09:53:12Z,7dabec000000,rw-p,2188,2188
2026-09-02T09:53:12Z,7dabf4000000,rw-p,2376,2376
2026-09-02T09:53:12Z,7dac00000000,rw-p,7484,7452
2026-09-02T09:53:12Z,7dac0c000000,rw-p,21836,20112
2026-09-02T09:53:12Z,7dac20000000,rw-p,4544,4544
2026-09-02T09:53:12Z,7dac204f0000,rw-p,2048,2048
2026-09-02T09:53:12Z,7dac206f0000,rw-p,1024,1024
2026-09-02T09:53:12Z,7dac208f0000,rw-p,2048,2048
2026-09-02T09:53:12Z,7dac20af0000,rw-p,1024,1024
2026-09-02T09:53:12Z,7dac20bf0000,rw-p,704,700
2026-09-02T09:53:12Z,7dac20d00000,rw-p,576,540
2026-09-02T09:53:12Z,7dac2c000000,rwxp,7360,6756
2026-09-02T09:53:12Z,7dac34000000,rw-p,4888,4732
2026-09-02T09:53:12Z,7dac396d0000,rw-p,1268,1264
2026-09-02T09:58:12Z,fc000000,rw-p,65536,63796
2026-09-02T09:58:12Z,7dabec000000,rw-p,2188,2188
2026-09-02T09:58:12Z,7dabf4000000,rw-p,2376,2376
2026-09-02T09:58:12Z,7dac00000000,rw-p,7484,7452
2026-09-02T09:58:12Z,7dac0c000000,rw-p,21836,20112
2026-09-02T09:58:12Z,7dac20000000,rw-p,4544,4544
2026-09-02T09:58:12Z,7dac204f0000,rw-p,2048,2048
2026-09-02T09:58:12Z,7dac206f0000,rw-p,1024,1024
2026-09-02T09:58:12Z,7dac208f0000,rw-p,2048,2048
2026-09-02T09:58:12Z,7dac20af0000,rw-p,1024,1024
2026-09-02T09:58:12Z,7dac20bf0000,rw-p,704,700
2026-09-02T09:58:12Z,7dac20d00000,rw-p,576,540
2026-09-02T09:58:12Z,7dac2c000000,rwxp,7360,6756
2026-09-02T09:58:12Z,7dac34000000,rw-p,4888,4732
2026-09-02T09:58:12Z,7dac396d0000,rw-p,1268,1264
2026-09-02T10:03:12Z,fc000000,rw-p,65536,63796
2026-09-02T10:03:12Z,7dabec000000,rw-p,2188,2188
2026-09-02T10:03:12Z,7dabf4000000,rw-p,2376,2376
2026-09-02T10:03:12Z,7dac00000000,rw-p,7484,7452
2026-09-02T10:03:12Z,7dac0c000000,rw-p,21836,20112
2026-09-02T10:03:12Z,7dac20000000,rw-p,4544,4544
2026-09-02T10:03:12Z,7dac204f0000,rw-p,2048,2048
2026-09-02T10:03:12Z,7dac206f0000,rw-p,1024,1024
2026-09-02T10:03:12Z,7dac208f0000,rw-p,2048,2048
2026-09-02T10:03:12Z,7dac20af0000,rw-p,1024,1024
2026-09-02T10:03:12Z,7dac20bf0000,rw-p,704,700
2026-09-02T10:03:12Z,7dac20d00000,rw-p,576,540
2026-09-02T10:03:12Z,7dac2c000000,rwxp,7360,6756
2026-09-02T10:03:12Z,7dac34000000,rw-p,4888,4732
2026-09-02T10:03:12Z,7dac396d0000,rw-p,1268,1264
2026-09-02T10:08:12Z,fc000000,rw-p,65536,63796
2026-09-02T10:08:12Z,7dabec000000,rw-p,2188,2188
2026-09-02T10:08:12Z,7dabf4000000,rw-p,2376,2376
2026-09-02T10:08:12Z,7dac00000000,rw-p,7484,7452
2026-09-02T10:08:12Z,7dac0c000000,rw-p,21836,20112
2026-09-02T10:08:12Z,7dac20000000,rw-p,4544,4544
2026-09-02T10:08:12Z,7dac204f0000,rw-p,2048,2048
2026-09-02T10:08:12Z,7dac206f0000,rw-p,1024,1024
2026-09-02T10:08:12Z,7dac208f0000,rw-p,2048,2048
2026-09-02T10:08:12Z,7dac20af0000,rw-p,1024,1024
2026-09-02T10:08:12Z,7dac20bf0000,rw-p,704,700
2026-09-02T10:08:12Z,7dac20d00000,rw-p,576,540
2026-09-02T10:08:12Z,7dac2c000000,rwxp,7360,6756
2026-09-02T10:08:12Z,7dac34000000,rw-p,4888,4732
2026-09-02T10:08:12Z,7dac396d0000,rw-p,1268,1264
2026-09-02T10:13:12Z,fc000000,rw-p,65536,63796
2026-09-02T10:13:12Z,7dabec000000,rw-p,2188,2188
2026-09-02T10:13:12Z,7dabf4000000,rw-p,2376,2376
2026-09-02T10:13:12Z,7dac00000000,rw-p,7484,7452
2026-09-02T10:13:12Z,7dac0c000000,rw-p,21836,20112
2026-09-02T10:13:12Z,7dac20000000,rw-p,4544,4544
2026-09-02T10:13:12Z,7dac204f0000,rw-p,2048,2048
2026-09-02T10:13:12Z,7dac206f0000,rw-p,1024,1024
2026-09-02T10:13:12Z,7dac208f0000,rw-p,2048,2048
2026-09-02T10:13:12Z,7dac20af0000,rw-p,1024,1024
2026-09-02T10:13:12Z,7dac20bf0000,rw-p,704,700
2026-09-02T10:13:12Z,7dac20d00000,rw-p,576,540
2026-09-02T10:13:12Z,7dac2c000000,rwxp,7360,6756
2026-09-02T10:13:12Z,7dac34000000,rw-p,4888,4732
2026-09-02T10:13:12Z,7dac396d0000,rw-p,1268,1264
2026-09-02T10:18:13Z,fc000000,rw-p,65536,63796
2026-09-02T10:18:13Z,7dabec000000,rw-p,2188,2188
2026-09-02T10:18:13Z,7dabf4000000,rw-p,2376,2376
2026-09-02T10:18:13Z,7dac00000000,rw-p,7484,7452
2026-09-02T10:18:13Z,7dac0c000000,rw-p,21836,20112
2026-09-02T10:18:13Z,7dac20000000,rw-p,4544,4544
2026-09-02T10:18:13Z,7dac204f0000,rw-p,2048,2048
2026-09-02T10:18:13Z,7dac206f0000,rw-p,1024,1024
2026-09-02T10:18:13Z,7dac208f0000,rw-p,2048,2048
2026-09-02T10:18:13Z,7dac20af0000,rw-p,1024,1024
2026-09-02T10:18:13Z,7dac20bf0000,rw-p,704,700
2026-09-02T10:18:13Z,7dac20d00000,rw-p,576,540
2026-09-02T10:18:13Z,7dac2c000000,rwxp,7360,6756
2026-09-02T10:18:13Z,7dac34000000,rw-p,4888,4732
2026-09-02T10:18:13Z,7dac396d0000,rw-p,1268,1264
2026-09-02T10:23:13Z,fc000000,rw-p,65536,63796
2026-09-02T10:23:13Z,7dabec000000,rw-p,2188,2188
2026-09-02T10:23:13Z,7dabf4000000,rw-p,2376,2376
2026-09-02T10:23:13Z,7dac00000000,rw-p,7484,7452
2026-09-02T10:23:13Z,7dac0c000000,rw-p,21836,20112
2026-09-02T10:23:13Z,7dac20000000,rw-p,4544,4544
2026-09-02T10:23:13Z,7dac204f0000,rw-p,2048,2048
2026-09-02T10:23:13Z,7dac206f0000,rw-p,1024,1024
2026-09-02T10:23:13Z,7dac208f0000,rw-p,2048,2048
2026-09-02T10:23:13Z,7dac20af0000,rw-p,1024,1024
2026-09-02T10:23:13Z,7dac20bf0000,rw-p,704,700
2026-09-02T10:23:13Z,7dac20d00000,rw-p,576,540
2026-09-02T10:23:13Z,7dac2c000000,rwxp,7360,6756
2026-09-02T10:23:13Z,7dac34000000,rw-p,4888,4732
2026-09-02T10:23:13Z,7dac396d0000,rw-p,1268,1264
2026-09-02T10:28:13Z,fc000000,rw-p,65536,63796
2026-09-02T10:28:13Z,7dabec000000,rw-p,2188,2188
2026-09-02T10:28:13Z,7dabf4000000,rw-p,2376,2376
2026-09-02T10:28:13Z,7dac00000000,rw-p,7484,7452
2026-09-02T10:28:13Z,7dac0c000000,rw-p,21836,20112
2026-09-02T10:28:13Z,7dac20000000,rw-p,4544,4544
2026-09-02T10:28:13Z,7dac204f0000,rw-p,2048,2048
2026-09-02T10:28:13Z,7dac206f0000,rw-p,1024,1024
2026-09-02T10:28:13Z,7dac208f0000,rw-p,2048,2048
2026-09-02T10:28:13Z,7dac20af0000,rw-p,1024,1024
2026-09-02T10:28:13Z,7dac20bf0000,rw-p,704,700
2026-09-02T10:28:13Z,7dac20d00000,rw-p,576,540
2026-09-02T10:28:13Z,7dac2c000000,rwxp,7360,6756
2026-09-02T10:28:13Z,7dac34000000,rw-p,4888,4732
2026-09-02T10:28:13Z,7dac396d0000,rw-p,1268,1264
2026-09-02T10:33:13Z,fc000000,rw-p,65536,63796
2026-09-02T10:33:13Z,7dabec000000,rw-p,2188,2188
2026-09-02T10:33:13Z,7dabf4000000,rw-p,2376,2376
2026-09-02T10:33:13Z,7dac00000000,rw-p,7484,7452
2026-09-02T10:33:13Z,7dac0c000000,rw-p,21836,20112
2026-09-02T10:33:13Z,7dac20000000,rw-p,4544,4544
2026-09-02T10:33:13Z,7dac204f0000,rw-p,2048,2048
2026-09-02T10:33:13Z,7dac206f0000,rw-p,1024,1024
2026-09-02T10:33:13Z,7dac208f0000,rw-p,2048,2048
2026-09-02T10:33:13Z,7dac20af0000,rw-p,1024,1024
2026-09-02T10:33:13Z,7dac20bf0000,rw-p,704,700
2026-09-02T10:33:13Z,7dac20d00000,rw-p,576,540
2026-09-02T10:33:13Z,7dac2c000000,rwxp,7360,6756
2026-09-02T10:33:13Z,7dac34000000,rw-p,4888,4732
2026-09-02T10:33:13Z,7dac396d0000,rw-p,1268,1264
2026-09-02T10:38:13Z,fc000000,rw-p,65536,63796
2026-09-02T10:38:13Z,7dabec000000,rw-p,2188,2188
2026-09-02T10:38:13Z,7dabf4000000,rw-p,2376,2376
2026-09-02T10:38:13Z,7dac00000000,rw-p,7484,7452
2026-09-02T10:38:13Z,7dac0c000000,rw-p,21836,20112
2026-09-02T10:38:13Z,7dac20000000,rw-p,4544,4544
2026-09-02T10:38:13Z,7dac204f0000,rw-p,2048,2048
2026-09-02T10:38:13Z,7dac206f0000,rw-p,1024,1024
2026-09-02T10:38:13Z,7dac208f0000,rw-p,2048,2048
2026-09-02T10:38:13Z,7dac20af0000,rw-p,1024,1024
2026-09-02T10:38:13Z,7dac20bf0000,rw-p,704,700
2026-09-02T10:38:13Z,7dac20d00000,rw-p,576,540
2026-09-02T10:38:13Z,7dac2c000000,rwxp,7360,6756
2026-09-02T10:38:13Z,7dac34000000,rw-p,4888,4732
2026-09-02T10:38:13Z,7dac396d0000,rw-p,1268,1264
2026-09-02T10:43:13Z,fc000000,rw-p,65536,63796
2026-09-02T10:43:13Z,7dabec000000,rw-p,2188,2188
2026-09-02T10:43:13Z,7dabf4000000,rw-p,2376,2376
2026-09-02T10:43:13Z,7dac00000000,rw-p,7484,7452
2026-09-02T10:43:13Z,7dac0c000000,rw-p,21836,20112
2026-09-02T10:43:13Z,7dac20000000,rw-p,4544,4544
2026-09-02T10:43:13Z,7dac204f0000,rw-p,2048,2048
2026-09-02T10:43:13Z,7dac206f0000,rw-p,1024,1024
2026-09-02T10:43:13Z,7dac208f0000,rw-p,2048,2048
2026-09-02T10:43:13Z,7dac20af0000,rw-p,1024,1024
2026-09-02T10:43:13Z,7dac20bf0000,rw-p,704,700
2026-09-02T10:43:13Z,7dac20d00000,rw-p,576,540
2026-09-02T10:43:13Z,7dac2c000000,rwxp,7360,6756
2026-09-02T10:43:13Z,7dac34000000,rw-p,4888,4732
2026-09-02T10:43:13Z,7dac396d0000,rw-p,1268,1264
2026-09-02T10:48:13Z,fc000000,rw-p,65536,63796
2026-09-02T10:48:13Z,7dabec000000,rw-p,2188,2188
2026-09-02T10:48:13Z,7dabf4000000,rw-p,2376,2376
2026-09-02T10:48:13Z,7dac00000000,rw-p,7484,7452
2026-09-02T10:48:13Z,7dac0c000000,rw-p,21836,20112
2026-09-02T10:48:13Z,7dac20000000,rw-p,4544,4544
2026-09-02T10:48:13Z,7dac204f0000,rw-p,2048,2048
2026-09-02T10:48:13Z,7dac206f0000,rw-p,1024,1024
2026-09-02T10:48:13Z,7dac208f0000,rw-p,2048,2048
2026-09-02T10:48:13Z,7dac20af0000,rw-p,1024,1024
2026-09-02T10:48:13Z,7dac20bf0000,rw-p,704,700
2026-09-02T10:48:13Z,7dac20d00000,rw-p,576,540
2026-09-02T10:48:13Z,7dac2c000000,rwxp,7360,6756
2026-09-02T10:48:13Z,7dac34000000,rw-p,4888,4732
2026-09-02T10:48:13Z,7dac396d0000,rw-p,1268,1264
2026-09-02T10:53:13Z,fc000000,rw-p,65536,63796
2026-09-02T10:53:13Z,7dabec000000,rw-p,2188,2188
2026-09-02T10:53:13Z,7dabf4000000,rw-p,2376,2376
2026-09-02T10:53:13Z,7dac00000000,rw-p,7484,7452
2026-09-02T10:53:13Z,7dac0c000000,rw-p,21836,20112
2026-09-02T10:53:13Z,7dac20000000,rw-p,4544,4544
2026-09-02T10:53:13Z,7dac204f0000,rw-p,2048,2048
2026-09-02T10:53:13Z,7dac206f0000,rw-p,1024,1024
2026-09-02T10:53:13Z,7dac208f0000,rw-p,2048,2048
2026-09-02T10:53:13Z,7dac20af0000,rw-p,1024,1024
2026-09-02T10:53:13Z,7dac20bf0000,rw-p,704,700
2026-09-02T10:53:13Z,7dac20d00000,rw-p,576,540
2026-09-02T10:53:13Z,7dac2c000000,rwxp,7360,6756
2026-09-02T10:53:13Z,7dac34000000,rw-p,4888,4732
2026-09-02T10:53:13Z,7dac396d0000,rw-p,1268,1264
2026-09-02T10:58:13Z,fc000000,rw-p,65536,63796
2026-09-02T10:58:13Z,7dabec000000,rw-p,2188,2188
2026-09-02T10:58:13Z,7dabf4000000,rw-p,2376,2376
2026-09-02T10:58:13Z,7dac00000000,rw-p,7484,7452
2026-09-02T10:58:13Z,7dac0c000000,rw-p,21836,20112
2026-09-02T10:58:13Z,7dac20000000,rw-p,4544,4544
2026-09-02T10:58:13Z,7dac204f0000,rw-p,2048,2048
2026-09-02T10:58:13Z,7dac206f0000,rw-p,1024,1024
2026-09-02T10:58:13Z,7dac208f0000,rw-p,2048,2048
2026-09-02T10:58:13Z,7dac20af0000,rw-p,1024,1024
2026-09-02T10:58:13Z,7dac20bf0000,rw-p,704,700
2026-09-02T10:58:13Z,7dac20d00000,rw-p,576,540
2026-09-02T10:58:13Z,7dac2c000000,rwxp,7360,6756
2026-09-02T10:58:13Z,7dac34000000,rw-p,4888,4732
2026-09-02T10:58:13Z,7dac396d0000,rw-p,1268,1264
2026-09-02T11:03:13Z,fc000000,rw-p,65536,63796
2026-09-02T11:03:13Z,7dabec000000,rw-p,2188,2188
2026-09-02T11:03:13Z,7dabf4000000,rw-p,2376,2376
2026-09-02T11:03:13Z,7dac00000000,rw-p,7484,7452
2026-09-02T11:03:13Z,7dac0c000000,rw-p,21836,20112
2026-09-02T11:03:13Z,7dac20000000,rw-p,4544,4544
2026-09-02T11:03:13Z,7dac204f0000,rw-p,2048,2048
2026-09-02T11:03:13Z,7dac206f0000,rw-p,1024,1024
2026-09-02T11:03:13Z,7dac208f0000,rw-p,2048,2048
2026-09-02T11:03:13Z,7dac20af0000,rw-p,1024,1024
2026-09-02T11:03:13Z,7dac20bf0000,rw-p,704,700
2026-09-02T11:03:13Z,7dac20d00000,rw-p,576,540
2026-09-02T11:03:13Z,7dac2c000000,rwxp,7360,6756
2026-09-02T11:03:13Z,7dac34000000,rw-p,4888,4732
2026-09-02T11:03:13Z,7dac396d0000,rw-p,1268,1264
2026-09-02T11:08:14Z,fc000000,rw-p,65536,63796
2026-09-02T11:08:14Z,7dabec000000,rw-p,2188,2188
2026-09-02T11:08:14Z,7dabf4000000,rw-p,2376,2376
2026-09-02T11:08:14Z,7dac00000000,rw-p,7484,7452
2026-09-02T11:08:14Z,7dac0c000000,rw-p,21836,20112
2026-09-02T11:08:14Z,7dac20000000,rw-p,4544,4544
2026-09-02T11:08:14Z,7dac204f0000,rw-p,2048,2048
2026-09-02T11:08:14Z,7dac206f0000,rw-p,1024,1024
2026-09-02T11:08:14Z,7dac208f0000,rw-p,2048,2048
2026-09-02T11:08:14Z,7dac20af0000,rw-p,1024,1024
2026-09-02T11:08:14Z,7dac20bf0000,rw-p,704,700
2026-09-02T11:08:14Z,7dac20d00000,rw-p,576,540
2026-09-02T11:08:14Z,7dac2c000000,rwxp,7360,6756
2026-09-02T11:08:14Z,7dac34000000,rw-p,4888,4732
2026-09-02T11:08:14Z,7dac396d0000,rw-p,1268,1264
2026-09-02T11:13:14Z,fc000000,rw-p,65536,63796
2026-09-02T11:13:14Z,7dabec000000,rw-p,2188,2188
2026-09-02T11:13:14Z,7dabf4000000,rw-p,2376,2376
2026-09-02T11:13:14Z,7dac00000000,rw-p,7484,7452
2026-09-02T11:13:14Z,7dac0c000000,rw-p,21836,20112
2026-09-02T11:13:14Z,7dac20000000,rw-p,4544,4544
2026-09-02T11:13:14Z,7dac204f0000,rw-p,2048,2048
2026-09-02T11:13:14Z,7dac206f0000,rw-p,1024,1024
2026-09-02T11:13:14Z,7dac208f0000,rw-p,2048,2048
2026-09-02T11:13:14Z,7dac20af0000,rw-p,1024,1024
2026-09-02T11:13:14Z,7dac20bf0000,rw-p,704,700
2026-09-02T11:13:14Z,7dac20d00000,rw-p,576,540
2026-09-02T11:13:14Z,7dac2c000000,rwxp,7360,6756
2026-09-02T11:13:14Z,7dac34000000,rw-p,4888,4732
2026-09-02T11:13:14Z,7dac396d0000,rw-p,1268,1264
2026-09-02T11:18:14Z,fc000000,rw-p,65536,63796
2026-09-02T11:18:14Z,7dabec000000,rw-p,2188,2188
2026-09-02T11:18:14Z,7dabf4000000,rw-p,2376,2376
2026-09-02T11:18:14Z,7dac00000000,rw-p,7484,7452
2026-09-02T11:18:14Z,7dac0c000000,rw-p,21836,20112
2026-09-02T11:18:14Z,7dac20000000,rw-p,4544,4544
2026-09-02T11:18:14Z,7dac204f0000,rw-p,2048,2048
2026-09-02T11:18:14Z,7dac206f0000,rw-p,1024,1024
2026-09-02T11:18:14Z,7dac208f0000,rw-p,2048,2048
2026-09-02T11:18:14Z,7dac20af0000,rw-p,1024,1024
2026-09-02T11:18:14Z,7dac20bf0000,rw-p,704,700
2026-09-02T11:18:14Z,7dac20d00000,rw-p,576,540
2026-09-02T11:18:14Z,7dac2c000000,rwxp,7360,6756
2026-09-02T11:18:14Z,7dac34000000,rw-p,4888,4732
2026-09-02T11:18:14Z,7dac396d0000,rw-p,1268,1264
2026-09-02T11:23:14Z,fc000000,rw-p,65536,63796
2026-09-02T11:23:14Z,7dabec000000,rw-p,2188,2188
2026-09-02T11:23:14Z,7dabf4000000,rw-p,2376,2376
2026-09-02T11:23:14Z,7dac00000000,rw-p,7484,7452
2026-09-02T11:23:14Z,7dac0c000000,rw-p,21836,20112
2026-09-02T11:23:14Z,7dac20000000,rw-p,4544,4544
2026-09-02T11:23:14Z,7dac204f0000,rw-p,2048,2048
2026-09-02T11:23:14Z,7dac206f0000,rw-p,1024,1024
2026-09-02T11:23:14Z,7dac208f0000,rw-p,2048,2048
2026-09-02T11:23:14Z,7dac20af0000,rw-p,1024,1024
2026-09-02T11:23:14Z,7dac20bf0000,rw-p,704,700
2026-09-02T11:23:14Z,7dac20d00000,rw-p,576,540
2026-09-02T11:23:14Z,7dac2c000000,rwxp,7360,6756
2026-09-02T11:23:14Z,7dac34000000,rw-p,4888,4732
2026-09-02T11:23:14Z,7dac396d0000,rw-p,1268,1264
2026-09-02T11:28:14Z,fc000000,rw-p,65536,63796
2026-09-02T11:28:14Z,7dabec000000,rw-p,2188,2188
2026-09-02T11:28:14Z,7dabf4000000,rw-p,2376,2376
2026-09-02T11:28:14Z,7dac00000000,rw-p,7484,7452
2026-09-02T11:28:14Z,7dac0c000000,rw-p,21836,20112
2026-09-02T11:28:14Z,7dac20000000,rw-p,4544,4544
2026-09-02T11:28:14Z,7dac204f0000,rw-p,2048,2048
2026-09-02T11:28:14Z,7dac206f0000,rw-p,1024,1024
2026-09-02T11:28:14Z,7dac208f0000,rw-p,2048,2048
2026-09-02T11:28:14Z,7dac20af0000,rw-p,1024,1024
2026-09-02T11:28:14Z,7dac20bf0000,rw-p,704,700
2026-09-02T11:28:14Z,7dac20d00000,rw-p,576,540
2026-09-02T11:28:14Z,7dac2c000000,rwxp,7360,6756
2026-09-02T11:28:14Z,7dac34000000,rw-p,4888,4732
2026-09-02T11:28:14Z,7dac396d0000,rw-p,1268,1264
2026-09-02T11:33:14Z,fc000000,rw-p,65536,63796
2026-09-02T11:33:14Z,7dabec000000,rw-p,2188,2188
2026-09-02T11:33:14Z,7dabf4000000,rw-p,2376,2376
2026-09-02T11:33:14Z,7dac00000000,rw-p,7484,7452
2026-09-02T11:33:14Z,7dac0c000000,rw-p,21836,20112
2026-09-02T11:33:14Z,7dac20000000,rw-p,4544,4544
2026-09-02T11:33:14Z,7dac204f0000,rw-p,2048,2048
2026-09-02T11:33:14Z,7dac206f0000,rw-p,1024,1024
2026-09-02T11:33:14Z,7dac208f0000,rw-p,2048,2048
2026-09-02T11:33:14Z,7dac20af0000,rw-p,1024,1024
2026-09-02T11:33:14Z,7dac20bf0000,rw-p,704,700
2026-09-02T11:33:14Z,7dac20d00000,rw-p,576,540
2026-09-02T11:33:14Z,7dac2c000000,rwxp,7360,6756
2026-09-02T11:33:14Z,7dac34000000,rw-p,4888,4732
2026-09-02T11:33:14Z,7dac396d0000,rw-p,1268,1264
2026-09-02T11:38:14Z,fc000000,rw-p,65536,63796
2026-09-02T11:38:14Z,7dabec000000,rw-p,2188,2188
2026-09-02T11:38:14Z,7dabf4000000,rw-p,2376,2376
2026-09-02T11:38:14Z,7dac00000000,rw-p,7484,7452
2026-09-02T11:38:14Z,7dac0c000000,rw-p,21836,20112
2026-09-02T11:38:14Z,7dac20000000,rw-p,4544,4544
2026-09-02T11:38:14Z,7dac204f0000,rw-p,2048,2048
2026-09-02T11:38:14Z,7dac206f0000,rw-p,1024,1024
2026-09-02T11:38:14Z,7dac208f0000,rw-p,2048,2048
2026-09-02T11:38:14Z,7dac20af0000,rw-p,1024,1024
2026-09-02T11:38:14Z,7dac20bf0000,rw-p,704,700
2026-09-02T11:38:14Z,7dac20d00000,rw-p,576,540
2026-09-02T11:38:14Z,7dac2c000000,rwxp,7360,6756
2026-09-02T11:38:14Z,7dac34000000,rw-p,4888,4732
2026-09-02T11:38:14Z,7dac396d0000,rw-p,1268,1264
2026-09-02T11:43:14Z,fc000000,rw-p,65536,63796
2026-09-02T11:43:14Z,7dabec000000,rw-p,2188,2188
2026-09-02T11:43:14Z,7dabf4000000,rw-p,2376,2376
2026-09-02T11:43:14Z,7dac00000000,rw-p,7484,7452
2026-09-02T11:43:14Z,7dac0c000000,rw-p,21836,20112
2026-09-02T11:43:14Z,7dac20000000,rw-p,4544,4544
2026-09-02T11:43:14Z,7dac204f0000,rw-p,2048,2048
2026-09-02T11:43:14Z,7dac206f0000,rw-p,1024,1024
2026-09-02T11:43:14Z,7dac208f0000,rw-p,2048,2048
2026-09-02T11:43:14Z,7dac20af0000,rw-p,1024,1024
2026-09-02T11:43:14Z,7dac20bf0000,rw-p,704,700
2026-09-02T11:43:14Z,7dac20d00000,rw-p,576,540
2026-09-02T11:43:14Z,7dac2c000000,rwxp,7360,6756
2026-09-02T11:43:14Z,7dac34000000,rw-p,4888,4732
2026-09-02T11:43:14Z,7dac396d0000,rw-p,1268,1264
2026-09-02T11:48:14Z,fc000000,rw-p,65536,63796
2026-09-02T11:48:14Z,7dabec000000,rw-p,2188,2188
2026-09-02T11:48:14Z,7dabf4000000,rw-p,2376,2376
2026-09-02T11:48:14Z,7dac00000000,rw-p,7484,7452
2026-09-02T11:48:14Z,7dac0c000000,rw-p,21836,20112
2026-09-02T11:48:14Z,7dac20000000,rw-p,4544,4544
2026-09-02T11:48:14Z,7dac204f0000,rw-p,2048,2048
2026-09-02T11:48:14Z,7dac206f0000,rw-p,1024,1024
2026-09-02T11:48:14Z,7dac208f0000,rw-p,2048,2048
2026-09-02T11:48:14Z,7dac20af0000,rw-p,1024,1024
2026-09-02T11:48:14Z,7dac20bf0000,rw-p,704,700
2026-09-02T11:48:14Z,7dac20d00000,rw-p,576,540
2026-09-02T11:48:14Z,7dac2c000000,rwxp,7360,6756
2026-09-02T11:48:14Z,7dac34000000,rw-p,4888,4732
2026-09-02T11:48:14Z,7dac396d0000,rw-p,1268,1264
2026-09-02T11:53:14Z,fc000000,rw-p,65536,63796
2026-09-02T11:53:14Z,7dabec000000,rw-p,2188,2188
2026-09-02T11:53:14Z,7dabf4000000,rw-p,2376,2376
2026-09-02T11:53:14Z,7dac00000000,rw-p,7484,7452
2026-09-02T11:53:14Z,7dac0c000000,rw-p,21836,20112
2026-09-02T11:53:14Z,7dac20000000,rw-p,4544,4544
2026-09-02T11:53:14Z,7dac204f0000,rw-p,2048,2048
2026-09-02T11:53:14Z,7dac206f0000,rw-p,1024,1024
2026-09-02T11:53:14Z,7dac208f0000,rw-p,2048,2048
2026-09-02T11:53:14Z,7dac20af0000,rw-p,1024,1024
2026-09-02T11:53:14Z,7dac20bf0000,rw-p,704,700
2026-09-02T11:53:14Z,7dac20d00000,rw-p,576,540
2026-09-02T11:53:14Z,7dac2c000000,rwxp,7360,6756
2026-09-02T11:53:14Z,7dac34000000,rw-p,4888,4732
2026-09-02T11:53:14Z,7dac396d0000,rw-p,1268,1264
2026-09-02T11:58:15Z,fc000000,rw-p,65536,63796
2026-09-02T11:58:15Z,7dabec000000,rw-p,2188,2188
2026-09-02T11:58:15Z,7dabf4000000,rw-p,2376,2376
2026-09-02T11:58:15Z,7dac00000000,rw-p,7484,7452
2026-09-02T11:58:15Z,7dac0c000000,rw-p,21836,20112
2026-09-02T11:58:15Z,7dac20000000,rw-p,4544,4544
2026-09-02T11:58:15Z,7dac204f0000,rw-p,2048,2048
2026-09-02T11:58:15Z,7dac206f0000,rw-p,1024,1024
2026-09-02T11:58:15Z,7dac208f0000,rw-p,2048,2048
2026-09-02T11:58:15Z,7dac20af0000,rw-p,1024,1024
2026-09-02T11:58:15Z,7dac20bf0000,rw-p,704,700
2026-09-02T11:58:15Z,7dac20d00000,rw-p,576,540
2026-09-02T11:58:15Z,7dac2c000000,rwxp,7360,6756
2026-09-02T11:58:15Z,7dac34000000,rw-p,4888,4732
2026-09-02T11:58:15Z,7dac396d0000,rw-p,1268,1264
2026-09-02T12:03:15Z,fc000000,rw-p,65536,63796
2026-09-02T12:03:15Z,7dabec000000,rw-p,2188,2188
2026-09-02T12:03:15Z,7dabf4000000,rw-p,2376,2376
2026-09-02T12:03:15Z,7dac00000000,rw-p,7484,7452
2026-09-02T12:03:15Z,7dac0c000000,rw-p,21836,20112
2026-09-02T12:03:15Z,7dac20000000,rw-p,4544,4544
2026-09-02T12:03:15Z,7dac204f0000,rw-p,2048,2048
2026-09-02T12:03:15Z,7dac206f0000,rw-p,1024,1024
2026-09-02T12:03:15Z,7dac208f0000,rw-p,2048,2048
2026-09-02T12:03:15Z,7dac20af0000,rw-p,1024,1024
2026-09-02T12:03:15Z,7dac20bf0000,rw-p,704,700
2026-09-02T12:03:15Z,7dac20d00000,rw-p,576,540
2026-09-02T12:03:15Z,7dac2c000000,rwxp,7360,6756
2026-09-02T12:03:15Z,7dac34000000,rw-p,4888,4732
2026-09-02T12:03:15Z,7dac396d0000,rw-p,1268,1264
2026-09-02T12:08:15Z,fc000000,rw-p,65536,63796
2026-09-02T12:08:15Z,7dabec000000,rw-p,2188,2188
2026-09-02T12:08:15Z,7dabf4000000,rw-p,2376,2376
2026-09-02T12:08:15Z,7dac00000000,rw-p,7484,7452
2026-09-02T12:08:15Z,7dac0c000000,rw-p,21836,20112
2026-09-02T12:08:15Z,7dac20000000,rw-p,4544,4544
2026-09-02T12:08:15Z,7dac204f0000,rw-p,2048,2048
2026-09-02T12:08:15Z,7dac206f0000,rw-p,1024,1024
2026-09-02T12:08:15Z,7dac208f0000,rw-p,2048,2048
2026-09-02T12:08:15Z,7dac20af0000,rw-p,1024,1024
2026-09-02T12:08:15Z,7dac20bf0000,rw-p,704,700
2026-09-02T12:08:15Z,7dac20d00000,rw-p,576,540
2026-09-02T12:08:15Z,7dac2c000000,rwxp,7360,6756
2026-09-02T12:08:15Z,7dac34000000,rw-p,4888,4732
2026-09-02T12:08:15Z,7dac396d0000,rw-p,1268,1264
2026-09-02T12:13:15Z,fc000000,rw-p,65536,63796
2026-09-02T12:13:15Z,7dabec000000,rw-p,2188,2188
2026-09-02T12:13:15Z,7dabf4000000,rw-p,2376,2376
2026-09-02T12:13:15Z,7dac00000000,rw-p,7484,7452
2026-09-02T12:13:15Z,7dac0c000000,rw-p,21836,20112
2026-09-02T12:13:15Z,7dac20000000,rw-p,4544,4544
2026-09-02T12:13:15Z,7dac204f0000,rw-p,2048,2048
2026-09-02T12:13:15Z,7dac206f0000,rw-p,1024,1024
2026-09-02T12:13:15Z,7dac208f0000,rw-p,2048,2048
2026-09-02T12:13:15Z,7dac20af0000,rw-p,1024,1024
2026-09-02T12:13:15Z,7dac20bf0000,rw-p,704,700
2026-09-02T12:13:15Z,7dac20d00000,rw-p,576,540
2026-09-02T12:13:15Z,7dac2c000000,rwxp,7360,6756
2026-09-02T12:13:15Z,7dac34000000,rw-p,4888,4732
2026-09-02T12:13:15Z,7dac396d0000,rw-p,1268,1264
2026-09-02T12:18:15Z,fc000000,rw-p,65536,63796
2026-09-02T12:18:15Z,7dabec000000,rw-p,2188,2188
2026-09-02T12:18:15Z,7dabf4000000,rw-p,2376,2376
2026-09-02T12:18:15Z,7dac00000000,rw-p,7484,7452
2026-09-02T12:18:15Z,7dac0c000000,rw-p,21836,20112
2026-09-02T12:18:15Z,7dac20000000,rw-p,4544,4544
2026-09-02T12:18:15Z,7dac204f0000,rw-p,2048,2048
2026-09-02T12:18:15Z,7dac206f0000,rw-p,1024,1024
2026-09-02T12:18:15Z,7dac208f0000,rw-p,2048,2048
2026-09-02T12:18:15Z,7dac20af0000,rw-p,1024,1024
2026-09-02T12:18:15Z,7dac20bf0000,rw-p,704,700
2026-09-02T12:18:15Z,7dac20d00000,rw-p,576,540
2026-09-02T12:18:15Z,7dac2c000000,rwxp,7360,6756
2026-09-02T12:18:15Z,7dac34000000,rw-p,4888,4732
2026-09-02T12:18:15Z,7dac396d0000,rw-p,1268,1264
2026-09-02T12:23:15Z,fc000000,rw-p,65536,63796
2026-09-02T12:23:15Z,7dabec000000,rw-p,2188,2188
2026-09-02T12:23:15Z,7dabf4000000,rw-p,2376,2376
2026-09-02T12:23:15Z,7dac00000000,rw-p,7484,7452
2026-09-02T12:23:15Z,7dac0c000000,rw-p,21836,20112
2026-09-02T12:23:15Z,7dac20000000,rw-p,4544,4544
2026-09-02T12:23:15Z,7dac204f0000,rw-p,2048,2048
2026-09-02T12:23:15Z,7dac206f0000,rw-p,1024,1024
2026-09-02T12:23:15Z,7dac208f0000,rw-p,2048,2048
2026-09-02T12:23:15Z,7dac20af0000,rw-p,1024,1024
2026-09-02T12:23:15Z,7dac20bf0000,rw-p,704,700
2026-09-02T12:23:15Z,7dac20d00000,rw-p,576,540
2026-09-02T12:23:15Z,7dac2c000000,rwxp,7360,6756
2026-09-02T12:23:15Z,7dac34000000,rw-p,4888,4732
2026-09-02T12:23:15Z,7dac396d0000,rw-p,1268,1264
2026-09-02T12:28:15Z,fc000000,rw-p,65536,63796
2026-09-02T12:28:15Z,7dabec000000,rw-p,2188,2188
2026-09-02T12:28:15Z,7dabf4000000,rw-p,2376,2376
2026-09-02T12:28:15Z,7dac00000000,rw-p,7484,7452
2026-09-02T12:28:15Z,7dac0c000000,rw-p,21836,20112
2026-09-02T12:28:15Z,7dac20000000,rw-p,4544,4544
2026-09-02T12:28:15Z,7dac204f0000,rw-p,2048,2048
2026-09-02T12:28:15Z,7dac206f0000,rw-p,1024,1024
2026-09-02T12:28:15Z,7dac208f0000,rw-p,2048,2048
2026-09-02T12:28:15Z,7dac20af0000,rw-p,1024,1024
2026-09-02T12:28:15Z,7dac20bf0000,rw-p,704,700
2026-09-02T12:28:15Z,7dac20d00000,rw-p,576,540
2026-09-02T12:28:15Z,7dac2c000000,rwxp,7360,6756
2026-09-02T12:28:15Z,7dac34000000,rw-p,4888,4732
2026-09-02T12:28:15Z,7dac396d0000,rw-p,1268,1264
2026-09-02T12:33:15Z,fc000000,rw-p,65536,63796
2026-09-02T12:33:15Z,7dabec000000,rw-p,2188,2188
2026-09-02T12:33:15Z,7dabf4000000,rw-p,2376,2376
2026-09-02T12:33:15Z,7dac00000000,rw-p,7484,7452
2026-09-02T12:33:15Z,7dac0c000000,rw-p,21836,20112
2026-09-02T12:33:15Z,7dac20000000,rw-p,4544,4544
2026-09-02T12:33:15Z,7dac204f0000,rw-p,2048,2048
2026-09-02T12:33:15Z,7dac206f0000,rw-p,1024,1024
2026-09-02T12:33:15Z,7dac208f0000,rw-p,2048,2048
2026-09-02T12:33:15Z,7dac20af0000,rw-p,1024,1024
2026-09-02T12:33:15Z,7dac20bf0000,rw-p,704,700
2026-09-02T12:33:15Z,7dac20d00000,rw-p,576,540
2026-09-02T12:33:15Z,7dac2c000000,rwxp,7360,6756
2026-09-02T12:33:15Z,7dac34000000,rw-p,4888,4732
2026-09-02T12:33:15Z,7dac396d0000,rw-p,1268,1264
2026-09-02T12:38:15Z,fc000000,rw-p,65536,63796
2026-09-02T12:38:15Z,7dabec000000,rw-p,2188,2188
2026-09-02T12:38:15Z,7dabf4000000,rw-p,2376,2376
2026-09-02T12:38:15Z,7dac00000000,rw-p,7484,7452
2026-09-02T12:38:15Z,7dac0c000000,rw-p,21836,20112
2026-09-02T12:38:15Z,7dac20000000,rw-p,4544,4544
2026-09-02T12:38:15Z,7dac204f0000,rw-p,2048,2048
2026-09-02T12:38:15Z,7dac206f0000,rw-p,1024,1024
2026-09-02T12:38:15Z,7dac208f0000,rw-p,2048,2048
2026-09-02T12:38:15Z,7dac20af0000,rw-p,1024,1024
2026-09-02T12:38:15Z,7dac20bf0000,rw-p,704,700
2026-09-02T12:38:15Z,7dac20d00000,rw-p,576,540
2026-09-02T12:38:15Z,7dac2c000000,rwxp,7360,6756
2026-09-02T12:38:15Z,7dac34000000,rw-p,4888,4732
2026-09-02T12:38:15Z,7dac396d0000,rw-p,1268,1264
2026-09-02T12:43:16Z,fc000000,rw-p,65536,63796
2026-09-02T12:43:16Z,7dabec000000,rw-p,2188,2188
2026-09-02T12:43:16Z,7dabf4000000,rw-p,2376,2376
2026-09-02T12:43:16Z,7dac00000000,rw-p,7484,7452
2026-09-02T12:43:16Z,7dac0c000000,rw-p,21836,20112
2026-09-02T12:43:16Z,7dac20000000,rw-p,4544,4544
2026-09-02T12:43:16Z,7dac204f0000,rw-p,2048,2048
2026-09-02T12:43:16Z,7dac206f0000,rw-p,1024,1024
2026-09-02T12:43:16Z,7dac208f0000,rw-p,2048,2048
2026-09-02T12:43:16Z,7dac20af0000,rw-p,1024,1024
2026-09-02T12:43:16Z,7dac20bf0000,rw-p,704,700
2026-09-02T12:43:16Z,7dac20d00000,rw-p,576,540
2026-09-02T12:43:16Z,7dac2c000000,rwxp,7360,6756
2026-09-02T12:43:16Z,7dac34000000,rw-p,4888,4732
2026-09-02T12:43:16Z,7dac396d0000,rw-p,1268,1264
2026-09-02T12:48:16Z,fc000000,rw-p,65536,63796
2026-09-02T12:48:16Z,7dabec000000,rw-p,2188,2188
2026-09-02T12:48:16Z,7dabf4000000,rw-p,2376,2376
2026-09-02T12:48:16Z,7dac00000000,rw-p,7484,7452
2026-09-02T12:48:16Z,7dac0c000000,rw-p,21836,20112
2026-09-02T12:48:16Z,7dac20000000,rw-p,4544,4544
2026-09-02T12:48:16Z,7dac204f0000,rw-p,2048,2048
2026-09-02T12:48:16Z,7dac206f0000,rw-p,1024,1024
2026-09-02T12:48:16Z,7dac208f0000,rw-p,2048,2048
2026-09-02T12:48:16Z,7dac20af0000,rw-p,1024,1024
2026-09-02T12:48:16Z,7dac20bf0000,rw-p,704,700
2026-09-02T12:48:16Z,7dac20d00000,rw-p,576,540
2026-09-02T12:48:16Z,7dac2c000000,rwxp,7360,6756
2026-09-02T12:48:16Z,7dac34000000,rw-p,4888,4732
2026-09-02T12:48:16Z,7dac396d0000,rw-p,1268,1264
2026-09-02T12:53:16Z,fc000000,rw-p,65536,63796
2026-09-02T12:53:16Z,7dabec000000,rw-p,2188,2188
2026-09-02T12:53:16Z,7dabf4000000,rw-p,2376,2376
2026-09-02T12:53:16Z,7dac00000000,rw-p,7484,7452
2026-09-02T12:53:16Z,7dac0c000000,rw-p,21836,20112
2026-09-02T12:53:16Z,7dac20000000,rw-p,4544,4544
2026-09-02T12:53:16Z,7dac204f0000,rw-p,2048,2048
2026-09-02T12:53:16Z,7dac206f0000,rw-p,1024,1024
2026-09-02T12:53:16Z,7dac208f0000,rw-p,2048,2048
2026-09-02T12:53:16Z,7dac20af0000,rw-p,1024,1024
2026-09-02T12:53:16Z,7dac20bf0000,rw-p,704,700
2026-09-02T12:53:16Z,7dac20d00000,rw-p,576,540
2026-09-02T12:53:16Z,7dac2c000000,rwxp,7360,6756
2026-09-02T12:53:16Z,7dac34000000,rw-p,4888,4732
2026-09-02T12:53:16Z,7dac396d0000,rw-p,1268,1264
2026-09-02T12:58:16Z,fc000000,rw-p,65536,63796
2026-09-02T12:58:16Z,7dabec000000,rw-p,2188,2188
2026-09-02T12:58:16Z,7dabf4000000,rw-p,2376,2376
2026-09-02T12:58:16Z,7dac00000000,rw-p,7484,7452
2026-09-02T12:58:16Z,7dac0c000000,rw-p,21836,20112
2026-09-02T12:58:16Z,7dac20000000,rw-p,4544,4544
2026-09-02T12:58:16Z,7dac204f0000,rw-p,2048,2048
2026-09-02T12:58:16Z,7dac206f0000,rw-p,1024,1024
2026-09-02T12:58:16Z,7dac208f0000,rw-p,2048,2048
2026-09-02T12:58:16Z,7dac20af0000,rw-p,1024,1024
2026-09-02T12:58:16Z,7dac20bf0000,rw-p,704,700
2026-09-02T12:58:16Z,7dac20d00000,rw-p,576,540
2026-09-02T12:58:16Z,7dac2c000000,rwxp,7360,6756
2026-09-02T12:58:16Z,7dac34000000,rw-p,4888,4732
2026-09-02T12:58:16Z,7dac396d0000,rw-p,1268,1264
2026-09-02T13:03:16Z,fc000000,rw-p,65536,63796
2026-09-02T13:03:16Z,7dabec000000,rw-p,2188,2188
2026-09-02T13:03:16Z,7dabf4000000,rw-p,2376,2376
2026-09-02T13:03:16Z,7dac00000000,rw-p,7484,7452
2026-09-02T13:03:16Z,7dac0c000000,rw-p,21836,20112
2026-09-02T13:03:16Z,7dac20000000,rw-p,4544,4544
2026-09-02T13:03:16Z,7dac204f0000,rw-p,2048,2048
2026-09-02T13:03:16Z,7dac206f0000,rw-p,1024,1024
2026-09-02T13:03:16Z,7dac208f0000,rw-p,2048,2048
2026-09-02T13:03:16Z,7dac20af0000,rw-p,1024,1024
2026-09-02T13:03:16Z,7dac20bf0000,rw-p,704,700
2026-09-02T13:03:16Z,7dac20d00000,rw-p,576,540
2026-09-02T13:03:16Z,7dac2c000000,rwxp,7360,6756
2026-09-02T13:03:16Z,7dac34000000,rw-p,4888,4732
2026-09-02T13:03:16Z,7dac396d0000,rw-p,1268,1264
2026-09-02T13:08:16Z,fc000000,rw-p,65536,63796
2026-09-02T13:08:16Z,7dabec000000,rw-p,2188,2188
2026-09-02T13:08:16Z,7dabf4000000,rw-p,2376,2376
2026-09-02T13:08:16Z,7dac00000000,rw-p,7484,7452
2026-09-02T13:08:16Z,7dac0c000000,rw-p,21836,20112
2026-09-02T13:08:16Z,7dac20000000,rw-p,4544,4544
2026-09-02T13:08:16Z,7dac204f0000,rw-p,2048,2048
2026-09-02T13:08:16Z,7dac206f0000,rw-p,1024,1024
2026-09-02T13:08:16Z,7dac208f0000,rw-p,2048,2048
2026-09-02T13:08:16Z,7dac20af0000,rw-p,1024,1024
2026-09-02T13:08:16Z,7dac20bf0000,rw-p,704,700
2026-09-02T13:08:16Z,7dac20d00000,rw-p,576,540
2026-09-02T13:08:16Z,7dac2c000000,rwxp,7360,6756
2026-09-02T13:08:16Z,7dac34000000,rw-p,4888,4732
2026-09-02T13:08:16Z,7dac396d0000,rw-p,1268,1264
2026-09-02T13:13:16Z,fc000000,rw-p,65536,63796
2026-09-02T13:13:16Z,7dabec000000,rw-p,2188,2188
2026-09-02T13:13:16Z,7dabf4000000,rw-p,2376,2376
2026-09-02T13:13:16Z,7dac00000000,rw-p,7484,7452
2026-09-02T13:13:16Z,7dac0c000000,rw-p,21836,20112
2026-09-02T13:13:16Z,7dac20000000,rw-p,4544,4544
2026-09-02T13:13:16Z,7dac204f0000,rw-p,2048,2048
2026-09-02T13:13:16Z,7dac206f0000,rw-p,1024,1024
2026-09-02T13:13:16Z,7dac208f0000,rw-p,2048,2048
2026-09-02T13:13:16Z,7dac20af0000,rw-p,1024,1024
2026-09-02T13:13:16Z,7dac20bf0000,rw-p,704,700
2026-09-02T13:13:16Z,7dac20d00000,rw-p,576,540
2026-09-02T13:13:16Z,7dac2c000000,rwxp,7360,6756
2026-09-02T13:13:16Z,7dac34000000,rw-p,4888,4732
2026-09-02T13:13:16Z,7dac396d0000,rw-p,1268,1264
2026-09-02T13:18:16Z,fc000000,rw-p,65536,63796
2026-09-02T13:18:16Z,7dabec000000,rw-p,2188,2188
2026-09-02T13:18:16Z,7dabf4000000,rw-p,2376,2376
2026-09-02T13:18:16Z,7dac00000000,rw-p,7484,7452
2026-09-02T13:18:16Z,7dac0c000000,rw-p,21836,20112
2026-09-02T13:18:16Z,7dac20000000,rw-p,4544,4544
2026-09-02T13:18:16Z,7dac204f0000,rw-p,2048,2048
2026-09-02T13:18:16Z,7dac206f0000,rw-p,1024,1024
2026-09-02T13:18:16Z,7dac208f0000,rw-p,2048,2048
2026-09-02T13:18:16Z,7dac20af0000,rw-p,1024,1024
2026-09-02T13:18:16Z,7dac20bf0000,rw-p,704,700
2026-09-02T13:18:16Z,7dac20d00000,rw-p,576,540
2026-09-02T13:18:16Z,7dac2c000000,rwxp,7360,6756
2026-09-02T13:18:16Z,7dac34000000,rw-p,4888,4732
2026-09-02T13:18:16Z,7dac396d0000,rw-p,1268,1264
2026-09-02T13:23:16Z,fc000000,rw-p,65536,63796
2026-09-02T13:23:16Z,7dabec000000,rw-p,2188,2188
2026-09-02T13:23:16Z,7dabf4000000,rw-p,2376,2376
2026-09-02T13:23:16Z,7dac00000000,rw-p,7484,7452
2026-09-02T13:23:16Z,7dac0c000000,rw-p,21836,20112
2026-09-02T13:23:16Z,7dac20000000,rw-p,4544,4544
2026-09-02T13:23:16Z,7dac204f0000,rw-p,2048,2048
2026-09-02T13:23:16Z,7dac206f0000,rw-p,1024,1024
2026-09-02T13:23:16Z,7dac208f0000,rw-p,2048,2048
2026-09-02T13:23:16Z,7dac20af0000,rw-p,1024,1024
2026-09-02T13:23:16Z,7dac20bf0000,rw-p,704,700
2026-09-02T13:23:16Z,7dac20d00000,rw-p,576,540
2026-09-02T13:23:16Z,7dac2c000000,rwxp,7360,6756
2026-09-02T13:23:16Z,7dac34000000,rw-p,4888,4732
2026-09-02T13:23:16Z,7dac396d0000,rw-p,1268,1264
2026-09-02T13:28:17Z,fc000000,rw-p,65536,63796
2026-09-02T13:28:17Z,7dabec000000,rw-p,2188,2188
2026-09-02T13:28:17Z,7dabf4000000,rw-p,2376,2376
2026-09-02T13:28:17Z,7dac00000000,rw-p,7484,7452
2026-09-02T13:28:17Z,7dac0c000000,rw-p,21836,20112
2026-09-02T13:28:17Z,7dac20000000,rw-p,4544,4544
2026-09-02T13:28:17Z,7dac204f0000,rw-p,2048,2048
2026-09-02T13:28:17Z,7dac206f0000,rw-p,1024,1024
2026-09-02T13:28:17Z,7dac208f0000,rw-p,2048,2048
2026-09-02T13:28:17Z,7dac20af0000,rw-p,1024,1024
2026-09-02T13:28:17Z,7dac20bf0000,rw-p,704,700
2026-09-02T13:28:17Z,7dac20d00000,rw-p,576,540
2026-09-02T13:28:17Z,7dac2c000000,rwxp,7360,6756
2026-09-02T13:28:17Z,7dac34000000,rw-p,4888,4732
2026-09-02T13:28:17Z,7dac396d0000,rw-p,1268,1264
2026-09-02T13:33:17Z,fc000000,rw-p,65536,63796
2026-09-02T13:33:17Z,7dabec000000,rw-p,2188,2188
2026-09-02T13:33:17Z,7dabf4000000,rw-p,2376,2376
2026-09-02T13:33:17Z,7dac00000000,rw-p,7484,7452
2026-09-02T13:33:17Z,7dac0c000000,rw-p,21836,20112
2026-09-02T13:33:17Z,7dac20000000,rw-p,4544,4544
2026-09-02T13:33:17Z,7dac204f0000,rw-p,2048,2048
2026-09-02T13:33:17Z,7dac206f0000,rw-p,1024,1024
2026-09-02T13:33:17Z,7dac208f0000,rw-p,2048,2048
2026-09-02T13:33:17Z,7dac20af0000,rw-p,1024,1024
2026-09-02T13:33:17Z,7dac20bf0000,rw-p,704,700
2026-09-02T13:33:17Z,7dac20d00000,rw-p,576,540
2026-09-02T13:33:17Z,7dac2c000000,rwxp,7360,6756
2026-09-02T13:33:17Z,7dac34000000,rw-p,4888,4732
2026-09-02T13:33:17Z,7dac396d0000,rw-p,1268,1264
2026-09-02T13:38:17Z,fc000000,rw-p,65536,63796
2026-09-02T13:38:17Z,7dabec000000,rw-p,2188,2188
2026-09-02T13:38:17Z,7dabf4000000,rw-p,2376,2376
2026-09-02T13:38:17Z,7dac00000000,rw-p,7484,7452
2026-09-02T13:38:17Z,7dac0c000000,rw-p,21836,20112
2026-09-02T13:38:17Z,7dac20000000,rw-p,4544,4544
2026-09-02T13:38:17Z,7dac204f0000,rw-p,2048,2048
2026-09-02T13:38:17Z,7dac206f0000,rw-p,1024,1024
2026-09-02T13:38:17Z,7dac208f0000,rw-p,2048,2048
2026-09-02T13:38:17Z,7dac20af0000,rw-p,1024,1024
2026-09-02T13:38:17Z,7dac20bf0000,rw-p,704,700
2026-09-02T13:38:17Z,7dac20d00000,rw-p,576,540
2026-09-02T13:38:17Z,7dac2c000000,rwxp,7360,6756
2026-09-02T13:38:17Z,7dac34000000,rw-p,4888,4732
2026-09-02T13:38:17Z,7dac396d0000,rw-p,1268,1264
2026-09-02T13:43:17Z,fc000000,rw-p,65536,63796
2026-09-02T13:43:17Z,7dabec000000,rw-p,2188,2188
2026-09-02T13:43:17Z,7dabf4000000,rw-p,2376,2376
2026-09-02T13:43:17Z,7dac00000000,rw-p,7484,7452
2026-09-02T13:43:17Z,7dac0c000000,rw-p,21836,20112
2026-09-02T13:43:17Z,7dac20000000,rw-p,4544,4544
2026-09-02T13:43:17Z,7dac204f0000,rw-p,2048,2048
2026-09-02T13:43:17Z,7dac206f0000,rw-p,1024,1024
2026-09-02T13:43:17Z,7dac208f0000,rw-p,2048,2048
2026-09-02T13:43:17Z,7dac20af0000,rw-p,1024,1024
2026-09-02T13:43:17Z,7dac20bf0000,rw-p,704,700
2026-09-02T13:43:17Z,7dac20d00000,rw-p,576,540
2026-09-02T13:43:17Z,7dac2c000000,rwxp,7360,6756
2026-09-02T13:43:17Z,7dac34000000,rw-p,4888,4732
2026-09-02T13:43:17Z,7dac396d0000,rw-p,1268,1264
2026-09-02T13:48:17Z,fc000000,rw-p,65536,63796
2026-09-02T13:48:17Z,7dabec000000,rw-p,2188,2188
2026-09-02T13:48:17Z,7dabf4000000,rw-p,2376,2376
2026-09-02T13:48:17Z,7dac00000000,rw-p,7484,7452
2026-09-02T13:48:17Z,7dac0c000000,rw-p,21836,20112
2026-09-02T13:48:17Z,7dac20000000,rw-p,4544,4544
2026-09-02T13:48:17Z,7dac204f0000,rw-p,2048,2048
2026-09-02T13:48:17Z,7dac206f0000,rw-p,1024,1024
2026-09-02T13:48:17Z,7dac208f0000,rw-p,2048,2048
2026-09-02T13:48:17Z,7dac20af0000,rw-p,1024,1024
2026-09-02T13:48:17Z,7dac20bf0000,rw-p,704,700
2026-09-02T13:48:17Z,7dac20d00000,rw-p,576,540
2026-09-02T13:48:17Z,7dac2c000000,rwxp,7360,6756
2026-09-02T13:48:17Z,7dac34000000,rw-p,4888,4732
2026-09-02T13:48:17Z,7dac396d0000,rw-p,1268,1264
2026-09-02T13:53:17Z,fc000000,rw-p,65536,63796
2026-09-02T13:53:17Z,7dabec000000,rw-p,2188,2188
2026-09-02T13:53:17Z,7dabf4000000,rw-p,2376,2376
2026-09-02T13:53:17Z,7dac00000000,rw-p,7484,7452
2026-09-02T13:53:17Z,7dac0c000000,rw-p,21836,20112
2026-09-02T13:53:17Z,7dac20000000,rw-p,4544,4544
2026-09-02T13:53:17Z,7dac204f0000,rw-p,2048,2048
2026-09-02T13:53:17Z,7dac206f0000,rw-p,1024,1024
2026-09-02T13:53:17Z,7dac208f0000,rw-p,2048,2048
2026-09-02T13:53:17Z,7dac20af0000,rw-p,1024,1024
2026-09-02T13:53:17Z,7dac20bf0000,rw-p,704,700
2026-09-02T13:53:17Z,7dac20d00000,rw-p,576,540
2026-09-02T13:53:17Z,7dac2c000000,rwxp,7360,6756
2026-09-02T13:53:17Z,7dac34000000,rw-p,4888,4732
2026-09-02T13:53:17Z,7dac396d0000,rw-p,1268,1264
2026-09-02T13:58:17Z,fc000000,rw-p,65536,63796
2026-09-02T13:58:17Z,7dabec000000,rw-p,2188,2188
2026-09-02T13:58:17Z,7dabf4000000,rw-p,2376,2376
2026-09-02T13:58:17Z,7dac00000000,rw-p,7484,7452
2026-09-02T13:58:17Z,7dac0c000000,rw-p,21836,20112
2026-09-02T13:58:17Z,7dac20000000,rw-p,4544,4544
2026-09-02T13:58:17Z,7dac204f0000,rw-p,2048,2048
2026-09-02T13:58:17Z,7dac206f0000,rw-p,1024,1024
2026-09-02T13:58:17Z,7dac208f0000,rw-p,2048,2048
2026-09-02T13:58:17Z,7dac20af0000,rw-p,1024,1024
2026-09-02T13:58:17Z,7dac20bf0000,rw-p,704,700
2026-09-02T13:58:17Z,7dac20d00000,rw-p,576,540
2026-09-02T13:58:17Z,7dac2c000000,rwxp,7360,6756
2026-09-02T13:58:17Z,7dac34000000,rw-p,4888,4732
2026-09-02T13:58:17Z,7dac396d0000,rw-p,1268,1264
2026-09-02T14:03:17Z,fc000000,rw-p,65536,63796
2026-09-02T14:03:17Z,7dabec000000,rw-p,2188,2188
2026-09-02T14:03:17Z,7dabf4000000,rw-p,2376,2376
2026-09-02T14:03:17Z,7dac00000000,rw-p,7484,7452
2026-09-02T14:03:17Z,7dac0c000000,rw-p,21836,20112
2026-09-02T14:03:17Z,7dac20000000,rw-p,4544,4544
2026-09-02T14:03:17Z,7dac204f0000,rw-p,2048,2048
2026-09-02T14:03:17Z,7dac206f0000,rw-p,1024,1024
2026-09-02T14:03:17Z,7dac208f0000,rw-p,2048,2048
2026-09-02T14:03:17Z,7dac20af0000,rw-p,1024,1024
2026-09-02T14:03:17Z,7dac20bf0000,rw-p,704,700
2026-09-02T14:03:17Z,7dac20d00000,rw-p,576,540
2026-09-02T14:03:17Z,7dac2c000000,rwxp,7360,6756
2026-09-02T14:03:17Z,7dac34000000,rw-p,4888,4732
2026-09-02T14:03:17Z,7dac396d0000,rw-p,1268,1264
2026-09-02T14:08:17Z,fc000000,rw-p,65536,63796
2026-09-02T14:08:17Z,7dabec000000,rw-p,2188,2188
2026-09-02T14:08:17Z,7dabf4000000,rw-p,2376,2376
2026-09-02T14:08:17Z,7dac00000000,rw-p,7484,7452
2026-09-02T14:08:17Z,7dac0c000000,rw-p,21836,20112
2026-09-02T14:08:17Z,7dac20000000,rw-p,4544,4544
2026-09-02T14:08:17Z,7dac204f0000,rw-p,2048,2048
2026-09-02T14:08:17Z,7dac206f0000,rw-p,1024,1024
2026-09-02T14:08:17Z,7dac208f0000,rw-p,2048,2048
2026-09-02T14:08:17Z,7dac20af0000,rw-p,1024,1024
2026-09-02T14:08:17Z,7dac20bf0000,rw-p,704,700
2026-09-02T14:08:17Z,7dac20d00000,rw-p,576,540
2026-09-02T14:08:17Z,7dac2c000000,rwxp,7360,6756
2026-09-02T14:08:17Z,7dac34000000,rw-p,4888,4732
2026-09-02T14:08:17Z,7dac396d0000,rw-p,1268,1264
2026-09-02T14:13:17Z,fc000000,rw-p,65536,63796
2026-09-02T14:13:17Z,7dabec000000,rw-p,2188,2188
2026-09-02T14:13:17Z,7dabf4000000,rw-p,2376,2376
2026-09-02T14:13:17Z,7dac00000000,rw-p,7484,7452
2026-09-02T14:13:17Z,7dac0c000000,rw-p,21836,20112
2026-09-02T14:13:17Z,7dac20000000,rw-p,4544,4544
2026-09-02T14:13:17Z,7dac204f0000,rw-p,2048,2048
2026-09-02T14:13:17Z,7dac206f0000,rw-p,1024,1024
2026-09-02T14:13:17Z,7dac208f0000,rw-p,2048,2048
2026-09-02T14:13:17Z,7dac20af0000,rw-p,1024,1024
2026-09-02T14:13:17Z,7dac20bf0000,rw-p,704,700
2026-09-02T14:13:17Z,7dac20d00000,rw-p,576,540
2026-09-02T14:13:17Z,7dac2c000000,rwxp,7360,6756
2026-09-02T14:13:17Z,7dac34000000,rw-p,4888,4732
2026-09-02T14:13:17Z,7dac396d0000,rw-p,1268,1264
2026-09-02T14:18:18Z,fc000000,rw-p,65536,63796
2026-09-02T14:18:18Z,7dabec000000,rw-p,2188,2188
2026-09-02T14:18:18Z,7dabf4000000,rw-p,2376,2376
2026-09-02T14:18:18Z,7dac00000000,rw-p,7484,7452
2026-09-02T14:18:18Z,7dac0c000000,rw-p,21836,20112
2026-09-02T14:18:18Z,7dac20000000,rw-p,4544,4544
2026-09-02T14:18:18Z,7dac204f0000,rw-p,2048,2048
2026-09-02T14:18:18Z,7dac206f0000,rw-p,1024,1024
2026-09-02T14:18:18Z,7dac208f0000,rw-p,2048,2048
2026-09-02T14:18:18Z,7dac20af0000,rw-p,1024,1024
2026-09-02T14:18:18Z,7dac20bf0000,rw-p,704,700
2026-09-02T14:18:18Z,7dac20d00000,rw-p,576,540
2026-09-02T14:18:18Z,7dac2c000000,rwxp,7360,6756
2026-09-02T14:18:18Z,7dac34000000,rw-p,4888,4732
2026-09-02T14:18:18Z,7dac396d0000,rw-p,1268,1264
2026-09-02T14:23:18Z,fc000000,rw-p,65536,63796
2026-09-02T14:23:18Z,7dabec000000,rw-p,2188,2188
2026-09-02T14:23:18Z,7dabf4000000,rw-p,2376,2376
2026-09-02T14:23:18Z,7dac00000000,rw-p,7484,7452
2026-09-02T14:23:18Z,7dac0c000000,rw-p,21836,20112
2026-09-02T14:23:18Z,7dac20000000,rw-p,4544,4544
2026-09-02T14:23:18Z,7dac204f0000,rw-p,2048,2048
2026-09-02T14:23:18Z,7dac206f0000,rw-p,1024,1024
2026-09-02T14:23:18Z,7dac208f0000,rw-p,2048,2048
2026-09-02T14:23:18Z,7dac20af0000,rw-p,1024,1024
2026-09-02T14:23:18Z,7dac20bf0000,rw-p,704,700
2026-09-02T14:23:18Z,7dac20d00000,rw-p,576,540
2026-09-02T14:23:18Z,7dac2c000000,rwxp,7360,6756
2026-09-02T14:23:18Z,7dac34000000,rw-p,4888,4732
2026-09-02T14:23:18Z,7dac396d0000,rw-p,1268,1264
2026-09-02T14:28:18Z,fc000000,rw-p,65536,63796
2026-09-02T14:28:18Z,7dabec000000,rw-p,2188,2188
2026-09-02T14:28:18Z,7dabf4000000,rw-p,2376,2376
2026-09-02T14:28:18Z,7dac00000000,rw-p,7484,7452
2026-09-02T14:28:18Z,7dac0c000000,rw-p,21836,20112
2026-09-02T14:28:18Z,7dac20000000,rw-p,4544,4544
2026-09-02T14:28:18Z,7dac204f0000,rw-p,2048,2048
2026-09-02T14:28:18Z,7dac206f0000,rw-p,1024,1024
2026-09-02T14:28:18Z,7dac208f0000,rw-p,2048,2048
2026-09-02T14:28:18Z,7dac20af0000,rw-p,1024,1024
2026-09-02T14:28:18Z,7dac20bf0000,rw-p,704,700
2026-09-02T14:28:18Z,7dac20d00000,rw-p,576,540
2026-09-02T14:28:18Z,7dac2c000000,rwxp,7360,6756
2026-09-02T14:28:18Z,7dac34000000,rw-p,4888,4732
2026-09-02T14:28:18Z,7dac396d0000,rw-p,1268,1264
2026-09-02T14:33:18Z,fc000000,rw-p,65536,63796
2026-09-02T14:33:18Z,7dabec000000,rw-p,2188,2188
2026-09-02T14:33:18Z,7dabf4000000,rw-p,2376,2376
2026-09-02T14:33:18Z,7dac00000000,rw-p,7484,7452
2026-09-02T14:33:18Z,7dac0c000000,rw-p,21836,20112
2026-09-02T14:33:18Z,7dac20000000,rw-p,4544,4544
2026-09-02T14:33:18Z,7dac204f0000,rw-p,2048,2048
2026-09-02T14:33:18Z,7dac206f0000,rw-p,1024,1024
2026-09-02T14:33:18Z,7dac208f0000,rw-p,2048,2048
2026-09-02T14:33:18Z,7dac20af0000,rw-p,1024,1024
2026-09-02T14:33:18Z,7dac20bf0000,rw-p,704,700
2026-09-02T14:33:18Z,7dac20d00000,rw-p,576,540
2026-09-02T14:33:18Z,7dac2c000000,rwxp,7360,6756
2026-09-02T14:33:18Z,7dac34000000,rw-p,4888,4732
2026-09-02T14:33:18Z,7dac396d0000,rw-p,1268,1264
2026-09-02T14:38:18Z,fc000000,rw-p,65536,63796
2026-09-02T14:38:18Z,7dabec000000,rw-p,2188,2188
2026-09-02T14:38:18Z,7dabf4000000,rw-p,2376,2376
2026-09-02T14:38:18Z,7dac00000000,rw-p,7484,7452
2026-09-02T14:38:18Z,7dac0c000000,rw-p,21836,20112
2026-09-02T14:38:18Z,7dac20000000,rw-p,4544,4544
2026-09-02T14:38:18Z,7dac204f0000,rw-p,2048,2048
2026-09-02T14:38:18Z,7dac206f0000,rw-p,1024,1024
2026-09-02T14:38:18Z,7dac208f0000,rw-p,2048,2048
2026-09-02T14:38:18Z,7dac20af0000,rw-p,1024,1024
2026-09-02T14:38:18Z,7dac20bf0000,rw-p,704,700
2026-09-02T14:38:18Z,7dac20d00000,rw-p,576,540
2026-09-02T14:38:18Z,7dac2c000000,rwxp,7360,6756
2026-09-02T14:38:18Z,7dac34000000,rw-p,4888,4732
2026-09-02T14:38:18Z,7dac396d0000,rw-p,1268,1264
2026-09-02T14:43:18Z,fc000000,rw-p,65536,63796
2026-09-02T14:43:18Z,7dabec000000,rw-p,2188,2188
2026-09-02T14:43:18Z,7dabf4000000,rw-p,2376,2376
2026-09-02T14:43:18Z,7dac00000000,rw-p,7484,7452
2026-09-02T14:43:18Z,7dac0c000000,rw-p,21836,20112
2026-09-02T14:43:18Z,7dac20000000,rw-p,4544,4544
2026-09-02T14:43:18Z,7dac204f0000,rw-p,2048,2048
2026-09-02T14:43:18Z,7dac206f0000,rw-p,1024,1024
2026-09-02T14:43:18Z,7dac208f0000,rw-p,2048,2048
2026-09-02T14:43:18Z,7dac20af0000,rw-p,1024,1024
2026-09-02T14:43:18Z,7dac20bf0000,rw-p,704,700
2026-09-02T14:43:18Z,7dac20d00000,rw-p,576,540
2026-09-02T14:43:18Z,7dac2c000000,rwxp,7360,6756
2026-09-02T14:43:18Z,7dac34000000,rw-p,4888,4732
2026-09-02T14:43:18Z,7dac396d0000,rw-p,1268,1264
2026-09-02T14:48:18Z,fc000000,rw-p,65536,63796
2026-09-02T14:48:18Z,7dabec000000,rw-p,2188,2188
2026-09-02T14:48:18Z,7dabf4000000,rw-p,2376,2376
2026-09-02T14:48:18Z,7dac00000000,rw-p,7484,7452
2026-09-02T14:48:18Z,7dac0c000000,rw-p,21836,20112
2026-09-02T14:48:18Z,7dac20000000,rw-p,4544,4544
2026-09-02T14:48:18Z,7dac204f0000,rw-p,2048,2048
2026-09-02T14:48:18Z,7dac206f0000,rw-p,1024,1024
2026-09-02T14:48:18Z,7dac208f0000,rw-p,2048,2048
2026-09-02T14:48:18Z,7dac20af0000,rw-p,1024,1024
2026-09-02T14:48:18Z,7dac20bf0000,rw-p,704,700
2026-09-02T14:48:18Z,7dac20d00000,rw-p,576,540
2026-09-02T14:48:18Z,7dac2c000000,rwxp,7360,6756
2026-09-02T14:48:18Z,7dac34000000,rw-p,4888,4732
2026-09-02T14:48:18Z,7dac396d0000,rw-p,1268,1264
2026-09-02T14:53:18Z,fc000000,rw-p,65536,63796
2026-09-02T14:53:18Z,7dabec000000,rw-p,2188,2188
2026-09-02T14:53:18Z,7dabf4000000,rw-p,2376,2376
2026-09-02T14:53:18Z,7dac00000000,rw-p,7484,7452
2026-09-02T14:53:18Z,7dac0c000000,rw-p,21836,20112
2026-09-02T14:53:18Z,7dac20000000,rw-p,4544,4544
2026-09-02T14:53:18Z,7dac204f0000,rw-p,2048,2048
2026-09-02T14:53:18Z,7dac206f0000,rw-p,1024,1024
2026-09-02T14:53:18Z,7dac208f0000,rw-p,2048,2048
2026-09-02T14:53:18Z,7dac20af0000,rw-p,1024,1024
2026-09-02T14:53:18Z,7dac20bf0000,rw-p,704,700
2026-09-02T14:53:18Z,7dac20d00000,rw-p,576,540
2026-09-02T14:53:18Z,7dac2c000000,rwxp,7360,6756
2026-09-02T14:53:18Z,7dac34000000,rw-p,4888,4732
2026-09-02T14:53:18Z,7dac396d0000,rw-p,1268,1264
2026-09-02T14:58:18Z,fc000000,rw-p,65536,63796
2026-09-02T14:58:18Z,7dabec000000,rw-p,2188,2188
2026-09-02T14:58:18Z,7dabf4000000,rw-p,2376,2376
2026-09-02T14:58:18Z,7dac00000000,rw-p,7484,7452
2026-09-02T14:58:18Z,7dac0c000000,rw-p,21836,20112
2026-09-02T14:58:18Z,7dac20000000,rw-p,4544,4544
2026-09-02T14:58:18Z,7dac204f0000,rw-p,2048,2048
2026-09-02T14:58:18Z,7dac206f0000,rw-p,1024,1024
2026-09-02T14:58:18Z,7dac208f0000,rw-p,2048,2048
2026-09-02T14:58:18Z,7dac20af0000,rw-p,1024,1024
2026-09-02T14:58:18Z,7dac20bf0000,rw-p,704,700
2026-09-02T14:58:18Z,7dac20d00000,rw-p,576,540
2026-09-02T14:58:18Z,7dac2c000000,rwxp,7360,6756
2026-09-02T14:58:18Z,7dac34000000,rw-p,4888,4732
2026-09-02T14:58:18Z,7dac396d0000,rw-p,1268,1264
2026-09-02T15:03:18Z,fc000000,rw-p,65536,63796
2026-09-02T15:03:18Z,7dabec000000,rw-p,2188,2188
2026-09-02T15:03:18Z,7dabf4000000,rw-p,2376,2376
2026-09-02T15:03:18Z,7dac00000000,rw-p,7484,7452
2026-09-02T15:03:18Z,7dac0c000000,rw-p,21836,20112
2026-09-02T15:03:18Z,7dac20000000,rw-p,4544,4544
2026-09-02T15:03:18Z,7dac204f0000,rw-p,2048,2048
2026-09-02T15:03:18Z,7dac206f0000,rw-p,1024,1024
2026-09-02T15:03:18Z,7dac208f0000,rw-p,2048,2048
2026-09-02T15:03:18Z,7dac20af0000,rw-p,1024,1024
2026-09-02T15:03:18Z,7dac20bf0000,rw-p,704,700
2026-09-02T15:03:18Z,7dac20d00000,rw-p,576,540
2026-09-02T15:03:18Z,7dac2c000000,rwxp,7360,6756
2026-09-02T15:03:18Z,7dac34000000,rw-p,4888,4732
2026-09-02T15:03:18Z,7dac396d0000,rw-p,1268,1264
2026-09-02T15:08:19Z,fc000000,rw-p,65536,63796
2026-09-02T15:08:19Z,7dabec000000,rw-p,2188,2188
2026-09-02T15:08:19Z,7dabf4000000,rw-p,2376,2376
2026-09-02T15:08:19Z,7dac00000000,rw-p,7484,7452
2026-09-02T15:08:19Z,7dac0c000000,rw-p,21836,20112
2026-09-02T15:08:19Z,7dac20000000,rw-p,4544,4544
2026-09-02T15:08:19Z,7dac204f0000,rw-p,2048,2048
2026-09-02T15:08:19Z,7dac206f0000,rw-p,1024,1024
2026-09-02T15:08:19Z,7dac208f0000,rw-p,2048,2048
2026-09-02T15:08:19Z,7dac20af0000,rw-p,1024,1024
2026-09-02T15:08:19Z,7dac20bf0000,rw-p,704,700
2026-09-02T15:08:19Z,7dac20d00000,rw-p,576,540
2026-09-02T15:08:19Z,7dac2c000000,rwxp,7360,6756
2026-09-02T15:08:19Z,7dac34000000,rw-p,4888,4732
2026-09-02T15:08:19Z,7dac396d0000,rw-p,1268,1264
2026-09-02T15:13:19Z,fc000000,rw-p,65536,63796
2026-09-02T15:13:19Z,7dabec000000,rw-p,2188,2188
2026-09-02T15:13:19Z,7dabf4000000,rw-p,2376,2376
2026-09-02T15:13:19Z,7dac00000000,rw-p,7484,7452
2026-09-02T15:13:19Z,7dac0c000000,rw-p,21836,20112
2026-09-02T15:13:19Z,7dac20000000,rw-p,4544,4544
2026-09-02T15:13:19Z,7dac204f0000,rw-p,2048,2048
2026-09-02T15:13:19Z,7dac206f0000,rw-p,1024,1024
2026-09-02T15:13:19Z,7dac208f0000,rw-p,2048,2048
2026-09-02T15:13:19Z,7dac20af0000,rw-p,1024,1024
2026-09-02T15:13:19Z,7dac20bf0000,rw-p,704,700
2026-09-02T15:13:19Z,7dac20d00000,rw-p,576,540
2026-09-02T15:13:19Z,7dac2c000000,rwxp,7360,6756
2026-09-02T15:13:19Z,7dac34000000,rw-p,4888,4732
2026-09-02T15:13:19Z,7dac396d0000,rw-p,1268,1264
2026-09-02T15:18:19Z,fc000000,rw-p,65536,63796
2026-09-02T15:18:19Z,7dabec000000,rw-p,2188,2188
2026-09-02T15:18:19Z,7dabf4000000,rw-p,2376,2376
2026-09-02T15:18:19Z,7dac00000000,rw-p,7484,7452
2026-09-02T15:18:19Z,7dac0c000000,rw-p,21836,20112
2026-09-02T15:18:19Z,7dac20000000,rw-p,4544,4544
2026-09-02T15:18:19Z,7dac204f0000,rw-p,2048,2048
2026-09-02T15:18:19Z,7dac206f0000,rw-p,1024,1024
2026-09-02T15:18:19Z,7dac208f0000,rw-p,2048,2048
2026-09-02T15:18:19Z,7dac20af0000,rw-p,1024,1024
2026-09-02T15:18:19Z,7dac20bf0000,rw-p,704,700
2026-09-02T15:18:19Z,7dac20d00000,rw-p,576,540
2026-09-02T15:18:19Z,7dac2c000000,rwxp,7360,6756
2026-09-02T15:18:19Z,7dac34000000,rw-p,4888,4732
2026-09-02T15:18:19Z,7dac396d0000,rw-p,1268,1264
2026-09-02T15:23:19Z,fc000000,rw-p,65536,63796
2026-09-02T15:23:19Z,7dabec000000,rw-p,2188,2188
2026-09-02T15:23:19Z,7dabf4000000,rw-p,2376,2376
2026-09-02T15:23:19Z,7dac00000000,rw-p,7484,7452
2026-09-02T15:23:19Z,7dac0c000000,rw-p,21836,20112
2026-09-02T15:23:19Z,7dac20000000,rw-p,4544,4544
2026-09-02T15:23:19Z,7dac204f0000,rw-p,2048,2048
2026-09-02T15:23:19Z,7dac206f0000,rw-p,1024,1024
2026-09-02T15:23:19Z,7dac208f0000,rw-p,2048,2048
2026-09-02T15:23:19Z,7dac20af0000,rw-p,1024,1024
2026-09-02T15:23:19Z,7dac20bf0000,rw-p,704,700
2026-09-02T15:23:19Z,7dac20d00000,rw-p,576,540
2026-09-02T15:23:19Z,7dac2c000000,rwxp,7360,6756
2026-09-02T15:23:19Z,7dac34000000,rw-p,4888,4732
2026-09-02T15:23:19Z,7dac396d0000,rw-p,1268,1264
2026-09-02T15:28:19Z,fc000000,rw-p,65536,63796
2026-09-02T15:28:19Z,7dabec000000,rw-p,2188,2188
2026-09-02T15:28:19Z,7dabf4000000,rw-p,2376,2376
2026-09-02T15:28:19Z,7dac00000000,rw-p,7484,7452
2026-09-02T15:28:19Z,7dac0c000000,rw-p,21836,20112
2026-09-02T15:28:19Z,7dac20000000,rw-p,4544,4544
2026-09-02T15:28:19Z,7dac204f0000,rw-p,2048,2048
2026-09-02T15:28:19Z,7dac206f0000,rw-p,1024,1024
2026-09-02T15:28:19Z,7dac208f0000,rw-p,2048,2048
2026-09-02T15:28:19Z,7dac20af0000,rw-p,1024,1024
2026-09-02T15:28:19Z,7dac20bf0000,rw-p,704,700
2026-09-02T15:28:19Z,7dac20d00000,rw-p,576,540
2026-09-02T15:28:19Z,7dac2c000000,rwxp,7360,6756
2026-09-02T15:28:19Z,7dac34000000,rw-p,4888,4732
2026-09-02T15:28:19Z,7dac396d0000,rw-p,1268,1264
2026-09-02T15:33:19Z,fc000000,rw-p,65536,63796
2026-09-02T15:33:19Z,7dabec000000,rw-p,2188,2188
2026-09-02T15:33:19Z,7dabf4000000,rw-p,2376,2376
2026-09-02T15:33:19Z,7dac00000000,rw-p,7484,7452
2026-09-02T15:33:19Z,7dac0c000000,rw-p,21836,20112
2026-09-02T15:33:19Z,7dac20000000,rw-p,4544,4544
2026-09-02T15:33:19Z,7dac204f0000,rw-p,2048,2048
2026-09-02T15:33:19Z,7dac206f0000,rw-p,1024,1024
2026-09-02T15:33:19Z,7dac208f0000,rw-p,2048,2048
2026-09-02T15:33:19Z,7dac20af0000,rw-p,1024,1024
2026-09-02T15:33:19Z,7dac20bf0000,rw-p,704,700
2026-09-02T15:33:19Z,7dac20d00000,rw-p,576,540
2026-09-02T15:33:19Z,7dac2c000000,rwxp,7360,6756
2026-09-02T15:33:19Z,7dac34000000,rw-p,4888,4732
2026-09-02T15:33:19Z,7dac396d0000,rw-p,1268,1264
2026-09-02T15:38:19Z,fc000000,rw-p,65536,63796
2026-09-02T15:38:19Z,7dabec000000,rw-p,2188,2188
2026-09-02T15:38:19Z,7dabf4000000,rw-p,2376,2376
2026-09-02T15:38:19Z,7dac00000000,rw-p,7484,7452
2026-09-02T15:38:19Z,7dac0c000000,rw-p,21836,20112
2026-09-02T15:38:19Z,7dac20000000,rw-p,4544,4544
2026-09-02T15:38:19Z,7dac204f0000,rw-p,2048,2048
2026-09-02T15:38:19Z,7dac206f0000,rw-p,1024,1024
2026-09-02T15:38:19Z,7dac208f0000,rw-p,2048,2048
2026-09-02T15:38:19Z,7dac20af0000,rw-p,1024,1024
2026-09-02T15:38:19Z,7dac20bf0000,rw-p,704,700
2026-09-02T15:38:19Z,7dac20d00000,rw-p,576,540
2026-09-02T15:38:19Z,7dac2c000000,rwxp,7360,6756
2026-09-02T15:38:19Z,7dac34000000,rw-p,4888,4732
2026-09-02T15:38:19Z,7dac396d0000,rw-p,1268,1264
2026-09-02T15:43:19Z,fc000000,rw-p,65536,63796
2026-09-02T15:43:19Z,7dabec000000,rw-p,2188,2188
2026-09-02T15:43:19Z,7dabf4000000,rw-p,2376,2376
2026-09-02T15:43:19Z,7dac00000000,rw-p,7484,7452
2026-09-02T15:43:19Z,7dac0c000000,rw-p,21836,20112
2026-09-02T15:43:19Z,7dac20000000,rw-p,4544,4544
2026-09-02T15:43:19Z,7dac204f0000,rw-p,2048,2048
2026-09-02T15:43:19Z,7dac206f0000,rw-p,1024,1024
2026-09-02T15:43:19Z,7dac208f0000,rw-p,2048,2048
2026-09-02T15:43:19Z,7dac20af0000,rw-p,1024,1024
2026-09-02T15:43:19Z,7dac20bf0000,rw-p,704,700
2026-09-02T15:43:19Z,7dac20d00000,rw-p,576,540
2026-09-02T15:43:19Z,7dac2c000000,rwxp,7360,6756
2026-09-02T15:43:19Z,7dac34000000,rw-p,4888,4732
2026-09-02T15:43:19Z,7dac396d0000,rw-p,1268,1264
2026-09-02T15:48:19Z,fc000000,rw-p,65536,63796
2026-09-02T15:48:19Z,7dabec000000,rw-p,2188,2188
2026-09-02T15:48:19Z,7dabf4000000,rw-p,2376,2376
2026-09-02T15:48:19Z,7dac00000000,rw-p,7484,7452
2026-09-02T15:48:19Z,7dac0c000000,rw-p,21836,20112
2026-09-02T15:48:19Z,7dac20000000,rw-p,4544,4544
2026-09-02T15:48:19Z,7dac204f0000,rw-p,2048,2048
2026-09-02T15:48:19Z,7dac206f0000,rw-p,1024,1024
2026-09-02T15:48:19Z,7dac208f0000,rw-p,2048,2048
2026-09-02T15:48:19Z,7dac20af0000,rw-p,1024,1024
2026-09-02T15:48:19Z,7dac20bf0000,rw-p,704,700
2026-09-02T15:48:19Z,7dac20d00000,rw-p,576,540
2026-09-02T15:48:19Z,7dac2c000000,rwxp,7360,6756
2026-09-02T15:48:19Z,7dac34000000,rw-p,4888,4732
2026-09-02T15:48:19Z,7dac396d0000,rw-p,1268,1264
2026-09-02T15:53:19Z,fc000000,rw-p,65536,63796
2026-09-02T15:53:19Z,7dabec000000,rw-p,2188,2188
2026-09-02T15:53:19Z,7dabf4000000,rw-p,2376,2376
2026-09-02T15:53:19Z,7dac00000000,rw-p,7484,7452
2026-09-02T15:53:19Z,7dac0c000000,rw-p,21836,20112
2026-09-02T15:53:19Z,7dac20000000,rw-p,4544,4544
2026-09-02T15:53:19Z,7dac204f0000,rw-p,2048,2048
2026-09-02T15:53:19Z,7dac206f0000,rw-p,1024,1024
2026-09-02T15:53:19Z,7dac208f0000,rw-p,2048,2048
2026-09-02T15:53:19Z,7dac20af0000,rw-p,1024,1024
2026-09-02T15:53:19Z,7dac20bf0000,rw-p,704,700
2026-09-02T15:53:19Z,7dac20d00000,rw-p,576,540
2026-09-02T15:53:19Z,7dac2c000000,rwxp,7360,6756
2026-09-02T15:53:19Z,7dac34000000,rw-p,4888,4732
2026-09-02T15:53:19Z,7dac396d0000,rw-p,1268,1264
2026-09-02T15:58:20Z,fc000000,rw-p,65536,63796
2026-09-02T15:58:20Z,7dabec000000,rw-p,2188,2188
2026-09-02T15:58:20Z,7dabf4000000,rw-p,2376,2376
2026-09-02T15:58:20Z,7dac00000000,rw-p,7484,7452
2026-09-02T15:58:20Z,7dac0c000000,rw-p,21836,20112
2026-09-02T15:58:20Z,7dac20000000,rw-p,4544,4544
2026-09-02T15:58:20Z,7dac204f0000,rw-p,2048,2048
2026-09-02T15:58:20Z,7dac206f0000,rw-p,1024,1024
2026-09-02T15:58:20Z,7dac208f0000,rw-p,2048,2048
2026-09-02T15:58:20Z,7dac20af0000,rw-p,1024,1024
2026-09-02T15:58:20Z,7dac20bf0000,rw-p,704,700
2026-09-02T15:58:20Z,7dac20d00000,rw-p,576,540
2026-09-02T15:58:20Z,7dac2c000000,rwxp,7360,6756
2026-09-02T15:58:20Z,7dac34000000,rw-p,4888,4732
2026-09-02T15:58:20Z,7dac396d0000,rw-p,1268,1264
2026-09-02T16:03:20Z,fc000000,rw-p,65536,63796
2026-09-02T16:03:20Z,7dabec000000,rw-p,2188,2188
2026-09-02T16:03:20Z,7dabf4000000,rw-p,2376,2376
2026-09-02T16:03:20Z,7dac00000000,rw-p,7484,7452
2026-09-02T16:03:20Z,7dac0c000000,rw-p,21836,20112
2026-09-02T16:03:20Z,7dac20000000,rw-p,4544,4544
2026-09-02T16:03:20Z,7dac204f0000,rw-p,2048,2048
2026-09-02T16:03:20Z,7dac206f0000,rw-p,1024,1024
2026-09-02T16:03:20Z,7dac208f0000,rw-p,2048,2048
2026-09-02T16:03:20Z,7dac20af0000,rw-p,1024,1024
2026-09-02T16:03:20Z,7dac20bf0000,rw-p,704,700
2026-09-02T16:03:20Z,7dac20d00000,rw-p,576,540
2026-09-02T16:03:20Z,7dac2c000000,rwxp,7360,6756
2026-09-02T16:03:20Z,7dac34000000,rw-p,4888,4732
2026-09-02T16:03:20Z,7dac396d0000,rw-p,1268,1264
2026-09-02T16:08:20Z,fc000000,rw-p,65536,63796
2026-09-02T16:08:20Z,7dabec000000,rw-p,2188,2188
2026-09-02T16:08:20Z,7dabf4000000,rw-p,2376,2376
2026-09-02T16:08:20Z,7dac00000000,rw-p,7484,7452
2026-09-02T16:08:20Z,7dac0c000000,rw-p,21836,20112
2026-09-02T16:08:20Z,7dac20000000,rw-p,4544,4544
2026-09-02T16:08:20Z,7dac204f0000,rw-p,2048,2048
2026-09-02T16:08:20Z,7dac206f0000,rw-p,1024,1024
2026-09-02T16:08:20Z,7dac208f0000,rw-p,2048,2048
2026-09-02T16:08:20Z,7dac20af0000,rw-p,1024,1024
2026-09-02T16:08:20Z,7dac20bf0000,rw-p,704,700
2026-09-02T16:08:20Z,7dac20d00000,rw-p,576,540
2026-09-02T16:08:20Z,7dac2c000000,rwxp,7360,6756
2026-09-02T16:08:20Z,7dac34000000,rw-p,4888,4732
2026-09-02T16:08:20Z,7dac396d0000,rw-p,1268,1264
2026-09-02T16:13:20Z,fc000000,rw-p,65536,63796
2026-09-02T16:13:20Z,7dabec000000,rw-p,2188,2188
2026-09-02T16:13:20Z,7dabf4000000,rw-p,2376,2376
2026-09-02T16:13:20Z,7dac00000000,rw-p,7484,7452
2026-09-02T16:13:20Z,7dac0c000000,rw-p,21836,20112
2026-09-02T16:13:20Z,7dac20000000,rw-p,4544,4544
2026-09-02T16:13:20Z,7dac204f0000,rw-p,2048,2048
2026-09-02T16:13:20Z,7dac206f0000,rw-p,1024,1024
2026-09-02T16:13:20Z,7dac208f0000,rw-p,2048,2048
2026-09-02T16:13:20Z,7dac20af0000,rw-p,1024,1024
2026-09-02T16:13:20Z,7dac20bf0000,rw-p,704,700
2026-09-02T16:13:20Z,7dac20d00000,rw-p,576,540
2026-09-02T16:13:20Z,7dac2c000000,rwxp,7360,6756
2026-09-02T16:13:20Z,7dac34000000,rw-p,4888,4732
2026-09-02T16:13:20Z,7dac396d0000,rw-p,1268,1264
2026-09-02T16:18:20Z,fc000000,rw-p,65536,63796
2026-09-02T16:18:20Z,7dabec000000,rw-p,2188,2188
2026-09-02T16:18:20Z,7dabf4000000,rw-p,2376,2376
2026-09-02T16:18:20Z,7dac00000000,rw-p,7484,7452
2026-09-02T16:18:20Z,7dac0c000000,rw-p,21836,20112
2026-09-02T16:18:20Z,7dac20000000,rw-p,4544,4544
2026-09-02T16:18:20Z,7dac204f0000,rw-p,2048,2048
2026-09-02T16:18:20Z,7dac206f0000,rw-p,1024,1024
2026-09-02T16:18:20Z,7dac208f0000,rw-p,2048,2048
2026-09-02T16:18:20Z,7dac20af0000,rw-p,1024,1024
2026-09-02T16:18:20Z,7dac20bf0000,rw-p,704,700
2026-09-02T16:18:20Z,7dac20d00000,rw-p,576,540
2026-09-02T16:18:20Z,7dac2c000000,rwxp,7360,6756
2026-09-02T16:18:20Z,7dac34000000,rw-p,4888,4732
2026-09-02T16:18:20Z,7dac396d0000,rw-p,1268,1264
2026-09-02T16:23:20Z,fc000000,rw-p,65536,63796
2026-09-02T16:23:20Z,7dabec000000,rw-p,2188,2188
2026-09-02T16:23:20Z,7dabf4000000,rw-p,2376,2376
2026-09-02T16:23:20Z,7dac00000000,rw-p,7484,7452
2026-09-02T16:23:20Z,7dac0c000000,rw-p,21836,20112
2026-09-02T16:23:20Z,7dac20000000,rw-p,4544,4544
2026-09-02T16:23:20Z,7dac204f0000,rw-p,2048,2048
2026-09-02T16:23:20Z,7dac206f0000,rw-p,1024,1024
2026-09-02T16:23:20Z,7dac208f0000,rw-p,2048,2048
2026-09-02T16:23:20Z,7dac20af0000,rw-p,1024,1024
2026-09-02T16:23:20Z,7dac20bf0000,rw-p,704,700
2026-09-02T16:23:20Z,7dac20d00000,rw-p,576,540
2026-09-02T16:23:20Z,7dac2c000000,rwxp,7360,6756
2026-09-02T16:23:20Z,7dac34000000,rw-p,4888,4732
2026-09-02T16:23:20Z,7dac396d0000,rw-p,1268,1264
2026-09-02T16:28:20Z,fc000000,rw-p,65536,63796
2026-09-02T16:28:20Z,7dabec000000,rw-p,2188,2188
2026-09-02T16:28:20Z,7dabf4000000,rw-p,2376,2376
2026-09-02T16:28:20Z,7dac00000000,rw-p,7484,7452
2026-09-02T16:28:20Z,7dac0c000000,rw-p,21836,20112
2026-09-02T16:28:20Z,7dac20000000,rw-p,4544,4544
2026-09-02T16:28:20Z,7dac204f0000,rw-p,2048,2048
2026-09-02T16:28:20Z,7dac206f0000,rw-p,1024,1024
2026-09-02T16:28:20Z,7dac208f0000,rw-p,2048,2048
2026-09-02T16:28:20Z,7dac20af0000,rw-p,1024,1024
2026-09-02T16:28:20Z,7dac20bf0000,rw-p,704,700
2026-09-02T16:28:20Z,7dac20d00000,rw-p,576,540
2026-09-02T16:28:20Z,7dac2c000000,rwxp,7360,6756
2026-09-02T16:28:20Z,7dac34000000,rw-p,4888,4732
2026-09-02T16:28:20Z,7dac396d0000,rw-p,1268,1264
2026-09-02T16:33:20Z,fc000000,rw-p,65536,63796
2026-09-02T16:33:20Z,7dabec000000,rw-p,2276,2276
2026-09-02T16:33:20Z,7dabf4000000,rw-p,2376,2376
2026-09-02T16:33:20Z,7dac00000000,rw-p,7484,7452
2026-09-02T16:33:20Z,7dac0c000000,rw-p,21836,20112
2026-09-02T16:33:20Z,7dac20000000,rw-p,4544,4544
2026-09-02T16:33:20Z,7dac204f0000,rw-p,2048,2048
2026-09-02T16:33:20Z,7dac206f0000,rw-p,1024,1024
2026-09-02T16:33:20Z,7dac208f0000,rw-p,2048,2048
2026-09-02T16:33:20Z,7dac20af0000,rw-p,1024,1024
2026-09-02T16:33:20Z,7dac20bf0000,rw-p,704,700
2026-09-02T16:33:20Z,7dac20d00000,rw-p,576,540
2026-09-02T16:33:20Z,7dac2c000000,rwxp,7360,6756
2026-09-02T16:33:20Z,7dac34000000,rw-p,4888,4732
2026-09-02T16:33:20Z,7dac396d0000,rw-p,1268,1264
2026-09-02T16:38:20Z,fc000000,rw-p,65536,63796
2026-09-02T16:38:20Z,7dabec000000,rw-p,2276,2276
2026-09-02T16:38:20Z,7dabf4000000,rw-p,2376,2376
2026-09-02T16:38:20Z,7dac00000000,rw-p,7484,7452
2026-09-02T16:38:20Z,7dac0c000000,rw-p,21836,20112
2026-09-02T16:38:20Z,7dac20000000,rw-p,4544,4544
2026-09-02T16:38:20Z,7dac204f0000,rw-p,2048,2048
2026-09-02T16:38:20Z,7dac206f0000,rw-p,1024,1024
2026-09-02T16:38:20Z,7dac208f0000,rw-p,2048,2048
2026-09-02T16:38:20Z,7dac20af0000,rw-p,1024,1024
2026-09-02T16:38:20Z,7dac20bf0000,rw-p,704,700
2026-09-02T16:38:20Z,7dac20d00000,rw-p,576,540
2026-09-02T16:38:20Z,7dac2c000000,rwxp,7360,6756
2026-09-02T16:38:20Z,7dac34000000,rw-p,4888,4732
2026-09-02T16:38:20Z,7dac396d0000,rw-p,1268,1264
2026-09-02T16:43:20Z,fc000000,rw-p,65536,63796
2026-09-02T16:43:20Z,7dabec000000,rw-p,2276,2276
2026-09-02T16:43:20Z,7dabf4000000,rw-p,2376,2376
2026-09-02T16:43:20Z,7dac00000000,rw-p,7484,7452
2026-09-02T16:43:20Z,7dac0c000000,rw-p,21836,20112
2026-09-02T16:43:20Z,7dac20000000,rw-p,4544,4544
2026-09-02T16:43:20Z,7dac204f0000,rw-p,2048,2048
2026-09-02T16:43:20Z,7dac206f0000,rw-p,1024,1024
2026-09-02T16:43:20Z,7dac208f0000,rw-p,2048,2048
2026-09-02T16:43:20Z,7dac20af0000,rw-p,1024,1024
2026-09-02T16:43:20Z,7dac20bf0000,rw-p,704,700
2026-09-02T16:43:20Z,7dac20d00000,rw-p,576,540
2026-09-02T16:43:20Z,7dac2c000000,rwxp,7360,6756
2026-09-02T16:43:20Z,7dac34000000,rw-p,4888,4732
2026-09-02T16:43:20Z,7dac396d0000,rw-p,1268,1264
2026-09-02T16:48:21Z,fc000000,rw-p,65536,63796
2026-09-02T16:48:21Z,7dabec000000,rw-p,2276,2276
2026-09-02T16:48:21Z,7dabf4000000,rw-p,2376,2376
2026-09-02T16:48:21Z,7dac00000000,rw-p,7484,7452
2026-09-02T16:48:21Z,7dac0c000000,rw-p,21836,20112
2026-09-02T16:48:21Z,7dac20000000,rw-p,4544,4544
2026-09-02T16:48:21Z,7dac204f0000,rw-p,2048,2048
2026-09-02T16:48:21Z,7dac206f0000,rw-p,1024,1024
2026-09-02T16:48:21Z,7dac208f0000,rw-p,2048,2048
2026-09-02T16:48:21Z,7dac20af0000,rw-p,1024,1024
2026-09-02T16:48:21Z,7dac20bf0000,rw-p,704,700
2026-09-02T16:48:21Z,7dac20d00000,rw-p,576,540
2026-09-02T16:48:21Z,7dac2c000000,rwxp,7360,6756
2026-09-02T16:48:21Z,7dac34000000,rw-p,4888,4732
2026-09-02T16:48:21Z,7dac396d0000,rw-p,1268,1264
2026-09-02T16:53:21Z,fc000000,rw-p,65536,63796
2026-09-02T16:53:21Z,7dabec000000,rw-p,2276,2276
2026-09-02T16:53:21Z,7dabf4000000,rw-p,2376,2376
2026-09-02T16:53:21Z,7dac00000000,rw-p,7484,7452
2026-09-02T16:53:21Z,7dac0c000000,rw-p,21836,20112
2026-09-02T16:53:21Z,7dac20000000,rw-p,4544,4544
2026-09-02T16:53:21Z,7dac204f0000,rw-p,2048,2048
2026-09-02T16:53:21Z,7dac206f0000,rw-p,1024,1024
2026-09-02T16:53:21Z,7dac208f0000,rw-p,2048,2048
2026-09-02T16:53:21Z,7dac20af0000,rw-p,1024,1024
2026-09-02T16:53:21Z,7dac20bf0000,rw-p,704,700
2026-09-02T16:53:21Z,7dac20d00000,rw-p,576,540
2026-09-02T16:53:21Z,7dac2c000000,rwxp,7360,6756
2026-09-02T16:53:21Z,7dac34000000,rw-p,4888,4732
2026-09-02T16:53:21Z,7dac396d0000,rw-p,1268,1264
2026-09-02T16:58:21Z,fc000000,rw-p,65536,63796
2026-09-02T16:58:21Z,7dabec000000,rw-p,2276,2276
2026-09-02T16:58:21Z,7dabf4000000,rw-p,2376,2376
2026-09-02T16:58:21Z,7dac00000000,rw-p,7484,7452
2026-09-02T16:58:21Z,7dac0c000000,rw-p,21836,20112
2026-09-02T16:58:21Z,7dac20000000,rw-p,4544,4544
2026-09-02T16:58:21Z,7dac204f0000,rw-p,2048,2048
2026-09-02T16:58:21Z,7dac206f0000,rw-p,1024,1024
2026-09-02T16:58:21Z,7dac208f0000,rw-p,2048,2048
2026-09-02T16:58:21Z,7dac20af0000,rw-p,1024,1024
2026-09-02T16:58:21Z,7dac20bf0000,rw-p,704,700
2026-09-02T16:58:21Z,7dac20d00000,rw-p,576,540
2026-09-02T16:58:21Z,7dac2c000000,rwxp,7360,6756
2026-09-02T16:58:21Z,7dac34000000,rw-p,4888,4732
2026-09-02T16:58:21Z,7dac396d0000,rw-p,1268,1264
2026-09-02T17:03:21Z,fc000000,rw-p,65536,63796
2026-09-02T17:03:21Z,7dabec000000,rw-p,2276,2276
2026-09-02T17:03:21Z,7dabf4000000,rw-p,2376,2376
2026-09-02T17:03:21Z,7dac00000000,rw-p,7484,7452
2026-09-02T17:03:21Z,7dac0c000000,rw-p,21836,20112
2026-09-02T17:03:21Z,7dac20000000,rw-p,4544,4544
2026-09-02T17:03:21Z,7dac204f0000,rw-p,2048,2048
2026-09-02T17:03:21Z,7dac206f0000,rw-p,1024,1024
2026-09-02T17:03:21Z,7dac208f0000,rw-p,2048,2048
2026-09-02T17:03:21Z,7dac20af0000,rw-p,1024,1024
2026-09-02T17:03:21Z,7dac20bf0000,rw-p,704,700
2026-09-02T17:03:21Z,7dac20d00000,rw-p,576,540
2026-09-02T17:03:21Z,7dac2c000000,rwxp,7360,6756
2026-09-02T17:03:21Z,7dac34000000,rw-p,4888,4732
2026-09-02T17:03:21Z,7dac396d0000,rw-p,1268,1264
2026-09-02T17:08:21Z,fc000000,rw-p,65536,63796
2026-09-02T17:08:21Z,7dabec000000,rw-p,2276,2276
2026-09-02T17:08:21Z,7dabf4000000,rw-p,2376,2376
2026-09-02T17:08:21Z,7dac00000000,rw-p,7484,7452
2026-09-02T17:08:21Z,7dac0c000000,rw-p,21836,20112
2026-09-02T17:08:21Z,7dac20000000,rw-p,4544,4544
2026-09-02T17:08:21Z,7dac204f0000,rw-p,2048,2048
2026-09-02T17:08:21Z,7dac206f0000,rw-p,1024,1024
2026-09-02T17:08:21Z,7dac208f0000,rw-p,2048,2048
2026-09-02T17:08:21Z,7dac20af0000,rw-p,1024,1024
2026-09-02T17:08:21Z,7dac20bf0000,rw-p,704,700
2026-09-02T17:08:21Z,7dac20d00000,rw-p,576,540
2026-09-02T17:08:21Z,7dac2c000000,rwxp,7360,6756
2026-09-02T17:08:21Z,7dac34000000,rw-p,4888,4732
2026-09-02T17:08:21Z,7dac396d0000,rw-p,1268,1264
2026-09-02T17:13:21Z,fc000000,rw-p,65536,63796
2026-09-02T17:13:21Z,7dabec000000,rw-p,2276,2276
2026-09-02T17:13:21Z,7dabf4000000,rw-p,2376,2376
2026-09-02T17:13:21Z,7dac00000000,rw-p,7484,7452
2026-09-02T17:13:21Z,7dac0c000000,rw-p,21836,20112
2026-09-02T17:13:21Z,7dac20000000,rw-p,4544,4544
2026-09-02T17:13:21Z,7dac204f0000,rw-p,2048,2048
2026-09-02T17:13:21Z,7dac206f0000,rw-p,1024,1024
2026-09-02T17:13:21Z,7dac208f0000,rw-p,2048,2048
2026-09-02T17:13:21Z,7dac20af0000,rw-p,1024,1024
2026-09-02T17:13:21Z,7dac20bf0000,rw-p,704,700
2026-09-02T17:13:21Z,7dac20d00000,rw-p,576,540
2026-09-02T17:13:21Z,7dac2c000000,rwxp,7360,6756
2026-09-02T17:13:21Z,7dac34000000,rw-p,4888,4732
2026-09-02T17:13:21Z,7dac396d0000,rw-p,1268,1264
2026-09-02T17:18:21Z,fc000000,rw-p,65536,63796
2026-09-02T17:18:21Z,7dabec000000,rw-p,2276,2276
2026-09-02T17:18:21Z,7dabf4000000,rw-p,2376,2376
2026-09-02T17:18:21Z,7dac00000000,rw-p,7484,7452
2026-09-02T17:18:21Z,7dac0c000000,rw-p,21836,20112
2026-09-02T17:18:21Z,7dac20000000,rw-p,4544,4544
2026-09-02T17:18:21Z,7dac204f0000,rw-p,2048,2048
2026-09-02T17:18:21Z,7dac206f0000,rw-p,1024,1024
2026-09-02T17:18:21Z,7dac208f0000,rw-p,2048,2048
2026-09-02T17:18:21Z,7dac20af0000,rw-p,1024,1024
2026-09-02T17:18:21Z,7dac20bf0000,rw-p,704,700
2026-09-02T17:18:21Z,7dac20d00000,rw-p,576,540
2026-09-02T17:18:21Z,7dac2c000000,rwxp,7360,6756
2026-09-02T17:18:21Z,7dac34000000,rw-p,4888,4732
2026-09-02T17:18:21Z,7dac396d0000,rw-p,1268,1264
2026-09-02T17:23:21Z,fc000000,rw-p,65536,63796
2026-09-02T17:23:21Z,7dabec000000,rw-p,2276,2276
2026-09-02T17:23:21Z,7dabf4000000,rw-p,2376,2376
2026-09-02T17:23:21Z,7dac00000000,rw-p,7484,7452
2026-09-02T17:23:21Z,7dac0c000000,rw-p,21836,20112
2026-09-02T17:23:21Z,7dac20000000,rw-p,4544,4544
2026-09-02T17:23:21Z,7dac204f0000,rw-p,2048,2048
2026-09-02T17:23:21Z,7dac206f0000,rw-p,1024,1024
2026-09-02T17:23:21Z,7dac208f0000,rw-p,2048,2048
2026-09-02T17:23:21Z,7dac20af0000,rw-p,1024,1024
2026-09-02T17:23:21Z,7dac20bf0000,rw-p,704,700
2026-09-02T17:23:21Z,7dac20d00000,rw-p,576,540
2026-09-02T17:23:21Z,7dac2c000000,rwxp,7360,6756
2026-09-02T17:23:21Z,7dac34000000,rw-p,4888,4732
2026-09-02T17:23:21Z,7dac396d0000,rw-p,1268,1264
2026-09-02T17:28:21Z,fc000000,rw-p,65536,63796
2026-09-02T17:28:21Z,7dabec000000,rw-p,2276,2276
2026-09-02T17:28:21Z,7dabf4000000,rw-p,2412,2412
2026-09-02T17:28:21Z,7dac00000000,rw-p,7484,7452
2026-09-02T17:28:21Z,7dac0c000000,rw-p,21836,20112
2026-09-02T17:28:21Z,7dac20000000,rw-p,4544,4544
2026-09-02T17:28:21Z,7dac204f0000,rw-p,2048,2048
2026-09-02T17:28:21Z,7dac206f0000,rw-p,1024,1024
2026-09-02T17:28:21Z,7dac208f0000,rw-p,2048,2048
2026-09-02T17:28:21Z,7dac20af0000,rw-p,1024,1024
2026-09-02T17:28:21Z,7dac20bf0000,rw-p,704,700
2026-09-02T17:28:21Z,7dac20d00000,rw-p,576,540
2026-09-02T17:28:21Z,7dac2c000000,rwxp,7360,6756
2026-09-02T17:28:21Z,7dac34000000,rw-p,4888,4732
2026-09-02T17:28:21Z,7dac396d0000,rw-p,1268,1264
2026-09-02T17:33:21Z,fc000000,rw-p,65536,63796
2026-09-02T17:33:21Z,7dabec000000,rw-p,2276,2276
2026-09-02T17:33:21Z,7dabf4000000,rw-p,2412,2412
2026-09-02T17:33:21Z,7dac00000000,rw-p,7484,7452
2026-09-02T17:33:21Z,7dac0c000000,rw-p,21836,20112
2026-09-02T17:33:21Z,7dac20000000,rw-p,4544,4544
2026-09-02T17:33:21Z,7dac204f0000,rw-p,2048,2048
2026-09-02T17:33:21Z,7dac206f0000,rw-p,1024,1024
2026-09-02T17:33:21Z,7dac208f0000,rw-p,2048,2048
2026-09-02T17:33:21Z,7dac20af0000,rw-p,1024,1024
2026-09-02T17:33:21Z,7dac20bf0000,rw-p,704,700
2026-09-02T17:33:21Z,7dac20d00000,rw-p,576,540
2026-09-02T17:33:21Z,7dac2c000000,rwxp,7360,6756
2026-09-02T17:33:21Z,7dac34000000,rw-p,4888,4732
2026-09-02T17:33:21Z,7dac396d0000,rw-p,1268,1264
2026-09-02T17:38:22Z,fc000000,rw-p,65536,63796
2026-09-02T17:38:22Z,7dabec000000,rw-p,2276,2276
2026-09-02T17:38:22Z,7dabf4000000,rw-p,2412,2412
2026-09-02T17:38:22Z,7dac00000000,rw-p,7484,7452
2026-09-02T17:38:22Z,7dac0c000000,rw-p,21836,20112
2026-09-02T17:38:22Z,7dac20000000,rw-p,4544,4544
2026-09-02T17:38:22Z,7dac204f0000,rw-p,2048,2048
2026-09-02T17:38:22Z,7dac206f0000,rw-p,1024,1024
2026-09-02T17:38:22Z,7dac208f0000,rw-p,2048,2048
2026-09-02T17:38:22Z,7dac20af0000,rw-p,1024,1024
2026-09-02T17:38:22Z,7dac20bf0000,rw-p,704,700
2026-09-02T17:38:22Z,7dac20d00000,rw-p,576,540
2026-09-02T17:38:22Z,7dac2c000000,rwxp,7360,6756
2026-09-02T17:38:22Z,7dac34000000,rw-p,4888,4732
2026-09-02T17:38:22Z,7dac396d0000,rw-p,1268,1264
2026-09-02T17:43:22Z,fc000000,rw-p,65536,63796
2026-09-02T17:43:22Z,7dabec000000,rw-p,2276,2276
2026-09-02T17:43:22Z,7dabf4000000,rw-p,2412,2412
2026-09-02T17:43:22Z,7dac00000000,rw-p,7484,7452
2026-09-02T17:43:22Z,7dac0c000000,rw-p,21836,20112
2026-09-02T17:43:22Z,7dac20000000,rw-p,4544,4544
2026-09-02T17:43:22Z,7dac204f0000,rw-p,2048,2048
2026-09-02T17:43:22Z,7dac206f0000,rw-p,1024,1024
2026-09-02T17:43:22Z,7dac208f0000,rw-p,2048,2048
2026-09-02T17:43:22Z,7dac20af0000,rw-p,1024,1024
2026-09-02T17:43:22Z,7dac20bf0000,rw-p,704,700
2026-09-02T17:43:22Z,7dac20d00000,rw-p,576,540
2026-09-02T17:43:22Z,7dac2c000000,rwxp,7360,6756
2026-09-02T17:43:22Z,7dac34000000,rw-p,4888,4732
2026-09-02T17:43:22Z,7dac396d0000,rw-p,1268,1264
2026-09-02T17:48:22Z,fc000000,rw-p,65536,63796
2026-09-02T17:48:22Z,7dabec000000,rw-p,2276,2276
2026-09-02T17:48:22Z,7dabf4000000,rw-p,2412,2412
2026-09-02T17:48:22Z,7dac00000000,rw-p,7484,7452
2026-09-02T17:48:22Z,7dac0c000000,rw-p,21836,20112
2026-09-02T17:48:22Z,7dac20000000,rw-p,4544,4544
2026-09-02T17:48:22Z,7dac204f0000,rw-p,2048,2048
2026-09-02T17:48:22Z,7dac206f0000,rw-p,1024,1024
2026-09-02T17:48:22Z,7dac208f0000,rw-p,2048,2048
2026-09-02T17:48:22Z,7dac20af0000,rw-p,1024,1024
2026-09-02T17:48:22Z,7dac20bf0000,rw-p,704,700
2026-09-02T17:48:22Z,7dac20d00000,rw-p,576,540
2026-09-02T17:48:22Z,7dac2c000000,rwxp,7360,6756
2026-09-02T17:48:22Z,7dac34000000,rw-p,4888,4732
2026-09-02T17:48:22Z,7dac396d0000,rw-p,1268,1264
2026-09-02T17:53:22Z,fc000000,rw-p,65536,63796
2026-09-02T17:53:22Z,7dabec000000,rw-p,2276,2276
2026-09-02T17:53:22Z,7dabf4000000,rw-p,2412,2412
2026-09-02T17:53:22Z,7dac00000000,rw-p,7484,7452
2026-09-02T17:53:22Z,7dac0c000000,rw-p,21836,20112
2026-09-02T17:53:22Z,7dac20000000,rw-p,4544,4544
2026-09-02T17:53:22Z,7dac204f0000,rw-p,2048,2048
2026-09-02T17:53:22Z,7dac206f0000,rw-p,1024,1024
2026-09-02T17:53:22Z,7dac208f0000,rw-p,2048,2048
2026-09-02T17:53:22Z,7dac20af0000,rw-p,1024,1024
2026-09-02T17:53:22Z,7dac20bf0000,rw-p,704,700
2026-09-02T17:53:22Z,7dac20d00000,rw-p,576,540
2026-09-02T17:53:22Z,7dac2c000000,rwxp,7360,6756
2026-09-02T17:53:22Z,7dac34000000,rw-p,4888,4732
2026-09-02T17:53:22Z,7dac396d0000,rw-p,1268,1264
2026-09-02T17:58:22Z,fc000000,rw-p,65536,63796
2026-09-02T17:58:22Z,7dabec000000,rw-p,2276,2276
2026-09-02T17:58:22Z,7dabf4000000,rw-p,2412,2412
2026-09-02T17:58:22Z,7dac00000000,rw-p,7484,7452
2026-09-02T17:58:22Z,7dac0c000000,rw-p,21836,20112
2026-09-02T17:58:22Z,7dac20000000,rw-p,4544,4544
2026-09-02T17:58:22Z,7dac204f0000,rw-p,2048,2048
2026-09-02T17:58:22Z,7dac206f0000,rw-p,1024,1024
2026-09-02T17:58:22Z,7dac208f0000,rw-p,2048,2048
2026-09-02T17:58:22Z,7dac20af0000,rw-p,1024,1024
2026-09-02T17:58:22Z,7dac20bf0000,rw-p,704,700
2026-09-02T17:58:22Z,7dac20d00000,rw-p,576,540
2026-09-02T17:58:22Z,7dac2c000000,rwxp,7360,6756
2026-09-02T17:58:22Z,7dac34000000,rw-p,4888,4732
2026-09-02T17:58:22Z,7dac396d0000,rw-p,1268,1264
2026-09-02T18:03:22Z,fc000000,rw-p,65536,63796
2026-09-02T18:03:22Z,7dabec000000,rw-p,2276,2276
2026-09-02T18:03:22Z,7dabf4000000,rw-p,2412,2412
2026-09-02T18:03:22Z,7dac00000000,rw-p,7484,7452
2026-09-02T18:03:22Z,7dac0c000000,rw-p,21836,20112
2026-09-02T18:03:22Z,7dac20000000,rw-p,4544,4544
2026-09-02T18:03:22Z,7dac204f0000,rw-p,2048,2048
2026-09-02T18:03:22Z,7dac206f0000,rw-p,1024,1024
2026-09-02T18:03:22Z,7dac208f0000,rw-p,2048,2048
2026-09-02T18:03:22Z,7dac20af0000,rw-p,1024,1024
2026-09-02T18:03:22Z,7dac20bf0000,rw-p,704,700
2026-09-02T18:03:22Z,7dac20d00000,rw-p,576,540
2026-09-02T18:03:22Z,7dac2c000000,rwxp,7360,6756
2026-09-02T18:03:22Z,7dac34000000,rw-p,4888,4732
2026-09-02T18:03:22Z,7dac396d0000,rw-p,1268,1264
2026-09-02T18:08:22Z,fc000000,rw-p,65536,63796
2026-09-02T18:08:22Z,7dabec000000,rw-p,2276,2276
2026-09-02T18:08:22Z,7dabf4000000,rw-p,2412,2412
2026-09-02T18:08:22Z,7dac00000000,rw-p,7484,7452
2026-09-02T18:08:22Z,7dac0c000000,rw-p,21836,20112
2026-09-02T18:08:22Z,7dac20000000,rw-p,4544,4544
2026-09-02T18:08:22Z,7dac204f0000,rw-p,2048,2048
2026-09-02T18:08:22Z,7dac206f0000,rw-p,1024,1024
2026-09-02T18:08:22Z,7dac208f0000,rw-p,2048,2048
2026-09-02T18:08:22Z,7dac20af0000,rw-p,1024,1024
2026-09-02T18:08:22Z,7dac20bf0000,rw-p,704,700
2026-09-02T18:08:22Z,7dac20d00000,rw-p,576,540
2026-09-02T18:08:22Z,7dac2c000000,rwxp,7360,6756
2026-09-02T18:08:22Z,7dac34000000,rw-p,4888,4732
2026-09-02T18:08:22Z,7dac396d0000,rw-p,1268,1264
2026-09-02T18:13:22Z,fc000000,rw-p,65536,63796
2026-09-02T18:13:22Z,7dabec000000,rw-p,2276,2276
2026-09-02T18:13:22Z,7dabf4000000,rw-p,2412,2412
2026-09-02T18:13:22Z,7dac00000000,rw-p,7484,7452
2026-09-02T18:13:22Z,7dac0c000000,rw-p,21836,20112
2026-09-02T18:13:22Z,7dac20000000,rw-p,4544,4544
2026-09-02T18:13:22Z,7dac204f0000,rw-p,2048,2048
2026-09-02T18:13:22Z,7dac206f0000,rw-p,1024,1024
2026-09-02T18:13:22Z,7dac208f0000,rw-p,2048,2048
2026-09-02T18:13:22Z,7dac20af0000,rw-p,1024,1024
2026-09-02T18:13:22Z,7dac20bf0000,rw-p,704,700
2026-09-02T18:13:22Z,7dac20d00000,rw-p,576,540
2026-09-02T18:13:22Z,7dac2c000000,rwxp,7360,6756
2026-09-02T18:13:22Z,7dac34000000,rw-p,4888,4732
2026-09-02T18:13:22Z,7dac396d0000,rw-p,1268,1264
2026-09-02T18:18:22Z,fc000000,rw-p,65536,63796
2026-09-02T18:18:22Z,7dabec000000,rw-p,2276,2276
2026-09-02T18:18:22Z,7dabf4000000,rw-p,2412,2412
2026-09-02T18:18:22Z,7dac00000000,rw-p,7484,7452
2026-09-02T18:18:22Z,7dac0c000000,rw-p,21836,20112
2026-09-02T18:18:22Z,7dac20000000,rw-p,4544,4544
2026-09-02T18:18:22Z,7dac204f0000,rw-p,2048,2048
2026-09-02T18:18:22Z,7dac206f0000,rw-p,1024,1024
2026-09-02T18:18:22Z,7dac208f0000,rw-p,2048,2048
2026-09-02T18:18:22Z,7dac20af0000,rw-p,1024,1024
2026-09-02T18:18:22Z,7dac20bf0000,rw-p,704,700
2026-09-02T18:18:22Z,7dac20d00000,rw-p,576,540
2026-09-02T18:18:22Z,7dac2c000000,rwxp,7360,6756
2026-09-02T18:18:22Z,7dac34000000,rw-p,4888,4732
2026-09-02T18:18:22Z,7dac396d0000,rw-p,1268,1264
2026-09-02T18:23:22Z,fc000000,rw-p,65536,63796
2026-09-02T18:23:22Z,7dabec000000,rw-p,2276,2276
2026-09-02T18:23:22Z,7dabf4000000,rw-p,2412,2412
2026-09-02T18:23:22Z,7dac00000000,rw-p,7484,7452
2026-09-02T18:23:22Z,7dac0c000000,rw-p,21836,20112
2026-09-02T18:23:22Z,7dac20000000,rw-p,4544,4544
2026-09-02T18:23:22Z,7dac204f0000,rw-p,2048,2048
2026-09-02T18:23:22Z,7dac206f0000,rw-p,1024,1024
2026-09-02T18:23:22Z,7dac208f0000,rw-p,2048,2048
2026-09-02T18:23:22Z,7dac20af0000,rw-p,1024,1024
2026-09-02T18:23:22Z,7dac20bf0000,rw-p,704,700
2026-09-02T18:23:22Z,7dac20d00000,rw-p,576,540
2026-09-02T18:23:22Z,7dac2c000000,rwxp,7360,6756
2026-09-02T18:23:22Z,7dac34000000,rw-p,4888,4732
2026-09-02T18:23:22Z,7dac396d0000,rw-p,1268,1264
2026-09-02T18:28:23Z,fc000000,rw-p,65536,63796
2026-09-02T18:28:23Z,7dabec000000,rw-p,2276,2276
2026-09-02T18:28:23Z,7dabf4000000,rw-p,2412,2412
2026-09-02T18:28:23Z,7dac00000000,rw-p,7484,7452
2026-09-02T18:28:23Z,7dac0c000000,rw-p,21836,20112
2026-09-02T18:28:23Z,7dac20000000,rw-p,4544,4544
2026-09-02T18:28:23Z,7dac204f0000,rw-p,2048,2048
2026-09-02T18:28:23Z,7dac206f0000,rw-p,1024,1024
2026-09-02T18:28:23Z,7dac208f0000,rw-p,2048,2048
2026-09-02T18:28:23Z,7dac20af0000,rw-p,1024,1024
2026-09-02T18:28:23Z,7dac20bf0000,rw-p,704,700
2026-09-02T18:28:23Z,7dac20d00000,rw-p,576,540
2026-09-02T18:28:23Z,7dac2c000000,rwxp,7360,6756
2026-09-02T18:28:23Z,7dac34000000,rw-p,4888,4732
2026-09-02T18:28:23Z,7dac396d0000,rw-p,1268,1264
2026-09-02T18:33:23Z,fc000000,rw-p,65536,63796
2026-09-02T18:33:23Z,7dabec000000,rw-p,2276,2276
2026-09-02T18:33:23Z,7dabf4000000,rw-p,2412,2412
2026-09-02T18:33:23Z,7dac00000000,rw-p,7484,7452
2026-09-02T18:33:23Z,7dac0c000000,rw-p,21836,20112
2026-09-02T18:33:23Z,7dac20000000,rw-p,4544,4544
2026-09-02T18:33:23Z,7dac204f0000,rw-p,2048,2048
2026-09-02T18:33:23Z,7dac206f0000,rw-p,1024,1024
2026-09-02T18:33:23Z,7dac208f0000,rw-p,2048,2048
2026-09-02T18:33:23Z,7dac20af0000,rw-p,1024,1024
2026-09-02T18:33:23Z,7dac20bf0000,rw-p,704,700
2026-09-02T18:33:23Z,7dac20d00000,rw-p,576,540
2026-09-02T18:33:23Z,7dac2c000000,rwxp,7360,6756
2026-09-02T18:33:23Z,7dac34000000,rw-p,4888,4732
2026-09-02T18:33:23Z,7dac396d0000,rw-p,1268,1264
2026-09-02T18:38:23Z,fc000000,rw-p,65536,63796
2026-09-02T18:38:23Z,7dabec000000,rw-p,2276,2276
2026-09-02T18:38:23Z,7dabf4000000,rw-p,2412,2412
2026-09-02T18:38:23Z,7dac00000000,rw-p,7484,7452
2026-09-02T18:38:23Z,7dac0c000000,rw-p,21836,20112
2026-09-02T18:38:23Z,7dac20000000,rw-p,4544,4544
2026-09-02T18:38:23Z,7dac204f0000,rw-p,2048,2048
2026-09-02T18:38:23Z,7dac206f0000,rw-p,1024,1024
2026-09-02T18:38:23Z,7dac208f0000,rw-p,2048,2048
2026-09-02T18:38:23Z,7dac20af0000,rw-p,1024,1024
2026-09-02T18:38:23Z,7dac20bf0000,rw-p,704,700
2026-09-02T18:38:23Z,7dac20d00000,rw-p,576,540
2026-09-02T18:38:23Z,7dac2c000000,rwxp,7360,6756
2026-09-02T18:38:23Z,7dac34000000,rw-p,4888,4732
2026-09-02T18:38:23Z,7dac396d0000,rw-p,1268,1264
2026-09-02T18:43:23Z,fc000000,rw-p,65536,63796
2026-09-02T18:43:23Z,7dabec000000,rw-p,2276,2276
2026-09-02T18:43:23Z,7dabf4000000,rw-p,2412,2412
2026-09-02T18:43:23Z,7dac00000000,rw-p,7484,7452
2026-09-02T18:43:23Z,7dac0c000000,rw-p,21836,20112
2026-09-02T18:43:23Z,7dac20000000,rw-p,4544,4544
2026-09-02T18:43:23Z,7dac204f0000,rw-p,2048,2048
2026-09-02T18:43:23Z,7dac206f0000,rw-p,1024,1024
2026-09-02T18:43:23Z,7dac208f0000,rw-p,2048,2048
2026-09-02T18:43:23Z,7dac20af0000,rw-p,1024,1024
2026-09-02T18:43:23Z,7dac20bf0000,rw-p,704,700
2026-09-02T18:43:23Z,7dac20d00000,rw-p,576,540
2026-09-02T18:43:23Z,7dac2c000000,rwxp,7360,6756
2026-09-02T18:43:23Z,7dac34000000,rw-p,4888,4732
2026-09-02T18:43:23Z,7dac396d0000,rw-p,1268,1264
2026-09-02T18:48:23Z,fc000000,rw-p,65536,63796
2026-09-02T18:48:23Z,7dabec000000,rw-p,2276,2276
2026-09-02T18:48:23Z,7dabf4000000,rw-p,2412,2412
2026-09-02T18:48:23Z,7dac00000000,rw-p,7484,7452
2026-09-02T18:48:23Z,7dac0c000000,rw-p,21836,20112
2026-09-02T18:48:23Z,7dac20000000,rw-p,4544,4544
2026-09-02T18:48:23Z,7dac204f0000,rw-p,2048,2048
2026-09-02T18:48:23Z,7dac206f0000,rw-p,1024,1024
2026-09-02T18:48:23Z,7dac208f0000,rw-p,2048,2048
2026-09-02T18:48:23Z,7dac20af0000,rw-p,1024,1024
2026-09-02T18:48:23Z,7dac20bf0000,rw-p,704,700
2026-09-02T18:48:23Z,7dac20d00000,rw-p,576,540
2026-09-02T18:48:23Z,7dac2c000000,rwxp,7360,6756
2026-09-02T18:48:23Z,7dac34000000,rw-p,4888,4732
2026-09-02T18:48:23Z,7dac396d0000,rw-p,1268,1264
2026-09-02T18:53:23Z,fc000000,rw-p,65536,63796
2026-09-02T18:53:23Z,7dabec000000,rw-p,2276,2276
2026-09-02T18:53:23Z,7dabf4000000,rw-p,2412,2412
2026-09-02T18:53:23Z,7dac00000000,rw-p,7484,7452
2026-09-02T18:53:23Z,7dac0c000000,rw-p,21836,20112
2026-09-02T18:53:23Z,7dac20000000,rw-p,4544,4544
2026-09-02T18:53:23Z,7dac204f0000,rw-p,2048,2048
2026-09-02T18:53:23Z,7dac206f0000,rw-p,1024,1024
2026-09-02T18:53:23Z,7dac208f0000,rw-p,2048,2048
2026-09-02T18:53:23Z,7dac20af0000,rw-p,1024,1024
2026-09-02T18:53:23Z,7dac20bf0000,rw-p,704,700
2026-09-02T18:53:23Z,7dac20d00000,rw-p,576,540
2026-09-02T18:53:23Z,7dac2c000000,rwxp,7360,6756
2026-09-02T18:53:23Z,7dac34000000,rw-p,4888,4732
2026-09-02T18:53:23Z,7dac396d0000,rw-p,1268,1264
2026-09-02T18:58:23Z,fc000000,rw-p,65536,63796
2026-09-02T18:58:23Z,7dabec000000,rw-p,2276,2276
2026-09-02T18:58:23Z,7dabf4000000,rw-p,2412,2412
2026-09-02T18:58:23Z,7dac00000000,rw-p,7484,7452
2026-09-02T18:58:23Z,7dac0c000000,rw-p,21836,20112
2026-09-02T18:58:23Z,7dac20000000,rw-p,4544,4544
2026-09-02T18:58:23Z,7dac204f0000,rw-p,2048,2048
2026-09-02T18:58:23Z,7dac206f0000,rw-p,1024,1024
2026-09-02T18:58:23Z,7dac208f0000,rw-p,2048,2048
2026-09-02T18:58:23Z,7dac20af0000,rw-p,1024,1024
2026-09-02T18:58:23Z,7dac20bf0000,rw-p,704,700
2026-09-02T18:58:23Z,7dac20d00000,rw-p,576,540
2026-09-02T18:58:23Z,7dac2c000000,rwxp,7360,6756
2026-09-02T18:58:23Z,7dac34000000,rw-p,4888,4732
2026-09-02T18:58:23Z,7dac396d0000,rw-p,1268,1264
2026-09-02T19:03:23Z,fc000000,rw-p,65536,63796
2026-09-02T19:03:23Z,7dabec000000,rw-p,2276,2276
2026-09-02T19:03:23Z,7dabf4000000,rw-p,2412,2412
2026-09-02T19:03:23Z,7dac00000000,rw-p,7484,7452
2026-09-02T19:03:23Z,7dac0c000000,rw-p,21836,20112
2026-09-02T19:03:23Z,7dac20000000,rw-p,4544,4544
2026-09-02T19:03:23Z,7dac204f0000,rw-p,2048,2048
2026-09-02T19:03:23Z,7dac206f0000,rw-p,1024,1024
2026-09-02T19:03:23Z,7dac208f0000,rw-p,2048,2048
2026-09-02T19:03:23Z,7dac20af0000,rw-p,1024,1024
2026-09-02T19:03:23Z,7dac20bf0000,rw-p,704,700
2026-09-02T19:03:23Z,7dac20d00000,rw-p,576,540
2026-09-02T19:03:23Z,7dac2c000000,rwxp,7360,6756
2026-09-02T19:03:23Z,7dac34000000,rw-p,4888,4732
2026-09-02T19:03:23Z,7dac396d0000,rw-p,1268,1264
2026-09-02T19:08:23Z,fc000000,rw-p,65536,63796
2026-09-02T19:08:23Z,7dabec000000,rw-p,2276,2276
2026-09-02T19:08:23Z,7dabf4000000,rw-p,2412,2412
2026-09-02T19:08:23Z,7dac00000000,rw-p,7484,7452
2026-09-02T19:08:23Z,7dac0c000000,rw-p,21836,20112
2026-09-02T19:08:23Z,7dac20000000,rw-p,4544,4544
2026-09-02T19:08:23Z,7dac204f0000,rw-p,2048,2048
2026-09-02T19:08:23Z,7dac206f0000,rw-p,1024,1024
2026-09-02T19:08:23Z,7dac208f0000,rw-p,2048,2048
2026-09-02T19:08:23Z,7dac20af0000,rw-p,1024,1024
2026-09-02T19:08:23Z,7dac20bf0000,rw-p,704,700
2026-09-02T19:08:23Z,7dac20d00000,rw-p,576,540
2026-09-02T19:08:23Z,7dac2c000000,rwxp,7360,6756
2026-09-02T19:08:23Z,7dac34000000,rw-p,4888,4732
2026-09-02T19:08:23Z,7dac396d0000,rw-p,1268,1264
2026-09-02T19:13:23Z,fc000000,rw-p,65536,63796
2026-09-02T19:13:23Z,7dabec000000,rw-p,2276,2276
2026-09-02T19:13:23Z,7dabf4000000,rw-p,2412,2412
2026-09-02T19:13:23Z,7dac00000000,rw-p,7484,7452
2026-09-02T19:13:23Z,7dac0c000000,rw-p,21836,20112
2026-09-02T19:13:23Z,7dac20000000,rw-p,4544,4544
2026-09-02T19:13:23Z,7dac204f0000,rw-p,2048,2048
2026-09-02T19:13:23Z,7dac206f0000,rw-p,1024,1024
2026-09-02T19:13:23Z,7dac208f0000,rw-p,2048,2048
2026-09-02T19:13:23Z,7dac20af0000,rw-p,1024,1024
2026-09-02T19:13:23Z,7dac20bf0000,rw-p,704,700
2026-09-02T19:13:23Z,7dac20d00000,rw-p,576,540
2026-09-02T19:13:23Z,7dac2c000000,rwxp,7360,6756
2026-09-02T19:13:23Z,7dac34000000,rw-p,4888,4732
2026-09-02T19:13:23Z,7dac396d0000,rw-p,1268,1264
2026-09-02T19:18:24Z,fc000000,rw-p,65536,63796
2026-09-02T19:18:24Z,7dabec000000,rw-p,2276,2276
2026-09-02T19:18:24Z,7dabf4000000,rw-p,2412,2412
2026-09-02T19:18:24Z,7dac00000000,rw-p,7484,7452
2026-09-02T19:18:24Z,7dac0c000000,rw-p,21836,20112
2026-09-02T19:18:24Z,7dac20000000,rw-p,4544,4544
2026-09-02T19:18:24Z,7dac204f0000,rw-p,2048,2048
2026-09-02T19:18:24Z,7dac206f0000,rw-p,1024,1024
2026-09-02T19:18:24Z,7dac208f0000,rw-p,2048,2048
2026-09-02T19:18:24Z,7dac20af0000,rw-p,1024,1024
2026-09-02T19:18:24Z,7dac20bf0000,rw-p,704,700
2026-09-02T19:18:24Z,7dac20d00000,rw-p,576,540
2026-09-02T19:18:24Z,7dac2c000000,rwxp,7360,6756
2026-09-02T19:18:24Z,7dac34000000,rw-p,4888,4732
2026-09-02T19:18:24Z,7dac396d0000,rw-p,1268,1264
2026-09-02T19:23:24Z,fc000000,rw-p,65536,63796
2026-09-02T19:23:24Z,7dabec000000,rw-p,2276,2276
2026-09-02T19:23:24Z,7dabf4000000,rw-p,2412,2412
2026-09-02T19:23:24Z,7dac00000000,rw-p,7484,7452
2026-09-02T19:23:24Z,7dac0c000000,rw-p,21836,20112
2026-09-02T19:23:24Z,7dac20000000,rw-p,4544,4544
2026-09-02T19:23:24Z,7dac204f0000,rw-p,2048,2048
2026-09-02T19:23:24Z,7dac206f0000,rw-p,1024,1024
2026-09-02T19:23:24Z,7dac208f0000,rw-p,2048,2048
2026-09-02T19:23:24Z,7dac20af0000,rw-p,1024,1024
2026-09-02T19:23:24Z,7dac20bf0000,rw-p,704,700
2026-09-02T19:23:24Z,7dac20d00000,rw-p,576,540
2026-09-02T19:23:24Z,7dac2c000000,rwxp,7360,6756
2026-09-02T19:23:24Z,7dac34000000,rw-p,4888,4732
2026-09-02T19:23:24Z,7dac396d0000,rw-p,1268,1264
2026-09-02T19:28:24Z,fc000000,rw-p,65536,63796
2026-09-02T19:28:24Z,7dabec000000,rw-p,2276,2276
2026-09-02T19:28:24Z,7dabf4000000,rw-p,2412,2412
2026-09-02T19:28:24Z,7dac00000000,rw-p,7484,7452
2026-09-02T19:28:24Z,7dac0c000000,rw-p,21836,20112
2026-09-02T19:28:24Z,7dac20000000,rw-p,4544,4544
2026-09-02T19:28:24Z,7dac204f0000,rw-p,2048,2048
2026-09-02T19:28:24Z,7dac206f0000,rw-p,1024,1024
2026-09-02T19:28:24Z,7dac208f0000,rw-p,2048,2048
2026-09-02T19:28:24Z,7dac20af0000,rw-p,1024,1024
2026-09-02T19:28:24Z,7dac20bf0000,rw-p,704,700
2026-09-02T19:28:24Z,7dac20d00000,rw-p,576,540
2026-09-02T19:28:24Z,7dac2c000000,rwxp,7360,6756
2026-09-02T19:28:24Z,7dac34000000,rw-p,4888,4732
2026-09-02T19:28:24Z,7dac396d0000,rw-p,1268,1264
2026-09-02T19:33:24Z,fc000000,rw-p,65536,63796
2026-09-02T19:33:24Z,7dabec000000,rw-p,2276,2276
2026-09-02T19:33:24Z,7dabf4000000,rw-p,2412,2412
2026-09-02T19:33:24Z,7dac00000000,rw-p,7484,7452
2026-09-02T19:33:24Z,7dac0c000000,rw-p,21836,20112
2026-09-02T19:33:24Z,7dac20000000,rw-p,4544,4544
2026-09-02T19:33:24Z,7dac204f0000,rw-p,2048,2048
2026-09-02T19:33:24Z,7dac206f0000,rw-p,1024,1024
2026-09-02T19:33:24Z,7dac208f0000,rw-p,2048,2048
2026-09-02T19:33:24Z,7dac20af0000,rw-p,1024,1024
2026-09-02T19:33:24Z,7dac20bf0000,rw-p,704,700
2026-09-02T19:33:24Z,7dac20d00000,rw-p,576,540
2026-09-02T19:33:24Z,7dac2c000000,rwxp,7360,6756
2026-09-02T19:33:24Z,7dac34000000,rw-p,4888,4732
2026-09-02T19:33:24Z,7dac396d0000,rw-p,1268,1264
2026-09-02T19:38:24Z,fc000000,rw-p,65536,63796
2026-09-02T19:38:24Z,7dabec000000,rw-p,2276,2276
2026-09-02T19:38:24Z,7dabf4000000,rw-p,2412,2412
2026-09-02T19:38:24Z,7dac00000000,rw-p,7484,7452
2026-09-02T19:38:24Z,7dac0c000000,rw-p,21836,20112
2026-09-02T19:38:24Z,7dac20000000,rw-p,4544,4544
2026-09-02T19:38:24Z,7dac204f0000,rw-p,2048,2048
2026-09-02T19:38:24Z,7dac206f0000,rw-p,1024,1024
2026-09-02T19:38:24Z,7dac208f0000,rw-p,2048,2048
2026-09-02T19:38:24Z,7dac20af0000,rw-p,1024,1024
2026-09-02T19:38:24Z,7dac20bf0000,rw-p,704,700
2026-09-02T19:38:24Z,7dac20d00000,rw-p,576,540
2026-09-02T19:38:24Z,7dac2c000000,rwxp,7360,6756
2026-09-02T19:38:24Z,7dac34000000,rw-p,4888,4732
2026-09-02T19:38:24Z,7dac396d0000,rw-p,1268,1264
2026-09-02T19:43:24Z,fc000000,rw-p,65536,63796
2026-09-02T19:43:24Z,7dabec000000,rw-p,2276,2276
2026-09-02T19:43:24Z,7dabf4000000,rw-p,2412,2412
2026-09-02T19:43:24Z,7dac00000000,rw-p,7484,7452
2026-09-02T19:43:24Z,7dac0c000000,rw-p,21836,20112
2026-09-02T19:43:24Z,7dac20000000,rw-p,4544,4544
2026-09-02T19:43:24Z,7dac204f0000,rw-p,2048,2048
2026-09-02T19:43:24Z,7dac206f0000,rw-p,1024,1024
2026-09-02T19:43:24Z,7dac208f0000,rw-p,2048,2048
2026-09-02T19:43:24Z,7dac20af0000,rw-p,1024,1024
2026-09-02T19:43:24Z,7dac20bf0000,rw-p,704,700
2026-09-02T19:43:24Z,7dac20d00000,rw-p,576,540
2026-09-02T19:43:24Z,7dac2c000000,rwxp,7360,6756
2026-09-02T19:43:24Z,7dac34000000,rw-p,4888,4732
2026-09-02T19:43:24Z,7dac396d0000,rw-p,1268,1264
2026-09-02T19:48:24Z,fc000000,rw-p,65536,63796
2026-09-02T19:48:24Z,7dabec000000,rw-p,2276,2276
2026-09-02T19:48:24Z,7dabf4000000,rw-p,2412,2412
2026-09-02T19:48:24Z,7dac00000000,rw-p,7484,7452
2026-09-02T19:48:24Z,7dac0c000000,rw-p,21836,20112
2026-09-02T19:48:24Z,7dac20000000,rw-p,4544,4544
2026-09-02T19:48:24Z,7dac204f0000,rw-p,2048,2048
2026-09-02T19:48:24Z,7dac206f0000,rw-p,1024,1024
2026-09-02T19:48:24Z,7dac208f0000,rw-p,2048,2048
2026-09-02T19:48:24Z,7dac20af0000,rw-p,1024,1024
2026-09-02T19:48:24Z,7dac20bf0000,rw-p,704,700
2026-09-02T19:48:24Z,7dac20d00000,rw-p,576,540
2026-09-02T19:48:24Z,7dac2c000000,rwxp,7360,6756
2026-09-02T19:48:24Z,7dac34000000,rw-p,4888,4732
2026-09-02T19:48:24Z,7dac396d0000,rw-p,1268,1264
2026-09-02T19:53:24Z,fc000000,rw-p,65536,63796
2026-09-02T19:53:24Z,7dabec000000,rw-p,2276,2276
2026-09-02T19:53:24Z,7dabf4000000,rw-p,2412,2412
2026-09-02T19:53:24Z,7dac00000000,rw-p,7484,7452
2026-09-02T19:53:24Z,7dac0c000000,rw-p,21836,20112
2026-09-02T19:53:24Z,7dac20000000,rw-p,4544,4544
2026-09-02T19:53:24Z,7dac204f0000,rw-p,2048,2048
2026-09-02T19:53:24Z,7dac206f0000,rw-p,1024,1024
2026-09-02T19:53:24Z,7dac208f0000,rw-p,2048,2048
2026-09-02T19:53:24Z,7dac20af0000,rw-p,1024,1024
2026-09-02T19:53:24Z,7dac20bf0000,rw-p,704,700
2026-09-02T19:53:24Z,7dac20d00000,rw-p,576,540
2026-09-02T19:53:24Z,7dac2c000000,rwxp,7360,6756
2026-09-02T19:53:24Z,7dac34000000,rw-p,4888,4732
2026-09-02T19:53:24Z,7dac396d0000,rw-p,1268,1264
2026-09-02T19:58:24Z,fc000000,rw-p,65536,63796
2026-09-02T19:58:24Z,7dabec000000,rw-p,2276,2276
2026-09-02T19:58:24Z,7dabf4000000,rw-p,2412,2412
2026-09-02T19:58:24Z,7dac00000000,rw-p,7484,7452
2026-09-02T19:58:24Z,7dac0c000000,rw-p,21836,20112
2026-09-02T19:58:24Z,7dac20000000,rw-p,4544,4544
2026-09-02T19:58:24Z,7dac204f0000,rw-p,2048,2048
2026-09-02T19:58:24Z,7dac206f0000,rw-p,1024,1024
2026-09-02T19:58:24Z,7dac208f0000,rw-p,2048,2048
2026-09-02T19:58:24Z,7dac20af0000,rw-p,1024,1024
2026-09-02T19:58:24Z,7dac20bf0000,rw-p,704,700
2026-09-02T19:58:24Z,7dac20d00000,rw-p,576,540
2026-09-02T19:58:24Z,7dac2c000000,rwxp,7360,6756
2026-09-02T19:58:24Z,7dac34000000,rw-p,4888,4732
2026-09-02T19:58:24Z,7dac396d0000,rw-p,1268,1264
2026-09-02T20:03:24Z,fc000000,rw-p,65536,63796
2026-09-02T20:03:24Z,7dabec000000,rw-p,2276,2276
2026-09-02T20:03:24Z,7dabf4000000,rw-p,2412,2412
2026-09-02T20:03:24Z,7dac00000000,rw-p,7484,7452
2026-09-02T20:03:24Z,7dac0c000000,rw-p,21836,20112
2026-09-02T20:03:24Z,7dac20000000,rw-p,4544,4544
2026-09-02T20:03:24Z,7dac204f0000,rw-p,2048,2048
2026-09-02T20:03:24Z,7dac206f0000,rw-p,1024,1024
2026-09-02T20:03:24Z,7dac208f0000,rw-p,2048,2048
2026-09-02T20:03:24Z,7dac20af0000,rw-p,1024,1024
2026-09-02T20:03:24Z,7dac20bf0000,rw-p,704,700
2026-09-02T20:03:24Z,7dac20d00000,rw-p,576,540
2026-09-02T20:03:24Z,7dac2c000000,rwxp,7360,6756
2026-09-02T20:03:24Z,7dac34000000,rw-p,4888,4732
2026-09-02T20:03:24Z,7dac396d0000,rw-p,1268,1264
2026-09-02T20:08:24Z,fc000000,rw-p,65536,63796
2026-09-02T20:08:24Z,7dabec000000,rw-p,2276,2276
2026-09-02T20:08:24Z,7dabf4000000,rw-p,2412,2412
2026-09-02T20:08:24Z,7dac00000000,rw-p,7484,7452
2026-09-02T20:08:24Z,7dac0c000000,rw-p,21836,20112
2026-09-02T20:08:24Z,7dac20000000,rw-p,4544,4544
2026-09-02T20:08:24Z,7dac204f0000,rw-p,2048,2048
2026-09-02T20:08:24Z,7dac206f0000,rw-p,1024,1024
2026-09-02T20:08:24Z,7dac208f0000,rw-p,2048,2048
2026-09-02T20:08:24Z,7dac20af0000,rw-p,1024,1024
2026-09-02T20:08:24Z,7dac20bf0000,rw-p,704,700
2026-09-02T20:08:24Z,7dac20d00000,rw-p,576,564
2026-09-02T20:08:24Z,7dac2c000000,rwxp,7360,6756
2026-09-02T20:08:24Z,7dac34000000,rw-p,4888,4732
2026-09-02T20:08:24Z,7dac396d0000,rw-p,1268,1264
2026-09-02T20:13:25Z,fc000000,rw-p,65536,63796
2026-09-02T20:13:25Z,7dabec000000,rw-p,2276,2276
2026-09-02T20:13:25Z,7dabf4000000,rw-p,2412,2412
2026-09-02T20:13:25Z,7dac00000000,rw-p,7484,7452
2026-09-02T20:13:25Z,7dac0c000000,rw-p,21836,20112
2026-09-02T20:13:25Z,7dac20000000,rw-p,4544,4544
2026-09-02T20:13:25Z,7dac204f0000,rw-p,2048,2048
2026-09-02T20:13:25Z,7dac206f0000,rw-p,1024,1024
2026-09-02T20:13:25Z,7dac208f0000,rw-p,2048,2048
2026-09-02T20:13:25Z,7dac20af0000,rw-p,1024,1024
2026-09-02T20:13:25Z,7dac20bf0000,rw-p,704,700
2026-09-02T20:13:25Z,7dac20d00000,rw-p,576,564
2026-09-02T20:13:25Z,7dac2c000000,rwxp,7360,6756
2026-09-02T20:13:25Z,7dac34000000,rw-p,4888,4732
2026-09-02T20:13:25Z,7dac396d0000,rw-p,1268,1264
2026-09-02T20:18:25Z,fc000000,rw-p,65536,63796
2026-09-02T20:18:25Z,7dabec000000,rw-p,2276,2276
2026-09-02T20:18:25Z,7dabf4000000,rw-p,2412,2412
2026-09-02T20:18:25Z,7dac00000000,rw-p,7484,7452
2026-09-02T20:18:25Z,7dac0c000000,rw-p,21836,20112
2026-09-02T20:18:25Z,7dac20000000,rw-p,4544,4544
2026-09-02T20:18:25Z,7dac204f0000,rw-p,2048,2048
2026-09-02T20:18:25Z,7dac206f0000,rw-p,1024,1024
2026-09-02T20:18:25Z,7dac208f0000,rw-p,2048,2048
2026-09-02T20:18:25Z,7dac20af0000,rw-p,1024,1024
2026-09-02T20:18:25Z,7dac20bf0000,rw-p,704,700
2026-09-02T20:18:25Z,7dac20d00000,rw-p,576,564
2026-09-02T20:18:25Z,7dac2c000000,rwxp,7360,6756
2026-09-02T20:18:25Z,7dac34000000,rw-p,4888,4732
2026-09-02T20:18:25Z,7dac396d0000,rw-p,1268,1264
2026-09-02T20:23:25Z,fc000000,rw-p,65536,63796
2026-09-02T20:23:25Z,7dabec000000,rw-p,2276,2276
2026-09-02T20:23:25Z,7dabf4000000,rw-p,2412,2412
2026-09-02T20:23:25Z,7dac00000000,rw-p,7484,7452
2026-09-02T20:23:25Z,7dac0c000000,rw-p,21836,20112
2026-09-02T20:23:25Z,7dac20000000,rw-p,4544,4544
2026-09-02T20:23:25Z,7dac204f0000,rw-p,2048,2048
2026-09-02T20:23:25Z,7dac206f0000,rw-p,1024,1024
2026-09-02T20:23:25Z,7dac208f0000,rw-p,2048,2048
2026-09-02T20:23:25Z,7dac20af0000,rw-p,1024,1024
2026-09-02T20:23:25Z,7dac20bf0000,rw-p,704,700
2026-09-02T20:23:25Z,7dac20d00000,rw-p,576,564
2026-09-02T20:23:25Z,7dac2c000000,rwxp,7360,6756
2026-09-02T20:23:25Z,7dac34000000,rw-p,4888,4732
2026-09-02T20:23:25Z,7dac396d0000,rw-p,1268,1264
2026-09-02T20:28:25Z,fc000000,rw-p,65536,63796
2026-09-02T20:28:25Z,7dabec000000,rw-p,2276,2276
2026-09-02T20:28:25Z,7dabf4000000,rw-p,2412,2412
2026-09-02T20:28:25Z,7dac00000000,rw-p,7484,7452
2026-09-02T20:28:25Z,7dac0c000000,rw-p,21836,20112
2026-09-02T20:28:25Z,7dac20000000,rw-p,4544,4544
2026-09-02T20:28:25Z,7dac204f0000,rw-p,2048,2048
2026-09-02T20:28:25Z,7dac206f0000,rw-p,1024,1024
2026-09-02T20:28:25Z,7dac208f0000,rw-p,2048,2048
2026-09-02T20:28:25Z,7dac20af0000,rw-p,1024,1024
2026-09-02T20:28:25Z,7dac20bf0000,rw-p,704,700
2026-09-02T20:28:25Z,7dac20d00000,rw-p,576,564
2026-09-02T20:28:25Z,7dac2c000000,rwxp,7360,6756
2026-09-02T20:28:25Z,7dac34000000,rw-p,4888,4732
2026-09-02T20:28:25Z,7dac396d0000,rw-p,1268,1264
2026-09-02T20:33:25Z,fc000000,rw-p,65536,63796
2026-09-02T20:33:25Z,7dabec000000,rw-p,2276,2276
2026-09-02T20:33:25Z,7dabf4000000,rw-p,2412,2412
2026-09-02T20:33:25Z,7dac00000000,rw-p,7484,7452
2026-09-02T20:33:25Z,7dac0c000000,rw-p,21836,20112
2026-09-02T20:33:25Z,7dac20000000,rw-p,4544,4544
2026-09-02T20:33:25Z,7dac204f0000,rw-p,2048,2048
2026-09-02T20:33:25Z,7dac206f0000,rw-p,1024,1024
2026-09-02T20:33:25Z,7dac208f0000,rw-p,2048,2048
2026-09-02T20:33:25Z,7dac20af0000,rw-p,1024,1024
2026-09-02T20:33:25Z,7dac20bf0000,rw-p,704,700
2026-09-02T20:33:25Z,7dac20d00000,rw-p,576,564
2026-09-02T20:33:25Z,7dac2c000000,rwxp,7360,6756
2026-09-02T20:33:25Z,7dac34000000,rw-p,4888,4732
2026-09-02T20:33:25Z,7dac396d0000,rw-p,1268,1264
2026-09-02T20:38:25Z,fc000000,rw-p,65536,63796
2026-09-02T20:38:25Z,7dabec000000,rw-p,2276,2276
2026-09-02T20:38:25Z,7dabf4000000,rw-p,2412,2412
2026-09-02T20:38:25Z,7dac00000000,rw-p,7484,7452
2026-09-02T20:38:25Z,7dac0c000000,rw-p,21836,20112
2026-09-02T20:38:25Z,7dac20000000,rw-p,4544,4544
2026-09-02T20:38:25Z,7dac204f0000,rw-p,2048,2048
2026-09-02T20:38:25Z,7dac206f0000,rw-p,1024,1024
2026-09-02T20:38:25Z,7dac208f0000,rw-p,2048,2048
2026-09-02T20:38:25Z,7dac20af0000,rw-p,1024,1024
2026-09-02T20:38:25Z,7dac20bf0000,rw-p,704,700
2026-09-02T20:38:25Z,7dac20d00000,rw-p,576,564
2026-09-02T20:38:25Z,7dac2c000000,rwxp,7360,6756
2026-09-02T20:38:25Z,7dac34000000,rw-p,4888,4732
2026-09-02T20:38:25Z,7dac396d0000,rw-p,1268,1264
2026-09-02T20:43:25Z,fc000000,rw-p,65536,63796
2026-09-02T20:43:25Z,7dabec000000,rw-p,2276,2276
2026-09-02T20:43:25Z,7dabf4000000,rw-p,2412,2412
2026-09-02T20:43:25Z,7dac00000000,rw-p,7484,7452
2026-09-02T20:43:25Z,7dac0c000000,rw-p,21836,20112
2026-09-02T20:43:25Z,7dac20000000,rw-p,4544,4544
2026-09-02T20:43:25Z,7dac204f0000,rw-p,2048,2048
2026-09-02T20:43:25Z,7dac206f0000,rw-p,1024,1024
2026-09-02T20:43:25Z,7dac208f0000,rw-p,2048,2048
2026-09-02T20:43:25Z,7dac20af0000,rw-p,1024,1024
2026-09-02T20:43:25Z,7dac20bf0000,rw-p,704,700
2026-09-02T20:43:25Z,7dac20d00000,rw-p,576,564
2026-09-02T20:43:25Z,7dac2c000000,rwxp,7360,6756
2026-09-02T20:43:25Z,7dac34000000,rw-p,4888,4732
2026-09-02T20:43:25Z,7dac396d0000,rw-p,1268,1264
2026-09-02T20:48:25Z,fc000000,rw-p,65536,63796
2026-09-02T20:48:25Z,7dabec000000,rw-p,2276,2276
2026-09-02T20:48:25Z,7dabf4000000,rw-p,2412,2412
2026-09-02T20:48:25Z,7dac00000000,rw-p,7484,7452
2026-09-02T20:48:25Z,7dac0c000000,rw-p,21836,20112
2026-09-02T20:48:25Z,7dac20000000,rw-p,4544,4544
2026-09-02T20:48:25Z,7dac204f0000,rw-p,2048,2048
2026-09-02T20:48:25Z,7dac206f0000,rw-p,1024,1024
2026-09-02T20:48:25Z,7dac208f0000,rw-p,2048,2048
2026-09-02T20:48:25Z,7dac20af0000,rw-p,1024,1024
2026-09-02T20:48:25Z,7dac20bf0000,rw-p,704,700
2026-09-02T20:48:25Z,7dac20d00000,rw-p,576,564
2026-09-02T20:48:25Z,7dac2c000000,rwxp,7360,6756
2026-09-02T20:48:25Z,7dac34000000,rw-p,4888,4732
2026-09-02T20:48:25Z,7dac396d0000,rw-p,1268,1264
2026-09-02T20:53:25Z,fc000000,rw-p,65536,63796
2026-09-02T20:53:25Z,7dabec000000,rw-p,2276,2276
2026-09-02T20:53:25Z,7dabf4000000,rw-p,2412,2412
2026-09-02T20:53:25Z,7dac00000000,rw-p,7484,7452
2026-09-02T20:53:25Z,7dac0c000000,rw-p,21836,20112
2026-09-02T20:53:25Z,7dac20000000,rw-p,4544,4544
2026-09-02T20:53:25Z,7dac204f0000,rw-p,2048,2048
2026-09-02T20:53:25Z,7dac206f0000,rw-p,1024,1024
2026-09-02T20:53:25Z,7dac208f0000,rw-p,2048,2048
2026-09-02T20:53:25Z,7dac20af0000,rw-p,1024,1024
2026-09-02T20:53:25Z,7dac20bf0000,rw-p,704,700
2026-09-02T20:53:25Z,7dac20d00000,rw-p,576,564
2026-09-02T20:53:25Z,7dac2c000000,rwxp,7360,6756
2026-09-02T20:53:25Z,7dac34000000,rw-p,4888,4732
2026-09-02T20:53:25Z,7dac396d0000,rw-p,1268,1264
2026-09-02T20:58:25Z,fc000000,rw-p,65536,63796
2026-09-02T20:58:25Z,7dabec000000,rw-p,2276,2276
2026-09-02T20:58:25Z,7dabf4000000,rw-p,2412,2412
2026-09-02T20:58:25Z,7dac00000000,rw-p,7484,7452
2026-09-02T20:58:25Z,7dac0c000000,rw-p,21836,20112
2026-09-02T20:58:25Z,7dac20000000,rw-p,4544,4544
2026-09-02T20:58:25Z,7dac204f0000,rw-p,2048,2048
2026-09-02T20:58:25Z,7dac206f0000,rw-p,1024,1024
2026-09-02T20:58:25Z,7dac208f0000,rw-p,2048,2048
2026-09-02T20:58:25Z,7dac20af0000,rw-p,1024,1024
2026-09-02T20:58:25Z,7dac20bf0000,rw-p,704,700
2026-09-02T20:58:25Z,7dac20d00000,rw-p,576,564
2026-09-02T20:58:25Z,7dac2c000000,rwxp,7360,6756
2026-09-02T20:58:25Z,7dac34000000,rw-p,4888,4732
2026-09-02T20:58:25Z,7dac396d0000,rw-p,1268,1264
2026-09-02T21:03:25Z,fc000000,rw-p,65536,63796
2026-09-02T21:03:25Z,7dabec000000,rw-p,2276,2276
2026-09-02T21:03:25Z,7dabf4000000,rw-p,2412,2412
2026-09-02T21:03:25Z,7dac00000000,rw-p,7484,7452
2026-09-02T21:03:25Z,7dac0c000000,rw-p,21836,20112
2026-09-02T21:03:25Z,7dac20000000,rw-p,4544,4544
2026-09-02T21:03:25Z,7dac204f0000,rw-p,2048,2048
2026-09-02T21:03:25Z,7dac206f0000,rw-p,1024,1024
2026-09-02T21:03:25Z,7dac208f0000,rw-p,2048,2048
2026-09-02T21:03:25Z,7dac20af0000,rw-p,1024,1024
2026-09-02T21:03:25Z,7dac20bf0000,rw-p,704,700
2026-09-02T21:03:25Z,7dac20d00000,rw-p,576,564
2026-09-02T21:03:25Z,7dac2c000000,rwxp,7360,6756
2026-09-02T21:03:25Z,7dac34000000,rw-p,4888,4732
2026-09-02T21:03:25Z,7dac396d0000,rw-p,1268,1264
2026-09-02T21:08:26Z,fc000000,rw-p,65536,63796
2026-09-02T21:08:26Z,7dabec000000,rw-p,2276,2276
2026-09-02T21:08:26Z,7dabf4000000,rw-p,2412,2412
2026-09-02T21:08:26Z,7dac00000000,rw-p,7484,7452
2026-09-02T21:08:26Z,7dac0c000000,rw-p,21836,20112
2026-09-02T21:08:26Z,7dac20000000,rw-p,4544,4544
2026-09-02T21:08:26Z,7dac204f0000,rw-p,2048,2048
2026-09-02T21:08:26Z,7dac206f0000,rw-p,1024,1024
2026-09-02T21:08:26Z,7dac208f0000,rw-p,2048,2048
2026-09-02T21:08:26Z,7dac20af0000,rw-p,1024,1024
2026-09-02T21:08:26Z,7dac20bf0000,rw-p,704,700
2026-09-02T21:08:26Z,7dac20d00000,rw-p,576,564
2026-09-02T21:08:26Z,7dac2c000000,rwxp,7360,6756
2026-09-02T21:08:26Z,7dac34000000,rw-p,4888,4732
2026-09-02T21:08:26Z,7dac396d0000,rw-p,1268,1264
2026-09-02T21:13:26Z,fc000000,rw-p,65536,63796
2026-09-02T21:13:26Z,7dabec000000,rw-p,2276,2276
2026-09-02T21:13:26Z,7dabf4000000,rw-p,2412,2412
2026-09-02T21:13:26Z,7dac00000000,rw-p,7484,7452
2026-09-02T21:13:26Z,7dac0c000000,rw-p,21836,20112
2026-09-02T21:13:26Z,7dac20000000,rw-p,4544,4544
2026-09-02T21:13:26Z,7dac204f0000,rw-p,2048,2048
2026-09-02T21:13:26Z,7dac206f0000,rw-p,1024,1024
2026-09-02T21:13:26Z,7dac208f0000,rw-p,2048,2048
2026-09-02T21:13:26Z,7dac20af0000,rw-p,1024,1024
2026-09-02T21:13:26Z,7dac20bf0000,rw-p,704,700
2026-09-02T21:13:26Z,7dac20d00000,rw-p,576,564
2026-09-02T21:13:26Z,7dac2c000000,rwxp,7360,6756
2026-09-02T21:13:26Z,7dac34000000,rw-p,4888,4732
2026-09-02T21:13:26Z,7dac396d0000,rw-p,1268,1264
2026-09-02T21:18:26Z,fc000000,rw-p,65536,63796
2026-09-02T21:18:26Z,7dabec000000,rw-p,2276,2276
2026-09-02T21:18:26Z,7dabf4000000,rw-p,2412,2412
2026-09-02T21:18:26Z,7dac00000000,rw-p,7484,7452
2026-09-02T21:18:26Z,7dac0c000000,rw-p,21836,20112
2026-09-02T21:18:26Z,7dac20000000,rw-p,4544,4544
2026-09-02T21:18:26Z,7dac204f0000,rw-p,2048,2048
2026-09-02T21:18:26Z,7dac206f0000,rw-p,1024,1024
2026-09-02T21:18:26Z,7dac208f0000,rw-p,2048,2048
2026-09-02T21:18:26Z,7dac20af0000,rw-p,1024,1024
2026-09-02T21:18:26Z,7dac20bf0000,rw-p,704,700
2026-09-02T21:18:26Z,7dac20d00000,rw-p,576,564
2026-09-02T21:18:26Z,7dac2c000000,rwxp,7360,6756
2026-09-02T21:18:26Z,7dac34000000,rw-p,4888,4732
2026-09-02T21:18:26Z,7dac396d0000,rw-p,1268,1264
2026-09-02T21:23:26Z,fc000000,rw-p,65536,63796
2026-09-02T21:23:26Z,7dabec000000,rw-p,2276,2276
2026-09-02T21:23:26Z,7dabf4000000,rw-p,2412,2412
2026-09-02T21:23:26Z,7dac00000000,rw-p,7484,7452
2026-09-02T21:23:26Z,7dac0c000000,rw-p,21836,20112
2026-09-02T21:23:26Z,7dac20000000,rw-p,4544,4544
2026-09-02T21:23:26Z,7dac204f0000,rw-p,2048,2048
2026-09-02T21:23:26Z,7dac206f0000,rw-p,1024,1024
2026-09-02T21:23:26Z,7dac208f0000,rw-p,2048,2048
2026-09-02T21:23:26Z,7dac20af0000,rw-p,1024,1024
2026-09-02T21:23:26Z,7dac20bf0000,rw-p,704,700
2026-09-02T21:23:26Z,7dac20d00000,rw-p,576,564
2026-09-02T21:23:26Z,7dac2c000000,rwxp,7360,6756
2026-09-02T21:23:26Z,7dac34000000,rw-p,4888,4732
2026-09-02T21:23:26Z,7dac396d0000,rw-p,1268,1264
2026-09-02T21:28:26Z,fc000000,rw-p,65536,63796
2026-09-02T21:28:26Z,7dabec000000,rw-p,2276,2276
2026-09-02T21:28:26Z,7dabf4000000,rw-p,2412,2412
2026-09-02T21:28:26Z,7dac00000000,rw-p,7484,7452
2026-09-02T21:28:26Z,7dac0c000000,rw-p,21836,20112
2026-09-02T21:28:26Z,7dac20000000,rw-p,4544,4544
2026-09-02T21:28:26Z,7dac204f0000,rw-p,2048,2048
2026-09-02T21:28:26Z,7dac206f0000,rw-p,1024,1024
2026-09-02T21:28:26Z,7dac208f0000,rw-p,2048,2048
2026-09-02T21:28:26Z,7dac20af0000,rw-p,1024,1024
2026-09-02T21:28:26Z,7dac20bf0000,rw-p,704,700
2026-09-02T21:28:26Z,7dac20d00000,rw-p,576,564
2026-09-02T21:28:26Z,7dac2c000000,rwxp,7360,6756
2026-09-02T21:28:26Z,7dac34000000,rw-p,4888,4732
2026-09-02T21:28:26Z,7dac396d0000,rw-p,1268,1264
2026-09-02T21:33:26Z,fc000000,rw-p,65536,63796
2026-09-02T21:33:26Z,7dabec000000,rw-p,2276,2276
2026-09-02T21:33:26Z,7dabf4000000,rw-p,2412,2412
2026-09-02T21:33:26Z,7dac00000000,rw-p,7484,7452
2026-09-02T21:33:26Z,7dac0c000000,rw-p,21836,20112
2026-09-02T21:33:26Z,7dac20000000,rw-p,4544,4544
2026-09-02T21:33:26Z,7dac204f0000,rw-p,2048,2048
2026-09-02T21:33:26Z,7dac206f0000,rw-p,1024,1024
2026-09-02T21:33:26Z,7dac208f0000,rw-p,2048,2048
2026-09-02T21:33:26Z,7dac20af0000,rw-p,1024,1024
2026-09-02T21:33:26Z,7dac20bf0000,rw-p,704,700
2026-09-02T21:33:26Z,7dac20d00000,rw-p,576,564
2026-09-02T21:33:26Z,7dac2c000000,rwxp,7360,6756
2026-09-02T21:33:26Z,7dac34000000,rw-p,4888,4732
2026-09-02T21:33:26Z,7dac396d0000,rw-p,1268,1264
2026-09-02T21:38:26Z,fc000000,rw-p,65536,63796
2026-09-02T21:38:26Z,7dabec000000,rw-p,2276,2276
2026-09-02T21:38:26Z,7dabf4000000,rw-p,2412,2412
2026-09-02T21:38:26Z,7dac00000000,rw-p,7484,7452
2026-09-02T21:38:26Z,7dac0c000000,rw-p,21836,20112
2026-09-02T21:38:26Z,7dac20000000,rw-p,4544,4544
2026-09-02T21:38:26Z,7dac204f0000,rw-p,2048,2048
2026-09-02T21:38:26Z,7dac206f0000,rw-p,1024,1024
2026-09-02T21:38:26Z,7dac208f0000,rw-p,2048,2048
2026-09-02T21:38:26Z,7dac20af0000,rw-p,1024,1024
2026-09-02T21:38:26Z,7dac20bf0000,rw-p,704,700
2026-09-02T21:38:26Z,7dac20d00000,rw-p,576,564
2026-09-02T21:38:26Z,7dac2c000000,rwxp,7360,6756
2026-09-02T21:38:26Z,7dac34000000,rw-p,4888,4732
2026-09-02T21:38:26Z,7dac396d0000,rw-p,1268,1264
2026-09-02T21:43:26Z,fc000000,rw-p,65536,63796
2026-09-02T21:43:26Z,7dabec000000,rw-p,2276,2276
2026-09-02T21:43:26Z,7dabf4000000,rw-p,2412,2412
2026-09-02T21:43:26Z,7dac00000000,rw-p,7484,7452
2026-09-02T21:43:26Z,7dac0c000000,rw-p,21836,20112
2026-09-02T21:43:26Z,7dac20000000,rw-p,4544,4544
2026-09-02T21:43:26Z,7dac204f0000,rw-p,2048,2048
2026-09-02T21:43:26Z,7dac206f0000,rw-p,1024,1024
2026-09-02T21:43:26Z,7dac208f0000,rw-p,2048,2048
2026-09-02T21:43:26Z,7dac20af0000,rw-p,1024,1024
2026-09-02T21:43:26Z,7dac20bf0000,rw-p,704,700
2026-09-02T21:43:26Z,7dac20d00000,rw-p,576,564
2026-09-02T21:43:26Z,7dac2c000000,rwxp,7360,6756
2026-09-02T21:43:26Z,7dac34000000,rw-p,4888,4732
2026-09-02T21:43:26Z,7dac396d0000,rw-p,1268,1264
2026-09-02T21:48:26Z,fc000000,rw-p,65536,63796
2026-09-02T21:48:26Z,7dabec000000,rw-p,2276,2276
2026-09-02T21:48:26Z,7dabf4000000,rw-p,2412,2412
2026-09-02T21:48:26Z,7dac00000000,rw-p,7484,7452
2026-09-02T21:48:26Z,7dac0c000000,rw-p,21836,20112
2026-09-02T21:48:26Z,7dac20000000,rw-p,4544,4544
2026-09-02T21:48:26Z,7dac204f0000,rw-p,2048,2048
2026-09-02T21:48:26Z,7dac206f0000,rw-p,1024,1024
2026-09-02T21:48:26Z,7dac208f0000,rw-p,2048,2048
2026-09-02T21:48:26Z,7dac20af0000,rw-p,1024,1024
2026-09-02T21:48:26Z,7dac20bf0000,rw-p,704,700
2026-09-02T21:48:26Z,7dac20d00000,rw-p,576,564
2026-09-02T21:48:26Z,7dac2c000000,rwxp,7360,6756
2026-09-02T21:48:26Z,7dac34000000,rw-p,4888,4732
2026-09-02T21:48:26Z,7dac396d0000,rw-p,1268,1264
2026-09-02T21:53:26Z,fc000000,rw-p,65536,63796
2026-09-02T21:53:26Z,7dabec000000,rw-p,2276,2276
2026-09-02T21:53:26Z,7dabf4000000,rw-p,2412,2412
2026-09-02T21:53:26Z,7dac00000000,rw-p,7484,7452
2026-09-02T21:53:26Z,7dac0c000000,rw-p,21836,20112
2026-09-02T21:53:26Z,7dac20000000,rw-p,4544,4544
2026-09-02T21:53:26Z,7dac204f0000,rw-p,2048,2048
2026-09-02T21:53:26Z,7dac206f0000,rw-p,1024,1024
2026-09-02T21:53:26Z,7dac208f0000,rw-p,2048,2048
2026-09-02T21:53:26Z,7dac20af0000,rw-p,1024,1024
2026-09-02T21:53:26Z,7dac20bf0000,rw-p,704,700
2026-09-02T21:53:26Z,7dac20d00000,rw-p,576,564
2026-09-02T21:53:26Z,7dac2c000000,rwxp,7360,6756
2026-09-02T21:53:26Z,7dac34000000,rw-p,4888,4732
2026-09-02T21:53:26Z,7dac396d0000,rw-p,1268,1264
2026-09-02T21:58:27Z,fc000000,rw-p,65536,63796
2026-09-02T21:58:27Z,7dabec000000,rw-p,2276,2276
2026-09-02T21:58:27Z,7dabf4000000,rw-p,2412,2412
2026-09-02T21:58:27Z,7dac00000000,rw-p,7484,7452
2026-09-02T21:58:27Z,7dac0c000000,rw-p,21836,20112
2026-09-02T21:58:27Z,7dac20000000,rw-p,4544,4544
2026-09-02T21:58:27Z,7dac204f0000,rw-p,2048,2048
2026-09-02T21:58:27Z,7dac206f0000,rw-p,1024,1024
2026-09-02T21:58:27Z,7dac208f0000,rw-p,2048,2048
2026-09-02T21:58:27Z,7dac20af0000,rw-p,1024,1024
2026-09-02T21:58:27Z,7dac20bf0000,rw-p,704,700
2026-09-02T21:58:27Z,7dac20d00000,rw-p,576,564
2026-09-02T21:58:27Z,7dac2c000000,rwxp,7360,6756
2026-09-02T21:58:27Z,7dac34000000,rw-p,4888,4732
2026-09-02T21:58:27Z,7dac396d0000,rw-p,1268,1264
2026-09-02T22:03:27Z,fc000000,rw-p,65536,63796
2026-09-02T22:03:27Z,7dabec000000,rw-p,2276,2276
2026-09-02T22:03:27Z,7dabf4000000,rw-p,2412,2412
2026-09-02T22:03:27Z,7dac00000000,rw-p,7484,7452
2026-09-02T22:03:27Z,7dac0c000000,rw-p,21836,20112
2026-09-02T22:03:27Z,7dac20000000,rw-p,4544,4544
2026-09-02T22:03:27Z,7dac204f0000,rw-p,2048,2048
2026-09-02T22:03:27Z,7dac206f0000,rw-p,1024,1024
2026-09-02T22:03:27Z,7dac208f0000,rw-p,2048,2048
2026-09-02T22:03:27Z,7dac20af0000,rw-p,1024,1024
2026-09-02T22:03:27Z,7dac20bf0000,rw-p,704,700
2026-09-02T22:03:27Z,7dac20d00000,rw-p,576,564
2026-09-02T22:03:27Z,7dac2c000000,rwxp,7360,6756
2026-09-02T22:03:27Z,7dac34000000,rw-p,4888,4732
2026-09-02T22:03:27Z,7dac396d0000,rw-p,1268,1264
2026-09-02T22:08:27Z,fc000000,rw-p,65536,63796
2026-09-02T22:08:27Z,7dabec000000,rw-p,2276,2276
2026-09-02T22:08:27Z,7dabf4000000,rw-p,2412,2412
2026-09-02T22:08:27Z,7dac00000000,rw-p,7484,7452
2026-09-02T22:08:27Z,7dac0c000000,rw-p,21836,20112
2026-09-02T22:08:27Z,7dac20000000,rw-p,4544,4544
2026-09-02T22:08:27Z,7dac204f0000,rw-p,2048,2048
2026-09-02T22:08:27Z,7dac206f0000,rw-p,1024,1024
2026-09-02T22:08:27Z,7dac208f0000,rw-p,2048,2048
2026-09-02T22:08:27Z,7dac20af0000,rw-p,1024,1024
2026-09-02T22:08:27Z,7dac20bf0000,rw-p,704,700
2026-09-02T22:08:27Z,7dac20d00000,rw-p,576,564
2026-09-02T22:08:27Z,7dac2c000000,rwxp,7360,6756
2026-09-02T22:08:27Z,7dac34000000,rw-p,4888,4732
2026-09-02T22:08:27Z,7dac396d0000,rw-p,1268,1264
2026-09-02T22:13:27Z,fc000000,rw-p,65536,63796
2026-09-02T22:13:27Z,7dabec000000,rw-p,2276,2276
2026-09-02T22:13:27Z,7dabf4000000,rw-p,2412,2412
2026-09-02T22:13:27Z,7dac00000000,rw-p,7484,7452
2026-09-02T22:13:27Z,7dac0c000000,rw-p,21836,20112
2026-09-02T22:13:27Z,7dac20000000,rw-p,4544,4544
2026-09-02T22:13:27Z,7dac204f0000,rw-p,2048,2048
2026-09-02T22:13:27Z,7dac206f0000,rw-p,1024,1024
2026-09-02T22:13:27Z,7dac208f0000,rw-p,2048,2048
2026-09-02T22:13:27Z,7dac20af0000,rw-p,1024,1024
2026-09-02T22:13:27Z,7dac20bf0000,rw-p,704,700
2026-09-02T22:13:27Z,7dac20d00000,rw-p,576,564
2026-09-02T22:13:27Z,7dac2c000000,rwxp,7360,6756
2026-09-02T22:13:27Z,7dac34000000,rw-p,4888,4732
2026-09-02T22:13:27Z,7dac396d0000,rw-p,1268,1264
2026-09-02T22:18:27Z,fc000000,rw-p,65536,63796
2026-09-02T22:18:27Z,7dabec000000,rw-p,2276,2276
2026-09-02T22:18:27Z,7dabf4000000,rw-p,2412,2412
2026-09-02T22:18:27Z,7dac00000000,rw-p,7484,7452
2026-09-02T22:18:27Z,7dac0c000000,rw-p,21836,20112
2026-09-02T22:18:27Z,7dac20000000,rw-p,4544,4544
2026-09-02T22:18:27Z,7dac204f0000,rw-p,2048,2048
2026-09-02T22:18:27Z,7dac206f0000,rw-p,1024,1024
2026-09-02T22:18:27Z,7dac208f0000,rw-p,2048,2048
2026-09-02T22:18:27Z,7dac20af0000,rw-p,1024,1024
2026-09-02T22:18:27Z,7dac20bf0000,rw-p,704,700
2026-09-02T22:18:27Z,7dac20d00000,rw-p,576,564
2026-09-02T22:18:27Z,7dac2c000000,rwxp,7360,6756
2026-09-02T22:18:27Z,7dac34000000,rw-p,4888,4732
2026-09-02T22:18:27Z,7dac396d0000,rw-p,1268,1264
2026-09-02T22:23:27Z,fc000000,rw-p,65536,63796
2026-09-02T22:23:27Z,7dabec000000,rw-p,2276,2276
2026-09-02T22:23:27Z,7dabf4000000,rw-p,2412,2412
2026-09-02T22:23:27Z,7dac00000000,rw-p,7484,7452
2026-09-02T22:23:27Z,7dac0c000000,rw-p,21836,20112
2026-09-02T22:23:27Z,7dac20000000,rw-p,4544,4544
2026-09-02T22:23:27Z,7dac204f0000,rw-p,2048,2048
2026-09-02T22:23:27Z,7dac206f0000,rw-p,1024,1024
2026-09-02T22:23:27Z,7dac208f0000,rw-p,2048,2048
2026-09-02T22:23:27Z,7dac20af0000,rw-p,1024,1024
2026-09-02T22:23:27Z,7dac20bf0000,rw-p,704,700
2026-09-02T22:23:27Z,7dac20d00000,rw-p,576,564
2026-09-02T22:23:27Z,7dac2c000000,rwxp,7360,6756
2026-09-02T22:23:27Z,7dac34000000,rw-p,4888,4732
2026-09-02T22:23:27Z,7dac396d0000,rw-p,1268,1264
2026-09-02T22:28:27Z,fc000000,rw-p,65536,63796
2026-09-02T22:28:27Z,7dabec000000,rw-p,2276,2276
2026-09-02T22:28:27Z,7dabf4000000,rw-p,2412,2412
2026-09-02T22:28:27Z,7dac00000000,rw-p,7484,7452
2026-09-02T22:28:27Z,7dac0c000000,rw-p,21836,20112
2026-09-02T22:28:27Z,7dac20000000,rw-p,4544,4544
2026-09-02T22:28:27Z,7dac204f0000,rw-p,2048,2048
2026-09-02T22:28:27Z,7dac206f0000,rw-p,1024,1024
2026-09-02T22:28:27Z,7dac208f0000,rw-p,2048,2048
2026-09-02T22:28:27Z,7dac20af0000,rw-p,1024,1024
2026-09-02T22:28:27Z,7dac20bf0000,rw-p,704,700
2026-09-02T22:28:27Z,7dac20d00000,rw-p,576,564
2026-09-02T22:28:27Z,7dac2c000000,rwxp,7360,6756
2026-09-02T22:28:27Z,7dac34000000,rw-p,4888,4732
2026-09-02T22:28:27Z,7dac396d0000,rw-p,1268,1264
2026-09-02T22:33:27Z,fc000000,rw-p,65536,63796
2026-09-02T22:33:27Z,7dabec000000,rw-p,2276,2276
2026-09-02T22:33:27Z,7dabf4000000,rw-p,2412,2412
2026-09-02T22:33:27Z,7dac00000000,rw-p,7484,7452
2026-09-02T22:33:27Z,7dac0c000000,rw-p,21836,20112
2026-09-02T22:33:27Z,7dac20000000,rw-p,4544,4544
2026-09-02T22:33:27Z,7dac204f0000,rw-p,2048,2048
2026-09-02T22:33:27Z,7dac206f0000,rw-p,1024,1024
2026-09-02T22:33:27Z,7dac208f0000,rw-p,2048,2048
2026-09-02T22:33:27Z,7dac20af0000,rw-p,1024,1024
2026-09-02T22:33:27Z,7dac20bf0000,rw-p,704,700
2026-09-02T22:33:27Z,7dac20d00000,rw-p,576,564
2026-09-02T22:33:27Z,7dac2c000000,rwxp,7360,6756
2026-09-02T22:33:27Z,7dac34000000,rw-p,4888,4732
2026-09-02T22:33:27Z,7dac396d0000,rw-p,1268,1264
2026-09-02T22:38:27Z,fc000000,rw-p,65536,63796
2026-09-02T22:38:27Z,7dabec000000,rw-p,2276,2276
2026-09-02T22:38:27Z,7dabf4000000,rw-p,2412,2412
2026-09-02T22:38:27Z,7dac00000000,rw-p,7484,7452
2026-09-02T22:38:27Z,7dac0c000000,rw-p,21836,20112
2026-09-02T22:38:27Z,7dac20000000,rw-p,4544,4544
2026-09-02T22:38:27Z,7dac204f0000,rw-p,2048,2048
2026-09-02T22:38:27Z,7dac206f0000,rw-p,1024,1024
2026-09-02T22:38:27Z,7dac208f0000,rw-p,2048,2048
2026-09-02T22:38:27Z,7dac20af0000,rw-p,1024,1024
2026-09-02T22:38:27Z,7dac20bf0000,rw-p,704,700
2026-09-02T22:38:27Z,7dac20d00000,rw-p,576,564
2026-09-02T22:38:27Z,7dac2c000000,rwxp,7360,6756
2026-09-02T22:38:27Z,7dac34000000,rw-p,4888,4732
2026-09-02T22:38:27Z,7dac396d0000,rw-p,1268,1264
2026-09-02T22:43:27Z,fc000000,rw-p,65536,63796
2026-09-02T22:43:27Z,7dabec000000,rw-p,2276,2276
2026-09-02T22:43:27Z,7dabf4000000,rw-p,2412,2412
2026-09-02T22:43:27Z,7dac00000000,rw-p,7484,7452
2026-09-02T22:43:27Z,7dac0c000000,rw-p,21836,20112
2026-09-02T22:43:27Z,7dac20000000,rw-p,4544,4544
2026-09-02T22:43:27Z,7dac204f0000,rw-p,2048,2048
2026-09-02T22:43:27Z,7dac206f0000,rw-p,1024,1024
2026-09-02T22:43:27Z,7dac208f0000,rw-p,2048,2048
2026-09-02T22:43:27Z,7dac20af0000,rw-p,1024,1024
2026-09-02T22:43:27Z,7dac20bf0000,rw-p,704,700
2026-09-02T22:43:27Z,7dac20d00000,rw-p,576,564
2026-09-02T22:43:27Z,7dac2c000000,rwxp,7360,6756
2026-09-02T22:43:27Z,7dac34000000,rw-p,4888,4732
2026-09-02T22:43:27Z,7dac396d0000,rw-p,1268,1264
2026-09-02T22:48:27Z,fc000000,rw-p,65536,63796
2026-09-02T22:48:27Z,7dabec000000,rw-p,2276,2276
2026-09-02T22:48:27Z,7dabf4000000,rw-p,2412,2412
2026-09-02T22:48:27Z,7dac00000000,rw-p,7484,7452
2026-09-02T22:48:27Z,7dac0c000000,rw-p,21836,20112
2026-09-02T22:48:27Z,7dac20000000,rw-p,4544,4544
2026-09-02T22:48:27Z,7dac204f0000,rw-p,2048,2048
2026-09-02T22:48:27Z,7dac206f0000,rw-p,1024,1024
2026-09-02T22:48:27Z,7dac208f0000,rw-p,2048,2048
2026-09-02T22:48:27Z,7dac20af0000,rw-p,1024,1024
2026-09-02T22:48:27Z,7dac20bf0000,rw-p,704,700
2026-09-02T22:48:27Z,7dac20d00000,rw-p,576,564
2026-09-02T22:48:27Z,7dac2c000000,rwxp,7360,6756
2026-09-02T22:48:27Z,7dac34000000,rw-p,4888,4732
2026-09-02T22:48:27Z,7dac396d0000,rw-p,1268,1264
2026-09-02T22:53:27Z,fc000000,rw-p,65536,63796
2026-09-02T22:53:27Z,7dabec000000,rw-p,2276,2276
2026-09-02T22:53:27Z,7dabf4000000,rw-p,2412,2412
2026-09-02T22:53:27Z,7dac00000000,rw-p,7484,7452
2026-09-02T22:53:27Z,7dac0c000000,rw-p,21836,20112
2026-09-02T22:53:27Z,7dac20000000,rw-p,4544,4544
2026-09-02T22:53:27Z,7dac204f0000,rw-p,2048,2048
2026-09-02T22:53:27Z,7dac206f0000,rw-p,1024,1024
2026-09-02T22:53:27Z,7dac208f0000,rw-p,2048,2048
2026-09-02T22:53:27Z,7dac20af0000,rw-p,1024,1024
2026-09-02T22:53:27Z,7dac20bf0000,rw-p,704,700
2026-09-02T22:53:27Z,7dac20d00000,rw-p,576,564
2026-09-02T22:53:27Z,7dac2c000000,rwxp,7360,6756
2026-09-02T22:53:27Z,7dac34000000,rw-p,4888,4732
2026-09-02T22:53:27Z,7dac396d0000,rw-p,1268,1264
2026-09-02T22:58:28Z,fc000000,rw-p,65536,63796
2026-09-02T22:58:28Z,7dabec000000,rw-p,2276,2276
2026-09-02T22:58:28Z,7dabf4000000,rw-p,2412,2412
2026-09-02T22:58:28Z,7dac00000000,rw-p,7484,7452
2026-09-02T22:58:28Z,7dac0c000000,rw-p,21836,20112
2026-09-02T22:58:28Z,7dac20000000,rw-p,4544,4544
2026-09-02T22:58:28Z,7dac204f0000,rw-p,2048,2048
2026-09-02T22:58:28Z,7dac206f0000,rw-p,1024,1024
2026-09-02T22:58:28Z,7dac208f0000,rw-p,2048,2048
2026-09-02T22:58:28Z,7dac20af0000,rw-p,1024,1024
2026-09-02T22:58:28Z,7dac20bf0000,rw-p,704,700
2026-09-02T22:58:28Z,7dac20d00000,rw-p,576,564
2026-09-02T22:58:28Z,7dac2c000000,rwxp,7360,6756
2026-09-02T22:58:28Z,7dac34000000,rw-p,4888,4732
2026-09-02T22:58:28Z,7dac396d0000,rw-p,1268,1264
2026-09-02T23:03:28Z,fc000000,rw-p,65536,63796
2026-09-02T23:03:28Z,7dabec000000,rw-p,2276,2276
2026-09-02T23:03:28Z,7dabf4000000,rw-p,2412,2412
2026-09-02T23:03:28Z,7dac00000000,rw-p,7484,7452
2026-09-02T23:03:28Z,7dac0c000000,rw-p,21836,20112
2026-09-02T23:03:28Z,7dac20000000,rw-p,4544,4544
2026-09-02T23:03:28Z,7dac204f0000,rw-p,2048,2048
2026-09-02T23:03:28Z,7dac206f0000,rw-p,1024,1024
2026-09-02T23:03:28Z,7dac208f0000,rw-p,2048,2048
2026-09-02T23:03:28Z,7dac20af0000,rw-p,1024,1024
2026-09-02T23:03:28Z,7dac20bf0000,rw-p,704,700
2026-09-02T23:03:28Z,7dac20d00000,rw-p,576,564
2026-09-02T23:03:28Z,7dac2c000000,rwxp,7360,6756
2026-09-02T23:03:28Z,7dac34000000,rw-p,4888,4732
2026-09-02T23:03:28Z,7dac396d0000,rw-p,1268,1264
2026-09-02T23:08:28Z,fc000000,rw-p,65536,63796
2026-09-02T23:08:28Z,7dabec000000,rw-p,2276,2276
2026-09-02T23:08:28Z,7dabf4000000,rw-p,2412,2412
2026-09-02T23:08:28Z,7dac00000000,rw-p,7484,7452
2026-09-02T23:08:28Z,7dac0c000000,rw-p,21836,20112
2026-09-02T23:08:28Z,7dac20000000,rw-p,4544,4544
2026-09-02T23:08:28Z,7dac204f0000,rw-p,2048,2048
2026-09-02T23:08:28Z,7dac206f0000,rw-p,1024,1024
2026-09-02T23:08:28Z,7dac208f0000,rw-p,2048,2048
2026-09-02T23:08:28Z,7dac20af0000,rw-p,1024,1024
2026-09-02T23:08:28Z,7dac20bf0000,rw-p,704,700
2026-09-02T23:08:28Z,7dac20d00000,rw-p,576,572
2026-09-02T23:08:28Z,7dac2c000000,rwxp,7360,6756
2026-09-02T23:08:28Z,7dac34000000,rw-p,4888,4732
2026-09-02T23:08:28Z,7dac396d0000,rw-p,1268,1264
2026-09-02T23:13:28Z,fc000000,rw-p,65536,63796
2026-09-02T23:13:28Z,7dabec000000,rw-p,2276,2276
2026-09-02T23:13:28Z,7dabf4000000,rw-p,2412,2412
2026-09-02T23:13:28Z,7dac00000000,rw-p,7484,7452
2026-09-02T23:13:28Z,7dac0c000000,rw-p,21836,20112
2026-09-02T23:13:28Z,7dac20000000,rw-p,4544,4544
2026-09-02T23:13:28Z,7dac204f0000,rw-p,2048,2048
2026-09-02T23:13:28Z,7dac206f0000,rw-p,1024,1024
2026-09-02T23:13:28Z,7dac208f0000,rw-p,2048,2048
2026-09-02T23:13:28Z,7dac20af0000,rw-p,1024,1024
2026-09-02T23:13:28Z,7dac20bf0000,rw-p,704,700
2026-09-02T23:13:28Z,7dac20d00000,rw-p,576,572
2026-09-02T23:13:28Z,7dac2c000000,rwxp,7360,6756
2026-09-02T23:13:28Z,7dac34000000,rw-p,4888,4732
2026-09-02T23:13:28Z,7dac396d0000,rw-p,1268,1264
2026-09-02T23:18:28Z,fc000000,rw-p,65536,63796
2026-09-02T23:18:28Z,7dabec000000,rw-p,2276,2276
2026-09-02T23:18:28Z,7dabf4000000,rw-p,2412,2412
2026-09-02T23:18:28Z,7dac00000000,rw-p,7484,7452
2026-09-02T23:18:28Z,7dac0c000000,rw-p,21836,20112
2026-09-02T23:18:28Z,7dac20000000,rw-p,4544,4544
2026-09-02T23:18:28Z,7dac204f0000,rw-p,2048,2048
2026-09-02T23:18:28Z,7dac206f0000,rw-p,1024,1024
2026-09-02T23:18:28Z,7dac208f0000,rw-p,2048,2048
2026-09-02T23:18:28Z,7dac20af0000,rw-p,1024,1024
2026-09-02T23:18:28Z,7dac20bf0000,rw-p,704,700
2026-09-02T23:18:28Z,7dac20d00000,rw-p,576,572
2026-09-02T23:18:28Z,7dac2c000000,rwxp,7360,6756
2026-09-02T23:18:28Z,7dac34000000,rw-p,4888,4732
2026-09-02T23:18:28Z,7dac396d0000,rw-p,1268,1264
2026-09-02T23:23:28Z,fc000000,rw-p,65536,63796
2026-09-02T23:23:28Z,7dabec000000,rw-p,2276,2276
2026-09-02T23:23:28Z,7dabf4000000,rw-p,2412,2412
2026-09-02T23:23:28Z,7dac00000000,rw-p,7484,7452
2026-09-02T23:23:28Z,7dac0c000000,rw-p,21836,20112
2026-09-02T23:23:28Z,7dac20000000,rw-p,4544,4544
2026-09-02T23:23:28Z,7dac204f0000,rw-p,2048,2048
2026-09-02T23:23:28Z,7dac206f0000,rw-p,1024,1024
2026-09-02T23:23:28Z,7dac208f0000,rw-p,2048,2048
2026-09-02T23:23:28Z,7dac20af0000,rw-p,1024,1024
2026-09-02T23:23:28Z,7dac20bf0000,rw-p,704,700
2026-09-02T23:23:28Z,7dac20d00000,rw-p,576,572
2026-09-02T23:23:28Z,7dac2c000000,rwxp,7360,6756
2026-09-02T23:23:28Z,7dac34000000,rw-p,4888,4732
2026-09-02T23:23:28Z,7dac396d0000,rw-p,1268,1264
2026-09-02T23:28:28Z,fc000000,rw-p,65536,63796
2026-09-02T23:28:28Z,7dabec000000,rw-p,2276,2276
2026-09-02T23:28:28Z,7dabf4000000,rw-p,2412,2412
2026-09-02T23:28:28Z,7dac00000000,rw-p,7484,7452
2026-09-02T23:28:28Z,7dac0c000000,rw-p,21836,20112
2026-09-02T23:28:28Z,7dac20000000,rw-p,4544,4544
2026-09-02T23:28:28Z,7dac204f0000,rw-p,2048,2048
2026-09-02T23:28:28Z,7dac206f0000,rw-p,1024,1024
2026-09-02T23:28:28Z,7dac208f0000,rw-p,2048,2048
2026-09-02T23:28:28Z,7dac20af0000,rw-p,1024,1024
2026-09-02T23:28:28Z,7dac20bf0000,rw-p,704,700
2026-09-02T23:28:28Z,7dac20d00000,rw-p,576,572
2026-09-02T23:28:28Z,7dac2c000000,rwxp,7360,6756
2026-09-02T23:28:28Z,7dac34000000,rw-p,4888,4732
2026-09-02T23:28:28Z,7dac396d0000,rw-p,1268,1264
2026-09-02T23:33:28Z,fc000000,rw-p,65536,63796
2026-09-02T23:33:28Z,7dabec000000,rw-p,2276,2276
2026-09-02T23:33:28Z,7dabf4000000,rw-p,2412,2412
2026-09-02T23:33:28Z,7dac00000000,rw-p,7484,7452
2026-09-02T23:33:28Z,7dac0c000000,rw-p,21836,20112
2026-09-02T23:33:28Z,7dac20000000,rw-p,4544,4544
2026-09-02T23:33:28Z,7dac204f0000,rw-p,2048,2048
2026-09-02T23:33:28Z,7dac206f0000,rw-p,1024,1024
2026-09-02T23:33:28Z,7dac208f0000,rw-p,2048,2048
2026-09-02T23:33:28Z,7dac20af0000,rw-p,1024,1024
2026-09-02T23:33:28Z,7dac20bf0000,rw-p,704,700
2026-09-02T23:33:28Z,7dac20d00000,rw-p,576,572
2026-09-02T23:33:28Z,7dac2c000000,rwxp,7360,6756
2026-09-02T23:33:28Z,7dac34000000,rw-p,4888,4732
2026-09-02T23:33:28Z,7dac396d0000,rw-p,1268,1264
2026-09-02T23:38:28Z,fc000000,rw-p,65536,63796
2026-09-02T23:38:28Z,7dabec000000,rw-p,2276,2276
2026-09-02T23:38:28Z,7dabf4000000,rw-p,2412,2412
2026-09-02T23:38:28Z,7dac00000000,rw-p,7484,7452
2026-09-02T23:38:28Z,7dac0c000000,rw-p,21836,20112
2026-09-02T23:38:28Z,7dac20000000,rw-p,4544,4544
2026-09-02T23:38:28Z,7dac204f0000,rw-p,2048,2048
2026-09-02T23:38:28Z,7dac206f0000,rw-p,1024,1024
2026-09-02T23:38:28Z,7dac208f0000,rw-p,2048,2048
2026-09-02T23:38:28Z,7dac20af0000,rw-p,1024,1024
2026-09-02T23:38:28Z,7dac20bf0000,rw-p,704,700
2026-09-02T23:38:28Z,7dac20d00000,rw-p,576,572
2026-09-02T23:38:28Z,7dac2c000000,rwxp,7360,6756
2026-09-02T23:38:28Z,7dac34000000,rw-p,4888,4732
2026-09-02T23:38:28Z,7dac396d0000,rw-p,1268,1264
2026-09-02T23:43:28Z,fc000000,rw-p,65536,63796
2026-09-02T23:43:28Z,7dabec000000,rw-p,2276,2276
2026-09-02T23:43:28Z,7dabf4000000,rw-p,2412,2412
2026-09-02T23:43:28Z,7dac00000000,rw-p,7484,7452
2026-09-02T23:43:28Z,7dac0c000000,rw-p,21836,20112
2026-09-02T23:43:28Z,7dac20000000,rw-p,4544,4544
2026-09-02T23:43:28Z,7dac204f0000,rw-p,2048,2048
2026-09-02T23:43:28Z,7dac206f0000,rw-p,1024,1024
2026-09-02T23:43:28Z,7dac208f0000,rw-p,2048,2048
2026-09-02T23:43:28Z,7dac20af0000,rw-p,1024,1024
2026-09-02T23:43:28Z,7dac20bf0000,rw-p,704,700
2026-09-02T23:43:28Z,7dac20d00000,rw-p,576,572
2026-09-02T23:43:28Z,7dac2c000000,rwxp,7360,6756
2026-09-02T23:43:28Z,7dac34000000,rw-p,4888,4732
2026-09-02T23:43:28Z,7dac396d0000,rw-p,1268,1264
2026-09-02T23:48:29Z,fc000000,rw-p,65536,63796
2026-09-02T23:48:29Z,7dabec000000,rw-p,2276,2276
2026-09-02T23:48:29Z,7dabf4000000,rw-p,2412,2412
2026-09-02T23:48:29Z,7dac00000000,rw-p,7484,7452
2026-09-02T23:48:29Z,7dac0c000000,rw-p,21836,20112
2026-09-02T23:48:29Z,7dac20000000,rw-p,4544,4544
2026-09-02T23:48:29Z,7dac204f0000,rw-p,2048,2048
2026-09-02T23:48:29Z,7dac206f0000,rw-p,1024,1024
2026-09-02T23:48:29Z,7dac208f0000,rw-p,2048,2048
2026-09-02T23:48:29Z,7dac20af0000,rw-p,1024,1024
2026-09-02T23:48:29Z,7dac20bf0000,rw-p,704,700
2026-09-02T23:48:29Z,7dac20d00000,rw-p,576,572
2026-09-02T23:48:29Z,7dac2c000000,rwxp,7360,6756
2026-09-02T23:48:29Z,7dac34000000,rw-p,4888,4732
2026-09-02T23:48:29Z,7dac396d0000,rw-p,1268,1264
2026-09-02T23:53:29Z,fc000000,rw-p,65536,63796
2026-09-02T23:53:29Z,7dabec000000,rw-p,2276,2276
2026-09-02T23:53:29Z,7dabf4000000,rw-p,2412,2412
2026-09-02T23:53:29Z,7dac00000000,rw-p,7484,7452
2026-09-02T23:53:29Z,7dac0c000000,rw-p,21836,20112
2026-09-02T23:53:29Z,7dac20000000,rw-p,4544,4544
2026-09-02T23:53:29Z,7dac204f0000,rw-p,2048,2048
2026-09-02T23:53:29Z,7dac206f0000,rw-p,1024,1024
2026-09-02T23:53:29Z,7dac208f0000,rw-p,2048,2048
2026-09-02T23:53:29Z,7dac20af0000,rw-p,1024,1024
2026-09-02T23:53:29Z,7dac20bf0000,rw-p,704,700
2026-09-02T23:53:29Z,7dac20d00000,rw-p,576,572
2026-09-02T23:53:29Z,7dac2c000000,rwxp,7360,6756
2026-09-02T23:53:29Z,7dac34000000,rw-p,4888,4732
2026-09-02T23:53:29Z,7dac396d0000,rw-p,1268,1264
2026-09-02T23:58:29Z,fc000000,rw-p,65536,63796
2026-09-02T23:58:29Z,7dabec000000,rw-p,2276,2276
2026-09-02T23:58:29Z,7dabf4000000,rw-p,2412,2412
2026-09-02T23:58:29Z,7dac00000000,rw-p,7484,7452
2026-09-02T23:58:29Z,7dac0c000000,rw-p,21836,20112
2026-09-02T23:58:29Z,7dac20000000,rw-p,4544,4544
2026-09-02T23:58:29Z,7dac204f0000,rw-p,2048,2048
2026-09-02T23:58:29Z,7dac206f0000,rw-p,1024,1024
2026-09-02T23:58:29Z,7dac208f0000,rw-p,2048,2048
2026-09-02T23:58:29Z,7dac20af0000,rw-p,1024,1024
2026-09-02T23:58:29Z,7dac20bf0000,rw-p,704,700
2026-09-02T23:58:29Z,7dac20d00000,rw-p,576,572
2026-09-02T23:58:29Z,7dac2c000000,rwxp,7360,6756
2026-09-02T23:58:29Z,7dac34000000,rw-p,4888,4732
2026-09-02T23:58:29Z,7dac396d0000,rw-p,1268,1264
2026-09-03T00:03:29Z,fc000000,rw-p,65536,63796
2026-09-03T00:03:29Z,7dabec000000,rw-p,2276,2276
2026-09-03T00:03:29Z,7dabf4000000,rw-p,2412,2412
2026-09-03T00:03:29Z,7dac00000000,rw-p,7484,7452
2026-09-03T00:03:29Z,7dac0c000000,rw-p,21836,20112
2026-09-03T00:03:29Z,7dac20000000,rw-p,4544,4544
2026-09-03T00:03:29Z,7dac204f0000,rw-p,2048,2048
2026-09-03T00:03:29Z,7dac206f0000,rw-p,1024,1024
2026-09-03T00:03:29Z,7dac208f0000,rw-p,2048,2048
2026-09-03T00:03:29Z,7dac20af0000,rw-p,1024,1024
2026-09-03T00:03:29Z,7dac20bf0000,rw-p,704,700
2026-09-03T00:03:29Z,7dac20d00000,rw-p,576,572
2026-09-03T00:03:29Z,7dac2c000000,rwxp,7360,6756
2026-09-03T00:03:29Z,7dac34000000,rw-p,4888,4732
2026-09-03T00:03:29Z,7dac396d0000,rw-p,1268,1264
2026-09-03T00:08:29Z,fc000000,rw-p,65536,63796
2026-09-03T00:08:29Z,7dabec000000,rw-p,2276,2276
2026-09-03T00:08:29Z,7dabf4000000,rw-p,2412,2412
2026-09-03T00:08:29Z,7dac00000000,rw-p,7484,7452
2026-09-03T00:08:29Z,7dac0c000000,rw-p,21836,20112
2026-09-03T00:08:29Z,7dac20000000,rw-p,4544,4544
2026-09-03T00:08:29Z,7dac204f0000,rw-p,2048,2048
2026-09-03T00:08:29Z,7dac206f0000,rw-p,1024,1024
2026-09-03T00:08:29Z,7dac208f0000,rw-p,2048,2048
2026-09-03T00:08:29Z,7dac20af0000,rw-p,1024,1024
2026-09-03T00:08:29Z,7dac20bf0000,rw-p,704,700
2026-09-03T00:08:29Z,7dac20d00000,rw-p,576,572
2026-09-03T00:08:29Z,7dac2c000000,rwxp,7360,6756
2026-09-03T00:08:29Z,7dac34000000,rw-p,4888,4732
2026-09-03T00:08:29Z,7dac396d0000,rw-p,1268,1264
2026-09-03T00:13:29Z,fc000000,rw-p,65536,63796
2026-09-03T00:13:29Z,7dabec000000,rw-p,2276,2276
2026-09-03T00:13:29Z,7dabf4000000,rw-p,2412,2412
2026-09-03T00:13:29Z,7dac00000000,rw-p,7484,7452
2026-09-03T00:13:29Z,7dac0c000000,rw-p,21836,20112
2026-09-03T00:13:29Z,7dac20000000,rw-p,4544,4544
2026-09-03T00:13:29Z,7dac204f0000,rw-p,2048,2048
2026-09-03T00:13:29Z,7dac206f0000,rw-p,1024,1024
2026-09-03T00:13:29Z,7dac208f0000,rw-p,2048,2048
2026-09-03T00:13:29Z,7dac20af0000,rw-p,1024,1024
2026-09-03T00:13:29Z,7dac20bf0000,rw-p,704,700
2026-09-03T00:13:29Z,7dac20d00000,rw-p,576,572
2026-09-03T00:13:29Z,7dac2c000000,rwxp,7360,6756
2026-09-03T00:13:29Z,7dac34000000,rw-p,4888,4732
2026-09-03T00:13:29Z,7dac396d0000,rw-p,1268,1264
2026-09-03T00:18:29Z,fc000000,rw-p,65536,63796
2026-09-03T00:18:29Z,7dabec000000,rw-p,2276,2276
2026-09-03T00:18:29Z,7dabf4000000,rw-p,2412,2412
2026-09-03T00:18:29Z,7dac00000000,rw-p,7484,7452
2026-09-03T00:18:29Z,7dac0c000000,rw-p,21836,20112
2026-09-03T00:18:29Z,7dac20000000,rw-p,4544,4544
2026-09-03T00:18:29Z,7dac204f0000,rw-p,2048,2048
2026-09-03T00:18:29Z,7dac206f0000,rw-p,1024,1024
2026-09-03T00:18:29Z,7dac208f0000,rw-p,2048,2048
2026-09-03T00:18:29Z,7dac20af0000,rw-p,1024,1024
2026-09-03T00:18:29Z,7dac20bf0000,rw-p,704,700
2026-09-03T00:18:29Z,7dac20d00000,rw-p,576,572
2026-09-03T00:18:29Z,7dac2c000000,rwxp,7360,6756
2026-09-03T00:18:29Z,7dac34000000,rw-p,4888,4732
2026-09-03T00:18:29Z,7dac396d0000,rw-p,1268,1264
2026-09-03T00:23:29Z,fc000000,rw-p,65536,63796
2026-09-03T00:23:29Z,7dabec000000,rw-p,2276,2276
2026-09-03T00:23:29Z,7dabf4000000,rw-p,2412,2412
2026-09-03T00:23:29Z,7dac00000000,rw-p,7484,7452
2026-09-03T00:23:29Z,7dac0c000000,rw-p,21836,20112
2026-09-03T00:23:29Z,7dac20000000,rw-p,4544,4544
2026-09-03T00:23:29Z,7dac204f0000,rw-p,2048,2048
2026-09-03T00:23:29Z,7dac206f0000,rw-p,1024,1024
2026-09-03T00:23:29Z,7dac208f0000,rw-p,2048,2048
2026-09-03T00:23:29Z,7dac20af0000,rw-p,1024,1024
2026-09-03T00:23:29Z,7dac20bf0000,rw-p,704,700
2026-09-03T00:23:29Z,7dac20d00000,rw-p,576,572
2026-09-03T00:23:29Z,7dac2c000000,rwxp,7360,6756
2026-09-03T00:23:29Z,7dac34000000,rw-p,4888,4732
2026-09-03T00:23:29Z,7dac396d0000,rw-p,1268,1264
2026-09-03T00:28:29Z,fc000000,rw-p,65536,63796
2026-09-03T00:28:29Z,7dabec000000,rw-p,2276,2276
2026-09-03T00:28:29Z,7dabf4000000,rw-p,2412,2412
2026-09-03T00:28:29Z,7dac00000000,rw-p,7484,7452
2026-09-03T00:28:29Z,7dac0c000000,rw-p,21836,20112
2026-09-03T00:28:29Z,7dac20000000,rw-p,4544,4544
2026-09-03T00:28:29Z,7dac204f0000,rw-p,2048,2048
2026-09-03T00:28:29Z,7dac206f0000,rw-p,1024,1024
2026-09-03T00:28:29Z,7dac208f0000,rw-p,2048,2048
2026-09-03T00:28:29Z,7dac20af0000,rw-p,1024,1024
2026-09-03T00:28:29Z,7dac20bf0000,rw-p,704,700
2026-09-03T00:28:29Z,7dac20d00000,rw-p,576,572
2026-09-03T00:28:29Z,7dac2c000000,rwxp,7360,6756
2026-09-03T00:28:29Z,7dac34000000,rw-p,4888,4732
2026-09-03T00:28:29Z,7dac396d0000,rw-p,1268,1264
2026-09-03T00:33:29Z,fc000000,rw-p,65536,63796
2026-09-03T00:33:29Z,7dabec000000,rw-p,2276,2276
2026-09-03T00:33:29Z,7dabf4000000,rw-p,2412,2412
2026-09-03T00:33:29Z,7dac00000000,rw-p,7484,7452
2026-09-03T00:33:29Z,7dac0c000000,rw-p,21836,20112
2026-09-03T00:33:29Z,7dac20000000,rw-p,4544,4544
2026-09-03T00:33:29Z,7dac204f0000,rw-p,2048,2048
2026-09-03T00:33:29Z,7dac206f0000,rw-p,1024,1024
2026-09-03T00:33:29Z,7dac208f0000,rw-p,2048,2048
2026-09-03T00:33:29Z,7dac20af0000,rw-p,1024,1024
2026-09-03T00:33:29Z,7dac20bf0000,rw-p,704,700
2026-09-03T00:33:29Z,7dac20d00000,rw-p,576,572
2026-09-03T00:33:29Z,7dac2c000000,rwxp,7360,6756
2026-09-03T00:33:29Z,7dac34000000,rw-p,4888,4732
2026-09-03T00:33:29Z,7dac396d0000,rw-p,1268,1264
2026-09-03T00:38:30Z,fc000000,rw-p,65536,63796
2026-09-03T00:38:30Z,7dabec000000,rw-p,2276,2276
2026-09-03T00:38:30Z,7dabf4000000,rw-p,2412,2412
2026-09-03T00:38:30Z,7dac00000000,rw-p,7484,7452
2026-09-03T00:38:30Z,7dac0c000000,rw-p,21836,20112
2026-09-03T00:38:30Z,7dac20000000,rw-p,4544,4544
2026-09-03T00:38:30Z,7dac204f0000,rw-p,2048,2048
2026-09-03T00:38:30Z,7dac206f0000,rw-p,1024,1024
2026-09-03T00:38:30Z,7dac208f0000,rw-p,2048,2048
2026-09-03T00:38:30Z,7dac20af0000,rw-p,1024,1024
2026-09-03T00:38:30Z,7dac20bf0000,rw-p,704,700
2026-09-03T00:38:30Z,7dac20d00000,rw-p,576,572
2026-09-03T00:38:30Z,7dac2c000000,rwxp,7360,6756
2026-09-03T00:38:30Z,7dac34000000,rw-p,4888,4732
2026-09-03T00:38:30Z,7dac396d0000,rw-p,1268,1264
2026-09-03T00:43:30Z,fc000000,rw-p,65536,63796
2026-09-03T00:43:30Z,7dabec000000,rw-p,2276,2276
2026-09-03T00:43:30Z,7dabf4000000,rw-p,2412,2412
2026-09-03T00:43:30Z,7dac00000000,rw-p,7484,7452
2026-09-03T00:43:30Z,7dac0c000000,rw-p,21836,20112
2026-09-03T00:43:30Z,7dac20000000,rw-p,4544,4544
2026-09-03T00:43:30Z,7dac204f0000,rw-p,2048,2048
2026-09-03T00:43:30Z,7dac206f0000,rw-p,1024,1024
2026-09-03T00:43:30Z,7dac208f0000,rw-p,2048,2048
2026-09-03T00:43:30Z,7dac20af0000,rw-p,1024,1024
2026-09-03T00:43:30Z,7dac20bf0000,rw-p,704,700
2026-09-03T00:43:30Z,7dac20d00000,rw-p,576,572
2026-09-03T00:43:30Z,7dac2c000000,rwxp,7360,6756
2026-09-03T00:43:30Z,7dac34000000,rw-p,4888,4732
2026-09-03T00:43:30Z,7dac396d0000,rw-p,1268,1264
2026-09-03T00:48:30Z,fc000000,rw-p,65536,63796
2026-09-03T00:48:30Z,7dabec000000,rw-p,2276,2276
2026-09-03T00:48:30Z,7dabf4000000,rw-p,2412,2412
2026-09-03T00:48:30Z,7dac00000000,rw-p,7484,7452
2026-09-03T00:48:30Z,7dac0c000000,rw-p,21836,20112
2026-09-03T00:48:30Z,7dac20000000,rw-p,4544,4544
2026-09-03T00:48:30Z,7dac204f0000,rw-p,2048,2048
2026-09-03T00:48:30Z,7dac206f0000,rw-p,1024,1024
2026-09-03T00:48:30Z,7dac208f0000,rw-p,2048,2048
2026-09-03T00:48:30Z,7dac20af0000,rw-p,1024,1024
2026-09-03T00:48:30Z,7dac20bf0000,rw-p,704,700
2026-09-03T00:48:30Z,7dac20d00000,rw-p,576,572
2026-09-03T00:48:30Z,7dac2c000000,rwxp,7360,6756
2026-09-03T00:48:30Z,7dac34000000,rw-p,4888,4732
2026-09-03T00:48:30Z,7dac396d0000,rw-p,1268,1264
2026-09-03T00:53:30Z,fc000000,rw-p,65536,63796
2026-09-03T00:53:30Z,7dabec000000,rw-p,2276,2276
2026-09-03T00:53:30Z,7dabf4000000,rw-p,2412,2412
2026-09-03T00:53:30Z,7dac00000000,rw-p,7484,7452
2026-09-03T00:53:30Z,7dac0c000000,rw-p,21836,20112
2026-09-03T00:53:30Z,7dac20000000,rw-p,4544,4544
2026-09-03T00:53:30Z,7dac204f0000,rw-p,2048,2048
2026-09-03T00:53:30Z,7dac206f0000,rw-p,1024,1024
2026-09-03T00:53:30Z,7dac208f0000,rw-p,2048,2048
2026-09-03T00:53:30Z,7dac20af0000,rw-p,1024,1024
2026-09-03T00:53:30Z,7dac20bf0000,rw-p,704,700
2026-09-03T00:53:30Z,7dac20d00000,rw-p,576,572
2026-09-03T00:53:30Z,7dac2c000000,rwxp,7360,6756
2026-09-03T00:53:30Z,7dac34000000,rw-p,4888,4732
2026-09-03T00:53:30Z,7dac396d0000,rw-p,1268,1264
2026-09-03T00:58:30Z,fc000000,rw-p,65536,63796
2026-09-03T00:58:30Z,7dabec000000,rw-p,2276,2276
2026-09-03T00:58:30Z,7dabf4000000,rw-p,2412,2412
2026-09-03T00:58:30Z,7dac00000000,rw-p,7484,7452
2026-09-03T00:58:30Z,7dac0c000000,rw-p,21836,20112
2026-09-03T00:58:30Z,7dac20000000,rw-p,4544,4544
2026-09-03T00:58:30Z,7dac204f0000,rw-p,2048,2048
2026-09-03T00:58:30Z,7dac206f0000,rw-p,1024,1024
2026-09-03T00:58:30Z,7dac208f0000,rw-p,2048,2048
2026-09-03T00:58:30Z,7dac20af0000,rw-p,1024,1024
2026-09-03T00:58:30Z,7dac20bf0000,rw-p,704,700
2026-09-03T00:58:30Z,7dac20d00000,rw-p,576,572
2026-09-03T00:58:30Z,7dac2c000000,rwxp,7360,6756
2026-09-03T00:58:30Z,7dac34000000,rw-p,4888,4732
2026-09-03T00:58:30Z,7dac396d0000,rw-p,1268,1264
2026-09-03T01:03:30Z,fc000000,rw-p,65536,63796
2026-09-03T01:03:30Z,7dabec000000,rw-p,2276,2276
2026-09-03T01:03:30Z,7dabf4000000,rw-p,2412,2412
2026-09-03T01:03:30Z,7dac00000000,rw-p,7484,7452
2026-09-03T01:03:30Z,7dac0c000000,rw-p,21836,20112
2026-09-03T01:03:30Z,7dac20000000,rw-p,4544,4544
2026-09-03T01:03:30Z,7dac204f0000,rw-p,2048,2048
2026-09-03T01:03:30Z,7dac206f0000,rw-p,1024,1024
2026-09-03T01:03:30Z,7dac208f0000,rw-p,2048,2048
2026-09-03T01:03:30Z,7dac20af0000,rw-p,1024,1024
2026-09-03T01:03:30Z,7dac20bf0000,rw-p,704,700
2026-09-03T01:03:30Z,7dac20d00000,rw-p,576,572
2026-09-03T01:03:30Z,7dac2c000000,rwxp,7360,6756
2026-09-03T01:03:30Z,7dac34000000,rw-p,4888,4732
2026-09-03T01:03:30Z,7dac396d0000,rw-p,1268,1264
2026-09-03T01:08:30Z,fc000000,rw-p,65536,63796
2026-09-03T01:08:30Z,7dabec000000,rw-p,2276,2276
2026-09-03T01:08:30Z,7dabf4000000,rw-p,2412,2412
2026-09-03T01:08:30Z,7dac00000000,rw-p,7484,7452
2026-09-03T01:08:30Z,7dac0c000000,rw-p,21836,20112
2026-09-03T01:08:30Z,7dac20000000,rw-p,4544,4544
2026-09-03T01:08:30Z,7dac204f0000,rw-p,2048,2048
2026-09-03T01:08:30Z,7dac206f0000,rw-p,1024,1024
2026-09-03T01:08:30Z,7dac208f0000,rw-p,2048,2048
2026-09-03T01:08:30Z,7dac20af0000,rw-p,1024,1024
2026-09-03T01:08:30Z,7dac20bf0000,rw-p,704,700
2026-09-03T01:08:30Z,7dac20d00000,rw-p,576,572
2026-09-03T01:08:30Z,7dac2c000000,rwxp,7360,6756
2026-09-03T01:08:30Z,7dac34000000,rw-p,4888,4732
2026-09-03T01:08:30Z,7dac396d0000,rw-p,1268,1264
2026-09-03T01:13:30Z,fc000000,rw-p,65536,63796
2026-09-03T01:13:30Z,7dabec000000,rw-p,2276,2276
2026-09-03T01:13:30Z,7dabf4000000,rw-p,2412,2412
2026-09-03T01:13:30Z,7dac00000000,rw-p,7484,7452
2026-09-03T01:13:30Z,7dac0c000000,rw-p,21836,20112
2026-09-03T01:13:30Z,7dac20000000,rw-p,4544,4544
2026-09-03T01:13:30Z,7dac204f0000,rw-p,2048,2048
2026-09-03T01:13:30Z,7dac206f0000,rw-p,1024,1024
2026-09-03T01:13:30Z,7dac208f0000,rw-p,2048,2048
2026-09-03T01:13:30Z,7dac20af0000,rw-p,1024,1024
2026-09-03T01:13:30Z,7dac20bf0000,rw-p,704,700
2026-09-03T01:13:30Z,7dac20d00000,rw-p,576,572
2026-09-03T01:13:30Z,7dac2c000000,rwxp,7360,6756
2026-09-03T01:13:30Z,7dac34000000,rw-p,4888,4732
2026-09-03T01:13:30Z,7dac396d0000,rw-p,1268,1264
2026-09-03T01:18:30Z,fc000000,rw-p,65536,63796
2026-09-03T01:18:30Z,7dabec000000,rw-p,2276,2276
2026-09-03T01:18:30Z,7dabf4000000,rw-p,2412,2412
2026-09-03T01:18:30Z,7dac00000000,rw-p,7484,7452
2026-09-03T01:18:30Z,7dac0c000000,rw-p,21836,20112
2026-09-03T01:18:30Z,7dac20000000,rw-p,4544,4544
2026-09-03T01:18:30Z,7dac204f0000,rw-p,2048,2048
2026-09-03T01:18:30Z,7dac206f0000,rw-p,1024,1024
2026-09-03T01:18:30Z,7dac208f0000,rw-p,2048,2048
2026-09-03T01:18:30Z,7dac20af0000,rw-p,1024,1024
2026-09-03T01:18:30Z,7dac20bf0000,rw-p,704,700
2026-09-03T01:18:30Z,7dac20d00000,rw-p,576,572
2026-09-03T01:18:30Z,7dac2c000000,rwxp,7360,6756
2026-09-03T01:18:30Z,7dac34000000,rw-p,4888,4732
2026-09-03T01:18:30Z,7dac396d0000,rw-p,1268,1264
2026-09-03T01:23:30Z,fc000000,rw-p,65536,63796
2026-09-03T01:23:30Z,7dabec000000,rw-p,2276,2276
2026-09-03T01:23:30Z,7dabf4000000,rw-p,2412,2412
2026-09-03T01:23:30Z,7dac00000000,rw-p,7484,7452
2026-09-03T01:23:30Z,7dac0c000000,rw-p,21836,20112
2026-09-03T01:23:30Z,7dac20000000,rw-p,4544,4544
2026-09-03T01:23:30Z,7dac204f0000,rw-p,2048,2048
2026-09-03T01:23:30Z,7dac206f0000,rw-p,1024,1024
2026-09-03T01:23:30Z,7dac208f0000,rw-p,2048,2048
2026-09-03T01:23:30Z,7dac20af0000,rw-p,1024,1024
2026-09-03T01:23:30Z,7dac20bf0000,rw-p,704,700
2026-09-03T01:23:30Z,7dac20d00000,rw-p,576,572
2026-09-03T01:23:30Z,7dac2c000000,rwxp,7360,6756
2026-09-03T01:23:30Z,7dac34000000,rw-p,4888,4732
2026-09-03T01:23:30Z,7dac396d0000,rw-p,1268,1264
2026-09-03T01:28:31Z,fc000000,rw-p,65536,63796
2026-09-03T01:28:31Z,7dabec000000,rw-p,2276,2276
2026-09-03T01:28:31Z,7dabf4000000,rw-p,2412,2412
2026-09-03T01:28:31Z,7dac00000000,rw-p,7484,7452
2026-09-03T01:28:31Z,7dac0c000000,rw-p,21836,20112
2026-09-03T01:28:31Z,7dac20000000,rw-p,4544,4544
2026-09-03T01:28:31Z,7dac204f0000,rw-p,2048,2048
2026-09-03T01:28:31Z,7dac206f0000,rw-p,1024,1024
2026-09-03T01:28:31Z,7dac208f0000,rw-p,2048,2048
2026-09-03T01:28:31Z,7dac20af0000,rw-p,1024,1024
2026-09-03T01:28:31Z,7dac20bf0000,rw-p,704,700
2026-09-03T01:28:31Z,7dac20d00000,rw-p,576,572
2026-09-03T01:28:31Z,7dac2c000000,rwxp,7360,6756
2026-09-03T01:28:31Z,7dac34000000,rw-p,4888,4732
2026-09-03T01:28:31Z,7dac396d0000,rw-p,1268,1264
2026-09-03T01:33:31Z,fc000000,rw-p,65536,63796
2026-09-03T01:33:31Z,7dabec000000,rw-p,2276,2276
2026-09-03T01:33:31Z,7dabf4000000,rw-p,2412,2412
2026-09-03T01:33:31Z,7dac00000000,rw-p,7484,7452
2026-09-03T01:33:31Z,7dac0c000000,rw-p,21836,20112
2026-09-03T01:33:31Z,7dac20000000,rw-p,4544,4544
2026-09-03T01:33:31Z,7dac204f0000,rw-p,2048,2048
2026-09-03T01:33:31Z,7dac206f0000,rw-p,1024,1024
2026-09-03T01:33:31Z,7dac208f0000,rw-p,2048,2048
2026-09-03T01:33:31Z,7dac20af0000,rw-p,1024,1024
2026-09-03T01:33:31Z,7dac20bf0000,rw-p,704,700
2026-09-03T01:33:31Z,7dac20d00000,rw-p,576,572
2026-09-03T01:33:31Z,7dac2c000000,rwxp,7360,6756
2026-09-03T01:33:31Z,7dac34000000,rw-p,4888,4732
2026-09-03T01:33:31Z,7dac396d0000,rw-p,1268,1264
2026-09-03T01:38:31Z,fc000000,rw-p,65536,63796
2026-09-03T01:38:31Z,7dabec000000,rw-p,2276,2276
2026-09-03T01:38:31Z,7dabf4000000,rw-p,2412,2412
2026-09-03T01:38:31Z,7dac00000000,rw-p,7484,7452
2026-09-03T01:38:31Z,7dac0c000000,rw-p,21836,20112
2026-09-03T01:38:31Z,7dac20000000,rw-p,4544,4544
2026-09-03T01:38:31Z,7dac204f0000,rw-p,2048,2048
2026-09-03T01:38:31Z,7dac206f0000,rw-p,1024,1024
2026-09-03T01:38:31Z,7dac208f0000,rw-p,2048,2048
2026-09-03T01:38:31Z,7dac20af0000,rw-p,1024,1024
2026-09-03T01:38:31Z,7dac20bf0000,rw-p,704,700
2026-09-03T01:38:31Z,7dac20d00000,rw-p,576,572
2026-09-03T01:38:31Z,7dac2c000000,rwxp,7360,6756
2026-09-03T01:38:31Z,7dac34000000,rw-p,4888,4732
2026-09-03T01:38:31Z,7dac396d0000,rw-p,1268,1264
2026-09-03T01:43:31Z,fc000000,rw-p,65536,63796
2026-09-03T01:43:31Z,7dabec000000,rw-p,2276,2276
2026-09-03T01:43:31Z,7dabf4000000,rw-p,2412,2412
2026-09-03T01:43:31Z,7dac00000000,rw-p,7484,7452
2026-09-03T01:43:31Z,7dac0c000000,rw-p,21836,20112
2026-09-03T01:43:31Z,7dac20000000,rw-p,4544,4544
2026-09-03T01:43:31Z,7dac204f0000,rw-p,2048,2048
2026-09-03T01:43:31Z,7dac206f0000,rw-p,1024,1024
2026-09-03T01:43:31Z,7dac208f0000,rw-p,2048,2048
2026-09-03T01:43:31Z,7dac20af0000,rw-p,1024,1024
2026-09-03T01:43:31Z,7dac20bf0000,rw-p,704,700
2026-09-03T01:43:31Z,7dac20d00000,rw-p,576,572
2026-09-03T01:43:31Z,7dac2c000000,rwxp,7360,6756
2026-09-03T01:43:31Z,7dac34000000,rw-p,4888,4732
2026-09-03T01:43:31Z,7dac396d0000,rw-p,1268,1264
2026-09-03T01:48:31Z,fc000000,rw-p,65536,63796
2026-09-03T01:48:31Z,7dabec000000,rw-p,2276,2276
2026-09-03T01:48:31Z,7dabf4000000,rw-p,2412,2412
2026-09-03T01:48:31Z,7dac00000000,rw-p,7484,7452
2026-09-03T01:48:31Z,7dac0c000000,rw-p,21836,20112
2026-09-03T01:48:31Z,7dac20000000,rw-p,4544,4544
2026-09-03T01:48:31Z,7dac204f0000,rw-p,2048,2048
2026-09-03T01:48:31Z,7dac206f0000,rw-p,1024,1024
2026-09-03T01:48:31Z,7dac208f0000,rw-p,2048,2048
2026-09-03T01:48:31Z,7dac20af0000,rw-p,1024,1024
2026-09-03T01:48:31Z,7dac20bf0000,rw-p,704,700
2026-09-03T01:48:31Z,7dac20d00000,rw-p,576,572
2026-09-03T01:48:31Z,7dac2c000000,rwxp,7360,6756
2026-09-03T01:48:31Z,7dac34000000,rw-p,4888,4732
2026-09-03T01:48:31Z,7dac396d0000,rw-p,1268,1264
2026-09-03T01:53:31Z,fc000000,rw-p,65536,63796
2026-09-03T01:53:31Z,7dabec000000,rw-p,2276,2276
2026-09-03T01:53:31Z,7dabf4000000,rw-p,2412,2412
2026-09-03T01:53:31Z,7dac00000000,rw-p,7484,7452
2026-09-03T01:53:31Z,7dac0c000000,rw-p,21836,20112
2026-09-03T01:53:31Z,7dac20000000,rw-p,4544,4544
2026-09-03T01:53:31Z,7dac204f0000,rw-p,2048,2048
2026-09-03T01:53:31Z,7dac206f0000,rw-p,1024,1024
2026-09-03T01:53:31Z,7dac208f0000,rw-p,2048,2048
2026-09-03T01:53:31Z,7dac20af0000,rw-p,1024,1024
2026-09-03T01:53:31Z,7dac20bf0000,rw-p,704,700
2026-09-03T01:53:31Z,7dac20d00000,rw-p,576,572
2026-09-03T01:53:31Z,7dac2c000000,rwxp,7360,6756
2026-09-03T01:53:31Z,7dac34000000,rw-p,4888,4732
2026-09-03T01:53:31Z,7dac396d0000,rw-p,1268,1264
2026-09-03T01:58:31Z,fc000000,rw-p,65536,63796
2026-09-03T01:58:31Z,7dabec000000,rw-p,2276,2276
2026-09-03T01:58:31Z,7dabf4000000,rw-p,2412,2412
2026-09-03T01:58:31Z,7dac00000000,rw-p,7484,7452
2026-09-03T01:58:31Z,7dac0c000000,rw-p,21836,20112
2026-09-03T01:58:31Z,7dac20000000,rw-p,4544,4544
2026-09-03T01:58:31Z,7dac204f0000,rw-p,2048,2048
2026-09-03T01:58:31Z,7dac206f0000,rw-p,1024,1024
2026-09-03T01:58:31Z,7dac208f0000,rw-p,2048,2048
2026-09-03T01:58:31Z,7dac20af0000,rw-p,1024,1024
2026-09-03T01:58:31Z,7dac20bf0000,rw-p,704,700
2026-09-03T01:58:31Z,7dac20d00000,rw-p,576,572
2026-09-03T01:58:31Z,7dac2c000000,rwxp,7360,6756
2026-09-03T01:58:31Z,7dac34000000,rw-p,4888,4732
2026-09-03T01:58:31Z,7dac396d0000,rw-p,1268,1264
2026-09-03T02:03:31Z,fc000000,rw-p,65536,63796
2026-09-03T02:03:31Z,7dabec000000,rw-p,2276,2276
2026-09-03T02:03:31Z,7dabf4000000,rw-p,2412,2412
2026-09-03T02:03:31Z,7dac00000000,rw-p,7484,7452
2026-09-03T02:03:31Z,7dac0c000000,rw-p,21836,20112
2026-09-03T02:03:31Z,7dac20000000,rw-p,4544,4544
2026-09-03T02:03:31Z,7dac204f0000,rw-p,2048,2048
2026-09-03T02:03:31Z,7dac206f0000,rw-p,1024,1024
2026-09-03T02:03:31Z,7dac208f0000,rw-p,2048,2048
2026-09-03T02:03:31Z,7dac20af0000,rw-p,1024,1024
2026-09-03T02:03:31Z,7dac20bf0000,rw-p,704,700
2026-09-03T02:03:31Z,7dac20d00000,rw-p,576,572
2026-09-03T02:03:31Z,7dac2c000000,rwxp,7360,6756
2026-09-03T02:03:31Z,7dac34000000,rw-p,4888,4732
2026-09-03T02:03:31Z,7dac396d0000,rw-p,1268,1264
2026-09-03T02:08:31Z,fc000000,rw-p,65536,63796
2026-09-03T02:08:31Z,7dabec000000,rw-p,2276,2276
2026-09-03T02:08:31Z,7dabf4000000,rw-p,2412,2412
2026-09-03T02:08:31Z,7dac00000000,rw-p,7484,7452
2026-09-03T02:08:31Z,7dac0c000000,rw-p,21836,20112
2026-09-03T02:08:31Z,7dac20000000,rw-p,4544,4544
2026-09-03T02:08:31Z,7dac204f0000,rw-p,2048,2048
2026-09-03T02:08:31Z,7dac206f0000,rw-p,1024,1024
2026-09-03T02:08:31Z,7dac208f0000,rw-p,2048,2048
2026-09-03T02:08:31Z,7dac20af0000,rw-p,1024,1024
2026-09-03T02:08:31Z,7dac20bf0000,rw-p,704,700
2026-09-03T02:08:31Z,7dac20d00000,rw-p,576,572
2026-09-03T02:08:31Z,7dac2c000000,rwxp,7360,6756
2026-09-03T02:08:31Z,7dac34000000,rw-p,4888,4732
2026-09-03T02:08:31Z,7dac396d0000,rw-p,1268,1264
2026-09-03T02:13:31Z,fc000000,rw-p,65536,63796
2026-09-03T02:13:31Z,7dabec000000,rw-p,2276,2276
2026-09-03T02:13:31Z,7dabf4000000,rw-p,2412,2412
2026-09-03T02:13:31Z,7dac00000000,rw-p,7484,7452
2026-09-03T02:13:31Z,7dac0c000000,rw-p,21836,20112
2026-09-03T02:13:31Z,7dac20000000,rw-p,4544,4544
2026-09-03T02:13:31Z,7dac204f0000,rw-p,2048,2048
2026-09-03T02:13:31Z,7dac206f0000,rw-p,1024,1024
2026-09-03T02:13:31Z,7dac208f0000,rw-p,2048,2048
2026-09-03T02:13:31Z,7dac20af0000,rw-p,1024,1024
2026-09-03T02:13:31Z,7dac20bf0000,rw-p,704,700
2026-09-03T02:13:31Z,7dac20d00000,rw-p,576,572
2026-09-03T02:13:31Z,7dac2c000000,rwxp,7360,6756
2026-09-03T02:13:31Z,7dac34000000,rw-p,4888,4732
2026-09-03T02:13:31Z,7dac396d0000,rw-p,1268,1264
2026-09-03T02:18:31Z,fc000000,rw-p,65536,63796
2026-09-03T02:18:31Z,7dabec000000,rw-p,2276,2276
2026-09-03T02:18:31Z,7dabf4000000,rw-p,2412,2412
2026-09-03T02:18:31Z,7dac00000000,rw-p,7484,7452
2026-09-03T02:18:31Z,7dac0c000000,rw-p,21836,20112
2026-09-03T02:18:31Z,7dac20000000,rw-p,4544,4544
2026-09-03T02:18:31Z,7dac204f0000,rw-p,2048,2048
2026-09-03T02:18:31Z,7dac206f0000,rw-p,1024,1024
2026-09-03T02:18:31Z,7dac208f0000,rw-p,2048,2048
2026-09-03T02:18:31Z,7dac20af0000,rw-p,1024,1024
2026-09-03T02:18:31Z,7dac20bf0000,rw-p,704,700
2026-09-03T02:18:31Z,7dac20d00000,rw-p,576,572
2026-09-03T02:18:31Z,7dac2c000000,rwxp,7360,6756
2026-09-03T02:18:31Z,7dac34000000,rw-p,4888,4732
2026-09-03T02:18:31Z,7dac396d0000,rw-p,1268,1264
2026-09-03T02:23:32Z,fc000000,rw-p,65536,63796
2026-09-03T02:23:32Z,7dabec000000,rw-p,2276,2276
2026-09-03T02:23:32Z,7dabf4000000,rw-p,2412,2412
2026-09-03T02:23:32Z,7dac00000000,rw-p,7484,7452
2026-09-03T02:23:32Z,7dac0c000000,rw-p,21836,20112
2026-09-03T02:23:32Z,7dac20000000,rw-p,4544,4544
2026-09-03T02:23:32Z,7dac204f0000,rw-p,2048,2048
2026-09-03T02:23:32Z,7dac206f0000,rw-p,1024,1024
2026-09-03T02:23:32Z,7dac208f0000,rw-p,2048,2048
2026-09-03T02:23:32Z,7dac20af0000,rw-p,1024,1024
2026-09-03T02:23:32Z,7dac20bf0000,rw-p,704,700
2026-09-03T02:23:32Z,7dac20d00000,rw-p,576,572
2026-09-03T02:23:32Z,7dac2c000000,rwxp,7360,6756
2026-09-03T02:23:32Z,7dac34000000,rw-p,4888,4732
2026-09-03T02:23:32Z,7dac396d0000,rw-p,1268,1264
2026-09-03T02:28:32Z,fc000000,rw-p,65536,63796
2026-09-03T02:28:32Z,7dabec000000,rw-p,2276,2276
2026-09-03T02:28:32Z,7dabf4000000,rw-p,2412,2412
2026-09-03T02:28:32Z,7dac00000000,rw-p,7484,7452
2026-09-03T02:28:32Z,7dac0c000000,rw-p,21836,20112
2026-09-03T02:28:32Z,7dac20000000,rw-p,4544,4544
2026-09-03T02:28:32Z,7dac204f0000,rw-p,2048,2048
2026-09-03T02:28:32Z,7dac206f0000,rw-p,1024,1024
2026-09-03T02:28:32Z,7dac208f0000,rw-p,2048,2048
2026-09-03T02:28:32Z,7dac20af0000,rw-p,1024,1024
2026-09-03T02:28:32Z,7dac20bf0000,rw-p,704,700
2026-09-03T02:28:32Z,7dac20d00000,rw-p,576,572
2026-09-03T02:28:32Z,7dac2c000000,rwxp,7360,6756
2026-09-03T02:28:32Z,7dac34000000,rw-p,4888,4732
2026-09-03T02:28:32Z,7dac396d0000,rw-p,1268,1264
2026-09-03T02:33:32Z,fc000000,rw-p,65536,63796
2026-09-03T02:33:32Z,7dabec000000,rw-p,2276,2276
2026-09-03T02:33:32Z,7dabf4000000,rw-p,2412,2412
2026-09-03T02:33:32Z,7dac00000000,rw-p,7484,7452
2026-09-03T02:33:32Z,7dac0c000000,rw-p,21836,20112
2026-09-03T02:33:32Z,7dac20000000,rw-p,4544,4544
2026-09-03T02:33:32Z,7dac204f0000,rw-p,2048,2048
2026-09-03T02:33:32Z,7dac206f0000,rw-p,1024,1024
2026-09-03T02:33:32Z,7dac208f0000,rw-p,2048,2048
2026-09-03T02:33:32Z,7dac20af0000,rw-p,1024,1024
2026-09-03T02:33:32Z,7dac20bf0000,rw-p,704,700
2026-09-03T02:33:32Z,7dac20d00000,rw-p,576,572
2026-09-03T02:33:32Z,7dac2c000000,rwxp,7360,6756
2026-09-03T02:33:32Z,7dac34000000,rw-p,4888,4732
2026-09-03T02:33:32Z,7dac396d0000,rw-p,1268,1264
2026-09-03T02:38:32Z,fc000000,rw-p,65536,63796
2026-09-03T02:38:32Z,7dabec000000,rw-p,2276,2276
2026-09-03T02:38:32Z,7dabf4000000,rw-p,2412,2412
2026-09-03T02:38:32Z,7dac00000000,rw-p,7484,7452
2026-09-03T02:38:32Z,7dac0c000000,rw-p,21836,20112
2026-09-03T02:38:32Z,7dac20000000,rw-p,4544,4544
2026-09-03T02:38:32Z,7dac204f0000,rw-p,2048,2048
2026-09-03T02:38:32Z,7dac206f0000,rw-p,1024,1024
2026-09-03T02:38:32Z,7dac208f0000,rw-p,2048,2048
2026-09-03T02:38:32Z,7dac20af0000,rw-p,1024,1024
2026-09-03T02:38:32Z,7dac20bf0000,rw-p,704,700
2026-09-03T02:38:32Z,7dac20d00000,rw-p,576,572
2026-09-03T02:38:32Z,7dac2c000000,rwxp,7360,6756
2026-09-03T02:38:32Z,7dac34000000,rw-p,4888,4732
2026-09-03T02:38:32Z,7dac396d0000,rw-p,1268,1264
2026-09-03T02:43:32Z,fc000000,rw-p,65536,63796
2026-09-03T02:43:32Z,7dabec000000,rw-p,2276,2276
2026-09-03T02:43:32Z,7dabf4000000,rw-p,2412,2412
2026-09-03T02:43:32Z,7dac00000000,rw-p,7484,7452
2026-09-03T02:43:32Z,7dac0c000000,rw-p,21836,20112
2026-09-03T02:43:32Z,7dac20000000,rw-p,4544,4544
2026-09-03T02:43:32Z,7dac204f0000,rw-p,2048,2048
2026-09-03T02:43:32Z,7dac206f0000,rw-p,1024,1024
2026-09-03T02:43:32Z,7dac208f0000,rw-p,2048,2048
2026-09-03T02:43:32Z,7dac20af0000,rw-p,1024,1024
2026-09-03T02:43:32Z,7dac20bf0000,rw-p,704,700
2026-09-03T02:43:32Z,7dac20d00000,rw-p,576,572
2026-09-03T02:43:32Z,7dac2c000000,rwxp,7360,6756
2026-09-03T02:43:32Z,7dac34000000,rw-p,4888,4732
2026-09-03T02:43:32Z,7dac396d0000,rw-p,1268,1264
2026-09-03T02:48:32Z,fc000000,rw-p,65536,63796
2026-09-03T02:48:32Z,7dabec000000,rw-p,2276,2276
2026-09-03T02:48:32Z,7dabf4000000,rw-p,2412,2412
2026-09-03T02:48:32Z,7dac00000000,rw-p,7484,7452
2026-09-03T02:48:32Z,7dac0c000000,rw-p,21836,20112
2026-09-03T02:48:32Z,7dac20000000,rw-p,4544,4544
2026-09-03T02:48:32Z,7dac204f0000,rw-p,2048,2048
2026-09-03T02:48:32Z,7dac206f0000,rw-p,1024,1024
2026-09-03T02:48:32Z,7dac208f0000,rw-p,2048,2048
2026-09-03T02:48:32Z,7dac20af0000,rw-p,1024,1024
2026-09-03T02:48:32Z,7dac20bf0000,rw-p,704,700
2026-09-03T02:48:32Z,7dac20d00000,rw-p,576,572
2026-09-03T02:48:32Z,7dac2c000000,rwxp,7360,6756
2026-09-03T02:48:32Z,7dac34000000,rw-p,4888,4732
2026-09-03T02:48:32Z,7dac396d0000,rw-p,1268,1264
2026-09-03T02:53:32Z,fc000000,rw-p,65536,63796
2026-09-03T02:53:32Z,7dabec000000,rw-p,2276,2276
2026-09-03T02:53:32Z,7dabf4000000,rw-p,2412,2412
2026-09-03T02:53:32Z,7dac00000000,rw-p,7484,7452
2026-09-03T02:53:32Z,7dac0c000000,rw-p,21836,20112
2026-09-03T02:53:32Z,7dac20000000,rw-p,4544,4544
2026-09-03T02:53:32Z,7dac204f0000,rw-p,2048,2048
2026-09-03T02:53:32Z,7dac206f0000,rw-p,1024,1024
2026-09-03T02:53:32Z,7dac208f0000,rw-p,2048,2048
2026-09-03T02:53:32Z,7dac20af0000,rw-p,1024,1024
2026-09-03T02:53:32Z,7dac20bf0000,rw-p,704,700
2026-09-03T02:53:32Z,7dac20d00000,rw-p,576,572
2026-09-03T02:53:32Z,7dac2c000000,rwxp,7360,6756
2026-09-03T02:53:32Z,7dac34000000,rw-p,4888,4732
2026-09-03T02:53:32Z,7dac396d0000,rw-p,1268,1264
2026-09-03T02:58:32Z,fc000000,rw-p,65536,63796
2026-09-03T02:58:32Z,7dabec000000,rw-p,2276,2276
2026-09-03T02:58:32Z,7dabf4000000,rw-p,2412,2412
2026-09-03T02:58:32Z,7dac00000000,rw-p,7484,7452
2026-09-03T02:58:32Z,7dac0c000000,rw-p,21836,20112
2026-09-03T02:58:32Z,7dac20000000,rw-p,4544,4544
2026-09-03T02:58:32Z,7dac204f0000,rw-p,2048,2048
2026-09-03T02:58:32Z,7dac206f0000,rw-p,1024,1024
2026-09-03T02:58:32Z,7dac208f0000,rw-p,2048,2048
2026-09-03T02:58:32Z,7dac20af0000,rw-p,1024,1024
2026-09-03T02:58:32Z,7dac20bf0000,rw-p,704,700
2026-09-03T02:58:32Z,7dac20d00000,rw-p,576,572
2026-09-03T02:58:32Z,7dac2c000000,rwxp,7360,6756
2026-09-03T02:58:32Z,7dac34000000,rw-p,4888,4732
2026-09-03T02:58:32Z,7dac396d0000,rw-p,1268,1264
2026-09-03T03:03:32Z,fc000000,rw-p,65536,63796
2026-09-03T03:03:32Z,7dabec000000,rw-p,2276,2276
2026-09-03T03:03:32Z,7dabf4000000,rw-p,2412,2412
2026-09-03T03:03:32Z,7dac00000000,rw-p,7484,7452
2026-09-03T03:03:32Z,7dac0c000000,rw-p,21836,20112
2026-09-03T03:03:32Z,7dac20000000,rw-p,4544,4544
2026-09-03T03:03:32Z,7dac204f0000,rw-p,2048,2048
2026-09-03T03:03:32Z,7dac206f0000,rw-p,1024,1024
2026-09-03T03:03:32Z,7dac208f0000,rw-p,2048,2048
2026-09-03T03:03:32Z,7dac20af0000,rw-p,1024,1024
2026-09-03T03:03:32Z,7dac20bf0000,rw-p,704,700
2026-09-03T03:03:32Z,7dac20d00000,rw-p,576,572
2026-09-03T03:03:32Z,7dac2c000000,rwxp,7360,6756
2026-09-03T03:03:32Z,7dac34000000,rw-p,4888,4732
2026-09-03T03:03:32Z,7dac396d0000,rw-p,1268,1264
2026-09-03T03:08:32Z,fc000000,rw-p,65536,63796
2026-09-03T03:08:32Z,7dabec000000,rw-p,2276,2276
2026-09-03T03:08:32Z,7dabf4000000,rw-p,2412,2412
2026-09-03T03:08:32Z,7dac00000000,rw-p,7484,7452
2026-09-03T03:08:32Z,7dac0c000000,rw-p,21836,20112
2026-09-03T03:08:32Z,7dac20000000,rw-p,4544,4544
2026-09-03T03:08:32Z,7dac204f0000,rw-p,2048,2048
2026-09-03T03:08:32Z,7dac206f0000,rw-p,1024,1024
2026-09-03T03:08:32Z,7dac208f0000,rw-p,2048,2048
2026-09-03T03:08:32Z,7dac20af0000,rw-p,1024,1024
2026-09-03T03:08:32Z,7dac20bf0000,rw-p,704,700
2026-09-03T03:08:32Z,7dac20d00000,rw-p,576,572
2026-09-03T03:08:32Z,7dac2c000000,rwxp,7360,6756
2026-09-03T03:08:32Z,7dac34000000,rw-p,4888,4732
2026-09-03T03:08:32Z,7dac396d0000,rw-p,1268,1264
2026-09-03T03:13:33Z,fc000000,rw-p,65536,63796
2026-09-03T03:13:33Z,7dabec000000,rw-p,2276,2276
2026-09-03T03:13:33Z,7dabf4000000,rw-p,2412,2412
2026-09-03T03:13:33Z,7dac00000000,rw-p,7484,7452
2026-09-03T03:13:33Z,7dac0c000000,rw-p,21836,20112
2026-09-03T03:13:33Z,7dac20000000,rw-p,4544,4544
2026-09-03T03:13:33Z,7dac204f0000,rw-p,2048,2048
2026-09-03T03:13:33Z,7dac206f0000,rw-p,1024,1024
2026-09-03T03:13:33Z,7dac208f0000,rw-p,2048,2048
2026-09-03T03:13:33Z,7dac20af0000,rw-p,1024,1024
2026-09-03T03:13:33Z,7dac20bf0000,rw-p,704,700
2026-09-03T03:13:33Z,7dac20d00000,rw-p,576,572
2026-09-03T03:13:33Z,7dac2c000000,rwxp,7360,6756
2026-09-03T03:13:33Z,7dac34000000,rw-p,4888,4732
2026-09-03T03:13:33Z,7dac396d0000,rw-p,1268,1264
2026-09-03T03:18:33Z,fc000000,rw-p,65536,63796
2026-09-03T03:18:33Z,7dabec000000,rw-p,2276,2276
2026-09-03T03:18:33Z,7dabf4000000,rw-p,2412,2412
2026-09-03T03:18:33Z,7dac00000000,rw-p,7484,7452
2026-09-03T03:18:33Z,7dac0c000000,rw-p,21836,20112
2026-09-03T03:18:33Z,7dac20000000,rw-p,4544,4544
2026-09-03T03:18:33Z,7dac204f0000,rw-p,2048,2048
2026-09-03T03:18:33Z,7dac206f0000,rw-p,1024,1024
2026-09-03T03:18:33Z,7dac208f0000,rw-p,2048,2048
2026-09-03T03:18:33Z,7dac20af0000,rw-p,1024,1024
2026-09-03T03:18:33Z,7dac20bf0000,rw-p,704,700
2026-09-03T03:18:33Z,7dac20d00000,rw-p,576,572
2026-09-03T03:18:33Z,7dac2c000000,rwxp,7360,6756
2026-09-03T03:18:33Z,7dac34000000,rw-p,4888,4732
2026-09-03T03:18:33Z,7dac396d0000,rw-p,1268,1264
2026-09-03T03:23:33Z,fc000000,rw-p,65536,63796
2026-09-03T03:23:33Z,7dabec000000,rw-p,2276,2276
2026-09-03T03:23:33Z,7dabf4000000,rw-p,2412,2412
2026-09-03T03:23:33Z,7dac00000000,rw-p,7484,7452
2026-09-03T03:23:33Z,7dac0c000000,rw-p,21836,20112
2026-09-03T03:23:33Z,7dac20000000,rw-p,4544,4544
2026-09-03T03:23:33Z,7dac204f0000,rw-p,2048,2048
2026-09-03T03:23:33Z,7dac206f0000,rw-p,1024,1024
2026-09-03T03:23:33Z,7dac208f0000,rw-p,2048,2048
2026-09-03T03:23:33Z,7dac20af0000,rw-p,1024,1024
2026-09-03T03:23:33Z,7dac20bf0000,rw-p,704,700
2026-09-03T03:23:33Z,7dac20d00000,rw-p,576,572
2026-09-03T03:23:33Z,7dac2c000000,rwxp,7360,6756
2026-09-03T03:23:33Z,7dac34000000,rw-p,4888,4732
2026-09-03T03:23:33Z,7dac396d0000,rw-p,1268,1264
2026-09-03T03:28:33Z,fc000000,rw-p,65536,63796
2026-09-03T03:28:33Z,7dabec000000,rw-p,2276,2276
2026-09-03T03:28:33Z,7dabf4000000,rw-p,2412,2412
2026-09-03T03:28:33Z,7dac00000000,rw-p,7484,7452
2026-09-03T03:28:33Z,7dac0c000000,rw-p,21836,20112
2026-09-03T03:28:33Z,7dac20000000,rw-p,4544,4544
2026-09-03T03:28:33Z,7dac204f0000,rw-p,2048,2048
2026-09-03T03:28:33Z,7dac206f0000,rw-p,1024,1024
2026-09-03T03:28:33Z,7dac208f0000,rw-p,2048,2048
2026-09-03T03:28:33Z,7dac20af0000,rw-p,1024,1024
2026-09-03T03:28:33Z,7dac20bf0000,rw-p,704,700
2026-09-03T03:28:33Z,7dac20d00000,rw-p,576,572
2026-09-03T03:28:33Z,7dac2c000000,rwxp,7360,6756
2026-09-03T03:28:33Z,7dac34000000,rw-p,4888,4732
2026-09-03T03:28:33Z,7dac396d0000,rw-p,1268,1264
2026-09-03T03:33:33Z,fc000000,rw-p,65536,63796
2026-09-03T03:33:33Z,7dabec000000,rw-p,2276,2276
2026-09-03T03:33:33Z,7dabf4000000,rw-p,2412,2412
2026-09-03T03:33:33Z,7dac00000000,rw-p,7484,7452
2026-09-03T03:33:33Z,7dac0c000000,rw-p,21836,20112
2026-09-03T03:33:33Z,7dac20000000,rw-p,4544,4544
2026-09-03T03:33:33Z,7dac204f0000,rw-p,2048,2048
2026-09-03T03:33:33Z,7dac206f0000,rw-p,1024,1024
2026-09-03T03:33:33Z,7dac208f0000,rw-p,2048,2048
2026-09-03T03:33:33Z,7dac20af0000,rw-p,1024,1024
2026-09-03T03:33:33Z,7dac20bf0000,rw-p,704,700
2026-09-03T03:33:33Z,7dac20d00000,rw-p,576,572
2026-09-03T03:33:33Z,7dac2c000000,rwxp,7360,6756
2026-09-03T03:33:33Z,7dac34000000,rw-p,4888,4732
2026-09-03T03:33:33Z,7dac396d0000,rw-p,1268,1264
2026-09-03T03:38:33Z,fc000000,rw-p,65536,63796
2026-09-03T03:38:33Z,7dabec000000,rw-p,2276,2276
2026-09-03T03:38:33Z,7dabf4000000,rw-p,2412,2412
2026-09-03T03:38:33Z,7dac00000000,rw-p,7484,7452
2026-09-03T03:38:33Z,7dac0c000000,rw-p,21836,20112
2026-09-03T03:38:33Z,7dac20000000,rw-p,4544,4544
2026-09-03T03:38:33Z,7dac204f0000,rw-p,2048,2048
2026-09-03T03:38:33Z,7dac206f0000,rw-p,1024,1024
2026-09-03T03:38:33Z,7dac208f0000,rw-p,2048,2048
2026-09-03T03:38:33Z,7dac20af0000,rw-p,1024,1024
2026-09-03T03:38:33Z,7dac20bf0000,rw-p,704,700
2026-09-03T03:38:33Z,7dac20d00000,rw-p,576,572
2026-09-03T03:38:33Z,7dac2c000000,rwxp,7360,6756
2026-09-03T03:38:33Z,7dac34000000,rw-p,4888,4732
2026-09-03T03:38:33Z,7dac396d0000,rw-p,1268,1264
2026-09-03T03:43:33Z,fc000000,rw-p,65536,63796
2026-09-03T03:43:33Z,7dabec000000,rw-p,2276,2276
2026-09-03T03:43:33Z,7dabf4000000,rw-p,2412,2412
2026-09-03T03:43:33Z,7dac00000000,rw-p,7484,7452
2026-09-03T03:43:33Z,7dac0c000000,rw-p,21836,20112
2026-09-03T03:43:33Z,7dac20000000,rw-p,4544,4544
2026-09-03T03:43:33Z,7dac204f0000,rw-p,2048,2048
2026-09-03T03:43:33Z,7dac206f0000,rw-p,1024,1024
2026-09-03T03:43:33Z,7dac208f0000,rw-p,2048,2048
2026-09-03T03:43:33Z,7dac20af0000,rw-p,1024,1024
2026-09-03T03:43:33Z,7dac20bf0000,rw-p,704,700
2026-09-03T03:43:33Z,7dac20d00000,rw-p,576,572
2026-09-03T03:43:33Z,7dac2c000000,rwxp,7360,6756
2026-09-03T03:43:33Z,7dac34000000,rw-p,4888,4732
2026-09-03T03:43:33Z,7dac396d0000,rw-p,1268,1264
2026-09-03T03:48:33Z,fc000000,rw-p,65536,63796
2026-09-03T03:48:33Z,7dabec000000,rw-p,2276,2276
2026-09-03T03:48:33Z,7dabf4000000,rw-p,2412,2412
2026-09-03T03:48:33Z,7dac00000000,rw-p,7484,7452
2026-09-03T03:48:33Z,7dac0c000000,rw-p,21836,20112
2026-09-03T03:48:33Z,7dac20000000,rw-p,4544,4544
2026-09-03T03:48:33Z,7dac204f0000,rw-p,2048,2048
2026-09-03T03:48:33Z,7dac206f0000,rw-p,1024,1024
2026-09-03T03:48:33Z,7dac208f0000,rw-p,2048,2048
2026-09-03T03:48:33Z,7dac20af0000,rw-p,1024,1024
2026-09-03T03:48:33Z,7dac20bf0000,rw-p,704,700
2026-09-03T03:48:33Z,7dac20d00000,rw-p,576,572
2026-09-03T03:48:33Z,7dac2c000000,rwxp,7360,6756
2026-09-03T03:48:33Z,7dac34000000,rw-p,4888,4732
2026-09-03T03:48:33Z,7dac396d0000,rw-p,1268,1264
2026-09-03T03:53:33Z,fc000000,rw-p,65536,63796
2026-09-03T03:53:33Z,7dabec000000,rw-p,2276,2276
2026-09-03T03:53:33Z,7dabf4000000,rw-p,2412,2412
2026-09-03T03:53:33Z,7dac00000000,rw-p,7484,7452
2026-09-03T03:53:33Z,7dac0c000000,rw-p,21836,20112
2026-09-03T03:53:33Z,7dac20000000,rw-p,4544,4544
2026-09-03T03:53:33Z,7dac204f0000,rw-p,2048,2048
2026-09-03T03:53:33Z,7dac206f0000,rw-p,1024,1024
2026-09-03T03:53:33Z,7dac208f0000,rw-p,2048,2048
2026-09-03T03:53:33Z,7dac20af0000,rw-p,1024,1024
2026-09-03T03:53:33Z,7dac20bf0000,rw-p,704,700
2026-09-03T03:53:33Z,7dac20d00000,rw-p,576,572
2026-09-03T03:53:33Z,7dac2c000000,rwxp,7360,6756
2026-09-03T03:53:33Z,7dac34000000,rw-p,4888,4732
2026-09-03T03:53:33Z,7dac396d0000,rw-p,1268,1264
2026-09-03T03:58:33Z,fc000000,rw-p,65536,63796
2026-09-03T03:58:33Z,7dabec000000,rw-p,2276,2276
2026-09-03T03:58:33Z,7dabf4000000,rw-p,2412,2412
2026-09-03T03:58:33Z,7dac00000000,rw-p,7484,7452
2026-09-03T03:58:33Z,7dac0c000000,rw-p,21836,20112
2026-09-03T03:58:33Z,7dac20000000,rw-p,4544,4544
2026-09-03T03:58:33Z,7dac204f0000,rw-p,2048,2048
2026-09-03T03:58:33Z,7dac206f0000,rw-p,1024,1024
2026-09-03T03:58:33Z,7dac208f0000,rw-p,2048,2048
2026-09-03T03:58:33Z,7dac20af0000,rw-p,1024,1024
2026-09-03T03:58:33Z,7dac20bf0000,rw-p,704,700
2026-09-03T03:58:33Z,7dac20d00000,rw-p,576,572
2026-09-03T03:58:33Z,7dac2c000000,rwxp,7360,6756
2026-09-03T03:58:33Z,7dac34000000,rw-p,4888,4732
2026-09-03T03:58:33Z,7dac396d0000,rw-p,1268,1264
2026-09-03T04:03:34Z,fc000000,rw-p,65536,63796
2026-09-03T04:03:34Z,7dabec000000,rw-p,2276,2276
2026-09-03T04:03:34Z,7dabf4000000,rw-p,2412,2412
2026-09-03T04:03:34Z,7dac00000000,rw-p,7484,7452
2026-09-03T04:03:34Z,7dac0c000000,rw-p,21836,20112
2026-09-03T04:03:34Z,7dac20000000,rw-p,4544,4544
2026-09-03T04:03:34Z,7dac204f0000,rw-p,2048,2048
2026-09-03T04:03:34Z,7dac206f0000,rw-p,1024,1024
2026-09-03T04:03:34Z,7dac208f0000,rw-p,2048,2048
2026-09-03T04:03:34Z,7dac20af0000,rw-p,1024,1024
2026-09-03T04:03:34Z,7dac20bf0000,rw-p,704,700
2026-09-03T04:03:34Z,7dac20d00000,rw-p,576,572
2026-09-03T04:03:34Z,7dac2c000000,rwxp,7360,6756
2026-09-03T04:03:34Z,7dac34000000,rw-p,4888,4732
2026-09-03T04:03:34Z,7dac396d0000,rw-p,1268,1264
2026-09-03T04:08:34Z,fc000000,rw-p,65536,63796
2026-09-03T04:08:34Z,7dabec000000,rw-p,2276,2276
2026-09-03T04:08:34Z,7dabf4000000,rw-p,2412,2412
2026-09-03T04:08:34Z,7dac00000000,rw-p,7484,7452
2026-09-03T04:08:34Z,7dac0c000000,rw-p,21836,20112
2026-09-03T04:08:34Z,7dac20000000,rw-p,4544,4544
2026-09-03T04:08:34Z,7dac204f0000,rw-p,2048,2048
2026-09-03T04:08:34Z,7dac206f0000,rw-p,1024,1024
2026-09-03T04:08:34Z,7dac208f0000,rw-p,2048,2048
2026-09-03T04:08:34Z,7dac20af0000,rw-p,1024,1024
2026-09-03T04:08:34Z,7dac20bf0000,rw-p,704,700
2026-09-03T04:08:34Z,7dac20d00000,rw-p,576,572
2026-09-03T04:08:34Z,7dac2c000000,rwxp,7360,6756
2026-09-03T04:08:34Z,7dac34000000,rw-p,4888,4732
2026-09-03T04:08:34Z,7dac396d0000,rw-p,1268,1264
2026-09-03T04:13:34Z,fc000000,rw-p,65536,63796
2026-09-03T04:13:34Z,7dabec000000,rw-p,2276,2276
2026-09-03T04:13:34Z,7dabf4000000,rw-p,2412,2412
2026-09-03T04:13:34Z,7dac00000000,rw-p,7484,7452
2026-09-03T04:13:34Z,7dac0c000000,rw-p,21836,20112
2026-09-03T04:13:34Z,7dac20000000,rw-p,4544,4544
2026-09-03T04:13:34Z,7dac204f0000,rw-p,2048,2048
2026-09-03T04:13:34Z,7dac206f0000,rw-p,1024,1024
2026-09-03T04:13:34Z,7dac208f0000,rw-p,2048,2048
2026-09-03T04:13:34Z,7dac20af0000,rw-p,1024,1024
2026-09-03T04:13:34Z,7dac20bf0000,rw-p,704,700
2026-09-03T04:13:34Z,7dac20d00000,rw-p,576,572
2026-09-03T04:13:34Z,7dac2c000000,rwxp,7360,6756
2026-09-03T04:13:34Z,7dac34000000,rw-p,4888,4732
2026-09-03T04:13:34Z,7dac396d0000,rw-p,1268,1264
2026-09-03T04:18:34Z,fc000000,rw-p,65536,63796
2026-09-03T04:18:34Z,7dabec000000,rw-p,2276,2276
2026-09-03T04:18:34Z,7dabf4000000,rw-p,2412,2412
2026-09-03T04:18:34Z,7dac00000000,rw-p,7484,7452
2026-09-03T04:18:34Z,7dac0c000000,rw-p,21836,20112
2026-09-03T04:18:34Z,7dac20000000,rw-p,4544,4544
2026-09-03T04:18:34Z,7dac204f0000,rw-p,2048,2048
2026-09-03T04:18:34Z,7dac206f0000,rw-p,1024,1024
2026-09-03T04:18:34Z,7dac208f0000,rw-p,2048,2048
2026-09-03T04:18:34Z,7dac20af0000,rw-p,1024,1024
2026-09-03T04:18:34Z,7dac20bf0000,rw-p,704,700
2026-09-03T04:18:34Z,7dac20d00000,rw-p,576,572
2026-09-03T04:18:34Z,7dac2c000000,rwxp,7360,6756
2026-09-03T04:18:34Z,7dac34000000,rw-p,4888,4732
2026-09-03T04:18:34Z,7dac396d0000,rw-p,1268,1264
2026-09-03T04:23:34Z,fc000000,rw-p,65536,63796
2026-09-03T04:23:34Z,7dabec000000,rw-p,2276,2276
2026-09-03T04:23:34Z,7dabf4000000,rw-p,2412,2412
2026-09-03T04:23:34Z,7dac00000000,rw-p,7484,7452
2026-09-03T04:23:34Z,7dac0c000000,rw-p,21836,20112
2026-09-03T04:23:34Z,7dac20000000,rw-p,4544,4544
2026-09-03T04:23:34Z,7dac204f0000,rw-p,2048,2048
2026-09-03T04:23:34Z,7dac206f0000,rw-p,1024,1024
2026-09-03T04:23:34Z,7dac208f0000,rw-p,2048,2048
2026-09-03T04:23:34Z,7dac20af0000,rw-p,1024,1024
2026-09-03T04:23:34Z,7dac20bf0000,rw-p,704,700
2026-09-03T04:23:34Z,7dac20d00000,rw-p,576,572
2026-09-03T04:23:34Z,7dac2c000000,rwxp,7360,6756
2026-09-03T04:23:34Z,7dac34000000,rw-p,4888,4732
2026-09-03T04:23:34Z,7dac396d0000,rw-p,1268,1264
2026-09-03T04:28:34Z,fc000000,rw-p,65536,63796
2026-09-03T04:28:34Z,7dabec000000,rw-p,2276,2276
2026-09-03T04:28:34Z,7dabf4000000,rw-p,2412,2412
2026-09-03T04:28:34Z,7dac00000000,rw-p,7484,7452
2026-09-03T04:28:34Z,7dac0c000000,rw-p,21836,20112
2026-09-03T04:28:34Z,7dac20000000,rw-p,4544,4544
2026-09-03T04:28:34Z,7dac204f0000,rw-p,2048,2048
2026-09-03T04:28:34Z,7dac206f0000,rw-p,1024,1024
2026-09-03T04:28:34Z,7dac208f0000,rw-p,2048,2048
2026-09-03T04:28:34Z,7dac20af0000,rw-p,1024,1024
2026-09-03T04:28:34Z,7dac20bf0000,rw-p,704,700
2026-09-03T04:28:34Z,7dac20d00000,rw-p,576,572
2026-09-03T04:28:34Z,7dac2c000000,rwxp,7360,6756
2026-09-03T04:28:34Z,7dac34000000,rw-p,4888,4732
2026-09-03T04:28:34Z,7dac396d0000,rw-p,1268,1264
2026-09-03T04:33:34Z,fc000000,rw-p,65536,63796
2026-09-03T04:33:34Z,7dabec000000,rw-p,2276,2276
2026-09-03T04:33:34Z,7dabf4000000,rw-p,2412,2412
2026-09-03T04:33:34Z,7dac00000000,rw-p,7484,7452
2026-09-03T04:33:34Z,7dac0c000000,rw-p,21836,20112
2026-09-03T04:33:34Z,7dac20000000,rw-p,4544,4544
2026-09-03T04:33:34Z,7dac204f0000,rw-p,2048,2048
2026-09-03T04:33:34Z,7dac206f0000,rw-p,1024,1024
2026-09-03T04:33:34Z,7dac208f0000,rw-p,2048,2048
2026-09-03T04:33:34Z,7dac20af0000,rw-p,1024,1024
2026-09-03T04:33:34Z,7dac20bf0000,rw-p,704,700
2026-09-03T04:33:34Z,7dac20d00000,rw-p,576,572
2026-09-03T04:33:34Z,7dac2c000000,rwxp,7360,6756
2026-09-03T04:33:34Z,7dac34000000,rw-p,4888,4732
2026-09-03T04:33:34Z,7dac396d0000,rw-p,1268,1264
2026-09-03T04:38:34Z,fc000000,rw-p,65536,63796
2026-09-03T04:38:34Z,7dabec000000,rw-p,2276,2276
2026-09-03T04:38:34Z,7dabf4000000,rw-p,2412,2412
2026-09-03T04:38:34Z,7dac00000000,rw-p,7484,7452
2026-09-03T04:38:34Z,7dac0c000000,rw-p,21836,20112
2026-09-03T04:38:34Z,7dac20000000,rw-p,4544,4544
2026-09-03T04:38:34Z,7dac204f0000,rw-p,2048,2048
2026-09-03T04:38:34Z,7dac206f0000,rw-p,1024,1024
2026-09-03T04:38:34Z,7dac208f0000,rw-p,2048,2048
2026-09-03T04:38:34Z,7dac20af0000,rw-p,1024,1024
2026-09-03T04:38:34Z,7dac20bf0000,rw-p,704,700
2026-09-03T04:38:34Z,7dac20d00000,rw-p,576,572
2026-09-03T04:38:34Z,7dac2c000000,rwxp,7360,6756
2026-09-03T04:38:34Z,7dac34000000,rw-p,4888,4732
2026-09-03T04:38:34Z,7dac396d0000,rw-p,1268,1264
2026-09-03T04:43:34Z,fc000000,rw-p,65536,63796
2026-09-03T04:43:34Z,7dabec000000,rw-p,2276,2276
2026-09-03T04:43:34Z,7dabf4000000,rw-p,2412,2412
2026-09-03T04:43:34Z,7dac00000000,rw-p,7484,7452
2026-09-03T04:43:34Z,7dac0c000000,rw-p,21836,20112
2026-09-03T04:43:34Z,7dac20000000,rw-p,4544,4544
2026-09-03T04:43:34Z,7dac204f0000,rw-p,2048,2048
2026-09-03T04:43:34Z,7dac206f0000,rw-p,1024,1024
2026-09-03T04:43:34Z,7dac208f0000,rw-p,2048,2048
2026-09-03T04:43:34Z,7dac20af0000,rw-p,1024,1024
2026-09-03T04:43:34Z,7dac20bf0000,rw-p,704,700
2026-09-03T04:43:34Z,7dac20d00000,rw-p,576,572
2026-09-03T04:43:34Z,7dac2c000000,rwxp,7360,6756
2026-09-03T04:43:34Z,7dac34000000,rw-p,4888,4732
2026-09-03T04:43:34Z,7dac396d0000,rw-p,1268,1264
2026-09-03T04:48:35Z,fc000000,rw-p,65536,63796
2026-09-03T04:48:35Z,7dabec000000,rw-p,2276,2276
2026-09-03T04:48:35Z,7dabf4000000,rw-p,2412,2412
2026-09-03T04:48:35Z,7dac00000000,rw-p,7484,7452
2026-09-03T04:48:35Z,7dac0c000000,rw-p,21836,20112
2026-09-03T04:48:35Z,7dac20000000,rw-p,4544,4544
2026-09-03T04:48:35Z,7dac204f0000,rw-p,2048,2048
2026-09-03T04:48:35Z,7dac206f0000,rw-p,1024,1024
2026-09-03T04:48:35Z,7dac208f0000,rw-p,2048,2048
2026-09-03T04:48:35Z,7dac20af0000,rw-p,1024,1024
2026-09-03T04:48:35Z,7dac20bf0000,rw-p,704,700
2026-09-03T04:48:35Z,7dac20d00000,rw-p,576,572
2026-09-03T04:48:35Z,7dac2c000000,rwxp,7360,6756
2026-09-03T04:48:35Z,7dac34000000,rw-p,4888,4732
2026-09-03T04:48:35Z,7dac396d0000,rw-p,1268,1264
2026-09-03T04:53:35Z,fc000000,rw-p,65536,63796
2026-09-03T04:53:35Z,7dabec000000,rw-p,2276,2276
2026-09-03T04:53:35Z,7dabf4000000,rw-p,2412,2412
2026-09-03T04:53:35Z,7dac00000000,rw-p,7484,7452
2026-09-03T04:53:35Z,7dac0c000000,rw-p,21836,20112
2026-09-03T04:53:35Z,7dac20000000,rw-p,4544,4544
2026-09-03T04:53:35Z,7dac204f0000,rw-p,2048,2048
2026-09-03T04:53:35Z,7dac206f0000,rw-p,1024,1024
2026-09-03T04:53:35Z,7dac208f0000,rw-p,2048,2048
2026-09-03T04:53:35Z,7dac20af0000,rw-p,1024,1024
2026-09-03T04:53:35Z,7dac20bf0000,rw-p,704,700
2026-09-03T04:53:35Z,7dac20d00000,rw-p,576,572
2026-09-03T04:53:35Z,7dac2c000000,rwxp,7360,6756
2026-09-03T04:53:35Z,7dac34000000,rw-p,4888,4732
2026-09-03T04:53:35Z,7dac396d0000,rw-p,1268,1264
2026-09-03T04:58:35Z,fc000000,rw-p,65536,63796
2026-09-03T04:58:35Z,7dabec000000,rw-p,2276,2276
2026-09-03T04:58:35Z,7dabf4000000,rw-p,2412,2412
2026-09-03T04:58:35Z,7dac00000000,rw-p,7484,7452
2026-09-03T04:58:35Z,7dac0c000000,rw-p,21836,20112
2026-09-03T04:58:35Z,7dac20000000,rw-p,4544,4544
2026-09-03T04:58:35Z,7dac204f0000,rw-p,2048,2048
2026-09-03T04:58:35Z,7dac206f0000,rw-p,1024,1024
2026-09-03T04:58:35Z,7dac208f0000,rw-p,2048,2048
2026-09-03T04:58:35Z,7dac20af0000,rw-p,1024,1024
2026-09-03T04:58:35Z,7dac20bf0000,rw-p,704,700
2026-09-03T04:58:35Z,7dac20d00000,rw-p,576,572
2026-09-03T04:58:35Z,7dac2c000000,rwxp,7360,6756
2026-09-03T04:58:35Z,7dac34000000,rw-p,4888,4732
2026-09-03T04:58:35Z,7dac396d0000,rw-p,1268,1264
2026-09-03T05:03:35Z,fc000000,rw-p,65536,63796
2026-09-03T05:03:35Z,7dabec000000,rw-p,2276,2276
2026-09-03T05:03:35Z,7dabf4000000,rw-p,2412,2412
2026-09-03T05:03:35Z,7dac00000000,rw-p,7484,7452
2026-09-03T05:03:35Z,7dac0c000000,rw-p,21836,20112
2026-09-03T05:03:35Z,7dac20000000,rw-p,4544,4544
2026-09-03T05:03:35Z,7dac204f0000,rw-p,2048,2048
2026-09-03T05:03:35Z,7dac206f0000,rw-p,1024,1024
2026-09-03T05:03:35Z,7dac208f0000,rw-p,2048,2048
2026-09-03T05:03:35Z,7dac20af0000,rw-p,1024,1024
2026-09-03T05:03:35Z,7dac20bf0000,rw-p,704,700
2026-09-03T05:03:35Z,7dac20d00000,rw-p,576,572
2026-09-03T05:03:35Z,7dac2c000000,rwxp,7360,6756
2026-09-03T05:03:35Z,7dac34000000,rw-p,4888,4732
2026-09-03T05:03:35Z,7dac396d0000,rw-p,1268,1264
2026-09-03T05:08:35Z,fc000000,rw-p,65536,63796
2026-09-03T05:08:35Z,7dabec000000,rw-p,2276,2276
2026-09-03T05:08:35Z,7dabf4000000,rw-p,2412,2412
2026-09-03T05:08:35Z,7dac00000000,rw-p,7484,7452
2026-09-03T05:08:35Z,7dac0c000000,rw-p,21836,20112
2026-09-03T05:08:35Z,7dac20000000,rw-p,4544,4544
2026-09-03T05:08:35Z,7dac204f0000,rw-p,2048,2048
2026-09-03T05:08:35Z,7dac206f0000,rw-p,1024,1024
2026-09-03T05:08:35Z,7dac208f0000,rw-p,2048,2048
2026-09-03T05:08:35Z,7dac20af0000,rw-p,1024,1024
2026-09-03T05:08:35Z,7dac20bf0000,rw-p,704,700
2026-09-03T05:08:35Z,7dac20d00000,rw-p,576,572
2026-09-03T05:08:35Z,7dac2c000000,rwxp,7360,6756
2026-09-03T05:08:35Z,7dac34000000,rw-p,4888,4732
2026-09-03T05:08:35Z,7dac396d0000,rw-p,1268,1264
2026-09-03T05:13:35Z,fc000000,rw-p,65536,63796
2026-09-03T05:13:35Z,7dabec000000,rw-p,2276,2276
2026-09-03T05:13:35Z,7dabf4000000,rw-p,2412,2412
2026-09-03T05:13:35Z,7dac00000000,rw-p,7484,7452
2026-09-03T05:13:35Z,7dac0c000000,rw-p,21836,20112
2026-09-03T05:13:35Z,7dac20000000,rw-p,4544,4544
2026-09-03T05:13:35Z,7dac204f0000,rw-p,2048,2048
2026-09-03T05:13:35Z,7dac206f0000,rw-p,1024,1024
2026-09-03T05:13:35Z,7dac208f0000,rw-p,2048,2048
2026-09-03T05:13:35Z,7dac20af0000,rw-p,1024,1024
2026-09-03T05:13:35Z,7dac20bf0000,rw-p,704,700
2026-09-03T05:13:35Z,7dac20d00000,rw-p,576,572
2026-09-03T05:13:35Z,7dac2c000000,rwxp,7360,6756
2026-09-03T05:13:35Z,7dac34000000,rw-p,4888,4732
2026-09-03T05:13:35Z,7dac396d0000,rw-p,1268,1264
2026-09-03T05:18:35Z,fc000000,rw-p,65536,63796
2026-09-03T05:18:35Z,7dabec000000,rw-p,2276,2276
2026-09-03T05:18:35Z,7dabf4000000,rw-p,2412,2412
2026-09-03T05:18:35Z,7dac00000000,rw-p,7484,7452
2026-09-03T05:18:35Z,7dac0c000000,rw-p,21836,20112
2026-09-03T05:18:35Z,7dac20000000,rw-p,4544,4544
2026-09-03T05:18:35Z,7dac204f0000,rw-p,2048,2048
2026-09-03T05:18:35Z,7dac206f0000,rw-p,1024,1024
2026-09-03T05:18:35Z,7dac208f0000,rw-p,2048,2048
2026-09-03T05:18:35Z,7dac20af0000,rw-p,1024,1024
2026-09-03T05:18:35Z,7dac20bf0000,rw-p,704,700
2026-09-03T05:18:35Z,7dac20d00000,rw-p,576,572
2026-09-03T05:18:35Z,7dac2c000000,rwxp,7360,6756
2026-09-03T05:18:35Z,7dac34000000,rw-p,4888,4732
2026-09-03T05:18:35Z,7dac396d0000,rw-p,1268,1264
2026-09-03T05:23:35Z,fc000000,rw-p,65536,63796
2026-09-03T05:23:35Z,7dabec000000,rw-p,2276,2276
2026-09-03T05:23:35Z,7dabf4000000,rw-p,2412,2412
2026-09-03T05:23:35Z,7dac00000000,rw-p,7484,7452
2026-09-03T05:23:35Z,7dac0c000000,rw-p,21836,20112
2026-09-03T05:23:35Z,7dac20000000,rw-p,4544,4544
2026-09-03T05:23:35Z,7dac204f0000,rw-p,2048,2048
2026-09-03T05:23:35Z,7dac206f0000,rw-p,1024,1024
2026-09-03T05:23:35Z,7dac208f0000,rw-p,2048,2048
2026-09-03T05:23:35Z,7dac20af0000,rw-p,1024,1024
2026-09-03T05:23:35Z,7dac20bf0000,rw-p,704,700
2026-09-03T05:23:35Z,7dac20d00000,rw-p,576,572
2026-09-03T05:23:35Z,7dac2c000000,rwxp,7360,6756
2026-09-03T05:23:35Z,7dac34000000,rw-p,4888,4732
2026-09-03T05:23:35Z,7dac396d0000,rw-p,1268,1264
2026-09-03T05:28:35Z,fc000000,rw-p,65536,63796
2026-09-03T05:28:35Z,7dabec000000,rw-p,2276,2276
2026-09-03T05:28:35Z,7dabf4000000,rw-p,2412,2412
2026-09-03T05:28:35Z,7dac00000000,rw-p,7484,7452
2026-09-03T05:28:35Z,7dac0c000000,rw-p,21836,20112
2026-09-03T05:28:35Z,7dac20000000,rw-p,4544,4544
2026-09-03T05:28:35Z,7dac204f0000,rw-p,2048,2048
2026-09-03T05:28:35Z,7dac206f0000,rw-p,1024,1024
2026-09-03T05:28:35Z,7dac208f0000,rw-p,2048,2048
2026-09-03T05:28:35Z,7dac20af0000,rw-p,1024,1024
2026-09-03T05:28:35Z,7dac20bf0000,rw-p,704,700
2026-09-03T05:28:35Z,7dac20d00000,rw-p,576,572
2026-09-03T05:28:35Z,7dac2c000000,rwxp,7360,6756
2026-09-03T05:28:35Z,7dac34000000,rw-p,4888,4732
2026-09-03T05:28:35Z,7dac396d0000,rw-p,1268,1264
2026-09-03T05:33:35Z,fc000000,rw-p,65536,63796
2026-09-03T05:33:35Z,7dabec000000,rw-p,2276,2276
2026-09-03T05:33:35Z,7dabf4000000,rw-p,2412,2412
2026-09-03T05:33:35Z,7dac00000000,rw-p,7484,7452
2026-09-03T05:33:35Z,7dac0c000000,rw-p,21836,20112
2026-09-03T05:33:35Z,7dac20000000,rw-p,4544,4544
2026-09-03T05:33:35Z,7dac204f0000,rw-p,2048,2048
2026-09-03T05:33:35Z,7dac206f0000,rw-p,1024,1024
2026-09-03T05:33:35Z,7dac208f0000,rw-p,2048,2048
2026-09-03T05:33:35Z,7dac20af0000,rw-p,1024,1024
2026-09-03T05:33:35Z,7dac20bf0000,rw-p,704,700
2026-09-03T05:33:35Z,7dac20d00000,rw-p,576,572
2026-09-03T05:33:35Z,7dac2c000000,rwxp,7360,6756
2026-09-03T05:33:35Z,7dac34000000,rw-p,4888,4732
2026-09-03T05:33:35Z,7dac396d0000,rw-p,1268,1264
2026-09-03T05:38:35Z,fc000000,rw-p,65536,63796
2026-09-03T05:38:35Z,7dabec000000,rw-p,2276,2276
2026-09-03T05:38:35Z,7dabf4000000,rw-p,2412,2412
2026-09-03T05:38:35Z,7dac00000000,rw-p,7484,7452
2026-09-03T05:38:35Z,7dac0c000000,rw-p,21836,20112
2026-09-03T05:38:35Z,7dac20000000,rw-p,4544,4544
2026-09-03T05:38:35Z,7dac204f0000,rw-p,2048,2048
2026-09-03T05:38:35Z,7dac206f0000,rw-p,1024,1024
2026-09-03T05:38:35Z,7dac208f0000,rw-p,2048,2048
2026-09-03T05:38:35Z,7dac20af0000,rw-p,1024,1024
2026-09-03T05:38:35Z,7dac20bf0000,rw-p,704,700
2026-09-03T05:38:35Z,7dac20d00000,rw-p,576,572
2026-09-03T05:38:35Z,7dac2c000000,rwxp,7360,6756
2026-09-03T05:38:35Z,7dac34000000,rw-p,4888,4732
2026-09-03T05:38:35Z,7dac396d0000,rw-p,1268,1264
2026-09-03T05:43:36Z,fc000000,rw-p,65536,63796
2026-09-03T05:43:36Z,7dabec000000,rw-p,2276,2276
2026-09-03T05:43:36Z,7dabf4000000,rw-p,2412,2412
2026-09-03T05:43:36Z,7dac00000000,rw-p,7484,7452
2026-09-03T05:43:36Z,7dac0c000000,rw-p,21836,20112
2026-09-03T05:43:36Z,7dac20000000,rw-p,4544,4544
2026-09-03T05:43:36Z,7dac204f0000,rw-p,2048,2048
2026-09-03T05:43:36Z,7dac206f0000,rw-p,1024,1024
2026-09-03T05:43:36Z,7dac208f0000,rw-p,2048,2048
2026-09-03T05:43:36Z,7dac20af0000,rw-p,1024,1024
2026-09-03T05:43:36Z,7dac20bf0000,rw-p,704,700
2026-09-03T05:43:36Z,7dac20d00000,rw-p,576,572
2026-09-03T05:43:36Z,7dac2c000000,rwxp,7360,6756
2026-09-03T05:43:36Z,7dac34000000,rw-p,4888,4732
2026-09-03T05:43:36Z,7dac396d0000,rw-p,1268,1264
2026-09-03T05:48:36Z,fc000000,rw-p,65536,63796
2026-09-03T05:48:36Z,7dabec000000,rw-p,2276,2276
2026-09-03T05:48:36Z,7dabf4000000,rw-p,2412,2412
2026-09-03T05:48:36Z,7dac00000000,rw-p,7484,7452
2026-09-03T05:48:36Z,7dac0c000000,rw-p,21836,20112
2026-09-03T05:48:36Z,7dac20000000,rw-p,4544,4544
2026-09-03T05:48:36Z,7dac204f0000,rw-p,2048,2048
2026-09-03T05:48:36Z,7dac206f0000,rw-p,1024,1024
2026-09-03T05:48:36Z,7dac208f0000,rw-p,2048,2048
2026-09-03T05:48:36Z,7dac20af0000,rw-p,1024,1024
2026-09-03T05:48:36Z,7dac20bf0000,rw-p,704,700
2026-09-03T05:48:36Z,7dac20d00000,rw-p,576,572
2026-09-03T05:48:36Z,7dac2c000000,rwxp,7360,6756
2026-09-03T05:48:36Z,7dac34000000,rw-p,4888,4732
2026-09-03T05:48:36Z,7dac396d0000,rw-p,1268,1264
2026-09-03T05:53:36Z,fc000000,rw-p,65536,63796
2026-09-03T05:53:36Z,7dabec000000,rw-p,2276,2276
2026-09-03T05:53:36Z,7dabf4000000,rw-p,2412,2412
2026-09-03T05:53:36Z,7dac00000000,rw-p,7484,7452
2026-09-03T05:53:36Z,7dac0c000000,rw-p,21836,20112
2026-09-03T05:53:36Z,7dac20000000,rw-p,4544,4544
2026-09-03T05:53:36Z,7dac204f0000,rw-p,2048,2048
2026-09-03T05:53:36Z,7dac206f0000,rw-p,1024,1024
2026-09-03T05:53:36Z,7dac208f0000,rw-p,2048,2048
2026-09-03T05:53:36Z,7dac20af0000,rw-p,1024,1024
2026-09-03T05:53:36Z,7dac20bf0000,rw-p,704,700
2026-09-03T05:53:36Z,7dac20d00000,rw-p,576,572
2026-09-03T05:53:36Z,7dac2c000000,rwxp,7360,6756
2026-09-03T05:53:36Z,7dac34000000,rw-p,4888,4732
2026-09-03T05:53:36Z,7dac396d0000,rw-p,1268,1264
2026-09-03T05:58:36Z,fc000000,rw-p,65536,63796
2026-09-03T05:58:36Z,7dabec000000,rw-p,2276,2276
2026-09-03T05:58:36Z,7dabf4000000,rw-p,2412,2412
2026-09-03T05:58:36Z,7dac00000000,rw-p,7484,7452
2026-09-03T05:58:36Z,7dac0c000000,rw-p,21836,20112
2026-09-03T05:58:36Z,7dac20000000,rw-p,4544,4544
2026-09-03T05:58:36Z,7dac204f0000,rw-p,2048,2048
2026-09-03T05:58:36Z,7dac206f0000,rw-p,1024,1024
2026-09-03T05:58:36Z,7dac208f0000,rw-p,2048,2048
2026-09-03T05:58:36Z,7dac20af0000,rw-p,1024,1024
2026-09-03T05:58:36Z,7dac20bf0000,rw-p,704,700
2026-09-03T05:58:36Z,7dac20d00000,rw-p,576,572
2026-09-03T05:58:36Z,7dac2c000000,rwxp,7360,6756
2026-09-03T05:58:36Z,7dac34000000,rw-p,4888,4732
2026-09-03T05:58:36Z,7dac396d0000,rw-p,1268,1264
2026-09-03T06:03:36Z,fc000000,rw-p,65536,63796
2026-09-03T06:03:36Z,7dabec000000,rw-p,2276,2276
2026-09-03T06:03:36Z,7dabf4000000,rw-p,2412,2412
2026-09-03T06:03:36Z,7dac00000000,rw-p,7484,7452
2026-09-03T06:03:36Z,7dac0c000000,rw-p,21836,20112
2026-09-03T06:03:36Z,7dac20000000,rw-p,4544,4544
2026-09-03T06:03:36Z,7dac204f0000,rw-p,2048,2048
2026-09-03T06:03:36Z,7dac206f0000,rw-p,1024,1024
2026-09-03T06:03:36Z,7dac208f0000,rw-p,2048,2048
2026-09-03T06:03:36Z,7dac20af0000,rw-p,1024,1024
2026-09-03T06:03:36Z,7dac20bf0000,rw-p,704,700
2026-09-03T06:03:36Z,7dac20d00000,rw-p,576,572
2026-09-03T06:03:36Z,7dac2c000000,rwxp,7360,6756
2026-09-03T06:03:36Z,7dac34000000,rw-p,4888,4732
2026-09-03T06:03:36Z,7dac396d0000,rw-p,1268,1264
2026-09-03T06:08:36Z,fc000000,rw-p,65536,63796
2026-09-03T06:08:36Z,7dabec000000,rw-p,2276,2276
2026-09-03T06:08:36Z,7dabf4000000,rw-p,2412,2412
2026-09-03T06:08:36Z,7dac00000000,rw-p,7484,7452
2026-09-03T06:08:36Z,7dac0c000000,rw-p,21836,20112
2026-09-03T06:08:36Z,7dac20000000,rw-p,4544,4544
2026-09-03T06:08:36Z,7dac204f0000,rw-p,2048,2048
2026-09-03T06:08:36Z,7dac206f0000,rw-p,1024,1024
2026-09-03T06:08:36Z,7dac208f0000,rw-p,2048,2048
2026-09-03T06:08:36Z,7dac20af0000,rw-p,1024,1024
2026-09-03T06:08:36Z,7dac20bf0000,rw-p,704,700
2026-09-03T06:08:36Z,7dac20d00000,rw-p,576,572
2026-09-03T06:08:36Z,7dac2c000000,rwxp,7360,6756
2026-09-03T06:08:36Z,7dac34000000,rw-p,4888,4732
2026-09-03T06:08:36Z,7dac396d0000,rw-p,1268,1264
2026-09-03T06:13:36Z,fc000000,rw-p,65536,63796
2026-09-03T06:13:36Z,7dabec000000,rw-p,2276,2276
2026-09-03T06:13:36Z,7dabf4000000,rw-p,2412,2412
2026-09-03T06:13:36Z,7dac00000000,rw-p,7484,7452
2026-09-03T06:13:36Z,7dac0c000000,rw-p,21836,20112
2026-09-03T06:13:36Z,7dac20000000,rw-p,4544,4544
2026-09-03T06:13:36Z,7dac204f0000,rw-p,2048,2048
2026-09-03T06:13:36Z,7dac206f0000,rw-p,1024,1024
2026-09-03T06:13:36Z,7dac208f0000,rw-p,2048,2048
2026-09-03T06:13:36Z,7dac20af0000,rw-p,1024,1024
2026-09-03T06:13:36Z,7dac20bf0000,rw-p,704,700
2026-09-03T06:13:36Z,7dac20d00000,rw-p,576,572
2026-09-03T06:13:36Z,7dac2c000000,rwxp,7360,6756
2026-09-03T06:13:36Z,7dac34000000,rw-p,4888,4732
2026-09-03T06:13:36Z,7dac396d0000,rw-p,1268,1264
2026-09-03T06:18:36Z,fc000000,rw-p,65536,63796
2026-09-03T06:18:36Z,7dabec000000,rw-p,2276,2276
2026-09-03T06:18:36Z,7dabf4000000,rw-p,2412,2412
2026-09-03T06:18:36Z,7dac00000000,rw-p,7484,7452
2026-09-03T06:18:36Z,7dac0c000000,rw-p,21836,20112
2026-09-03T06:18:36Z,7dac20000000,rw-p,4544,4544
2026-09-03T06:18:36Z,7dac204f0000,rw-p,2048,2048
2026-09-03T06:18:36Z,7dac206f0000,rw-p,1024,1024
2026-09-03T06:18:36Z,7dac208f0000,rw-p,2048,2048
2026-09-03T06:18:36Z,7dac20af0000,rw-p,1024,1024
2026-09-03T06:18:36Z,7dac20bf0000,rw-p,704,700
2026-09-03T06:18:36Z,7dac20d00000,rw-p,576,572
2026-09-03T06:18:36Z,7dac2c000000,rwxp,7360,6756
2026-09-03T06:18:36Z,7dac34000000,rw-p,4888,4732
2026-09-03T06:18:36Z,7dac396d0000,rw-p,1268,1264
2026-09-03T06:23:36Z,fc000000,rw-p,65536,63796
2026-09-03T06:23:36Z,7dabec000000,rw-p,2276,2276
2026-09-03T06:23:36Z,7dabf4000000,rw-p,2412,2412
2026-09-03T06:23:36Z,7dac00000000,rw-p,7484,7452
2026-09-03T06:23:36Z,7dac0c000000,rw-p,21836,20112
2026-09-03T06:23:36Z,7dac20000000,rw-p,4544,4544
2026-09-03T06:23:36Z,7dac204f0000,rw-p,2048,2048
2026-09-03T06:23:36Z,7dac206f0000,rw-p,1024,1024
2026-09-03T06:23:36Z,7dac208f0000,rw-p,2048,2048
2026-09-03T06:23:36Z,7dac20af0000,rw-p,1024,1024
2026-09-03T06:23:36Z,7dac20bf0000,rw-p,704,700
2026-09-03T06:23:36Z,7dac20d00000,rw-p,576,572
2026-09-03T06:23:36Z,7dac2c000000,rwxp,7360,6756
2026-09-03T06:23:36Z,7dac34000000,rw-p,4888,4732
2026-09-03T06:23:36Z,7dac396d0000,rw-p,1268,1264
2026-09-03T06:28:36Z,fc000000,rw-p,65536,63796
2026-09-03T06:28:36Z,7dabec000000,rw-p,2276,2276
2026-09-03T06:28:36Z,7dabf4000000,rw-p,2412,2412
2026-09-03T06:28:36Z,7dac00000000,rw-p,7484,7452
2026-09-03T06:28:36Z,7dac0c000000,rw-p,21836,20112
2026-09-03T06:28:36Z,7dac20000000,rw-p,4544,4544
2026-09-03T06:28:36Z,7dac204f0000,rw-p,2048,2048
2026-09-03T06:28:36Z,7dac206f0000,rw-p,1024,1024
2026-09-03T06:28:36Z,7dac208f0000,rw-p,2048,2048
2026-09-03T06:28:36Z,7dac20af0000,rw-p,1024,1024
2026-09-03T06:28:36Z,7dac20bf0000,rw-p,704,700
2026-09-03T06:28:36Z,7dac20d00000,rw-p,576,572
2026-09-03T06:28:36Z,7dac2c000000,rwxp,7360,6756
2026-09-03T06:28:36Z,7dac34000000,rw-p,4888,4732
2026-09-03T06:28:36Z,7dac396d0000,rw-p,1268,1264
2026-09-03T06:33:37Z,fc000000,rw-p,65536,63796
2026-09-03T06:33:37Z,7dabec000000,rw-p,2276,2276
2026-09-03T06:33:37Z,7dabf4000000,rw-p,2412,2412
2026-09-03T06:33:37Z,7dac00000000,rw-p,7484,7452
2026-09-03T06:33:37Z,7dac0c000000,rw-p,21836,20112
2026-09-03T06:33:37Z,7dac20000000,rw-p,4544,4544
2026-09-03T06:33:37Z,7dac204f0000,rw-p,2048,2048
2026-09-03T06:33:37Z,7dac206f0000,rw-p,1024,1024
2026-09-03T06:33:37Z,7dac208f0000,rw-p,2048,2048
2026-09-03T06:33:37Z,7dac20af0000,rw-p,1024,1024
2026-09-03T06:33:37Z,7dac20bf0000,rw-p,704,700
2026-09-03T06:33:37Z,7dac20d00000,rw-p,576,572
2026-09-03T06:33:37Z,7dac2c000000,rwxp,7360,6756
2026-09-03T06:33:37Z,7dac34000000,rw-p,4888,4732
2026-09-03T06:33:37Z,7dac396d0000,rw-p,1268,1264
2026-09-03T06:38:37Z,fc000000,rw-p,65536,63796
2026-09-03T06:38:37Z,7dabec000000,rw-p,2276,2276
2026-09-03T06:38:37Z,7dabf4000000,rw-p,2412,2412
2026-09-03T06:38:37Z,7dac00000000,rw-p,7484,7452
2026-09-03T06:38:37Z,7dac0c000000,rw-p,21836,20112
2026-09-03T06:38:37Z,7dac20000000,rw-p,4544,4544
2026-09-03T06:38:37Z,7dac204f0000,rw-p,2048,2048
2026-09-03T06:38:37Z,7dac206f0000,rw-p,1024,1024
2026-09-03T06:38:37Z,7dac208f0000,rw-p,2048,2048
2026-09-03T06:38:37Z,7dac20af0000,rw-p,1024,1024
2026-09-03T06:38:37Z,7dac20bf0000,rw-p,704,700
2026-09-03T06:38:37Z,7dac20d00000,rw-p,576,572
2026-09-03T06:38:37Z,7dac2c000000,rwxp,7360,6756
2026-09-03T06:38:37Z,7dac34000000,rw-p,4888,4732
2026-09-03T06:38:37Z,7dac396d0000,rw-p,1268,1264
2026-09-03T06:43:37Z,fc000000,rw-p,65536,63796
2026-09-03T06:43:37Z,7dabec000000,rw-p,2276,2276
2026-09-03T06:43:37Z,7dabf4000000,rw-p,2412,2412
2026-09-03T06:43:37Z,7dac00000000,rw-p,7484,7452
2026-09-03T06:43:37Z,7dac0c000000,rw-p,21836,20112
2026-09-03T06:43:37Z,7dac20000000,rw-p,4544,4544
2026-09-03T06:43:37Z,7dac204f0000,rw-p,2048,2048
2026-09-03T06:43:37Z,7dac206f0000,rw-p,1024,1024
2026-09-03T06:43:37Z,7dac208f0000,rw-p,2048,2048
2026-09-03T06:43:37Z,7dac20af0000,rw-p,1024,1024
2026-09-03T06:43:37Z,7dac20bf0000,rw-p,704,700
2026-09-03T06:43:37Z,7dac20d00000,rw-p,576,572
2026-09-03T06:43:37Z,7dac2c000000,rwxp,7360,6756
2026-09-03T06:43:37Z,7dac34000000,rw-p,4888,4732
2026-09-03T06:43:37Z,7dac396d0000,rw-p,1268,1264
2026-09-03T06:48:37Z,fc000000,rw-p,65536,63796
2026-09-03T06:48:37Z,7dabec000000,rw-p,2276,2276
2026-09-03T06:48:37Z,7dabf4000000,rw-p,2412,2412
2026-09-03T06:48:37Z,7dac00000000,rw-p,7484,7452
2026-09-03T06:48:37Z,7dac0c000000,rw-p,21836,20112
2026-09-03T06:48:37Z,7dac20000000,rw-p,4544,4544
2026-09-03T06:48:37Z,7dac204f0000,rw-p,2048,2048
2026-09-03T06:48:37Z,7dac206f0000,rw-p,1024,1024
2026-09-03T06:48:37Z,7dac208f0000,rw-p,2048,2048
2026-09-03T06:48:37Z,7dac20af0000,rw-p,1024,1024
2026-09-03T06:48:37Z,7dac20bf0000,rw-p,704,700
2026-09-03T06:48:37Z,7dac20d00000,rw-p,576,572
2026-09-03T06:48:37Z,7dac2c000000,rwxp,7360,6756
2026-09-03T06:48:37Z,7dac34000000,rw-p,4888,4732
2026-09-03T06:48:37Z,7dac396d0000,rw-p,1268,1264
2026-09-03T06:53:37Z,fc000000,rw-p,65536,63796
2026-09-03T06:53:37Z,7dabec000000,rw-p,2276,2276
2026-09-03T06:53:37Z,7dabf4000000,rw-p,2412,2412
2026-09-03T06:53:37Z,7dac00000000,rw-p,7484,7452
2026-09-03T06:53:37Z,7dac0c000000,rw-p,21836,20112
2026-09-03T06:53:37Z,7dac20000000,rw-p,4544,4544
2026-09-03T06:53:37Z,7dac204f0000,rw-p,2048,2048
2026-09-03T06:53:37Z,7dac206f0000,rw-p,1024,1024
2026-09-03T06:53:37Z,7dac208f0000,rw-p,2048,2048
2026-09-03T06:53:37Z,7dac20af0000,rw-p,1024,1024
2026-09-03T06:53:37Z,7dac20bf0000,rw-p,704,700
2026-09-03T06:53:37Z,7dac20d00000,rw-p,576,572
2026-09-03T06:53:37Z,7dac2c000000,rwxp,7360,6756
2026-09-03T06:53:37Z,7dac34000000,rw-p,4888,4732
2026-09-03T06:53:37Z,7dac396d0000,rw-p,1268,1264
2026-09-03T06:58:37Z,fc000000,rw-p,65536,63796
2026-09-03T06:58:37Z,7dabec000000,rw-p,2276,2276
2026-09-03T06:58:37Z,7dabf4000000,rw-p,2412,2412
2026-09-03T06:58:37Z,7dac00000000,rw-p,7484,7452
2026-09-03T06:58:37Z,7dac0c000000,rw-p,21836,20112
2026-09-03T06:58:37Z,7dac20000000,rw-p,4544,4544
2026-09-03T06:58:37Z,7dac204f0000,rw-p,2048,2048
2026-09-03T06:58:37Z,7dac206f0000,rw-p,1024,1024
2026-09-03T06:58:37Z,7dac208f0000,rw-p,2048,2048
2026-09-03T06:58:37Z,7dac20af0000,rw-p,1024,1024
2026-09-03T06:58:37Z,7dac20bf0000,rw-p,704,700
2026-09-03T06:58:37Z,7dac20d00000,rw-p,576,572
2026-09-03T06:58:37Z,7dac2c000000,rwxp,7360,6756
2026-09-03T06:58:37Z,7dac34000000,rw-p,4888,4732
2026-09-03T06:58:37Z,7dac396d0000,rw-p,1268,1264
2026-09-03T07:03:37Z,fc000000,rw-p,65536,63796
2026-09-03T07:03:37Z,7dabec000000,rw-p,2276,2276
2026-09-03T07:03:37Z,7dabf4000000,rw-p,2412,2412
2026-09-03T07:03:37Z,7dac00000000,rw-p,7484,7452
2026-09-03T07:03:37Z,7dac0c000000,rw-p,21836,20112
2026-09-03T07:03:37Z,7dac20000000,rw-p,4544,4544
2026-09-03T07:03:37Z,7dac204f0000,rw-p,2048,2048
2026-09-03T07:03:37Z,7dac206f0000,rw-p,1024,1024
2026-09-03T07:03:37Z,7dac208f0000,rw-p,2048,2048
2026-09-03T07:03:37Z,7dac20af0000,rw-p,1024,1024
2026-09-03T07:03:37Z,7dac20bf0000,rw-p,704,700
2026-09-03T07:03:37Z,7dac20d00000,rw-p,576,572
2026-09-03T07:03:37Z,7dac2c000000,rwxp,7360,6756
2026-09-03T07:03:37Z,7dac34000000,rw-p,4888,4732
2026-09-03T07:03:37Z,7dac396d0000,rw-p,1268,1264
2026-09-03T07:08:37Z,fc000000,rw-p,65536,63796
2026-09-03T07:08:37Z,7dabec000000,rw-p,2276,2276
2026-09-03T07:08:37Z,7dabf4000000,rw-p,2412,2412
2026-09-03T07:08:37Z,7dac00000000,rw-p,7484,7452
2026-09-03T07:08:37Z,7dac0c000000,rw-p,21836,20112
2026-09-03T07:08:37Z,7dac20000000,rw-p,4544,4544
2026-09-03T07:08:37Z,7dac204f0000,rw-p,2048,2048
2026-09-03T07:08:37Z,7dac206f0000,rw-p,1024,1024
2026-09-03T07:08:37Z,7dac208f0000,rw-p,2048,2048
2026-09-03T07:08:37Z,7dac20af0000,rw-p,1024,1024
2026-09-03T07:08:37Z,7dac20bf0000,rw-p,704,700
2026-09-03T07:08:37Z,7dac20d00000,rw-p,576,572
2026-09-03T07:08:37Z,7dac2c000000,rwxp,7360,6756
2026-09-03T07:08:37Z,7dac34000000,rw-p,4888,4732
2026-09-03T07:08:37Z,7dac396d0000,rw-p,1268,1264
2026-09-03T07:13:37Z,fc000000,rw-p,65536,63796
2026-09-03T07:13:37Z,7dabec000000,rw-p,2276,2276
2026-09-03T07:13:37Z,7dabf4000000,rw-p,2412,2412
2026-09-03T07:13:37Z,7dac00000000,rw-p,7484,7452
2026-09-03T07:13:37Z,7dac0c000000,rw-p,21836,20112
2026-09-03T07:13:37Z,7dac20000000,rw-p,4544,4544
2026-09-03T07:13:37Z,7dac204f0000,rw-p,2048,2048
2026-09-03T07:13:37Z,7dac206f0000,rw-p,1024,1024
2026-09-03T07:13:37Z,7dac208f0000,rw-p,2048,2048
2026-09-03T07:13:37Z,7dac20af0000,rw-p,1024,1024
2026-09-03T07:13:37Z,7dac20bf0000,rw-p,704,700
2026-09-03T07:13:37Z,7dac20d00000,rw-p,576,572
2026-09-03T07:13:37Z,7dac2c000000,rwxp,7360,6756
2026-09-03T07:13:37Z,7dac34000000,rw-p,4888,4732
2026-09-03T07:13:37Z,7dac396d0000,rw-p,1268,1264
2026-09-03T07:18:37Z,fc000000,rw-p,65536,63796
2026-09-03T07:18:37Z,7dabec000000,rw-p,2276,2276
2026-09-03T07:18:37Z,7dabf4000000,rw-p,2412,2412
2026-09-03T07:18:37Z,7dac00000000,rw-p,7484,7452
2026-09-03T07:18:37Z,7dac0c000000,rw-p,21836,20112
2026-09-03T07:18:37Z,7dac20000000,rw-p,4544,4544
2026-09-03T07:18:37Z,7dac204f0000,rw-p,2048,2048
2026-09-03T07:18:37Z,7dac206f0000,rw-p,1024,1024
2026-09-03T07:18:37Z,7dac208f0000,rw-p,2048,2048
2026-09-03T07:18:37Z,7dac20af0000,rw-p,1024,1024
2026-09-03T07:18:37Z,7dac20bf0000,rw-p,704,700
2026-09-03T07:18:37Z,7dac20d00000,rw-p,576,572
2026-09-03T07:18:37Z,7dac2c000000,rwxp,7360,6756
2026-09-03T07:18:37Z,7dac34000000,rw-p,4888,4732
2026-09-03T07:18:37Z,7dac396d0000,rw-p,1268,1264
2026-09-03T07:23:37Z,fc000000,rw-p,65536,63796
2026-09-03T07:23:37Z,7dabec000000,rw-p,2276,2276
2026-09-03T07:23:37Z,7dabf4000000,rw-p,2412,2412
2026-09-03T07:23:37Z,7dac00000000,rw-p,7484,7452
2026-09-03T07:23:37Z,7dac0c000000,rw-p,21836,20112
2026-09-03T07:23:37Z,7dac20000000,rw-p,4544,4544
2026-09-03T07:23:37Z,7dac204f0000,rw-p,2048,2048
2026-09-03T07:23:37Z,7dac206f0000,rw-p,1024,1024
2026-09-03T07:23:37Z,7dac208f0000,rw-p,2048,2048
2026-09-03T07:23:37Z,7dac20af0000,rw-p,1024,1024
2026-09-03T07:23:37Z,7dac20bf0000,rw-p,704,700
2026-09-03T07:23:37Z,7dac20d00000,rw-p,576,572
2026-09-03T07:23:37Z,7dac2c000000,rwxp,7360,6756
2026-09-03T07:23:37Z,7dac34000000,rw-p,4888,4732
2026-09-03T07:23:37Z,7dac396d0000,rw-p,1268,1264
2026-09-03T07:28:38Z,fc000000,rw-p,65536,63796
2026-09-03T07:28:38Z,7dabec000000,rw-p,2276,2276
2026-09-03T07:28:38Z,7dabf4000000,rw-p,2412,2412
2026-09-03T07:28:38Z,7dac00000000,rw-p,7484,7452
2026-09-03T07:28:38Z,7dac0c000000,rw-p,21836,20112
2026-09-03T07:28:38Z,7dac20000000,rw-p,4544,4544
2026-09-03T07:28:38Z,7dac204f0000,rw-p,2048,2048
2026-09-03T07:28:38Z,7dac206f0000,rw-p,1024,1024
2026-09-03T07:28:38Z,7dac208f0000,rw-p,2048,2048
2026-09-03T07:28:38Z,7dac20af0000,rw-p,1024,1024
2026-09-03T07:28:38Z,7dac20bf0000,rw-p,704,700
2026-09-03T07:28:38Z,7dac20d00000,rw-p,576,572
2026-09-03T07:28:38Z,7dac2c000000,rwxp,7360,6756
2026-09-03T07:28:38Z,7dac34000000,rw-p,4888,4732
2026-09-03T07:28:38Z,7dac396d0000,rw-p,1268,1264
2026-09-03T07:33:38Z,fc000000,rw-p,65536,63796
2026-09-03T07:33:38Z,7dabec000000,rw-p,2276,2276
2026-09-03T07:33:38Z,7dabf4000000,rw-p,2412,2412
2026-09-03T07:33:38Z,7dac00000000,rw-p,7484,7452
2026-09-03T07:33:38Z,7dac0c000000,rw-p,21836,20112
2026-09-03T07:33:38Z,7dac20000000,rw-p,4544,4544
2026-09-03T07:33:38Z,7dac204f0000,rw-p,2048,2048
2026-09-03T07:33:38Z,7dac206f0000,rw-p,1024,1024
2026-09-03T07:33:38Z,7dac208f0000,rw-p,2048,2048
2026-09-03T07:33:38Z,7dac20af0000,rw-p,1024,1024
2026-09-03T07:33:38Z,7dac20bf0000,rw-p,704,700
2026-09-03T07:33:38Z,7dac20d00000,rw-p,576,572
2026-09-03T07:33:38Z,7dac2c000000,rwxp,7360,6756
2026-09-03T07:33:38Z,7dac34000000,rw-p,4888,4732
2026-09-03T07:33:38Z,7dac396d0000,rw-p,1268,1264
2026-09-03T07:38:38Z,fc000000,rw-p,65536,63796
2026-09-03T07:38:38Z,7dabec000000,rw-p,2276,2276
2026-09-03T07:38:38Z,7dabf4000000,rw-p,2412,2412
2026-09-03T07:38:38Z,7dac00000000,rw-p,7484,7452
2026-09-03T07:38:38Z,7dac0c000000,rw-p,21836,20112
2026-09-03T07:38:38Z,7dac20000000,rw-p,4544,4544
2026-09-03T07:38:38Z,7dac204f0000,rw-p,2048,2048
2026-09-03T07:38:38Z,7dac206f0000,rw-p,1024,1024
2026-09-03T07:38:38Z,7dac208f0000,rw-p,2048,2048
2026-09-03T07:38:38Z,7dac20af0000,rw-p,1024,1024
2026-09-03T07:38:38Z,7dac20bf0000,rw-p,704,700
2026-09-03T07:38:38Z,7dac20d00000,rw-p,576,572
2026-09-03T07:38:38Z,7dac2c000000,rwxp,7360,6756
2026-09-03T07:38:38Z,7dac34000000,rw-p,4888,4732
2026-09-03T07:38:38Z,7dac396d0000,rw-p,1268,1264
2026-09-03T07:43:38Z,fc000000,rw-p,65536,63796
2026-09-03T07:43:38Z,7dabec000000,rw-p,2276,2276
2026-09-03T07:43:38Z,7dabf4000000,rw-p,2412,2412
2026-09-03T07:43:38Z,7dac00000000,rw-p,7484,7452
2026-09-03T07:43:38Z,7dac0c000000,rw-p,21836,20112
2026-09-03T07:43:38Z,7dac20000000,rw-p,4544,4544
2026-09-03T07:43:38Z,7dac204f0000,rw-p,2048,2048
2026-09-03T07:43:38Z,7dac206f0000,rw-p,1024,1024
2026-09-03T07:43:38Z,7dac208f0000,rw-p,2048,2048
2026-09-03T07:43:38Z,7dac20af0000,rw-p,1024,1024
2026-09-03T07:43:38Z,7dac20bf0000,rw-p,704,700
2026-09-03T07:43:38Z,7dac20d00000,rw-p,576,572
2026-09-03T07:43:38Z,7dac2c000000,rwxp,7360,6756
2026-09-03T07:43:38Z,7dac34000000,rw-p,4888,4732
2026-09-03T07:43:38Z,7dac396d0000,rw-p,1268,1264
2026-09-03T07:48:38Z,fc000000,rw-p,65536,63796
2026-09-03T07:48:38Z,7dabec000000,rw-p,2276,2276
2026-09-03T07:48:38Z,7dabf4000000,rw-p,2412,2412
2026-09-03T07:48:38Z,7dac00000000,rw-p,7484,7452
2026-09-03T07:48:38Z,7dac0c000000,rw-p,21836,20112
2026-09-03T07:48:38Z,7dac20000000,rw-p,4544,4544
2026-09-03T07:48:38Z,7dac204f0000,rw-p,2048,2048
2026-09-03T07:48:38Z,7dac206f0000,rw-p,1024,1024
2026-09-03T07:48:38Z,7dac208f0000,rw-p,2048,2048
2026-09-03T07:48:38Z,7dac20af0000,rw-p,1024,1024
2026-09-03T07:48:38Z,7dac20bf0000,rw-p,704,700
2026-09-03T07:48:38Z,7dac20d00000,rw-p,576,572
2026-09-03T07:48:38Z,7dac2c000000,rwxp,7360,6756
2026-09-03T07:48:38Z,7dac34000000,rw-p,4888,4732
2026-09-03T07:48:38Z,7dac396d0000,rw-p,1268,1264
2026-09-03T07:53:38Z,fc000000,rw-p,65536,63796
2026-09-03T07:53:38Z,7dabec000000,rw-p,2276,2276
2026-09-03T07:53:38Z,7dabf4000000,rw-p,2412,2412
2026-09-03T07:53:38Z,7dac00000000,rw-p,7484,7452
2026-09-03T07:53:38Z,7dac0c000000,rw-p,21836,20112
2026-09-03T07:53:38Z,7dac20000000,rw-p,4544,4544
2026-09-03T07:53:38Z,7dac204f0000,rw-p,2048,2048
2026-09-03T07:53:38Z,7dac206f0000,rw-p,1024,1024
2026-09-03T07:53:38Z,7dac208f0000,rw-p,2048,2048
2026-09-03T07:53:38Z,7dac20af0000,rw-p,1024,1024
2026-09-03T07:53:38Z,7dac20bf0000,rw-p,704,700
2026-09-03T07:53:38Z,7dac20d00000,rw-p,576,572
2026-09-03T07:53:38Z,7dac2c000000,rwxp,7360,6756
2026-09-03T07:53:38Z,7dac34000000,rw-p,4888,4732
2026-09-03T07:53:38Z,7dac396d0000,rw-p,1268,1264
2026-09-03T07:58:38Z,fc000000,rw-p,65536,63796
2026-09-03T07:58:38Z,7dabec000000,rw-p,2276,2276
2026-09-03T07:58:38Z,7dabf4000000,rw-p,2412,2412
2026-09-03T07:58:38Z,7dac00000000,rw-p,7484,7452
2026-09-03T07:58:38Z,7dac0c000000,rw-p,21836,20112
2026-09-03T07:58:38Z,7dac20000000,rw-p,4544,4544
2026-09-03T07:58:38Z,7dac204f0000,rw-p,2048,2048
2026-09-03T07:58:38Z,7dac206f0000,rw-p,1024,1024
2026-09-03T07:58:38Z,7dac208f0000,rw-p,2048,2048
2026-09-03T07:58:38Z,7dac20af0000,rw-p,1024,1024
2026-09-03T07:58:38Z,7dac20bf0000,rw-p,704,700
2026-09-03T07:58:38Z,7dac20d00000,rw-p,576,572
2026-09-03T07:58:38Z,7dac2c000000,rwxp,7360,6756
2026-09-03T07:58:38Z,7dac34000000,rw-p,4888,4732
2026-09-03T07:58:38Z,7dac396d0000,rw-p,1268,1264
2026-09-03T08:03:38Z,fc000000,rw-p,65536,63796
2026-09-03T08:03:38Z,7dabec000000,rw-p,2276,2276
2026-09-03T08:03:38Z,7dabf4000000,rw-p,2412,2412
2026-09-03T08:03:38Z,7dac00000000,rw-p,7484,7452
2026-09-03T08:03:38Z,7dac0c000000,rw-p,21836,20112
2026-09-03T08:03:38Z,7dac20000000,rw-p,4544,4544
2026-09-03T08:03:38Z,7dac204f0000,rw-p,2048,2048
2026-09-03T08:03:38Z,7dac206f0000,rw-p,1024,1024
2026-09-03T08:03:38Z,7dac208f0000,rw-p,2048,2048
2026-09-03T08:03:38Z,7dac20af0000,rw-p,1024,1024
2026-09-03T08:03:38Z,7dac20bf0000,rw-p,704,700
2026-09-03T08:03:38Z,7dac20d00000,rw-p,576,572
2026-09-03T08:03:38Z,7dac2c000000,rwxp,7360,6756
2026-09-03T08:03:38Z,7dac34000000,rw-p,4888,4732
2026-09-03T08:03:38Z,7dac396d0000,rw-p,1268,1264
2026-09-03T08:08:38Z,fc000000,rw-p,65536,63796
2026-09-03T08:08:38Z,7dabec000000,rw-p,2276,2276
2026-09-03T08:08:38Z,7dabf4000000,rw-p,2412,2412
2026-09-03T08:08:38Z,7dac00000000,rw-p,7484,7452
2026-09-03T08:08:38Z,7dac0c000000,rw-p,21836,20112
2026-09-03T08:08:38Z,7dac20000000,rw-p,4544,4544
2026-09-03T08:08:38Z,7dac204f0000,rw-p,2048,2048
2026-09-03T08:08:38Z,7dac206f0000,rw-p,1024,1024
2026-09-03T08:08:38Z,7dac208f0000,rw-p,2048,2048
2026-09-03T08:08:38Z,7dac20af0000,rw-p,1024,1024
2026-09-03T08:08:38Z,7dac20bf0000,rw-p,704,700
2026-09-03T08:08:38Z,7dac20d00000,rw-p,576,572
2026-09-03T08:08:38Z,7dac2c000000,rwxp,7360,6756
2026-09-03T08:08:38Z,7dac34000000,rw-p,4888,4732
2026-09-03T08:08:38Z,7dac396d0000,rw-p,1268,1264
2026-09-03T08:13:38Z,fc000000,rw-p,65536,63796
2026-09-03T08:13:38Z,7dabec000000,rw-p,2276,2276
2026-09-03T08:13:38Z,7dabf4000000,rw-p,2412,2412
2026-09-03T08:13:38Z,7dac00000000,rw-p,7484,7452
2026-09-03T08:13:38Z,7dac0c000000,rw-p,21836,20112
2026-09-03T08:13:38Z,7dac20000000,rw-p,4544,4544
2026-09-03T08:13:38Z,7dac204f0000,rw-p,2048,2048
2026-09-03T08:13:38Z,7dac206f0000,rw-p,1024,1024
2026-09-03T08:13:38Z,7dac208f0000,rw-p,2048,2048
2026-09-03T08:13:38Z,7dac20af0000,rw-p,1024,1024
2026-09-03T08:13:38Z,7dac20bf0000,rw-p,704,700
2026-09-03T08:13:38Z,7dac20d00000,rw-p,576,572
2026-09-03T08:13:38Z,7dac2c000000,rwxp,7360,6756
2026-09-03T08:13:38Z,7dac34000000,rw-p,4888,4732
2026-09-03T08:13:38Z,7dac396d0000,rw-p,1268,1264
2026-09-03T08:18:38Z,fc000000,rw-p,65536,63796
2026-09-03T08:18:38Z,7dabec000000,rw-p,2276,2276
2026-09-03T08:18:38Z,7dabf4000000,rw-p,2412,2412
2026-09-03T08:18:38Z,7dac00000000,rw-p,7484,7452
2026-09-03T08:18:38Z,7dac0c000000,rw-p,21836,20112
2026-09-03T08:18:38Z,7dac20000000,rw-p,4544,4544
2026-09-03T08:18:38Z,7dac204f0000,rw-p,2048,2048
2026-09-03T08:18:38Z,7dac206f0000,rw-p,1024,1024
2026-09-03T08:18:38Z,7dac208f0000,rw-p,2048,2048
2026-09-03T08:18:38Z,7dac20af0000,rw-p,1024,1024
2026-09-03T08:18:38Z,7dac20bf0000,rw-p,704,700
2026-09-03T08:18:38Z,7dac20d00000,rw-p,576,572
2026-09-03T08:18:38Z,7dac2c000000,rwxp,7360,6756
2026-09-03T08:18:38Z,7dac34000000,rw-p,4888,4732
2026-09-03T08:18:38Z,7dac396d0000,rw-p,1268,1264
2026-09-03T08:23:39Z,fc000000,rw-p,65536,63796
2026-09-03T08:23:39Z,7dabec000000,rw-p,2276,2276
2026-09-03T08:23:39Z,7dabf4000000,rw-p,2412,2412
2026-09-03T08:23:39Z,7dac00000000,rw-p,7484,7452
2026-09-03T08:23:39Z,7dac0c000000,rw-p,21836,20112
2026-09-03T08:23:39Z,7dac20000000,rw-p,4544,4544
2026-09-03T08:23:39Z,7dac204f0000,rw-p,2048,2048
2026-09-03T08:23:39Z,7dac206f0000,rw-p,1024,1024
2026-09-03T08:23:39Z,7dac208f0000,rw-p,2048,2048
2026-09-03T08:23:39Z,7dac20af0000,rw-p,1024,1024
2026-09-03T08:23:39Z,7dac20bf0000,rw-p,704,700
2026-09-03T08:23:39Z,7dac20d00000,rw-p,576,572
2026-09-03T08:23:39Z,7dac2c000000,rwxp,7360,6756
2026-09-03T08:23:39Z,7dac34000000,rw-p,4888,4732
2026-09-03T08:23:39Z,7dac396d0000,rw-p,1268,1264
2026-09-03T08:28:39Z,fc000000,rw-p,65536,63796
2026-09-03T08:28:39Z,7dabec000000,rw-p,2276,2276
2026-09-03T08:28:39Z,7dabf4000000,rw-p,2412,2412
2026-09-03T08:28:39Z,7dac00000000,rw-p,7484,7452
2026-09-03T08:28:39Z,7dac0c000000,rw-p,21836,20112
2026-09-03T08:28:39Z,7dac20000000,rw-p,4544,4544
2026-09-03T08:28:39Z,7dac204f0000,rw-p,2048,2048
2026-09-03T08:28:39Z,7dac206f0000,rw-p,1024,1024
2026-09-03T08:28:39Z,7dac208f0000,rw-p,2048,2048
2026-09-03T08:28:39Z,7dac20af0000,rw-p,1024,1024
2026-09-03T08:28:39Z,7dac20bf0000,rw-p,704,700
2026-09-03T08:28:39Z,7dac20d00000,rw-p,576,572
2026-09-03T08:28:39Z,7dac2c000000,rwxp,7360,6756
2026-09-03T08:28:39Z,7dac34000000,rw-p,4888,4732
2026-09-03T08:28:39Z,7dac396d0000,rw-p,1268,1264
2026-09-03T08:33:39Z,fc000000,rw-p,65536,63796
2026-09-03T08:33:39Z,7dabec000000,rw-p,2276,2276
2026-09-03T08:33:39Z,7dabf4000000,rw-p,2412,2412
2026-09-03T08:33:39Z,7dac00000000,rw-p,7484,7452
2026-09-03T08:33:39Z,7dac0c000000,rw-p,21836,20112
2026-09-03T08:33:39Z,7dac20000000,rw-p,4544,4544
2026-09-03T08:33:39Z,7dac204f0000,rw-p,2048,2048
2026-09-03T08:33:39Z,7dac206f0000,rw-p,1024,1024
2026-09-03T08:33:39Z,7dac208f0000,rw-p,2048,2048
2026-09-03T08:33:39Z,7dac20af0000,rw-p,1024,1024
2026-09-03T08:33:39Z,7dac20bf0000,rw-p,704,700
2026-09-03T08:33:39Z,7dac20d00000,rw-p,576,572
2026-09-03T08:33:39Z,7dac2c000000,rwxp,7360,6756
2026-09-03T08:33:39Z,7dac34000000,rw-p,4888,4732
2026-09-03T08:33:39Z,7dac396d0000,rw-p,1268,1264
2026-09-03T08:38:39Z,fc000000,rw-p,65536,63796
2026-09-03T08:38:39Z,7dabec000000,rw-p,2276,2276
2026-09-03T08:38:39Z,7dabf4000000,rw-p,2412,2412
2026-09-03T08:38:39Z,7dac00000000,rw-p,7484,7452
2026-09-03T08:38:39Z,7dac0c000000,rw-p,21836,20112
2026-09-03T08:38:39Z,7dac20000000,rw-p,4544,4544
2026-09-03T08:38:39Z,7dac204f0000,rw-p,2048,2048
2026-09-03T08:38:39Z,7dac206f0000,rw-p,1024,1024
2026-09-03T08:38:39Z,7dac208f0000,rw-p,2048,2048
2026-09-03T08:38:39Z,7dac20af0000,rw-p,1024,1024
2026-09-03T08:38:39Z,7dac20bf0000,rw-p,704,700
2026-09-03T08:38:39Z,7dac20d00000,rw-p,576,572
2026-09-03T08:38:39Z,7dac2c000000,rwxp,7360,6756
2026-09-03T08:38:39Z,7dac34000000,rw-p,4888,4732
2026-09-03T08:38:39Z,7dac396d0000,rw-p,1268,1264
2026-09-03T08:43:39Z,fc000000,rw-p,65536,63796
2026-09-03T08:43:39Z,7dabec000000,rw-p,2276,2276
2026-09-03T08:43:39Z,7dabf4000000,rw-p,2412,2412
2026-09-03T08:43:39Z,7dac00000000,rw-p,7484,7452
2026-09-03T08:43:39Z,7dac0c000000,rw-p,21836,20112
2026-09-03T08:43:39Z,7dac20000000,rw-p,4544,4544
2026-09-03T08:43:39Z,7dac204f0000,rw-p,2048,2048
2026-09-03T08:43:39Z,7dac206f0000,rw-p,1024,1024
2026-09-03T08:43:39Z,7dac208f0000,rw-p,2048,2048
2026-09-03T08:43:39Z,7dac20af0000,rw-p,1024,1024
2026-09-03T08:43:39Z,7dac20bf0000,rw-p,704,700
2026-09-03T08:43:39Z,7dac20d00000,rw-p,576,572
2026-09-03T08:43:39Z,7dac2c000000,rwxp,7360,6756
2026-09-03T08:43:39Z,7dac34000000,rw-p,4888,4732
2026-09-03T08:43:39Z,7dac396d0000,rw-p,1268,1264
2026-09-03T08:48:39Z,fc000000,rw-p,65536,63796
2026-09-03T08:48:39Z,7dabec000000,rw-p,2276,2276
2026-09-03T08:48:39Z,7dabf4000000,rw-p,2412,2412
2026-09-03T08:48:39Z,7dac00000000,rw-p,7484,7452
2026-09-03T08:48:39Z,7dac0c000000,rw-p,21836,20112
2026-09-03T08:48:39Z,7dac20000000,rw-p,4544,4544
2026-09-03T08:48:39Z,7dac204f0000,rw-p,2048,2048
2026-09-03T08:48:39Z,7dac206f0000,rw-p,1024,1024
2026-09-03T08:48:39Z,7dac208f0000,rw-p,2048,2048
2026-09-03T08:48:39Z,7dac20af0000,rw-p,1024,1024
2026-09-03T08:48:39Z,7dac20bf0000,rw-p,704,700
2026-09-03T08:48:39Z,7dac20d00000,rw-p,576,572
2026-09-03T08:48:39Z,7dac2c000000,rwxp,7360,6756
2026-09-03T08:48:39Z,7dac34000000,rw-p,4888,4732
2026-09-03T08:48:39Z,7dac396d0000,rw-p,1268,1264
2026-09-03T08:53:39Z,fc000000,rw-p,65536,63796
2026-09-03T08:53:39Z,7dabec000000,rw-p,2276,2276
2026-09-03T08:53:39Z,7dabf4000000,rw-p,2412,2412
2026-09-03T08:53:39Z,7dac00000000,rw-p,7484,7452
2026-09-03T08:53:39Z,7dac0c000000,rw-p,21836,20112
2026-09-03T08:53:39Z,7dac20000000,rw-p,4544,4544
2026-09-03T08:53:39Z,7dac204f0000,rw-p,2048,2048
2026-09-03T08:53:39Z,7dac206f0000,rw-p,1024,1024
2026-09-03T08:53:39Z,7dac208f0000,rw-p,2048,2048
2026-09-03T08:53:39Z,7dac20af0000,rw-p,1024,1024
2026-09-03T08:53:39Z,7dac20bf0000,rw-p,704,700
2026-09-03T08:53:39Z,7dac20d00000,rw-p,576,572
2026-09-03T08:53:39Z,7dac2c000000,rwxp,7360,6756
2026-09-03T08:53:39Z,7dac34000000,rw-p,4888,4732
2026-09-03T08:53:39Z,7dac396d0000,rw-p,1268,1264
2026-09-03T08:58:39Z,fc000000,rw-p,65536,63796
2026-09-03T08:58:39Z,7dabec000000,rw-p,2276,2276
2026-09-03T08:58:39Z,7dabf4000000,rw-p,2412,2412
2026-09-03T08:58:39Z,7dac00000000,rw-p,7484,7452
2026-09-03T08:58:39Z,7dac0c000000,rw-p,21836,20112
2026-09-03T08:58:39Z,7dac20000000,rw-p,4544,4544
2026-09-03T08:58:39Z,7dac204f0000,rw-p,2048,2048
2026-09-03T08:58:39Z,7dac206f0000,rw-p,1024,1024
2026-09-03T08:58:39Z,7dac208f0000,rw-p,2048,2048
2026-09-03T08:58:39Z,7dac20af0000,rw-p,1024,1024
2026-09-03T08:58:39Z,7dac20bf0000,rw-p,704,700
2026-09-03T08:58:39Z,7dac20d00000,rw-p,576,572
2026-09-03T08:58:39Z,7dac2c000000,rwxp,7360,6756
2026-09-03T08:58:39Z,7dac34000000,rw-p,4888,4732
2026-09-03T08:58:39Z,7dac396d0000,rw-p,1268,1264
2026-09-03T09:03:39Z,fc000000,rw-p,65536,63796
2026-09-03T09:03:39Z,7dabec000000,rw-p,2276,2276
2026-09-03T09:03:39Z,7dabf4000000,rw-p,2412,2412
2026-09-03T09:03:39Z,7dac00000000,rw-p,7484,7452
2026-09-03T09:03:39Z,7dac0c000000,rw-p,21836,20112
2026-09-03T09:03:39Z,7dac20000000,rw-p,4544,4544
2026-09-03T09:03:39Z,7dac204f0000,rw-p,2048,2048
2026-09-03T09:03:39Z,7dac206f0000,rw-p,1024,1024
2026-09-03T09:03:39Z,7dac208f0000,rw-p,2048,2048
2026-09-03T09:03:39Z,7dac20af0000,rw-p,1024,1024
2026-09-03T09:03:39Z,7dac20bf0000,rw-p,704,700
2026-09-03T09:03:39Z,7dac20d00000,rw-p,576,572
2026-09-03T09:03:39Z,7dac2c000000,rwxp,7360,6756
2026-09-03T09:03:39Z,7dac34000000,rw-p,4888,4732
2026-09-03T09:03:39Z,7dac396d0000,rw-p,1268,1264
2026-09-03T09:08:39Z,fc000000,rw-p,65536,63796
2026-09-03T09:08:39Z,7dabec000000,rw-p,2276,2276
2026-09-03T09:08:39Z,7dabf4000000,rw-p,2412,2412
2026-09-03T09:08:39Z,7dac00000000,rw-p,7484,7452
2026-09-03T09:08:39Z,7dac0c000000,rw-p,21836,20112
2026-09-03T09:08:39Z,7dac20000000,rw-p,4544,4544
2026-09-03T09:08:39Z,7dac204f0000,rw-p,2048,2048
2026-09-03T09:08:39Z,7dac206f0000,rw-p,1024,1024
2026-09-03T09:08:39Z,7dac208f0000,rw-p,2048,2048
2026-09-03T09:08:39Z,7dac20af0000,rw-p,1024,1024
2026-09-03T09:08:39Z,7dac20bf0000,rw-p,704,700
2026-09-03T09:08:39Z,7dac20d00000,rw-p,576,572
2026-09-03T09:08:39Z,7dac2c000000,rwxp,7360,6756
2026-09-03T09:08:39Z,7dac34000000,rw-p,4888,4732
2026-09-03T09:08:39Z,7dac396d0000,rw-p,1268,1264
2026-09-03T09:13:39Z,fc000000,rw-p,65536,63796
2026-09-03T09:13:39Z,7dabec000000,rw-p,2276,2276
2026-09-03T09:13:39Z,7dabf4000000,rw-p,2412,2412
2026-09-03T09:13:39Z,7dac00000000,rw-p,7484,7452
2026-09-03T09:13:39Z,7dac0c000000,rw-p,21836,20112
2026-09-03T09:13:39Z,7dac20000000,rw-p,4544,4544
2026-09-03T09:13:39Z,7dac204f0000,rw-p,2048,2048
2026-09-03T09:13:39Z,7dac206f0000,rw-p,1024,1024
2026-09-03T09:13:39Z,7dac208f0000,rw-p,2048,2048
2026-09-03T09:13:39Z,7dac20af0000,rw-p,1024,1024
2026-09-03T09:13:39Z,7dac20bf0000,rw-p,704,700
2026-09-03T09:13:39Z,7dac20d00000,rw-p,576,572
2026-09-03T09:13:39Z,7dac2c000000,rwxp,7360,6756
2026-09-03T09:13:39Z,7dac34000000,rw-p,4888,4732
2026-09-03T09:13:39Z,7dac396d0000,rw-p,1268,1264
2026-09-03T09:18:40Z,fc000000,rw-p,65536,63796
2026-09-03T09:18:40Z,7dabec000000,rw-p,2276,2276
2026-09-03T09:18:40Z,7dabf4000000,rw-p,2412,2412
2026-09-03T09:18:40Z,7dac00000000,rw-p,7484,7452
2026-09-03T09:18:40Z,7dac0c000000,rw-p,21836,20112
2026-09-03T09:18:40Z,7dac20000000,rw-p,4544,4544
2026-09-03T09:18:40Z,7dac204f0000,rw-p,2048,2048
2026-09-03T09:18:40Z,7dac206f0000,rw-p,1024,1024
2026-09-03T09:18:40Z,7dac208f0000,rw-p,2048,2048
2026-09-03T09:18:40Z,7dac20af0000,rw-p,1024,1024
2026-09-03T09:18:40Z,7dac20bf0000,rw-p,704,700
2026-09-03T09:18:40Z,7dac20d00000,rw-p,576,572
2026-09-03T09:18:40Z,7dac2c000000,rwxp,7360,6756
2026-09-03T09:18:40Z,7dac34000000,rw-p,4888,4732
2026-09-03T09:18:40Z,7dac396d0000,rw-p,1268,1264
2026-09-03T09:23:40Z,fc000000,rw-p,65536,63796
2026-09-03T09:23:40Z,7dabec000000,rw-p,2276,2276
2026-09-03T09:23:40Z,7dabf4000000,rw-p,2412,2412
2026-09-03T09:23:40Z,7dac00000000,rw-p,7484,7452
2026-09-03T09:23:40Z,7dac0c000000,rw-p,21836,20112
2026-09-03T09:23:40Z,7dac20000000,rw-p,4544,4544
2026-09-03T09:23:40Z,7dac204f0000,rw-p,2048,2048
2026-09-03T09:23:40Z,7dac206f0000,rw-p,1024,1024
2026-09-03T09:23:40Z,7dac208f0000,rw-p,2048,2048
2026-09-03T09:23:40Z,7dac20af0000,rw-p,1024,1024
2026-09-03T09:23:40Z,7dac20bf0000,rw-p,704,700
2026-09-03T09:23:40Z,7dac20d00000,rw-p,576,572
2026-09-03T09:23:40Z,7dac2c000000,rwxp,7360,6756
2026-09-03T09:23:40Z,7dac34000000,rw-p,4888,4732
2026-09-03T09:23:40Z,7dac396d0000,rw-p,1268,1264
2026-09-03T09:28:40Z,fc000000,rw-p,65536,63796
2026-09-03T09:28:40Z,7dabec000000,rw-p,2276,2276
2026-09-03T09:28:40Z,7dabf4000000,rw-p,2412,2412
2026-09-03T09:28:40Z,7dac00000000,rw-p,7484,7452
2026-09-03T09:28:40Z,7dac0c000000,rw-p,21836,20112
2026-09-03T09:28:40Z,7dac20000000,rw-p,4544,4544
2026-09-03T09:28:40Z,7dac204f0000,rw-p,2048,2048
2026-09-03T09:28:40Z,7dac206f0000,rw-p,1024,1024
2026-09-03T09:28:40Z,7dac208f0000,rw-p,2048,2048
2026-09-03T09:28:40Z,7dac20af0000,rw-p,1024,1024
2026-09-03T09:28:40Z,7dac20bf0000,rw-p,704,700
2026-09-03T09:28:40Z,7dac20d00000,rw-p,576,572
2026-09-03T09:28:40Z,7dac2c000000,rwxp,7360,6756
2026-09-03T09:28:40Z,7dac34000000,rw-p,4888,4732
2026-09-03T09:28:40Z,7dac396d0000,rw-p,1268,1264
2026-09-03T09:33:40Z,fc000000,rw-p,65536,63796
2026-09-03T09:33:40Z,7dabec000000,rw-p,2276,2276
2026-09-03T09:33:40Z,7dabf4000000,rw-p,2412,2412
2026-09-03T09:33:40Z,7dac00000000,rw-p,7484,7452
2026-09-03T09:33:40Z,7dac0c000000,rw-p,21836,20112
2026-09-03T09:33:40Z,7dac20000000,rw-p,4544,4544
2026-09-03T09:33:40Z,7dac204f0000,rw-p,2048,2048
2026-09-03T09:33:40Z,7dac206f0000,rw-p,1024,1024
2026-09-03T09:33:40Z,7dac208f0000,rw-p,2048,2048
2026-09-03T09:33:40Z,7dac20af0000,rw-p,1024,1024
2026-09-03T09:33:40Z,7dac20bf0000,rw-p,704,700
2026-09-03T09:33:40Z,7dac20d00000,rw-p,576,572
2026-09-03T09:33:40Z,7dac2c000000,rwxp,7360,6756
2026-09-03T09:33:40Z,7dac34000000,rw-p,4888,4732
2026-09-03T09:33:40Z,7dac396d0000,rw-p,1268,1264
2026-09-03T09:38:40Z,fc000000,rw-p,65536,63796
2026-09-03T09:38:40Z,7dabec000000,rw-p,2276,2276
2026-09-03T09:38:40Z,7dabf4000000,rw-p,2412,2412
2026-09-03T09:38:40Z,7dac00000000,rw-p,7484,7452
2026-09-03T09:38:40Z,7dac0c000000,rw-p,21836,20112
2026-09-03T09:38:40Z,7dac20000000,rw-p,4544,4544
2026-09-03T09:38:40Z,7dac204f0000,rw-p,2048,2048
2026-09-03T09:38:40Z,7dac206f0000,rw-p,1024,1024
2026-09-03T09:38:40Z,7dac208f0000,rw-p,2048,2048
2026-09-03T09:38:40Z,7dac20af0000,rw-p,1024,1024
2026-09-03T09:38:40Z,7dac20bf0000,rw-p,704,700
2026-09-03T09:38:40Z,7dac20d00000,rw-p,576,572
2026-09-03T09:38:40Z,7dac2c000000,rwxp,7360,6756
2026-09-03T09:38:40Z,7dac34000000,rw-p,4888,4732
2026-09-03T09:38:40Z,7dac396d0000,rw-p,1268,1264
2026-09-03T09:43:40Z,fc000000,rw-p,65536,63796
2026-09-03T09:43:40Z,7dabec000000,rw-p,2276,2276
2026-09-03T09:43:40Z,7dabf4000000,rw-p,2412,2412
2026-09-03T09:43:40Z,7dac00000000,rw-p,7484,7452
2026-09-03T09:43:40Z,7dac0c000000,rw-p,21836,20112
2026-09-03T09:43:40Z,7dac20000000,rw-p,4544,4544
2026-09-03T09:43:40Z,7dac204f0000,rw-p,2048,2048
2026-09-03T09:43:40Z,7dac206f0000,rw-p,1024,1024
2026-09-03T09:43:40Z,7dac208f0000,rw-p,2048,2048
2026-09-03T09:43:40Z,7dac20af0000,rw-p,1024,1024
2026-09-03T09:43:40Z,7dac20bf0000,rw-p,704,700
2026-09-03T09:43:40Z,7dac20d00000,rw-p,576,572
2026-09-03T09:43:40Z,7dac2c000000,rwxp,7360,6756
2026-09-03T09:43:40Z,7dac34000000,rw-p,4888,4732
2026-09-03T09:43:40Z,7dac396d0000,rw-p,1268,1264
2026-09-03T09:48:40Z,fc000000,rw-p,65536,63796
2026-09-03T09:48:40Z,7dabec000000,rw-p,2276,2276
2026-09-03T09:48:40Z,7dabf4000000,rw-p,2412,2412
2026-09-03T09:48:40Z,7dac00000000,rw-p,7484,7452
2026-09-03T09:48:40Z,7dac0c000000,rw-p,21836,20112
2026-09-03T09:48:40Z,7dac20000000,rw-p,4544,4544
2026-09-03T09:48:40Z,7dac204f0000,rw-p,2048,2048
2026-09-03T09:48:40Z,7dac206f0000,rw-p,1024,1024
2026-09-03T09:48:40Z,7dac208f0000,rw-p,2048,2048
2026-09-03T09:48:40Z,7dac20af0000,rw-p,1024,1024
2026-09-03T09:48:40Z,7dac20bf0000,rw-p,704,700
2026-09-03T09:48:40Z,7dac20d00000,rw-p,576,572
2026-09-03T09:48:40Z,7dac2c000000,rwxp,7360,6756
2026-09-03T09:48:40Z,7dac34000000,rw-p,4888,4732
2026-09-03T09:48:40Z,7dac396d0000,rw-p,1268,1264
2026-09-03T09:53:40Z,fc000000,rw-p,65536,63796
2026-09-03T09:53:40Z,7dabec000000,rw-p,2276,2276
2026-09-03T09:53:40Z,7dabf4000000,rw-p,2412,2412
2026-09-03T09:53:40Z,7dac00000000,rw-p,7484,7452
2026-09-03T09:53:40Z,7dac0c000000,rw-p,21836,20112
2026-09-03T09:53:40Z,7dac20000000,rw-p,4544,4544
2026-09-03T09:53:40Z,7dac204f0000,rw-p,2048,2048
2026-09-03T09:53:40Z,7dac206f0000,rw-p,1024,1024
2026-09-03T09:53:40Z,7dac208f0000,rw-p,2048,2048
2026-09-03T09:53:40Z,7dac20af0000,rw-p,1024,1024
2026-09-03T09:53:40Z,7dac20bf0000,rw-p,704,700
2026-09-03T09:53:40Z,7dac20d00000,rw-p,576,572
2026-09-03T09:53:40Z,7dac2c000000,rwxp,7360,6756
2026-09-03T09:53:40Z,7dac34000000,rw-p,4888,4732
2026-09-03T09:53:40Z,7dac396d0000,rw-p,1268,1264
2026-09-03T09:58:40Z,fc000000,rw-p,65536,63796
2026-09-03T09:58:40Z,7dabec000000,rw-p,2276,2276
2026-09-03T09:58:40Z,7dabf4000000,rw-p,2412,2412
2026-09-03T09:58:40Z,7dac00000000,rw-p,7484,7452
2026-09-03T09:58:40Z,7dac0c000000,rw-p,21836,20112
2026-09-03T09:58:40Z,7dac20000000,rw-p,4544,4544
2026-09-03T09:58:40Z,7dac204f0000,rw-p,2048,2048
2026-09-03T09:58:40Z,7dac206f0000,rw-p,1024,1024
2026-09-03T09:58:40Z,7dac208f0000,rw-p,2048,2048
2026-09-03T09:58:40Z,7dac20af0000,rw-p,1024,1024
2026-09-03T09:58:40Z,7dac20bf0000,rw-p,704,700
2026-09-03T09:58:40Z,7dac20d00000,rw-p,576,572
2026-09-03T09:58:40Z,7dac2c000000,rwxp,7360,6756
2026-09-03T09:58:40Z,7dac34000000,rw-p,4888,4732
2026-09-03T09:58:40Z,7dac396d0000,rw-p,1268,1264
2026-09-03T10:03:40Z,fc000000,rw-p,65536,63796
2026-09-03T10:03:40Z,7dabec000000,rw-p,2276,2276
2026-09-03T10:03:40Z,7dabf4000000,rw-p,2412,2412
2026-09-03T10:03:40Z,7dac00000000,rw-p,7484,7452
2026-09-03T10:03:40Z,7dac0c000000,rw-p,21836,20112
2026-09-03T10:03:40Z,7dac20000000,rw-p,4544,4544
2026-09-03T10:03:40Z,7dac204f0000,rw-p,2048,2048
2026-09-03T10:03:40Z,7dac206f0000,rw-p,1024,1024
2026-09-03T10:03:40Z,7dac208f0000,rw-p,2048,2048
2026-09-03T10:03:40Z,7dac20af0000,rw-p,1024,1024
2026-09-03T10:03:40Z,7dac20bf0000,rw-p,704,700
2026-09-03T10:03:40Z,7dac20d00000,rw-p,576,572
2026-09-03T10:03:40Z,7dac2c000000,rwxp,7360,6756
2026-09-03T10:03:40Z,7dac34000000,rw-p,4888,4732
2026-09-03T10:03:40Z,7dac396d0000,rw-p,1268,1264
2026-09-03T10:08:41Z,fc000000,rw-p,65536,63796
2026-09-03T10:08:41Z,7dabec000000,rw-p,2276,2276
2026-09-03T10:08:41Z,7dabf4000000,rw-p,2412,2412
2026-09-03T10:08:41Z,7dac00000000,rw-p,7484,7452
2026-09-03T10:08:41Z,7dac0c000000,rw-p,21836,20112
2026-09-03T10:08:41Z,7dac20000000,rw-p,4544,4544
2026-09-03T10:08:41Z,7dac204f0000,rw-p,2048,2048
2026-09-03T10:08:41Z,7dac206f0000,rw-p,1024,1024
2026-09-03T10:08:41Z,7dac208f0000,rw-p,2048,2048
2026-09-03T10:08:41Z,7dac20af0000,rw-p,1024,1024
2026-09-03T10:08:41Z,7dac20bf0000,rw-p,704,700
2026-09-03T10:08:41Z,7dac20d00000,rw-p,576,572
2026-09-03T10:08:41Z,7dac2c000000,rwxp,7360,6756
2026-09-03T10:08:41Z,7dac34000000,rw-p,4888,4732
2026-09-03T10:08:41Z,7dac396d0000,rw-p,1268,1264
2026-09-03T10:13:41Z,fc000000,rw-p,65536,63796
2026-09-03T10:13:41Z,7dabec000000,rw-p,2276,2276
2026-09-03T10:13:41Z,7dabf4000000,rw-p,2412,2412
2026-09-03T10:13:41Z,7dac00000000,rw-p,7484,7452
2026-09-03T10:13:41Z,7dac0c000000,rw-p,21836,20112
2026-09-03T10:13:41Z,7dac20000000,rw-p,4544,4544
2026-09-03T10:13:41Z,7dac204f0000,rw-p,2048,2048
2026-09-03T10:13:41Z,7dac206f0000,rw-p,1024,1024
2026-09-03T10:13:41Z,7dac208f0000,rw-p,2048,2048
2026-09-03T10:13:41Z,7dac20af0000,rw-p,1024,1024
2026-09-03T10:13:41Z,7dac20bf0000,rw-p,704,700
2026-09-03T10:13:41Z,7dac20d00000,rw-p,576,572
2026-09-03T10:13:41Z,7dac2c000000,rwxp,7360,6756
2026-09-03T10:13:41Z,7dac34000000,rw-p,4888,4732
2026-09-03T10:13:41Z,7dac396d0000,rw-p,1268,1264
2026-09-03T10:18:41Z,fc000000,rw-p,65536,63796
2026-09-03T10:18:41Z,7dabec000000,rw-p,2276,2276
2026-09-03T10:18:41Z,7dabf4000000,rw-p,2412,2412
2026-09-03T10:18:41Z,7dac00000000,rw-p,7484,7452
2026-09-03T10:18:41Z,7dac0c000000,rw-p,21836,20112
2026-09-03T10:18:41Z,7dac20000000,rw-p,4544,4544
2026-09-03T10:18:41Z,7dac204f0000,rw-p,2048,2048
2026-09-03T10:18:41Z,7dac206f0000,rw-p,1024,1024
2026-09-03T10:18:41Z,7dac208f0000,rw-p,2048,2048
2026-09-03T10:18:41Z,7dac20af0000,rw-p,1024,1024
2026-09-03T10:18:41Z,7dac20bf0000,rw-p,704,700
2026-09-03T10:18:41Z,7dac20d00000,rw-p,576,572
2026-09-03T10:18:41Z,7dac2c000000,rwxp,7360,6756
2026-09-03T10:18:41Z,7dac34000000,rw-p,4888,4732
2026-09-03T10:18:41Z,7dac396d0000,rw-p,1268,1264
2026-09-03T10:23:41Z,fc000000,rw-p,65536,63796
2026-09-03T10:23:41Z,7dabec000000,rw-p,2276,2276
2026-09-03T10:23:41Z,7dabf4000000,rw-p,2412,2412
2026-09-03T10:23:41Z,7dac00000000,rw-p,7484,7452
2026-09-03T10:23:41Z,7dac0c000000,rw-p,21836,20112
2026-09-03T10:23:41Z,7dac20000000,rw-p,4544,4544
2026-09-03T10:23:41Z,7dac204f0000,rw-p,2048,2048
2026-09-03T10:23:41Z,7dac206f0000,rw-p,1024,1024
2026-09-03T10:23:41Z,7dac208f0000,rw-p,2048,2048
2026-09-03T10:23:41Z,7dac20af0000,rw-p,1024,1024
2026-09-03T10:23:41Z,7dac20bf0000,rw-p,704,700
2026-09-03T10:23:41Z,7dac20d00000,rw-p,576,572
2026-09-03T10:23:41Z,7dac2c000000,rwxp,7360,6756
2026-09-03T10:23:41Z,7dac34000000,rw-p,4888,4732
2026-09-03T10:23:41Z,7dac396d0000,rw-p,1268,1264
2026-09-03T10:28:41Z,fc000000,rw-p,65536,63796
2026-09-03T10:28:41Z,7dabec000000,rw-p,2276,2276
2026-09-03T10:28:41Z,7dabf4000000,rw-p,2412,2412
2026-09-03T10:28:41Z,7dac00000000,rw-p,7484,7452
2026-09-03T10:28:41Z,7dac0c000000,rw-p,21836,20112
2026-09-03T10:28:41Z,7dac20000000,rw-p,4544,4544
2026-09-03T10:28:41Z,7dac204f0000,rw-p,2048,2048
2026-09-03T10:28:41Z,7dac206f0000,rw-p,1024,1024
2026-09-03T10:28:41Z,7dac208f0000,rw-p,2048,2048
2026-09-03T10:28:41Z,7dac20af0000,rw-p,1024,1024
2026-09-03T10:28:41Z,7dac20bf0000,rw-p,704,700
2026-09-03T10:28:41Z,7dac20d00000,rw-p,576,572
2026-09-03T10:28:41Z,7dac2c000000,rwxp,7360,6756
2026-09-03T10:28:41Z,7dac34000000,rw-p,4888,4732
2026-09-03T10:28:41Z,7dac396d0000,rw-p,1268,1264
2026-09-03T10:33:41Z,fc000000,rw-p,65536,63796
2026-09-03T10:33:41Z,7dabec000000,rw-p,2276,2276
2026-09-03T10:33:41Z,7dabf4000000,rw-p,2412,2412
2026-09-03T10:33:41Z,7dac00000000,rw-p,7484,7452
2026-09-03T10:33:41Z,7dac0c000000,rw-p,21836,20112
2026-09-03T10:33:41Z,7dac20000000,rw-p,4544,4544
2026-09-03T10:33:41Z,7dac204f0000,rw-p,2048,2048
2026-09-03T10:33:41Z,7dac206f0000,rw-p,1024,1024
2026-09-03T10:33:41Z,7dac208f0000,rw-p,2048,2048
2026-09-03T10:33:41Z,7dac20af0000,rw-p,1024,1024
2026-09-03T10:33:41Z,7dac20bf0000,rw-p,704,700
2026-09-03T10:33:41Z,7dac20d00000,rw-p,576,572
2026-09-03T10:33:41Z,7dac2c000000,rwxp,7360,6756
2026-09-03T10:33:41Z,7dac34000000,rw-p,4888,4732
2026-09-03T10:33:41Z,7dac396d0000,rw-p,1268,1264
2026-09-03T10:38:41Z,fc000000,rw-p,65536,63796
2026-09-03T10:38:41Z,7dabec000000,rw-p,2276,2276
2026-09-03T10:38:41Z,7dabf4000000,rw-p,2412,2412
2026-09-03T10:38:41Z,7dac00000000,rw-p,7484,7452
2026-09-03T10:38:41Z,7dac0c000000,rw-p,21836,20112
2026-09-03T10:38:41Z,7dac20000000,rw-p,4544,4544
2026-09-03T10:38:41Z,7dac204f0000,rw-p,2048,2048
2026-09-03T10:38:41Z,7dac206f0000,rw-p,1024,1024
2026-09-03T10:38:41Z,7dac208f0000,rw-p,2048,2048
2026-09-03T10:38:41Z,7dac20af0000,rw-p,1024,1024
2026-09-03T10:38:41Z,7dac20bf0000,rw-p,704,700
2026-09-03T10:38:41Z,7dac20d00000,rw-p,576,572
2026-09-03T10:38:41Z,7dac2c000000,rwxp,7360,6756
2026-09-03T10:38:41Z,7dac34000000,rw-p,4888,4732
2026-09-03T10:38:41Z,7dac396d0000,rw-p,1268,1264
2026-09-03T10:43:41Z,fc000000,rw-p,65536,63796
2026-09-03T10:43:41Z,7dabec000000,rw-p,2276,2276
2026-09-03T10:43:41Z,7dabf4000000,rw-p,2412,2412
2026-09-03T10:43:41Z,7dac00000000,rw-p,7484,7452
2026-09-03T10:43:41Z,7dac0c000000,rw-p,21836,20112
2026-09-03T10:43:41Z,7dac20000000,rw-p,4544,4544
2026-09-03T10:43:41Z,7dac204f0000,rw-p,2048,2048
2026-09-03T10:43:41Z,7dac206f0000,rw-p,1024,1024
2026-09-03T10:43:41Z,7dac208f0000,rw-p,2048,2048
2026-09-03T10:43:41Z,7dac20af0000,rw-p,1024,1024
2026-09-03T10:43:41Z,7dac20bf0000,rw-p,704,700
2026-09-03T10:43:41Z,7dac20d00000,rw-p,576,572
2026-09-03T10:43:41Z,7dac2c000000,rwxp,7360,6756
2026-09-03T10:43:41Z,7dac34000000,rw-p,4888,4732
2026-09-03T10:43:41Z,7dac396d0000,rw-p,1268,1264
2026-09-03T10:48:41Z,fc000000,rw-p,65536,63796
2026-09-03T10:48:41Z,7dabec000000,rw-p,2276,2276
2026-09-03T10:48:41Z,7dabf4000000,rw-p,2412,2412
2026-09-03T10:48:41Z,7dac00000000,rw-p,7484,7452
2026-09-03T10:48:41Z,7dac0c000000,rw-p,21836,20112
2026-09-03T10:48:41Z,7dac20000000,rw-p,4544,4544
2026-09-03T10:48:41Z,7dac204f0000,rw-p,2048,2048
2026-09-03T10:48:41Z,7dac206f0000,rw-p,1024,1024
2026-09-03T10:48:41Z,7dac208f0000,rw-p,2048,2048
2026-09-03T10:48:41Z,7dac20af0000,rw-p,1024,1024
2026-09-03T10:48:41Z,7dac20bf0000,rw-p,704,700
2026-09-03T10:48:41Z,7dac20d00000,rw-p,576,572
2026-09-03T10:48:41Z,7dac2c000000,rwxp,7360,6756
2026-09-03T10:48:41Z,7dac34000000,rw-p,4888,4732
2026-09-03T10:48:41Z,7dac396d0000,rw-p,1268,1264
2026-09-03T10:53:41Z,fc000000,rw-p,65536,63796
2026-09-03T10:53:41Z,7dabec000000,rw-p,2276,2276
2026-09-03T10:53:41Z,7dabf4000000,rw-p,2412,2412
2026-09-03T10:53:41Z,7dac00000000,rw-p,7484,7452
2026-09-03T10:53:41Z,7dac0c000000,rw-p,21836,20112
2026-09-03T10:53:41Z,7dac20000000,rw-p,4544,4544
2026-09-03T10:53:41Z,7dac204f0000,rw-p,2048,2048
2026-09-03T10:53:41Z,7dac206f0000,rw-p,1024,1024
2026-09-03T10:53:41Z,7dac208f0000,rw-p,2048,2048
2026-09-03T10:53:41Z,7dac20af0000,rw-p,1024,1024
2026-09-03T10:53:41Z,7dac20bf0000,rw-p,704,700
2026-09-03T10:53:41Z,7dac20d00000,rw-p,576,572
2026-09-03T10:53:41Z,7dac2c000000,rwxp,7360,6756
2026-09-03T10:53:41Z,7dac34000000,rw-p,4888,4732
2026-09-03T10:53:41Z,7dac396d0000,rw-p,1268,1264
2026-09-03T10:58:42Z,fc000000,rw-p,65536,63796
2026-09-03T10:58:42Z,7dabec000000,rw-p,2276,2276
2026-09-03T10:58:42Z,7dabf4000000,rw-p,2412,2412
2026-09-03T10:58:42Z,7dac00000000,rw-p,7484,7452
2026-09-03T10:58:42Z,7dac0c000000,rw-p,21836,20112
2026-09-03T10:58:42Z,7dac20000000,rw-p,4544,4544
2026-09-03T10:58:42Z,7dac204f0000,rw-p,2048,2048
2026-09-03T10:58:42Z,7dac206f0000,rw-p,1024,1024
2026-09-03T10:58:42Z,7dac208f0000,rw-p,2048,2048
2026-09-03T10:58:42Z,7dac20af0000,rw-p,1024,1024
2026-09-03T10:58:42Z,7dac20bf0000,rw-p,704,700
2026-09-03T10:58:42Z,7dac20d00000,rw-p,576,572
2026-09-03T10:58:42Z,7dac2c000000,rwxp,7360,6756
2026-09-03T10:58:42Z,7dac34000000,rw-p,4888,4732
2026-09-03T10:58:42Z,7dac396d0000,rw-p,1268,1264
2026-09-03T11:03:42Z,fc000000,rw-p,65536,63796
2026-09-03T11:03:42Z,7dabec000000,rw-p,2276,2276
2026-09-03T11:03:42Z,7dabf4000000,rw-p,2412,2412
2026-09-03T11:03:42Z,7dac00000000,rw-p,7484,7452
2026-09-03T11:03:42Z,7dac0c000000,rw-p,21836,20112
2026-09-03T11:03:42Z,7dac20000000,rw-p,4544,4544
2026-09-03T11:03:42Z,7dac204f0000,rw-p,2048,2048
2026-09-03T11:03:42Z,7dac206f0000,rw-p,1024,1024
2026-09-03T11:03:42Z,7dac208f0000,rw-p,2048,2048
2026-09-03T11:03:42Z,7dac20af0000,rw-p,1024,1024
2026-09-03T11:03:42Z,7dac20bf0000,rw-p,704,700
2026-09-03T11:03:42Z,7dac20d00000,rw-p,576,572
2026-09-03T11:03:42Z,7dac2c000000,rwxp,7360,6756
2026-09-03T11:03:42Z,7dac34000000,rw-p,4888,4732
2026-09-03T11:03:42Z,7dac396d0000,rw-p,1268,1264
2026-09-03T11:08:42Z,fc000000,rw-p,65536,63796
2026-09-03T11:08:42Z,7dabec000000,rw-p,2276,2276
2026-09-03T11:08:42Z,7dabf4000000,rw-p,2412,2412
2026-09-03T11:08:42Z,7dac00000000,rw-p,7484,7452
2026-09-03T11:08:42Z,7dac0c000000,rw-p,21836,20112
2026-09-03T11:08:42Z,7dac20000000,rw-p,4544,4544
2026-09-03T11:08:42Z,7dac204f0000,rw-p,2048,2048
2026-09-03T11:08:42Z,7dac206f0000,rw-p,1024,1024
2026-09-03T11:08:42Z,7dac208f0000,rw-p,2048,2048
2026-09-03T11:08:42Z,7dac20af0000,rw-p,1024,1024
2026-09-03T11:08:42Z,7dac20bf0000,rw-p,704,700
2026-09-03T11:08:42Z,7dac20d00000,rw-p,576,572
2026-09-03T11:08:42Z,7dac2c000000,rwxp,7360,6756
2026-09-03T11:08:42Z,7dac34000000,rw-p,4888,4732
2026-09-03T11:08:42Z,7dac396d0000,rw-p,1268,1264
2026-09-03T11:13:42Z,fc000000,rw-p,65536,63796
2026-09-03T11:13:42Z,7dabec000000,rw-p,2276,2276
2026-09-03T11:13:42Z,7dabf4000000,rw-p,2412,2412
2026-09-03T11:13:42Z,7dac00000000,rw-p,7484,7452
2026-09-03T11:13:42Z,7dac0c000000,rw-p,21836,20112
2026-09-03T11:13:42Z,7dac20000000,rw-p,4544,4544
2026-09-03T11:13:42Z,7dac204f0000,rw-p,2048,2048
2026-09-03T11:13:42Z,7dac206f0000,rw-p,1024,1024
2026-09-03T11:13:42Z,7dac208f0000,rw-p,2048,2048
2026-09-03T11:13:42Z,7dac20af0000,rw-p,1024,1024
2026-09-03T11:13:42Z,7dac20bf0000,rw-p,704,700
2026-09-03T11:13:42Z,7dac20d00000,rw-p,576,572
2026-09-03T11:13:42Z,7dac2c000000,rwxp,7360,6756
2026-09-03T11:13:42Z,7dac34000000,rw-p,4888,4732
2026-09-03T11:13:42Z,7dac396d0000,rw-p,1268,1264
2026-09-03T11:18:42Z,fc000000,rw-p,65536,63796
2026-09-03T11:18:42Z,7dabec000000,rw-p,2276,2276
2026-09-03T11:18:42Z,7dabf4000000,rw-p,2412,2412
2026-09-03T11:18:42Z,7dac00000000,rw-p,7484,7452
2026-09-03T11:18:42Z,7dac0c000000,rw-p,21836,20112
2026-09-03T11:18:42Z,7dac20000000,rw-p,4544,4544
2026-09-03T11:18:42Z,7dac204f0000,rw-p,2048,2048
2026-09-03T11:18:42Z,7dac206f0000,rw-p,1024,1024
2026-09-03T11:18:42Z,7dac208f0000,rw-p,2048,2048
2026-09-03T11:18:42Z,7dac20af0000,rw-p,1024,1024
2026-09-03T11:18:42Z,7dac20bf0000,rw-p,704,700
2026-09-03T11:18:42Z,7dac20d00000,rw-p,576,572
2026-09-03T11:18:42Z,7dac2c000000,rwxp,7360,6756
2026-09-03T11:18:42Z,7dac34000000,rw-p,4888,4732
2026-09-03T11:18:42Z,7dac396d0000,rw-p,1268,1264
2026-09-03T11:23:42Z,fc000000,rw-p,65536,63796
2026-09-03T11:23:42Z,7dabec000000,rw-p,2276,2276
2026-09-03T11:23:42Z,7dabf4000000,rw-p,2412,2412
2026-09-03T11:23:42Z,7dac00000000,rw-p,7484,7452
2026-09-03T11:23:42Z,7dac0c000000,rw-p,21836,20112
2026-09-03T11:23:42Z,7dac20000000,rw-p,4544,4544
2026-09-03T11:23:42Z,7dac204f0000,rw-p,2048,2048
2026-09-03T11:23:42Z,7dac206f0000,rw-p,1024,1024
2026-09-03T11:23:42Z,7dac208f0000,rw-p,2048,2048
2026-09-03T11:23:42Z,7dac20af0000,rw-p,1024,1024
2026-09-03T11:23:42Z,7dac20bf0000,rw-p,704,700
2026-09-03T11:23:42Z,7dac20d00000,rw-p,576,572
2026-09-03T11:23:42Z,7dac2c000000,rwxp,7360,6756
2026-09-03T11:23:42Z,7dac34000000,rw-p,4888,4732
2026-09-03T11:23:42Z,7dac396d0000,rw-p,1268,1264
2026-09-03T11:28:42Z,fc000000,rw-p,65536,63796
2026-09-03T11:28:42Z,7dabec000000,rw-p,2276,2276
2026-09-03T11:28:42Z,7dabf4000000,rw-p,2412,2412
2026-09-03T11:28:42Z,7dac00000000,rw-p,7484,7452
2026-09-03T11:28:42Z,7dac0c000000,rw-p,21836,20112
2026-09-03T11:28:42Z,7dac20000000,rw-p,4544,4544
2026-09-03T11:28:42Z,7dac204f0000,rw-p,2048,2048
2026-09-03T11:28:42Z,7dac206f0000,rw-p,1024,1024
2026-09-03T11:28:42Z,7dac208f0000,rw-p,2048,2048
2026-09-03T11:28:42Z,7dac20af0000,rw-p,1024,1024
2026-09-03T11:28:42Z,7dac20bf0000,rw-p,704,700
2026-09-03T11:28:42Z,7dac20d00000,rw-p,576,572
2026-09-03T11:28:42Z,7dac2c000000,rwxp,7360,6756
2026-09-03T11:28:42Z,7dac34000000,rw-p,4888,4732
2026-09-03T11:28:42Z,7dac396d0000,rw-p,1268,1264
2026-09-03T11:33:42Z,fc000000,rw-p,65536,63796
2026-09-03T11:33:42Z,7dabec000000,rw-p,2276,2276
2026-09-03T11:33:42Z,7dabf4000000,rw-p,2412,2412
2026-09-03T11:33:42Z,7dac00000000,rw-p,7484,7452
2026-09-03T11:33:42Z,7dac0c000000,rw-p,21836,20112
2026-09-03T11:33:42Z,7dac20000000,rw-p,4544,4544
2026-09-03T11:33:42Z,7dac204f0000,rw-p,2048,2048
2026-09-03T11:33:42Z,7dac206f0000,rw-p,1024,1024
2026-09-03T11:33:42Z,7dac208f0000,rw-p,2048,2048
2026-09-03T11:33:42Z,7dac20af0000,rw-p,1024,1024
2026-09-03T11:33:42Z,7dac20bf0000,rw-p,704,700
2026-09-03T11:33:42Z,7dac20d00000,rw-p,576,572
2026-09-03T11:33:42Z,7dac2c000000,rwxp,7360,6756
2026-09-03T11:33:42Z,7dac34000000,rw-p,4888,4732
2026-09-03T11:33:42Z,7dac396d0000,rw-p,1268,1264
2026-09-03T11:38:42Z,fc000000,rw-p,65536,63796
2026-09-03T11:38:42Z,7dabec000000,rw-p,2276,2276
2026-09-03T11:38:42Z,7dabf4000000,rw-p,2412,2412
2026-09-03T11:38:42Z,7dac00000000,rw-p,7484,7452
2026-09-03T11:38:42Z,7dac0c000000,rw-p,21836,20112
2026-09-03T11:38:42Z,7dac20000000,rw-p,4544,4544
2026-09-03T11:38:42Z,7dac204f0000,rw-p,2048,2048
2026-09-03T11:38:42Z,7dac206f0000,rw-p,1024,1024
2026-09-03T11:38:42Z,7dac208f0000,rw-p,2048,2048
2026-09-03T11:38:42Z,7dac20af0000,rw-p,1024,1024
2026-09-03T11:38:42Z,7dac20bf0000,rw-p,704,700
2026-09-03T11:38:42Z,7dac20d00000,rw-p,576,572
2026-09-03T11:38:42Z,7dac2c000000,rwxp,7360,6756
2026-09-03T11:38:42Z,7dac34000000,rw-p,4888,4732
2026-09-03T11:38:42Z,7dac396d0000,rw-p,1268,1264
2026-09-03T11:43:42Z,fc000000,rw-p,65536,63796
2026-09-03T11:43:42Z,7dabec000000,rw-p,2276,2276
2026-09-03T11:43:42Z,7dabf4000000,rw-p,2412,2412
2026-09-03T11:43:42Z,7dac00000000,rw-p,7484,7452
2026-09-03T11:43:42Z,7dac0c000000,rw-p,21836,20112
2026-09-03T11:43:42Z,7dac20000000,rw-p,4544,4544
2026-09-03T11:43:42Z,7dac204f0000,rw-p,2048,2048
2026-09-03T11:43:42Z,7dac206f0000,rw-p,1024,1024
2026-09-03T11:43:42Z,7dac208f0000,rw-p,2048,2048
2026-09-03T11:43:42Z,7dac20af0000,rw-p,1024,1024
2026-09-03T11:43:42Z,7dac20bf0000,rw-p,704,700
2026-09-03T11:43:42Z,7dac20d00000,rw-p,576,572
2026-09-03T11:43:42Z,7dac2c000000,rwxp,7360,6756
2026-09-03T11:43:42Z,7dac34000000,rw-p,4888,4732
2026-09-03T11:43:42Z,7dac396d0000,rw-p,1268,1264
2026-09-03T11:48:42Z,fc000000,rw-p,65536,63796
2026-09-03T11:48:42Z,7dabec000000,rw-p,2276,2276
2026-09-03T11:48:42Z,7dabf4000000,rw-p,2412,2412
2026-09-03T11:48:42Z,7dac00000000,rw-p,7484,7452
2026-09-03T11:48:42Z,7dac0c000000,rw-p,21836,20112
2026-09-03T11:48:42Z,7dac20000000,rw-p,4544,4544
2026-09-03T11:48:42Z,7dac204f0000,rw-p,2048,2048
2026-09-03T11:48:42Z,7dac206f0000,rw-p,1024,1024
2026-09-03T11:48:42Z,7dac208f0000,rw-p,2048,2048
2026-09-03T11:48:42Z,7dac20af0000,rw-p,1024,1024
2026-09-03T11:48:42Z,7dac20bf0000,rw-p,704,700
2026-09-03T11:48:42Z,7dac20d00000,rw-p,576,572
2026-09-03T11:48:42Z,7dac2c000000,rwxp,7360,6756
2026-09-03T11:48:42Z,7dac34000000,rw-p,4888,4732
2026-09-03T11:48:42Z,7dac396d0000,rw-p,1268,1264
2026-09-03T11:53:43Z,fc000000,rw-p,65536,63796
2026-09-03T11:53:43Z,7dabec000000,rw-p,2276,2276
2026-09-03T11:53:43Z,7dabf4000000,rw-p,2412,2412
2026-09-03T11:53:43Z,7dac00000000,rw-p,7484,7452
2026-09-03T11:53:43Z,7dac0c000000,rw-p,21836,20112
2026-09-03T11:53:43Z,7dac20000000,rw-p,4544,4544
2026-09-03T11:53:43Z,7dac204f0000,rw-p,2048,2048
2026-09-03T11:53:43Z,7dac206f0000,rw-p,1024,1024
2026-09-03T11:53:43Z,7dac208f0000,rw-p,2048,2048
2026-09-03T11:53:43Z,7dac20af0000,rw-p,1024,1024
2026-09-03T11:53:43Z,7dac20bf0000,rw-p,704,700
2026-09-03T11:53:43Z,7dac20d00000,rw-p,576,572
2026-09-03T11:53:43Z,7dac2c000000,rwxp,7360,6756
2026-09-03T11:53:43Z,7dac34000000,rw-p,4888,4732
2026-09-03T11:53:43Z,7dac396d0000,rw-p,1268,1264
2026-09-03T11:58:43Z,fc000000,rw-p,65536,63796
2026-09-03T11:58:43Z,7dabec000000,rw-p,2276,2276
2026-09-03T11:58:43Z,7dabf4000000,rw-p,2412,2412
2026-09-03T11:58:43Z,7dac00000000,rw-p,7484,7452
2026-09-03T11:58:43Z,7dac0c000000,rw-p,21836,20112
2026-09-03T11:58:43Z,7dac20000000,rw-p,4544,4544
2026-09-03T11:58:43Z,7dac204f0000,rw-p,2048,2048
2026-09-03T11:58:43Z,7dac206f0000,rw-p,1024,1024
2026-09-03T11:58:43Z,7dac208f0000,rw-p,2048,2048
2026-09-03T11:58:43Z,7dac20af0000,rw-p,1024,1024
2026-09-03T11:58:43Z,7dac20bf0000,rw-p,704,700
2026-09-03T11:58:43Z,7dac20d00000,rw-p,576,572
2026-09-03T11:58:43Z,7dac2c000000,rwxp,7360,6756
2026-09-03T11:58:43Z,7dac34000000,rw-p,4888,4732
2026-09-03T11:58:43Z,7dac396d0000,rw-p,1268,1264
2026-09-03T12:03:43Z,fc000000,rw-p,65536,63796
2026-09-03T12:03:43Z,7dabec000000,rw-p,2276,2276
2026-09-03T12:03:43Z,7dabf4000000,rw-p,2412,2412
2026-09-03T12:03:43Z,7dac00000000,rw-p,7484,7452
2026-09-03T12:03:43Z,7dac0c000000,rw-p,21836,20112
2026-09-03T12:03:43Z,7dac20000000,rw-p,4544,4544
2026-09-03T12:03:43Z,7dac204f0000,rw-p,2048,2048
2026-09-03T12:03:43Z,7dac206f0000,rw-p,1024,1024
2026-09-03T12:03:43Z,7dac208f0000,rw-p,2048,2048
2026-09-03T12:03:43Z,7dac20af0000,rw-p,1024,1024
2026-09-03T12:03:43Z,7dac20bf0000,rw-p,704,700
2026-09-03T12:03:43Z,7dac20d00000,rw-p,576,572
2026-09-03T12:03:43Z,7dac2c000000,rwxp,7360,6756
2026-09-03T12:03:43Z,7dac34000000,rw-p,4888,4732
2026-09-03T12:03:43Z,7dac396d0000,rw-p,1268,1264
2026-09-03T12:08:43Z,fc000000,rw-p,65536,63796
2026-09-03T12:08:43Z,7dabec000000,rw-p,2276,2276
2026-09-03T12:08:43Z,7dabf4000000,rw-p,2412,2412
2026-09-03T12:08:43Z,7dac00000000,rw-p,7484,7452
2026-09-03T12:08:43Z,7dac0c000000,rw-p,21836,20112
2026-09-03T12:08:43Z,7dac20000000,rw-p,4544,4544
2026-09-03T12:08:43Z,7dac204f0000,rw-p,2048,2048
2026-09-03T12:08:43Z,7dac206f0000,rw-p,1024,1024
2026-09-03T12:08:43Z,7dac208f0000,rw-p,2048,2048
2026-09-03T12:08:43Z,7dac20af0000,rw-p,1024,1024
2026-09-03T12:08:43Z,7dac20bf0000,rw-p,704,700
2026-09-03T12:08:43Z,7dac20d00000,rw-p,576,572
2026-09-03T12:08:43Z,7dac2c000000,rwxp,7360,6756
2026-09-03T12:08:43Z,7dac34000000,rw-p,4888,4732
2026-09-03T12:08:43Z,7dac396d0000,rw-p,1268,1264
2026-09-03T12:13:43Z,fc000000,rw-p,65536,63796
2026-09-03T12:13:43Z,7dabec000000,rw-p,2276,2276
2026-09-03T12:13:43Z,7dabf4000000,rw-p,2412,2412
2026-09-03T12:13:43Z,7dac00000000,rw-p,7484,7452
2026-09-03T12:13:43Z,7dac0c000000,rw-p,21836,20112
2026-09-03T12:13:43Z,7dac20000000,rw-p,4544,4544
2026-09-03T12:13:43Z,7dac204f0000,rw-p,2048,2048
2026-09-03T12:13:43Z,7dac206f0000,rw-p,1024,1024
2026-09-03T12:13:43Z,7dac208f0000,rw-p,2048,2048
2026-09-03T12:13:43Z,7dac20af0000,rw-p,1024,1024
2026-09-03T12:13:43Z,7dac20bf0000,rw-p,704,700
2026-09-03T12:13:43Z,7dac20d00000,rw-p,576,572
2026-09-03T12:13:43Z,7dac2c000000,rwxp,7360,6756
2026-09-03T12:13:43Z,7dac34000000,rw-p,4888,4732
2026-09-03T12:13:43Z,7dac396d0000,rw-p,1268,1264
2026-09-03T12:18:43Z,fc000000,rw-p,65536,63796
2026-09-03T12:18:43Z,7dabec000000,rw-p,2276,2276
2026-09-03T12:18:43Z,7dabf4000000,rw-p,2412,2412
2026-09-03T12:18:43Z,7dac00000000,rw-p,7484,7452
2026-09-03T12:18:43Z,7dac0c000000,rw-p,21836,20112
2026-09-03T12:18:43Z,7dac20000000,rw-p,4544,4544
2026-09-03T12:18:43Z,7dac204f0000,rw-p,2048,2048
2026-09-03T12:18:43Z,7dac206f0000,rw-p,1024,1024
2026-09-03T12:18:43Z,7dac208f0000,rw-p,2048,2048
2026-09-03T12:18:43Z,7dac20af0000,rw-p,1024,1024
2026-09-03T12:18:43Z,7dac20bf0000,rw-p,704,700
2026-09-03T12:18:43Z,7dac20d00000,rw-p,576,572
2026-09-03T12:18:43Z,7dac2c000000,rwxp,7360,6756
2026-09-03T12:18:43Z,7dac34000000,rw-p,4888,4732
2026-09-03T12:18:43Z,7dac396d0000,rw-p,1268,1264
2026-09-03T12:23:43Z,fc000000,rw-p,65536,63796
2026-09-03T12:23:43Z,7dabec000000,rw-p,2276,2276
2026-09-03T12:23:43Z,7dabf4000000,rw-p,2412,2412
2026-09-03T12:23:43Z,7dac00000000,rw-p,7484,7452
2026-09-03T12:23:43Z,7dac0c000000,rw-p,21836,20112
2026-09-03T12:23:43Z,7dac20000000,rw-p,4544,4544
2026-09-03T12:23:43Z,7dac204f0000,rw-p,2048,2048
2026-09-03T12:23:43Z,7dac206f0000,rw-p,1024,1024
2026-09-03T12:23:43Z,7dac208f0000,rw-p,2048,2048
2026-09-03T12:23:43Z,7dac20af0000,rw-p,1024,1024
2026-09-03T12:23:43Z,7dac20bf0000,rw-p,704,700
2026-09-03T12:23:43Z,7dac20d00000,rw-p,576,572
2026-09-03T12:23:43Z,7dac2c000000,rwxp,7360,6756
2026-09-03T12:23:43Z,7dac34000000,rw-p,4888,4732
2026-09-03T12:23:43Z,7dac396d0000,rw-p,1268,1264
2026-09-03T12:28:43Z,fc000000,rw-p,65536,63796
2026-09-03T12:28:43Z,7dabec000000,rw-p,2276,2276
2026-09-03T12:28:43Z,7dabf4000000,rw-p,2412,2412
2026-09-03T12:28:43Z,7dac00000000,rw-p,7484,7452
2026-09-03T12:28:43Z,7dac0c000000,rw-p,21836,20112
2026-09-03T12:28:43Z,7dac20000000,rw-p,4544,4544
2026-09-03T12:28:43Z,7dac204f0000,rw-p,2048,2048
2026-09-03T12:28:43Z,7dac206f0000,rw-p,1024,1024
2026-09-03T12:28:43Z,7dac208f0000,rw-p,2048,2048
2026-09-03T12:28:43Z,7dac20af0000,rw-p,1024,1024
2026-09-03T12:28:43Z,7dac20bf0000,rw-p,704,700
2026-09-03T12:28:43Z,7dac20d00000,rw-p,576,572
2026-09-03T12:28:43Z,7dac2c000000,rwxp,7360,6756
2026-09-03T12:28:43Z,7dac34000000,rw-p,4888,4732
2026-09-03T12:28:43Z,7dac396d0000,rw-p,1268,1264
2026-09-03T12:33:43Z,fc000000,rw-p,65536,63796
2026-09-03T12:33:43Z,7dabec000000,rw-p,2276,2276
2026-09-03T12:33:43Z,7dabf4000000,rw-p,2412,2412
2026-09-03T12:33:43Z,7dac00000000,rw-p,7484,7452
2026-09-03T12:33:43Z,7dac0c000000,rw-p,21836,20112
2026-09-03T12:33:43Z,7dac20000000,rw-p,4544,4544
2026-09-03T12:33:43Z,7dac204f0000,rw-p,2048,2048
2026-09-03T12:33:43Z,7dac206f0000,rw-p,1024,1024
2026-09-03T12:33:43Z,7dac208f0000,rw-p,2048,2048
2026-09-03T12:33:43Z,7dac20af0000,rw-p,1024,1024
2026-09-03T12:33:43Z,7dac20bf0000,rw-p,704,700
2026-09-03T12:33:43Z,7dac20d00000,rw-p,576,572
2026-09-03T12:33:43Z,7dac2c000000,rwxp,7360,6756
2026-09-03T12:33:43Z,7dac34000000,rw-p,4888,4732
2026-09-03T12:33:43Z,7dac396d0000,rw-p,1268,1264
2026-09-03T12:38:43Z,fc000000,rw-p,65536,63796
2026-09-03T12:38:43Z,7dabec000000,rw-p,2276,2276
2026-09-03T12:38:43Z,7dabf4000000,rw-p,2412,2412
2026-09-03T12:38:43Z,7dac00000000,rw-p,7484,7452
2026-09-03T12:38:43Z,7dac0c000000,rw-p,21836,20112
2026-09-03T12:38:43Z,7dac20000000,rw-p,4544,4544
2026-09-03T12:38:43Z,7dac204f0000,rw-p,2048,2048
2026-09-03T12:38:43Z,7dac206f0000,rw-p,1024,1024
2026-09-03T12:38:43Z,7dac208f0000,rw-p,2048,2048
2026-09-03T12:38:43Z,7dac20af0000,rw-p,1024,1024
2026-09-03T12:38:43Z,7dac20bf0000,rw-p,704,700
2026-09-03T12:38:43Z,7dac20d00000,rw-p,576,572
2026-09-03T12:38:43Z,7dac2c000000,rwxp,7360,6756
2026-09-03T12:38:43Z,7dac34000000,rw-p,4888,4732
2026-09-03T12:38:43Z,7dac396d0000,rw-p,1268,1264
2026-09-03T12:43:43Z,fc000000,rw-p,65536,63796
2026-09-03T12:43:43Z,7dabec000000,rw-p,2276,2276
2026-09-03T12:43:43Z,7dabf4000000,rw-p,2412,2412
2026-09-03T12:43:43Z,7dac00000000,rw-p,7484,7452
2026-09-03T12:43:43Z,7dac0c000000,rw-p,21836,20112
2026-09-03T12:43:43Z,7dac20000000,rw-p,4544,4544
2026-09-03T12:43:43Z,7dac204f0000,rw-p,2048,2048
2026-09-03T12:43:43Z,7dac206f0000,rw-p,1024,1024
2026-09-03T12:43:43Z,7dac208f0000,rw-p,2048,2048
2026-09-03T12:43:43Z,7dac20af0000,rw-p,1024,1024
2026-09-03T12:43:43Z,7dac20bf0000,rw-p,704,700
2026-09-03T12:43:43Z,7dac20d00000,rw-p,576,572
2026-09-03T12:43:43Z,7dac2c000000,rwxp,7360,6756
2026-09-03T12:43:43Z,7dac34000000,rw-p,4888,4732
2026-09-03T12:43:43Z,7dac396d0000,rw-p,1268,1264
2026-09-03T12:48:44Z,fc000000,rw-p,65536,63796
2026-09-03T12:48:44Z,7dabec000000,rw-p,2276,2276
2026-09-03T12:48:44Z,7dabf4000000,rw-p,2412,2412
2026-09-03T12:48:44Z,7dac00000000,rw-p,7484,7452
2026-09-03T12:48:44Z,7dac0c000000,rw-p,21836,20112
2026-09-03T12:48:44Z,7dac20000000,rw-p,4544,4544
2026-09-03T12:48:44Z,7dac204f0000,rw-p,2048,2048
2026-09-03T12:48:44Z,7dac206f0000,rw-p,1024,1024
2026-09-03T12:48:44Z,7dac208f0000,rw-p,2048,2048
2026-09-03T12:48:44Z,7dac20af0000,rw-p,1024,1024
2026-09-03T12:48:44Z,7dac20bf0000,rw-p,704,700
2026-09-03T12:48:44Z,7dac20d00000,rw-p,576,572
2026-09-03T12:48:44Z,7dac2c000000,rwxp,7360,6756
2026-09-03T12:48:44Z,7dac34000000,rw-p,4888,4732
2026-09-03T12:48:44Z,7dac396d0000,rw-p,1268,1264
2026-09-03T12:53:44Z,fc000000,rw-p,65536,63796
2026-09-03T12:53:44Z,7dabec000000,rw-p,2276,2276
2026-09-03T12:53:44Z,7dabf4000000,rw-p,2412,2412
2026-09-03T12:53:44Z,7dac00000000,rw-p,7484,7452
2026-09-03T12:53:44Z,7dac0c000000,rw-p,21836,20112
2026-09-03T12:53:44Z,7dac20000000,rw-p,4544,4544
2026-09-03T12:53:44Z,7dac204f0000,rw-p,2048,2048
2026-09-03T12:53:44Z,7dac206f0000,rw-p,1024,1024
2026-09-03T12:53:44Z,7dac208f0000,rw-p,2048,2048
2026-09-03T12:53:44Z,7dac20af0000,rw-p,1024,1024
2026-09-03T12:53:44Z,7dac20bf0000,rw-p,704,700
2026-09-03T12:53:44Z,7dac20d00000,rw-p,576,572
2026-09-03T12:53:44Z,7dac2c000000,rwxp,7360,6756
2026-09-03T12:53:44Z,7dac34000000,rw-p,4888,4732
2026-09-03T12:53:44Z,7dac396d0000,rw-p,1268,1264
2026-09-03T12:58:44Z,fc000000,rw-p,65536,63796
2026-09-03T12:58:44Z,7dabec000000,rw-p,2276,2276
2026-09-03T12:58:44Z,7dabf4000000,rw-p,2412,2412
2026-09-03T12:58:44Z,7dac00000000,rw-p,7484,7452
2026-09-03T12:58:44Z,7dac0c000000,rw-p,21836,20112
2026-09-03T12:58:44Z,7dac20000000,rw-p,4544,4544
2026-09-03T12:58:44Z,7dac204f0000,rw-p,2048,2048
2026-09-03T12:58:44Z,7dac206f0000,rw-p,1024,1024
2026-09-03T12:58:44Z,7dac208f0000,rw-p,2048,2048
2026-09-03T12:58:44Z,7dac20af0000,rw-p,1024,1024
2026-09-03T12:58:44Z,7dac20bf0000,rw-p,704,700
2026-09-03T12:58:44Z,7dac20d00000,rw-p,576,572
2026-09-03T12:58:44Z,7dac2c000000,rwxp,7360,6756
2026-09-03T12:58:44Z,7dac34000000,rw-p,4888,4732
2026-09-03T12:58:44Z,7dac396d0000,rw-p,1268,1264
2026-09-03T13:03:44Z,fc000000,rw-p,65536,63796
2026-09-03T13:03:44Z,7dabec000000,rw-p,2276,2276
2026-09-03T13:03:44Z,7dabf4000000,rw-p,2412,2412
2026-09-03T13:03:44Z,7dac00000000,rw-p,7484,7452
2026-09-03T13:03:44Z,7dac0c000000,rw-p,21836,20112
2026-09-03T13:03:44Z,7dac20000000,rw-p,4544,4544
2026-09-03T13:03:44Z,7dac204f0000,rw-p,2048,2048
2026-09-03T13:03:44Z,7dac206f0000,rw-p,1024,1024
2026-09-03T13:03:44Z,7dac208f0000,rw-p,2048,2048
2026-09-03T13:03:44Z,7dac20af0000,rw-p,1024,1024
2026-09-03T13:03:44Z,7dac20bf0000,rw-p,704,700
2026-09-03T13:03:44Z,7dac20d00000,rw-p,576,572
2026-09-03T13:03:44Z,7dac2c000000,rwxp,7360,6756
2026-09-03T13:03:44Z,7dac34000000,rw-p,4888,4732
2026-09-03T13:03:44Z,7dac396d0000,rw-p,1268,1264
2026-09-03T13:08:44Z,fc000000,rw-p,65536,63796
2026-09-03T13:08:44Z,7dabec000000,rw-p,2276,2276
2026-09-03T13:08:44Z,7dabf4000000,rw-p,2412,2412
2026-09-03T13:08:44Z,7dac00000000,rw-p,7484,7452
2026-09-03T13:08:44Z,7dac0c000000,rw-p,21836,20112
2026-09-03T13:08:44Z,7dac20000000,rw-p,4544,4544
2026-09-03T13:08:44Z,7dac204f0000,rw-p,2048,2048
2026-09-03T13:08:44Z,7dac206f0000,rw-p,1024,1024
2026-09-03T13:08:44Z,7dac208f0000,rw-p,2048,2048
2026-09-03T13:08:44Z,7dac20af0000,rw-p,1024,1024
2026-09-03T13:08:44Z,7dac20bf0000,rw-p,704,700
2026-09-03T13:08:44Z,7dac20d00000,rw-p,576,572
2026-09-03T13:08:44Z,7dac2c000000,rwxp,7360,6756
2026-09-03T13:08:44Z,7dac34000000,rw-p,4888,4732
2026-09-03T13:08:44Z,7dac396d0000,rw-p,1268,1264
2026-09-03T13:13:44Z,fc000000,rw-p,65536,63796
2026-09-03T13:13:44Z,7dabec000000,rw-p,2276,2276
2026-09-03T13:13:44Z,7dabf4000000,rw-p,2412,2412
2026-09-03T13:13:44Z,7dac00000000,rw-p,7484,7452
2026-09-03T13:13:44Z,7dac0c000000,rw-p,21836,20112
2026-09-03T13:13:44Z,7dac20000000,rw-p,4544,4544
2026-09-03T13:13:44Z,7dac204f0000,rw-p,2048,2048
2026-09-03T13:13:44Z,7dac206f0000,rw-p,1024,1024
2026-09-03T13:13:44Z,7dac208f0000,rw-p,2048,2048
2026-09-03T13:13:44Z,7dac20af0000,rw-p,1024,1024
2026-09-03T13:13:44Z,7dac20bf0000,rw-p,704,700
2026-09-03T13:13:44Z,7dac20d00000,rw-p,576,572
2026-09-03T13:13:44Z,7dac2c000000,rwxp,7360,6756
2026-09-03T13:13:44Z,7dac34000000,rw-p,4888,4732
2026-09-03T13:13:44Z,7dac396d0000,rw-p,1268,1264
2026-09-03T13:18:44Z,fc000000,rw-p,65536,63796
2026-09-03T13:18:44Z,7dabec000000,rw-p,2276,2276
2026-09-03T13:18:44Z,7dabf4000000,rw-p,2412,2412
2026-09-03T13:18:44Z,7dac00000000,rw-p,7484,7452
2026-09-03T13:18:44Z,7dac0c000000,rw-p,21836,20112
2026-09-03T13:18:44Z,7dac20000000,rw-p,4544,4544
2026-09-03T13:18:44Z,7dac204f0000,rw-p,2048,2048
2026-09-03T13:18:44Z,7dac206f0000,rw-p,1024,1024
2026-09-03T13:18:44Z,7dac208f0000,rw-p,2048,2048
2026-09-03T13:18:44Z,7dac20af0000,rw-p,1024,1024
2026-09-03T13:18:44Z,7dac20bf0000,rw-p,704,700
2026-09-03T13:18:44Z,7dac20d00000,rw-p,576,572
2026-09-03T13:18:44Z,7dac2c000000,rwxp,7360,6756
2026-09-03T13:18:44Z,7dac34000000,rw-p,4888,4732
2026-09-03T13:18:44Z,7dac396d0000,rw-p,1268,1264
2026-09-03T13:23:44Z,fc000000,rw-p,65536,63796
2026-09-03T13:23:44Z,7dabec000000,rw-p,2276,2276
2026-09-03T13:23:44Z,7dabf4000000,rw-p,2412,2412
2026-09-03T13:23:44Z,7dac00000000,rw-p,7484,7452
2026-09-03T13:23:44Z,7dac0c000000,rw-p,21836,20112
2026-09-03T13:23:44Z,7dac20000000,rw-p,4544,4544
2026-09-03T13:23:44Z,7dac204f0000,rw-p,2048,2048
2026-09-03T13:23:44Z,7dac206f0000,rw-p,1024,1024
2026-09-03T13:23:44Z,7dac208f0000,rw-p,2048,2048
2026-09-03T13:23:44Z,7dac20af0000,rw-p,1024,1024
2026-09-03T13:23:44Z,7dac20bf0000,rw-p,704,700
2026-09-03T13:23:44Z,7dac20d00000,rw-p,576,572
2026-09-03T13:23:44Z,7dac2c000000,rwxp,7360,6756
2026-09-03T13:23:44Z,7dac34000000,rw-p,4888,4732
2026-09-03T13:23:44Z,7dac396d0000,rw-p,1268,1264
2026-09-03T13:28:44Z,fc000000,rw-p,65536,63796
2026-09-03T13:28:44Z,7dabec000000,rw-p,2276,2276
2026-09-03T13:28:44Z,7dabf4000000,rw-p,2412,2412
2026-09-03T13:28:44Z,7dac00000000,rw-p,7484,7452
2026-09-03T13:28:44Z,7dac0c000000,rw-p,21836,20112
2026-09-03T13:28:44Z,7dac20000000,rw-p,4544,4544
2026-09-03T13:28:44Z,7dac204f0000,rw-p,2048,2048
2026-09-03T13:28:44Z,7dac206f0000,rw-p,1024,1024
2026-09-03T13:28:44Z,7dac208f0000,rw-p,2048,2048
2026-09-03T13:28:44Z,7dac20af0000,rw-p,1024,1024
2026-09-03T13:28:44Z,7dac20bf0000,rw-p,704,700
2026-09-03T13:28:44Z,7dac20d00000,rw-p,576,572
2026-09-03T13:28:44Z,7dac2c000000,rwxp,7360,6756
2026-09-03T13:28:44Z,7dac34000000,rw-p,4888,4732
2026-09-03T13:28:44Z,7dac396d0000,rw-p,1268,1264
2026-09-03T13:33:44Z,fc000000,rw-p,65536,63796
2026-09-03T13:33:44Z,7dabec000000,rw-p,2276,2276
2026-09-03T13:33:44Z,7dabf4000000,rw-p,2412,2412
2026-09-03T13:33:44Z,7dac00000000,rw-p,7484,7452
2026-09-03T13:33:44Z,7dac0c000000,rw-p,21836,20112
2026-09-03T13:33:44Z,7dac20000000,rw-p,4544,4544
2026-09-03T13:33:44Z,7dac204f0000,rw-p,2048,2048
2026-09-03T13:33:44Z,7dac206f0000,rw-p,1024,1024
2026-09-03T13:33:44Z,7dac208f0000,rw-p,2048,2048
2026-09-03T13:33:44Z,7dac20af0000,rw-p,1024,1024
2026-09-03T13:33:44Z,7dac20bf0000,rw-p,704,700
2026-09-03T13:33:44Z,7dac20d00000,rw-p,576,572
2026-09-03T13:33:44Z,7dac2c000000,rwxp,7360,6756
2026-09-03T13:33:44Z,7dac34000000,rw-p,4888,4732
2026-09-03T13:33:44Z,7dac396d0000,rw-p,1268,1264
2026-09-03T13:38:45Z,fc000000,rw-p,65536,63796
2026-09-03T13:38:45Z,7dabec000000,rw-p,2276,2276
2026-09-03T13:38:45Z,7dabf4000000,rw-p,2412,2412
2026-09-03T13:38:45Z,7dac00000000,rw-p,7484,7452
2026-09-03T13:38:45Z,7dac0c000000,rw-p,21836,20112
2026-09-03T13:38:45Z,7dac20000000,rw-p,4544,4544
2026-09-03T13:38:45Z,7dac204f0000,rw-p,2048,2048
2026-09-03T13:38:45Z,7dac206f0000,rw-p,1024,1024
2026-09-03T13:38:45Z,7dac208f0000,rw-p,2048,2048
2026-09-03T13:38:45Z,7dac20af0000,rw-p,1024,1024
2026-09-03T13:38:45Z,7dac20bf0000,rw-p,704,700
2026-09-03T13:38:45Z,7dac20d00000,rw-p,576,572
2026-09-03T13:38:45Z,7dac2c000000,rwxp,7360,6756
2026-09-03T13:38:45Z,7dac34000000,rw-p,4888,4732
2026-09-03T13:38:45Z,7dac396d0000,rw-p,1268,1264
2026-09-03T13:43:45Z,fc000000,rw-p,65536,63796
2026-09-03T13:43:45Z,7dabec000000,rw-p,2276,2276
2026-09-03T13:43:45Z,7dabf4000000,rw-p,2412,2412
2026-09-03T13:43:45Z,7dac00000000,rw-p,7484,7452
2026-09-03T13:43:45Z,7dac0c000000,rw-p,21836,20112
2026-09-03T13:43:45Z,7dac20000000,rw-p,4544,4544
2026-09-03T13:43:45Z,7dac204f0000,rw-p,2048,2048
2026-09-03T13:43:45Z,7dac206f0000,rw-p,1024,1024
2026-09-03T13:43:45Z,7dac208f0000,rw-p,2048,2048
2026-09-03T13:43:45Z,7dac20af0000,rw-p,1024,1024
2026-09-03T13:43:45Z,7dac20bf0000,rw-p,704,700
2026-09-03T13:43:45Z,7dac20d00000,rw-p,576,572
2026-09-03T13:43:45Z,7dac2c000000,rwxp,7360,6756
2026-09-03T13:43:45Z,7dac34000000,rw-p,4888,4732
2026-09-03T13:43:45Z,7dac396d0000,rw-p,1268,1264
2026-09-03T13:48:45Z,fc000000,rw-p,65536,63796
2026-09-03T13:48:45Z,7dabec000000,rw-p,2276,2276
2026-09-03T13:48:45Z,7dabf4000000,rw-p,2412,2412
2026-09-03T13:48:45Z,7dac00000000,rw-p,7484,7452
2026-09-03T13:48:45Z,7dac0c000000,rw-p,21836,20112
2026-09-03T13:48:45Z,7dac20000000,rw-p,4544,4544
2026-09-03T13:48:45Z,7dac204f0000,rw-p,2048,2048
2026-09-03T13:48:45Z,7dac206f0000,rw-p,1024,1024
2026-09-03T13:48:45Z,7dac208f0000,rw-p,2048,2048
2026-09-03T13:48:45Z,7dac20af0000,rw-p,1024,1024
2026-09-03T13:48:45Z,7dac20bf0000,rw-p,704,700
2026-09-03T13:48:45Z,7dac20d00000,rw-p,576,572
2026-09-03T13:48:45Z,7dac2c000000,rwxp,7360,6756
2026-09-03T13:48:45Z,7dac34000000,rw-p,4888,4732
2026-09-03T13:48:45Z,7dac396d0000,rw-p,1268,1264
2026-09-03T13:53:45Z,fc000000,rw-p,65536,63796
2026-09-03T13:53:45Z,7dabec000000,rw-p,2276,2276
2026-09-03T13:53:45Z,7dabf4000000,rw-p,2412,2412
2026-09-03T13:53:45Z,7dac00000000,rw-p,7484,7452
2026-09-03T13:53:45Z,7dac0c000000,rw-p,21836,20112
2026-09-03T13:53:45Z,7dac20000000,rw-p,4544,4544
2026-09-03T13:53:45Z,7dac204f0000,rw-p,2048,2048
2026-09-03T13:53:45Z,7dac206f0000,rw-p,1024,1024
2026-09-03T13:53:45Z,7dac208f0000,rw-p,2048,2048
2026-09-03T13:53:45Z,7dac20af0000,rw-p,1024,1024
2026-09-03T13:53:45Z,7dac20bf0000,rw-p,704,700
2026-09-03T13:53:45Z,7dac20d00000,rw-p,576,572
2026-09-03T13:53:45Z,7dac2c000000,rwxp,7360,6756
2026-09-03T13:53:45Z,7dac34000000,rw-p,4888,4732
2026-09-03T13:53:45Z,7dac396d0000,rw-p,1268,1264
2026-09-03T13:58:45Z,fc000000,rw-p,65536,63796
2026-09-03T13:58:45Z,7dabec000000,rw-p,2276,2276
2026-09-03T13:58:45Z,7dabf4000000,rw-p,2412,2412
2026-09-03T13:58:45Z,7dac00000000,rw-p,7484,7452
2026-09-03T13:58:45Z,7dac0c000000,rw-p,21836,20112
2026-09-03T13:58:45Z,7dac20000000,rw-p,4544,4544
2026-09-03T13:58:45Z,7dac204f0000,rw-p,2048,2048
2026-09-03T13:58:45Z,7dac206f0000,rw-p,1024,1024
2026-09-03T13:58:45Z,7dac208f0000,rw-p,2048,2048
2026-09-03T13:58:45Z,7dac20af0000,rw-p,1024,1024
2026-09-03T13:58:45Z,7dac20bf0000,rw-p,704,700
2026-09-03T13:58:45Z,7dac20d00000,rw-p,576,572
2026-09-03T13:58:45Z,7dac2c000000,rwxp,7360,6756
2026-09-03T13:58:45Z,7dac34000000,rw-p,4888,4732
2026-09-03T13:58:45Z,7dac396d0000,rw-p,1268,1264
2026-09-03T14:03:45Z,fc000000,rw-p,65536,63796
2026-09-03T14:03:45Z,7dabec000000,rw-p,2276,2276
2026-09-03T14:03:45Z,7dabf4000000,rw-p,2412,2412
2026-09-03T14:03:45Z,7dac00000000,rw-p,7484,7452
2026-09-03T14:03:45Z,7dac0c000000,rw-p,21836,20112
2026-09-03T14:03:45Z,7dac20000000,rw-p,4544,4544
2026-09-03T14:03:45Z,7dac204f0000,rw-p,2048,2048
2026-09-03T14:03:45Z,7dac206f0000,rw-p,1024,1024
2026-09-03T14:03:45Z,7dac208f0000,rw-p,2048,2048
2026-09-03T14:03:45Z,7dac20af0000,rw-p,1024,1024
2026-09-03T14:03:45Z,7dac20bf0000,rw-p,704,700
2026-09-03T14:03:45Z,7dac20d00000,rw-p,576,572
2026-09-03T14:03:45Z,7dac2c000000,rwxp,7360,6756
2026-09-03T14:03:45Z,7dac34000000,rw-p,4888,4732
2026-09-03T14:03:45Z,7dac396d0000,rw-p,1268,1264
2026-09-03T14:08:45Z,fc000000,rw-p,65536,63796
2026-09-03T14:08:45Z,7dabec000000,rw-p,2276,2276
2026-09-03T14:08:45Z,7dabf4000000,rw-p,2412,2412
2026-09-03T14:08:45Z,7dac00000000,rw-p,7484,7452
2026-09-03T14:08:45Z,7dac0c000000,rw-p,21836,20112
2026-09-03T14:08:45Z,7dac20000000,rw-p,4544,4544
2026-09-03T14:08:45Z,7dac204f0000,rw-p,2048,2048
2026-09-03T14:08:45Z,7dac206f0000,rw-p,1024,1024
2026-09-03T14:08:45Z,7dac208f0000,rw-p,2048,2048
2026-09-03T14:08:45Z,7dac20af0000,rw-p,1024,1024
2026-09-03T14:08:45Z,7dac20bf0000,rw-p,704,700
2026-09-03T14:08:45Z,7dac20d00000,rw-p,576,572
2026-09-03T14:08:45Z,7dac2c000000,rwxp,7360,6756
2026-09-03T14:08:45Z,7dac34000000,rw-p,4888,4732
2026-09-03T14:08:45Z,7dac396d0000,rw-p,1268,1264
2026-09-03T14:13:45Z,fc000000,rw-p,65536,63796
2026-09-03T14:13:45Z,7dabec000000,rw-p,2276,2276
2026-09-03T14:13:45Z,7dabf4000000,rw-p,2412,2412
2026-09-03T14:13:45Z,7dac00000000,rw-p,7484,7452
2026-09-03T14:13:45Z,7dac0c000000,rw-p,21836,20112
2026-09-03T14:13:45Z,7dac20000000,rw-p,4544,4544
2026-09-03T14:13:45Z,7dac204f0000,rw-p,2048,2048
2026-09-03T14:13:45Z,7dac206f0000,rw-p,1024,1024
2026-09-03T14:13:45Z,7dac208f0000,rw-p,2048,2048
2026-09-03T14:13:45Z,7dac20af0000,rw-p,1024,1024
2026-09-03T14:13:45Z,7dac20bf0000,rw-p,704,700
2026-09-03T14:13:45Z,7dac20d00000,rw-p,576,572
2026-09-03T14:13:45Z,7dac2c000000,rwxp,7360,6756
2026-09-03T14:13:45Z,7dac34000000,rw-p,4888,4732
2026-09-03T14:13:45Z,7dac396d0000,rw-p,1268,1264
2026-09-03T14:18:45Z,fc000000,rw-p,65536,63796
2026-09-03T14:18:45Z,7dabec000000,rw-p,2276,2276
2026-09-03T14:18:45Z,7dabf4000000,rw-p,2412,2412
2026-09-03T14:18:45Z,7dac00000000,rw-p,7484,7452
2026-09-03T14:18:45Z,7dac0c000000,rw-p,21836,20112
2026-09-03T14:18:45Z,7dac20000000,rw-p,4544,4544
2026-09-03T14:18:45Z,7dac204f0000,rw-p,2048,2048
2026-09-03T14:18:45Z,7dac206f0000,rw-p,1024,1024
2026-09-03T14:18:45Z,7dac208f0000,rw-p,2048,2048
2026-09-03T14:18:45Z,7dac20af0000,rw-p,1024,1024
2026-09-03T14:18:45Z,7dac20bf0000,rw-p,704,700
2026-09-03T14:18:45Z,7dac20d00000,rw-p,576,572
2026-09-03T14:18:45Z,7dac2c000000,rwxp,7360,6756
2026-09-03T14:18:45Z,7dac34000000,rw-p,4888,4732
2026-09-03T14:18:45Z,7dac396d0000,rw-p,1268,1264
2026-09-03T14:23:45Z,fc000000,rw-p,65536,63796
2026-09-03T14:23:45Z,7dabec000000,rw-p,2276,2276
2026-09-03T14:23:45Z,7dabf4000000,rw-p,2412,2412
2026-09-03T14:23:45Z,7dac00000000,rw-p,7484,7452
2026-09-03T14:23:45Z,7dac0c000000,rw-p,21836,20112
2026-09-03T14:23:45Z,7dac20000000,rw-p,4544,4544
2026-09-03T14:23:45Z,7dac204f0000,rw-p,2048,2048
2026-09-03T14:23:45Z,7dac206f0000,rw-p,1024,1024
2026-09-03T14:23:45Z,7dac208f0000,rw-p,2048,2048
2026-09-03T14:23:45Z,7dac20af0000,rw-p,1024,1024
2026-09-03T14:23:45Z,7dac20bf0000,rw-p,704,700
2026-09-03T14:23:45Z,7dac20d00000,rw-p,576,572
2026-09-03T14:23:45Z,7dac2c000000,rwxp,7360,6756
2026-09-03T14:23:45Z,7dac34000000,rw-p,4888,4732
2026-09-03T14:23:45Z,7dac396d0000,rw-p,1268,1264
2026-09-03T14:28:45Z,fc000000,rw-p,65536,63796
2026-09-03T14:28:45Z,7dabec000000,rw-p,2276,2276
2026-09-03T14:28:45Z,7dabf4000000,rw-p,2412,2412
2026-09-03T14:28:45Z,7dac00000000,rw-p,7484,7452
2026-09-03T14:28:45Z,7dac0c000000,rw-p,21836,20112
2026-09-03T14:28:45Z,7dac20000000,rw-p,4544,4544
2026-09-03T14:28:45Z,7dac204f0000,rw-p,2048,2048
2026-09-03T14:28:45Z,7dac206f0000,rw-p,1024,1024
2026-09-03T14:28:45Z,7dac208f0000,rw-p,2048,2048
2026-09-03T14:28:45Z,7dac20af0000,rw-p,1024,1024
2026-09-03T14:28:45Z,7dac20bf0000,rw-p,704,700
2026-09-03T14:28:45Z,7dac20d00000,rw-p,576,572
2026-09-03T14:28:45Z,7dac2c000000,rwxp,7360,6756
2026-09-03T14:28:45Z,7dac34000000,rw-p,4888,4732
2026-09-03T14:28:45Z,7dac396d0000,rw-p,1268,1264
2026-09-03T14:33:46Z,fc000000,rw-p,65536,63796
2026-09-03T14:33:46Z,7dabec000000,rw-p,2276,2276
2026-09-03T14:33:46Z,7dabf4000000,rw-p,2412,2412
2026-09-03T14:33:46Z,7dac00000000,rw-p,7484,7452
2026-09-03T14:33:46Z,7dac0c000000,rw-p,21836,20112
2026-09-03T14:33:46Z,7dac20000000,rw-p,4544,4544
2026-09-03T14:33:46Z,7dac204f0000,rw-p,2048,2048
2026-09-03T14:33:46Z,7dac206f0000,rw-p,1024,1024
2026-09-03T14:33:46Z,7dac208f0000,rw-p,2048,2048
2026-09-03T14:33:46Z,7dac20af0000,rw-p,1024,1024
2026-09-03T14:33:46Z,7dac20bf0000,rw-p,704,700
2026-09-03T14:33:46Z,7dac20d00000,rw-p,576,572
2026-09-03T14:33:46Z,7dac2c000000,rwxp,7360,6756
2026-09-03T14:33:46Z,7dac34000000,rw-p,4888,4732
2026-09-03T14:33:46Z,7dac396d0000,rw-p,1268,1264
2026-09-03T14:38:46Z,fc000000,rw-p,65536,63796
2026-09-03T14:38:46Z,7dabec000000,rw-p,2276,2276
2026-09-03T14:38:46Z,7dabf4000000,rw-p,2412,2412
2026-09-03T14:38:46Z,7dac00000000,rw-p,7484,7452
2026-09-03T14:38:46Z,7dac0c000000,rw-p,21836,20112
2026-09-03T14:38:46Z,7dac20000000,rw-p,4544,4544
2026-09-03T14:38:46Z,7dac204f0000,rw-p,2048,2048
2026-09-03T14:38:46Z,7dac206f0000,rw-p,1024,1024
2026-09-03T14:38:46Z,7dac208f0000,rw-p,2048,2048
2026-09-03T14:38:46Z,7dac20af0000,rw-p,1024,1024
2026-09-03T14:38:46Z,7dac20bf0000,rw-p,704,700
2026-09-03T14:38:46Z,7dac20d00000,rw-p,576,572
2026-09-03T14:38:46Z,7dac2c000000,rwxp,7360,6756
2026-09-03T14:38:46Z,7dac34000000,rw-p,4888,4732
2026-09-03T14:38:46Z,7dac396d0000,rw-p,1268,1264
2026-09-03T14:43:46Z,fc000000,rw-p,65536,63796
2026-09-03T14:43:46Z,7dabec000000,rw-p,2276,2276
2026-09-03T14:43:46Z,7dabf4000000,rw-p,2412,2412
2026-09-03T14:43:46Z,7dac00000000,rw-p,7484,7452
2026-09-03T14:43:46Z,7dac0c000000,rw-p,21836,20112
2026-09-03T14:43:46Z,7dac20000000,rw-p,4544,4544
2026-09-03T14:43:46Z,7dac204f0000,rw-p,2048,2048
2026-09-03T14:43:46Z,7dac206f0000,rw-p,1024,1024
2026-09-03T14:43:46Z,7dac208f0000,rw-p,2048,2048
2026-09-03T14:43:46Z,7dac20af0000,rw-p,1024,1024
2026-09-03T14:43:46Z,7dac20bf0000,rw-p,704,700
2026-09-03T14:43:46Z,7dac20d00000,rw-p,576,572
2026-09-03T14:43:46Z,7dac2c000000,rwxp,7360,6756
2026-09-03T14:43:46Z,7dac34000000,rw-p,4888,4732
2026-09-03T14:43:46Z,7dac396d0000,rw-p,1268,1264
2026-09-03T14:48:46Z,fc000000,rw-p,65536,63796
2026-09-03T14:48:46Z,7dabec000000,rw-p,2276,2276
2026-09-03T14:48:46Z,7dabf4000000,rw-p,2412,2412
2026-09-03T14:48:46Z,7dac00000000,rw-p,7484,7452
2026-09-03T14:48:46Z,7dac0c000000,rw-p,21836,20112
2026-09-03T14:48:46Z,7dac20000000,rw-p,4544,4544
2026-09-03T14:48:46Z,7dac204f0000,rw-p,2048,2048
2026-09-03T14:48:46Z,7dac206f0000,rw-p,1024,1024
2026-09-03T14:48:46Z,7dac208f0000,rw-p,2048,2048
2026-09-03T14:48:46Z,7dac20af0000,rw-p,1024,1024
2026-09-03T14:48:46Z,7dac20bf0000,rw-p,704,700
2026-09-03T14:48:46Z,7dac20d00000,rw-p,576,572
2026-09-03T14:48:46Z,7dac2c000000,rwxp,7360,6756
2026-09-03T14:48:46Z,7dac34000000,rw-p,4888,4732
2026-09-03T14:48:46Z,7dac396d0000,rw-p,1268,1264
2026-09-03T14:53:46Z,fc000000,rw-p,65536,63796
2026-09-03T14:53:46Z,7dabec000000,rw-p,2276,2276
2026-09-03T14:53:46Z,7dabf4000000,rw-p,2412,2412
2026-09-03T14:53:46Z,7dac00000000,rw-p,7484,7452
2026-09-03T14:53:46Z,7dac0c000000,rw-p,21836,20112
2026-09-03T14:53:46Z,7dac20000000,rw-p,4544,4544
2026-09-03T14:53:46Z,7dac204f0000,rw-p,2048,2048
2026-09-03T14:53:46Z,7dac206f0000,rw-p,1024,1024
2026-09-03T14:53:46Z,7dac208f0000,rw-p,2048,2048
2026-09-03T14:53:46Z,7dac20af0000,rw-p,1024,1024
2026-09-03T14:53:46Z,7dac20bf0000,rw-p,704,700
2026-09-03T14:53:46Z,7dac20d00000,rw-p,576,572
2026-09-03T14:53:46Z,7dac2c000000,rwxp,7360,6756
2026-09-03T14:53:46Z,7dac34000000,rw-p,4888,4732
2026-09-03T14:53:46Z,7dac396d0000,rw-p,1268,1264
2026-09-03T14:58:46Z,fc000000,rw-p,65536,63796
2026-09-03T14:58:46Z,7dabec000000,rw-p,2276,2276
2026-09-03T14:58:46Z,7dabf4000000,rw-p,2412,2412
2026-09-03T14:58:46Z,7dac00000000,rw-p,7484,7452
2026-09-03T14:58:46Z,7dac0c000000,rw-p,21836,20112
2026-09-03T14:58:46Z,7dac20000000,rw-p,4544,4544
2026-09-03T14:58:46Z,7dac204f0000,rw-p,2048,2048
2026-09-03T14:58:46Z,7dac206f0000,rw-p,1024,1024
2026-09-03T14:58:46Z,7dac208f0000,rw-p,2048,2048
2026-09-03T14:58:46Z,7dac20af0000,rw-p,1024,1024
2026-09-03T14:58:46Z,7dac20bf0000,rw-p,704,700
2026-09-03T14:58:46Z,7dac20d00000,rw-p,576,572
2026-09-03T14:58:46Z,7dac2c000000,rwxp,7360,6756
2026-09-03T14:58:46Z,7dac34000000,rw-p,4888,4732
2026-09-03T14:58:46Z,7dac396d0000,rw-p,1268,1264
2026-09-03T15:03:46Z,fc000000,rw-p,65536,63796
2026-09-03T15:03:46Z,7dabec000000,rw-p,2276,2276
2026-09-03T15:03:46Z,7dabf4000000,rw-p,2412,2412
2026-09-03T15:03:46Z,7dac00000000,rw-p,7484,7452
2026-09-03T15:03:46Z,7dac0c000000,rw-p,21836,20112
2026-09-03T15:03:46Z,7dac20000000,rw-p,4544,4544
2026-09-03T15:03:46Z,7dac204f0000,rw-p,2048,2048
2026-09-03T15:03:46Z,7dac206f0000,rw-p,1024,1024
2026-09-03T15:03:46Z,7dac208f0000,rw-p,2048,2048
2026-09-03T15:03:46Z,7dac20af0000,rw-p,1024,1024
2026-09-03T15:03:46Z,7dac20bf0000,rw-p,704,700
2026-09-03T15:03:46Z,7dac20d00000,rw-p,576,572
2026-09-03T15:03:46Z,7dac2c000000,rwxp,7360,6756
2026-09-03T15:03:46Z,7dac34000000,rw-p,4888,4732
2026-09-03T15:03:46Z,7dac396d0000,rw-p,1268,1264
2026-09-03T15:08:46Z,fc000000,rw-p,65536,63796
2026-09-03T15:08:46Z,7dabec000000,rw-p,2276,2276
2026-09-03T15:08:46Z,7dabf4000000,rw-p,2412,2412
2026-09-03T15:08:46Z,7dac00000000,rw-p,7484,7452
2026-09-03T15:08:46Z,7dac0c000000,rw-p,21836,20112
2026-09-03T15:08:46Z,7dac20000000,rw-p,4544,4544
2026-09-03T15:08:46Z,7dac204f0000,rw-p,2048,2048
2026-09-03T15:08:46Z,7dac206f0000,rw-p,1024,1024
2026-09-03T15:08:46Z,7dac208f0000,rw-p,2048,2048
2026-09-03T15:08:46Z,7dac20af0000,rw-p,1024,1024
2026-09-03T15:08:46Z,7dac20bf0000,rw-p,704,700
2026-09-03T15:08:46Z,7dac20d00000,rw-p,576,572
2026-09-03T15:08:46Z,7dac2c000000,rwxp,7360,6756
2026-09-03T15:08:46Z,7dac34000000,rw-p,4888,4732
2026-09-03T15:08:46Z,7dac396d0000,rw-p,1268,1264
2026-09-03T15:13:46Z,fc000000,rw-p,65536,63796
2026-09-03T15:13:46Z,7dabec000000,rw-p,2276,2276
2026-09-03T15:13:46Z,7dabf4000000,rw-p,2412,2412
2026-09-03T15:13:46Z,7dac00000000,rw-p,7484,7452
2026-09-03T15:13:46Z,7dac0c000000,rw-p,21836,20112
2026-09-03T15:13:46Z,7dac20000000,rw-p,4544,4544
2026-09-03T15:13:46Z,7dac204f0000,rw-p,2048,2048
2026-09-03T15:13:46Z,7dac206f0000,rw-p,1024,1024
2026-09-03T15:13:46Z,7dac208f0000,rw-p,2048,2048
2026-09-03T15:13:46Z,7dac20af0000,rw-p,1024,1024
2026-09-03T15:13:46Z,7dac20bf0000,rw-p,704,700
2026-09-03T15:13:46Z,7dac20d00000,rw-p,576,572
2026-09-03T15:13:46Z,7dac2c000000,rwxp,7360,6756
2026-09-03T15:13:46Z,7dac34000000,rw-p,4888,4732
2026-09-03T15:13:46Z,7dac396d0000,rw-p,1268,1264
2026-09-03T15:18:46Z,fc000000,rw-p,65536,63796
2026-09-03T15:18:46Z,7dabec000000,rw-p,2276,2276
2026-09-03T15:18:46Z,7dabf4000000,rw-p,2412,2412
2026-09-03T15:18:46Z,7dac00000000,rw-p,7484,7452
2026-09-03T15:18:46Z,7dac0c000000,rw-p,21836,20112
2026-09-03T15:18:46Z,7dac20000000,rw-p,4544,4544
2026-09-03T15:18:46Z,7dac204f0000,rw-p,2048,2048
2026-09-03T15:18:46Z,7dac206f0000,rw-p,1024,1024
2026-09-03T15:18:46Z,7dac208f0000,rw-p,2048,2048
2026-09-03T15:18:46Z,7dac20af0000,rw-p,1024,1024
2026-09-03T15:18:46Z,7dac20bf0000,rw-p,704,700
2026-09-03T15:18:46Z,7dac20d00000,rw-p,576,572
2026-09-03T15:18:46Z,7dac2c000000,rwxp,7360,6756
2026-09-03T15:18:46Z,7dac34000000,rw-p,4888,4732
2026-09-03T15:18:46Z,7dac396d0000,rw-p,1268,1264
2026-09-03T15:23:46Z,fc000000,rw-p,65536,63796
2026-09-03T15:23:46Z,7dabec000000,rw-p,2276,2276
2026-09-03T15:23:46Z,7dabf4000000,rw-p,2412,2412
2026-09-03T15:23:46Z,7dac00000000,rw-p,7484,7452
2026-09-03T15:23:46Z,7dac0c000000,rw-p,21836,20112
2026-09-03T15:23:46Z,7dac20000000,rw-p,4544,4544
2026-09-03T15:23:46Z,7dac204f0000,rw-p,2048,2048
2026-09-03T15:23:46Z,7dac206f0000,rw-p,1024,1024
2026-09-03T15:23:46Z,7dac208f0000,rw-p,2048,2048
2026-09-03T15:23:46Z,7dac20af0000,rw-p,1024,1024
2026-09-03T15:23:46Z,7dac20bf0000,rw-p,704,700
2026-09-03T15:23:46Z,7dac20d00000,rw-p,576,572
2026-09-03T15:23:46Z,7dac2c000000,rwxp,7360,6756
2026-09-03T15:23:46Z,7dac34000000,rw-p,4888,4732
2026-09-03T15:23:46Z,7dac396d0000,rw-p,1268,1264
2026-09-03T15:28:46Z,fc000000,rw-p,65536,63796
2026-09-03T15:28:46Z,7dabec000000,rw-p,2276,2276
2026-09-03T15:28:46Z,7dabf4000000,rw-p,2412,2412
2026-09-03T15:28:46Z,7dac00000000,rw-p,7484,7452
2026-09-03T15:28:46Z,7dac0c000000,rw-p,21836,20112
2026-09-03T15:28:46Z,7dac20000000,rw-p,4544,4544
2026-09-03T15:28:46Z,7dac204f0000,rw-p,2048,2048
2026-09-03T15:28:46Z,7dac206f0000,rw-p,1024,1024
2026-09-03T15:28:46Z,7dac208f0000,rw-p,2048,2048
2026-09-03T15:28:46Z,7dac20af0000,rw-p,1024,1024
2026-09-03T15:28:46Z,7dac20bf0000,rw-p,704,700
2026-09-03T15:28:46Z,7dac20d00000,rw-p,576,572
2026-09-03T15:28:46Z,7dac2c000000,rwxp,7360,6756
2026-09-03T15:28:46Z,7dac34000000,rw-p,4888,4732
2026-09-03T15:28:46Z,7dac396d0000,rw-p,1268,1264
2026-09-03T15:33:47Z,fc000000,rw-p,65536,63796
2026-09-03T15:33:47Z,7dabec000000,rw-p,2276,2276
2026-09-03T15:33:47Z,7dabf4000000,rw-p,2412,2412
2026-09-03T15:33:47Z,7dac00000000,rw-p,7484,7452
2026-09-03T15:33:47Z,7dac0c000000,rw-p,21836,20112
2026-09-03T15:33:47Z,7dac20000000,rw-p,4544,4544
2026-09-03T15:33:47Z,7dac204f0000,rw-p,2048,2048
2026-09-03T15:33:47Z,7dac206f0000,rw-p,1024,1024
2026-09-03T15:33:47Z,7dac208f0000,rw-p,2048,2048
2026-09-03T15:33:47Z,7dac20af0000,rw-p,1024,1024
2026-09-03T15:33:47Z,7dac20bf0000,rw-p,704,700
2026-09-03T15:33:47Z,7dac20d00000,rw-p,576,572
2026-09-03T15:33:47Z,7dac2c000000,rwxp,7360,6756
2026-09-03T15:33:47Z,7dac34000000,rw-p,4888,4732
2026-09-03T15:33:47Z,7dac396d0000,rw-p,1268,1264
2026-09-03T15:38:47Z,fc000000,rw-p,65536,63796
2026-09-03T15:38:47Z,7dabec000000,rw-p,2276,2276
2026-09-03T15:38:47Z,7dabf4000000,rw-p,2412,2412
2026-09-03T15:38:47Z,7dac00000000,rw-p,7484,7452
2026-09-03T15:38:47Z,7dac0c000000,rw-p,21836,20112
2026-09-03T15:38:47Z,7dac20000000,rw-p,4544,4544
2026-09-03T15:38:47Z,7dac204f0000,rw-p,2048,2048
2026-09-03T15:38:47Z,7dac206f0000,rw-p,1024,1024
2026-09-03T15:38:47Z,7dac208f0000,rw-p,2048,2048
2026-09-03T15:38:47Z,7dac20af0000,rw-p,1024,1024
2026-09-03T15:38:47Z,7dac20bf0000,rw-p,704,700
2026-09-03T15:38:47Z,7dac20d00000,rw-p,576,572
2026-09-03T15:38:47Z,7dac2c000000,rwxp,7360,6756
2026-09-03T15:38:47Z,7dac34000000,rw-p,4888,4732
2026-09-03T15:38:47Z,7dac396d0000,rw-p,1268,1264
2026-09-03T15:43:47Z,fc000000,rw-p,65536,63796
2026-09-03T15:43:47Z,7dabec000000,rw-p,2276,2276
2026-09-03T15:43:47Z,7dabf4000000,rw-p,2412,2412
2026-09-03T15:43:47Z,7dac00000000,rw-p,7484,7452
2026-09-03T15:43:47Z,7dac0c000000,rw-p,21836,20112
2026-09-03T15:43:47Z,7dac20000000,rw-p,4544,4544
2026-09-03T15:43:47Z,7dac204f0000,rw-p,2048,2048
2026-09-03T15:43:47Z,7dac206f0000,rw-p,1024,1024
2026-09-03T15:43:47Z,7dac208f0000,rw-p,2048,2048
2026-09-03T15:43:47Z,7dac20af0000,rw-p,1024,1024
2026-09-03T15:43:47Z,7dac20bf0000,rw-p,704,700
2026-09-03T15:43:47Z,7dac20d00000,rw-p,576,572
2026-09-03T15:43:47Z,7dac2c000000,rwxp,7360,6756
2026-09-03T15:43:47Z,7dac34000000,rw-p,4888,4732
2026-09-03T15:43:47Z,7dac396d0000,rw-p,1268,1264
2026-09-03T15:48:47Z,fc000000,rw-p,65536,63796
2026-09-03T15:48:47Z,7dabec000000,rw-p,2276,2276
2026-09-03T15:48:47Z,7dabf4000000,rw-p,2412,2412
2026-09-03T15:48:47Z,7dac00000000,rw-p,7484,7452
2026-09-03T15:48:47Z,7dac0c000000,rw-p,21836,20112
2026-09-03T15:48:47Z,7dac20000000,rw-p,4544,4544
2026-09-03T15:48:47Z,7dac204f0000,rw-p,2048,2048
2026-09-03T15:48:47Z,7dac206f0000,rw-p,1024,1024
2026-09-03T15:48:47Z,7dac208f0000,rw-p,2048,2048
2026-09-03T15:48:47Z,7dac20af0000,rw-p,1024,1024
2026-09-03T15:48:47Z,7dac20bf0000,rw-p,704,700
2026-09-03T15:48:47Z,7dac20d00000,rw-p,576,572
2026-09-03T15:48:47Z,7dac2c000000,rwxp,7360,6756
2026-09-03T15:48:47Z,7dac34000000,rw-p,4888,4732
2026-09-03T15:48:47Z,7dac396d0000,rw-p,1268,1264
2026-09-03T15:53:47Z,fc000000,rw-p,65536,63796
2026-09-03T15:53:47Z,7dabec000000,rw-p,2276,2276
2026-09-03T15:53:47Z,7dabf4000000,rw-p,2412,2412
2026-09-03T15:53:47Z,7dac00000000,rw-p,7484,7452
2026-09-03T15:53:47Z,7dac0c000000,rw-p,21836,20112
2026-09-03T15:53:47Z,7dac20000000,rw-p,4544,4544
2026-09-03T15:53:47Z,7dac204f0000,rw-p,2048,2048
2026-09-03T15:53:47Z,7dac206f0000,rw-p,1024,1024
2026-09-03T15:53:47Z,7dac208f0000,rw-p,2048,2048
2026-09-03T15:53:47Z,7dac20af0000,rw-p,1024,1024
2026-09-03T15:53:47Z,7dac20bf0000,rw-p,704,700
2026-09-03T15:53:47Z,7dac20d00000,rw-p,576,572
2026-09-03T15:53:47Z,7dac2c000000,rwxp,7360,6756
2026-09-03T15:53:47Z,7dac34000000,rw-p,4888,4732
2026-09-03T15:53:47Z,7dac396d0000,rw-p,1268,1264
2026-09-03T15:58:47Z,fc000000,rw-p,65536,63796
2026-09-03T15:58:47Z,7dabec000000,rw-p,2276,2276
2026-09-03T15:58:47Z,7dabf4000000,rw-p,2412,2412
2026-09-03T15:58:47Z,7dac00000000,rw-p,7484,7452
2026-09-03T15:58:47Z,7dac0c000000,rw-p,21836,20112
2026-09-03T15:58:47Z,7dac20000000,rw-p,4544,4544
2026-09-03T15:58:47Z,7dac204f0000,rw-p,2048,2048
2026-09-03T15:58:47Z,7dac206f0000,rw-p,1024,1024
2026-09-03T15:58:47Z,7dac208f0000,rw-p,2048,2048
2026-09-03T15:58:47Z,7dac20af0000,rw-p,1024,1024
2026-09-03T15:58:47Z,7dac20bf0000,rw-p,704,700
2026-09-03T15:58:47Z,7dac20d00000,rw-p,576,572
2026-09-03T15:58:47Z,7dac2c000000,rwxp,7360,6756
2026-09-03T15:58:47Z,7dac34000000,rw-p,4888,4732
2026-09-03T15:58:47Z,7dac396d0000,rw-p,1268,1264
2026-09-03T16:03:47Z,fc000000,rw-p,65536,63796
2026-09-03T16:03:47Z,7dabec000000,rw-p,2276,2276
2026-09-03T16:03:47Z,7dabf4000000,rw-p,2412,2412
2026-09-03T16:03:47Z,7dac00000000,rw-p,7484,7452
2026-09-03T16:03:47Z,7dac0c000000,rw-p,21836,20112
2026-09-03T16:03:47Z,7dac20000000,rw-p,4544,4544
2026-09-03T16:03:47Z,7dac204f0000,rw-p,2048,2048
2026-09-03T16:03:47Z,7dac206f0000,rw-p,1024,1024
2026-09-03T16:03:47Z,7dac208f0000,rw-p,2048,2048
2026-09-03T16:03:47Z,7dac20af0000,rw-p,1024,1024
2026-09-03T16:03:47Z,7dac20bf0000,rw-p,704,700
2026-09-03T16:03:47Z,7dac20d00000,rw-p,576,572
2026-09-03T16:03:47Z,7dac2c000000,rwxp,7360,6756
2026-09-03T16:03:47Z,7dac34000000,rw-p,4888,4732
2026-09-03T16:03:47Z,7dac396d0000,rw-p,1268,1264
2026-09-03T16:08:47Z,fc000000,rw-p,65536,63796
2026-09-03T16:08:47Z,7dabec000000,rw-p,2276,2276
2026-09-03T16:08:47Z,7dabf4000000,rw-p,2412,2412
2026-09-03T16:08:47Z,7dac00000000,rw-p,7484,7452
2026-09-03T16:08:47Z,7dac0c000000,rw-p,21836,20112
2026-09-03T16:08:47Z,7dac20000000,rw-p,4544,4544
2026-09-03T16:08:47Z,7dac204f0000,rw-p,2048,2048
2026-09-03T16:08:47Z,7dac206f0000,rw-p,1024,1024
2026-09-03T16:08:47Z,7dac208f0000,rw-p,2048,2048
2026-09-03T16:08:47Z,7dac20af0000,rw-p,1024,1024
2026-09-03T16:08:47Z,7dac20bf0000,rw-p,704,700
2026-09-03T16:08:47Z,7dac20d00000,rw-p,576,572
2026-09-03T16:08:47Z,7dac2c000000,rwxp,7360,6756
2026-09-03T16:08:47Z,7dac34000000,rw-p,4888,4732
2026-09-03T16:08:47Z,7dac396d0000,rw-p,1268,1264
2026-09-03T16:13:47Z,fc000000,rw-p,65536,63796
2026-09-03T16:13:47Z,7dabec000000,rw-p,2276,2276
2026-09-03T16:13:47Z,7dabf4000000,rw-p,2412,2412
2026-09-03T16:13:47Z,7dac00000000,rw-p,7484,7452
2026-09-03T16:13:47Z,7dac0c000000,rw-p,21836,20112
2026-09-03T16:13:47Z,7dac20000000,rw-p,4544,4544
2026-09-03T16:13:47Z,7dac204f0000,rw-p,2048,2048
2026-09-03T16:13:47Z,7dac206f0000,rw-p,1024,1024
2026-09-03T16:13:47Z,7dac208f0000,rw-p,2048,2048
2026-09-03T16:13:47Z,7dac20af0000,rw-p,1024,1024
2026-09-03T16:13:47Z,7dac20bf0000,rw-p,704,700
2026-09-03T16:13:47Z,7dac20d00000,rw-p,576,572
2026-09-03T16:13:47Z,7dac2c000000,rwxp,7360,6756
2026-09-03T16:13:47Z,7dac34000000,rw-p,4888,4732
2026-09-03T16:13:47Z,7dac396d0000,rw-p,1268,1264
2026-09-03T16:18:47Z,fc000000,rw-p,65536,63796
2026-09-03T16:18:47Z,7dabec000000,rw-p,2276,2276
2026-09-03T16:18:47Z,7dabf4000000,rw-p,2412,2412
2026-09-03T16:18:47Z,7dac00000000,rw-p,7484,7452
2026-09-03T16:18:47Z,7dac0c000000,rw-p,21836,20112
2026-09-03T16:18:47Z,7dac20000000,rw-p,4544,4544
2026-09-03T16:18:47Z,7dac204f0000,rw-p,2048,2048
2026-09-03T16:18:47Z,7dac206f0000,rw-p,1024,1024
2026-09-03T16:18:47Z,7dac208f0000,rw-p,2048,2048
2026-09-03T16:18:47Z,7dac20af0000,rw-p,1024,1024
2026-09-03T16:18:47Z,7dac20bf0000,rw-p,704,700
2026-09-03T16:18:47Z,7dac20d00000,rw-p,576,572
2026-09-03T16:18:47Z,7dac2c000000,rwxp,7360,6756
2026-09-03T16:18:47Z,7dac34000000,rw-p,4888,4732
2026-09-03T16:18:47Z,7dac396d0000,rw-p,1268,1264
2026-09-03T16:23:47Z,fc000000,rw-p,65536,63796
2026-09-03T16:23:47Z,7dabec000000,rw-p,2276,2276
2026-09-03T16:23:47Z,7dabf4000000,rw-p,2412,2412
2026-09-03T16:23:47Z,7dac00000000,rw-p,7484,7452
2026-09-03T16:23:47Z,7dac0c000000,rw-p,21836,20112
2026-09-03T16:23:47Z,7dac20000000,rw-p,4544,4544
2026-09-03T16:23:47Z,7dac204f0000,rw-p,2048,2048
2026-09-03T16:23:47Z,7dac206f0000,rw-p,1024,1024
2026-09-03T16:23:47Z,7dac208f0000,rw-p,2048,2048
2026-09-03T16:23:47Z,7dac20af0000,rw-p,1024,1024
2026-09-03T16:23:47Z,7dac20bf0000,rw-p,704,700
2026-09-03T16:23:47Z,7dac20d00000,rw-p,576,572
2026-09-03T16:23:47Z,7dac2c000000,rwxp,7360,6756
2026-09-03T16:23:47Z,7dac34000000,rw-p,4888,4732
2026-09-03T16:23:47Z,7dac396d0000,rw-p,1268,1264
2026-09-03T16:28:48Z,fc000000,rw-p,65536,63796
2026-09-03T16:28:48Z,7dabec000000,rw-p,2276,2276
2026-09-03T16:28:48Z,7dabf4000000,rw-p,2412,2412
2026-09-03T16:28:48Z,7dac00000000,rw-p,7484,7452
2026-09-03T16:28:48Z,7dac0c000000,rw-p,21836,20112
2026-09-03T16:28:48Z,7dac20000000,rw-p,4544,4544
2026-09-03T16:28:48Z,7dac204f0000,rw-p,2048,2048
2026-09-03T16:28:48Z,7dac206f0000,rw-p,1024,1024
2026-09-03T16:28:48Z,7dac208f0000,rw-p,2048,2048
2026-09-03T16:28:48Z,7dac20af0000,rw-p,1024,1024
2026-09-03T16:28:48Z,7dac20bf0000,rw-p,704,700
2026-09-03T16:28:48Z,7dac20d00000,rw-p,576,572
2026-09-03T16:28:48Z,7dac2c000000,rwxp,7360,6756
2026-09-03T16:28:48Z,7dac34000000,rw-p,4888,4732
2026-09-03T16:28:48Z,7dac396d0000,rw-p,1268,1264
2026-09-03T16:33:48Z,fc000000,rw-p,65536,63796
2026-09-03T16:33:48Z,7dabec000000,rw-p,2276,2276
2026-09-03T16:33:48Z,7dabf4000000,rw-p,2412,2412
2026-09-03T16:33:48Z,7dac00000000,rw-p,7484,7452
2026-09-03T16:33:48Z,7dac0c000000,rw-p,21836,20112
2026-09-03T16:33:48Z,7dac20000000,rw-p,4544,4544
2026-09-03T16:33:48Z,7dac204f0000,rw-p,2048,2048
2026-09-03T16:33:48Z,7dac206f0000,rw-p,1024,1024
2026-09-03T16:33:48Z,7dac208f0000,rw-p,2048,2048
2026-09-03T16:33:48Z,7dac20af0000,rw-p,1024,1024
2026-09-03T16:33:48Z,7dac20bf0000,rw-p,704,700
2026-09-03T16:33:48Z,7dac20d00000,rw-p,576,572
2026-09-03T16:33:48Z,7dac2c000000,rwxp,7360,6756
2026-09-03T16:33:48Z,7dac34000000,rw-p,4888,4732
2026-09-03T16:33:48Z,7dac396d0000,rw-p,1268,1264
2026-09-03T16:38:48Z,fc000000,rw-p,65536,63796
2026-09-03T16:38:48Z,7dabec000000,rw-p,2276,2276
2026-09-03T16:38:48Z,7dabf4000000,rw-p,2412,2412
2026-09-03T16:38:48Z,7dac00000000,rw-p,7484,7452
2026-09-03T16:38:48Z,7dac0c000000,rw-p,21836,20112
2026-09-03T16:38:48Z,7dac20000000,rw-p,4544,4544
2026-09-03T16:38:48Z,7dac204f0000,rw-p,2048,2048
2026-09-03T16:38:48Z,7dac206f0000,rw-p,1024,1024
2026-09-03T16:38:48Z,7dac208f0000,rw-p,2048,2048
2026-09-03T16:38:48Z,7dac20af0000,rw-p,1024,1024
2026-09-03T16:38:48Z,7dac20bf0000,rw-p,704,700
2026-09-03T16:38:48Z,7dac20d00000,rw-p,576,572
2026-09-03T16:38:48Z,7dac2c000000,rwxp,7360,6756
2026-09-03T16:38:48Z,7dac34000000,rw-p,4888,4732
2026-09-03T16:38:48Z,7dac396d0000,rw-p,1268,1264
2026-09-03T16:43:48Z,fc000000,rw-p,65536,63796
2026-09-03T16:43:48Z,7dabec000000,rw-p,2276,2276
2026-09-03T16:43:48Z,7dabf4000000,rw-p,2412,2412
2026-09-03T16:43:48Z,7dac00000000,rw-p,7484,7452
2026-09-03T16:43:48Z,7dac0c000000,rw-p,21836,20112
2026-09-03T16:43:48Z,7dac20000000,rw-p,4544,4544
2026-09-03T16:43:48Z,7dac204f0000,rw-p,2048,2048
2026-09-03T16:43:48Z,7dac206f0000,rw-p,1024,1024
2026-09-03T16:43:48Z,7dac208f0000,rw-p,2048,2048
2026-09-03T16:43:48Z,7dac20af0000,rw-p,1024,1024
2026-09-03T16:43:48Z,7dac20bf0000,rw-p,704,700
2026-09-03T16:43:48Z,7dac20d00000,rw-p,576,572
2026-09-03T16:43:48Z,7dac2c000000,rwxp,7360,6756
2026-09-03T16:43:48Z,7dac34000000,rw-p,4888,4732
2026-09-03T16:43:48Z,7dac396d0000,rw-p,1268,1264
2026-09-03T16:48:48Z,fc000000,rw-p,65536,63796
2026-09-03T16:48:48Z,7dabec000000,rw-p,2276,2276
2026-09-03T16:48:48Z,7dabf4000000,rw-p,2412,2412
2026-09-03T16:48:48Z,7dac00000000,rw-p,7484,7452
2026-09-03T16:48:48Z,7dac0c000000,rw-p,21836,20112
2026-09-03T16:48:48Z,7dac20000000,rw-p,4544,4544
2026-09-03T16:48:48Z,7dac204f0000,rw-p,2048,2048
2026-09-03T16:48:48Z,7dac206f0000,rw-p,1024,1024
2026-09-03T16:48:48Z,7dac208f0000,rw-p,2048,2048
2026-09-03T16:48:48Z,7dac20af0000,rw-p,1024,1024
2026-09-03T16:48:48Z,7dac20bf0000,rw-p,704,700
2026-09-03T16:48:48Z,7dac20d00000,rw-p,576,572
2026-09-03T16:48:48Z,7dac2c000000,rwxp,7360,6756
2026-09-03T16:48:48Z,7dac34000000,rw-p,4888,4732
2026-09-03T16:48:48Z,7dac396d0000,rw-p,1268,1264
2026-09-03T16:53:48Z,fc000000,rw-p,65536,63796
2026-09-03T16:53:48Z,7dabec000000,rw-p,2276,2276
2026-09-03T16:53:48Z,7dabf4000000,rw-p,2412,2412
2026-09-03T16:53:48Z,7dac00000000,rw-p,7484,7452
2026-09-03T16:53:48Z,7dac0c000000,rw-p,21836,20112
2026-09-03T16:53:48Z,7dac20000000,rw-p,4544,4544
2026-09-03T16:53:48Z,7dac204f0000,rw-p,2048,2048
2026-09-03T16:53:48Z,7dac206f0000,rw-p,1024,1024
2026-09-03T16:53:48Z,7dac208f0000,rw-p,2048,2048
2026-09-03T16:53:48Z,7dac20af0000,rw-p,1024,1024
2026-09-03T16:53:48Z,7dac20bf0000,rw-p,704,700
2026-09-03T16:53:48Z,7dac20d00000,rw-p,576,572
2026-09-03T16:53:48Z,7dac2c000000,rwxp,7360,6756
2026-09-03T16:53:48Z,7dac34000000,rw-p,4888,4732
2026-09-03T16:53:48Z,7dac396d0000,rw-p,1268,1264
2026-09-03T16:58:48Z,fc000000,rw-p,65536,63796
2026-09-03T16:58:48Z,7dabec000000,rw-p,2276,2276
2026-09-03T16:58:48Z,7dabf4000000,rw-p,2412,2412
2026-09-03T16:58:48Z,7dac00000000,rw-p,7484,7452
2026-09-03T16:58:48Z,7dac0c000000,rw-p,21836,20112
2026-09-03T16:58:48Z,7dac20000000,rw-p,4544,4544
2026-09-03T16:58:48Z,7dac204f0000,rw-p,2048,2048
2026-09-03T16:58:48Z,7dac206f0000,rw-p,1024,1024
2026-09-03T16:58:48Z,7dac208f0000,rw-p,2048,2048
2026-09-03T16:58:48Z,7dac20af0000,rw-p,1024,1024
2026-09-03T16:58:48Z,7dac20bf0000,rw-p,704,700
2026-09-03T16:58:48Z,7dac20d00000,rw-p,576,572
2026-09-03T16:58:48Z,7dac2c000000,rwxp,7360,6756
2026-09-03T16:58:48Z,7dac34000000,rw-p,4888,4732
2026-09-03T16:58:48Z,7dac396d0000,rw-p,1268,1264
2026-09-03T17:03:48Z,fc000000,rw-p,65536,63796
2026-09-03T17:03:48Z,7dabec000000,rw-p,2276,2276
2026-09-03T17:03:48Z,7dabf4000000,rw-p,2412,2412
2026-09-03T17:03:48Z,7dac00000000,rw-p,7484,7452
2026-09-03T17:03:48Z,7dac0c000000,rw-p,21836,20112
2026-09-03T17:03:48Z,7dac20000000,rw-p,4544,4544
2026-09-03T17:03:48Z,7dac204f0000,rw-p,2048,2048
2026-09-03T17:03:48Z,7dac206f0000,rw-p,1024,1024
2026-09-03T17:03:48Z,7dac208f0000,rw-p,2048,2048
2026-09-03T17:03:48Z,7dac20af0000,rw-p,1024,1024
2026-09-03T17:03:48Z,7dac20bf0000,rw-p,704,700
2026-09-03T17:03:48Z,7dac20d00000,rw-p,576,572
2026-09-03T17:03:48Z,7dac2c000000,rwxp,7360,6756
2026-09-03T17:03:48Z,7dac34000000,rw-p,4888,4732
2026-09-03T17:03:48Z,7dac396d0000,rw-p,1268,1264
2026-09-03T17:08:48Z,fc000000,rw-p,65536,63796
2026-09-03T17:08:48Z,7dabec000000,rw-p,2276,2276
2026-09-03T17:08:48Z,7dabf4000000,rw-p,2412,2412
2026-09-03T17:08:48Z,7dac00000000,rw-p,7484,7452
2026-09-03T17:08:48Z,7dac0c000000,rw-p,21836,20112
2026-09-03T17:08:48Z,7dac20000000,rw-p,4544,4544
2026-09-03T17:08:48Z,7dac204f0000,rw-p,2048,2048
2026-09-03T17:08:48Z,7dac206f0000,rw-p,1024,1024
2026-09-03T17:08:48Z,7dac208f0000,rw-p,2048,2048
2026-09-03T17:08:48Z,7dac20af0000,rw-p,1024,1024
2026-09-03T17:08:48Z,7dac20bf0000,rw-p,704,700
2026-09-03T17:08:48Z,7dac20d00000,rw-p,576,572
2026-09-03T17:08:48Z,7dac2c000000,rwxp,7360,6756
2026-09-03T17:08:48Z,7dac34000000,rw-p,4888,4732
2026-09-03T17:08:48Z,7dac396d0000,rw-p,1268,1264
2026-09-03T17:13:48Z,fc000000,rw-p,65536,63796
2026-09-03T17:13:48Z,7dabec000000,rw-p,2276,2276
2026-09-03T17:13:48Z,7dabf4000000,rw-p,2412,2412
2026-09-03T17:13:48Z,7dac00000000,rw-p,7484,7452
2026-09-03T17:13:48Z,7dac0c000000,rw-p,21836,20112
2026-09-03T17:13:48Z,7dac20000000,rw-p,4544,4544
2026-09-03T17:13:48Z,7dac204f0000,rw-p,2048,2048
2026-09-03T17:13:48Z,7dac206f0000,rw-p,1024,1024
2026-09-03T17:13:48Z,7dac208f0000,rw-p,2048,2048
2026-09-03T17:13:48Z,7dac20af0000,rw-p,1024,1024
2026-09-03T17:13:48Z,7dac20bf0000,rw-p,704,700
2026-09-03T17:13:48Z,7dac20d00000,rw-p,576,572
2026-09-03T17:13:48Z,7dac2c000000,rwxp,7360,6756
2026-09-03T17:13:48Z,7dac34000000,rw-p,4888,4732
2026-09-03T17:13:48Z,7dac396d0000,rw-p,1268,1264
2026-09-03T17:18:49Z,fc000000,rw-p,65536,63796
2026-09-03T17:18:49Z,7dabec000000,rw-p,2276,2276
2026-09-03T17:18:49Z,7dabf4000000,rw-p,2412,2412
2026-09-03T17:18:49Z,7dac00000000,rw-p,7484,7452
2026-09-03T17:18:49Z,7dac0c000000,rw-p,21836,20112
2026-09-03T17:18:49Z,7dac20000000,rw-p,4544,4544
2026-09-03T17:18:49Z,7dac204f0000,rw-p,2048,2048
2026-09-03T17:18:49Z,7dac206f0000,rw-p,1024,1024
2026-09-03T17:18:49Z,7dac208f0000,rw-p,2048,2048
2026-09-03T17:18:49Z,7dac20af0000,rw-p,1024,1024
2026-09-03T17:18:49Z,7dac20bf0000,rw-p,704,700
2026-09-03T17:18:49Z,7dac20d00000,rw-p,576,572
2026-09-03T17:18:49Z,7dac2c000000,rwxp,7360,6756
2026-09-03T17:18:49Z,7dac34000000,rw-p,4888,4732
2026-09-03T17:18:49Z,7dac396d0000,rw-p,1268,1264
2026-09-03T17:23:49Z,fc000000,rw-p,65536,63796
2026-09-03T17:23:49Z,7dabec000000,rw-p,2276,2276
2026-09-03T17:23:49Z,7dabf4000000,rw-p,2412,2412
2026-09-03T17:23:49Z,7dac00000000,rw-p,7484,7452
2026-09-03T17:23:49Z,7dac0c000000,rw-p,21836,20112
2026-09-03T17:23:49Z,7dac20000000,rw-p,4544,4544
2026-09-03T17:23:49Z,7dac204f0000,rw-p,2048,2048
2026-09-03T17:23:49Z,7dac206f0000,rw-p,1024,1024
2026-09-03T17:23:49Z,7dac208f0000,rw-p,2048,2048
2026-09-03T17:23:49Z,7dac20af0000,rw-p,1024,1024
2026-09-03T17:23:49Z,7dac20bf0000,rw-p,704,700
2026-09-03T17:23:49Z,7dac20d00000,rw-p,576,572
2026-09-03T17:23:49Z,7dac2c000000,rwxp,7360,6756
2026-09-03T17:23:49Z,7dac34000000,rw-p,4888,4732
2026-09-03T17:23:49Z,7dac396d0000,rw-p,1268,1264
2026-09-03T17:28:49Z,fc000000,rw-p,65536,63796
2026-09-03T17:28:49Z,7dabec000000,rw-p,2276,2276
2026-09-03T17:28:49Z,7dabf4000000,rw-p,2412,2412
2026-09-03T17:28:49Z,7dac00000000,rw-p,7484,7452
2026-09-03T17:28:49Z,7dac0c000000,rw-p,21836,20112
2026-09-03T17:28:49Z,7dac20000000,rw-p,4544,4544
2026-09-03T17:28:49Z,7dac204f0000,rw-p,2048,2048
2026-09-03T17:28:49Z,7dac206f0000,rw-p,1024,1024
2026-09-03T17:28:49Z,7dac208f0000,rw-p,2048,2048
2026-09-03T17:28:49Z,7dac20af0000,rw-p,1024,1024
2026-09-03T17:28:49Z,7dac20bf0000,rw-p,704,700
2026-09-03T17:28:49Z,7dac20d00000,rw-p,576,572
2026-09-03T17:28:49Z,7dac2c000000,rwxp,7360,6756
2026-09-03T17:28:49Z,7dac34000000,rw-p,4888,4732
2026-09-03T17:28:49Z,7dac396d0000,rw-p,1268,1264
2026-09-03T17:33:49Z,fc000000,rw-p,65536,63796
2026-09-03T17:33:49Z,7dabec000000,rw-p,2276,2276
2026-09-03T17:33:49Z,7dabf4000000,rw-p,2412,2412
2026-09-03T17:33:49Z,7dac00000000,rw-p,7484,7452
2026-09-03T17:33:49Z,7dac0c000000,rw-p,21836,20112
2026-09-03T17:33:49Z,7dac20000000,rw-p,4544,4544
2026-09-03T17:33:49Z,7dac204f0000,rw-p,2048,2048
2026-09-03T17:33:49Z,7dac206f0000,rw-p,1024,1024
2026-09-03T17:33:49Z,7dac208f0000,rw-p,2048,2048
2026-09-03T17:33:49Z,7dac20af0000,rw-p,1024,1024
2026-09-03T17:33:49Z,7dac20bf0000,rw-p,704,700
2026-09-03T17:33:49Z,7dac20d00000,rw-p,576,572
2026-09-03T17:33:49Z,7dac2c000000,rwxp,7360,6756
2026-09-03T17:33:49Z,7dac34000000,rw-p,4888,4732
2026-09-03T17:33:49Z,7dac396d0000,rw-p,1268,1264
2026-09-03T17:38:49Z,fc000000,rw-p,65536,63796
2026-09-03T17:38:49Z,7dabec000000,rw-p,2276,2276
2026-09-03T17:38:49Z,7dabf4000000,rw-p,2412,2412
2026-09-03T17:38:49Z,7dac00000000,rw-p,7484,7452
2026-09-03T17:38:49Z,7dac0c000000,rw-p,21836,20112
2026-09-03T17:38:49Z,7dac20000000,rw-p,4544,4544
2026-09-03T17:38:49Z,7dac204f0000,rw-p,2048,2048
2026-09-03T17:38:49Z,7dac206f0000,rw-p,1024,1024
2026-09-03T17:38:49Z,7dac208f0000,rw-p,2048,2048
2026-09-03T17:38:49Z,7dac20af0000,rw-p,1024,1024
2026-09-03T17:38:49Z,7dac20bf0000,rw-p,704,700
2026-09-03T17:38:49Z,7dac20d00000,rw-p,576,572
2026-09-03T17:38:49Z,7dac2c000000,rwxp,7360,6756
2026-09-03T17:38:49Z,7dac34000000,rw-p,4888,4732
2026-09-03T17:38:49Z,7dac396d0000,rw-p,1268,1264
2026-09-03T17:43:49Z,fc000000,rw-p,65536,63796
2026-09-03T17:43:49Z,7dabec000000,rw-p,2276,2276
2026-09-03T17:43:49Z,7dabf4000000,rw-p,2412,2412
2026-09-03T17:43:49Z,7dac00000000,rw-p,7484,7452
2026-09-03T17:43:49Z,7dac0c000000,rw-p,21836,20112
2026-09-03T17:43:49Z,7dac20000000,rw-p,4544,4544
2026-09-03T17:43:49Z,7dac204f0000,rw-p,2048,2048
2026-09-03T17:43:49Z,7dac206f0000,rw-p,1024,1024
2026-09-03T17:43:49Z,7dac208f0000,rw-p,2048,2048
2026-09-03T17:43:49Z,7dac20af0000,rw-p,1024,1024
2026-09-03T17:43:49Z,7dac20bf0000,rw-p,704,700
2026-09-03T17:43:49Z,7dac20d00000,rw-p,576,572
2026-09-03T17:43:49Z,7dac2c000000,rwxp,7360,6756
2026-09-03T17:43:49Z,7dac34000000,rw-p,4888,4732
2026-09-03T17:43:49Z,7dac396d0000,rw-p,1268,1264
2026-09-03T17:48:49Z,fc000000,rw-p,65536,63796
2026-09-03T17:48:49Z,7dabec000000,rw-p,2276,2276
2026-09-03T17:48:49Z,7dabf4000000,rw-p,2412,2412
2026-09-03T17:48:49Z,7dac00000000,rw-p,7484,7452
2026-09-03T17:48:49Z,7dac0c000000,rw-p,21836,20112
2026-09-03T17:48:49Z,7dac20000000,rw-p,4544,4544
2026-09-03T17:48:49Z,7dac204f0000,rw-p,2048,2048
2026-09-03T17:48:49Z,7dac206f0000,rw-p,1024,1024
2026-09-03T17:48:49Z,7dac208f0000,rw-p,2048,2048
2026-09-03T17:48:49Z,7dac20af0000,rw-p,1024,1024
2026-09-03T17:48:49Z,7dac20bf0000,rw-p,704,700
2026-09-03T17:48:49Z,7dac20d00000,rw-p,576,572
2026-09-03T17:48:49Z,7dac2c000000,rwxp,7360,6756
2026-09-03T17:48:49Z,7dac34000000,rw-p,4888,4732
2026-09-03T17:48:49Z,7dac396d0000,rw-p,1268,1264
2026-09-03T17:53:49Z,fc000000,rw-p,65536,63796
2026-09-03T17:53:49Z,7dabec000000,rw-p,2276,2276
2026-09-03T17:53:49Z,7dabf4000000,rw-p,2412,2412
2026-09-03T17:53:49Z,7dac00000000,rw-p,7484,7452
2026-09-03T17:53:49Z,7dac0c000000,rw-p,21836,20112
2026-09-03T17:53:49Z,7dac20000000,rw-p,4544,4544
2026-09-03T17:53:49Z,7dac204f0000,rw-p,2048,2048
2026-09-03T17:53:49Z,7dac206f0000,rw-p,1024,1024
2026-09-03T17:53:49Z,7dac208f0000,rw-p,2048,2048
2026-09-03T17:53:49Z,7dac20af0000,rw-p,1024,1024
2026-09-03T17:53:49Z,7dac20bf0000,rw-p,704,700
2026-09-03T17:53:49Z,7dac20d00000,rw-p,576,572
2026-09-03T17:53:49Z,7dac2c000000,rwxp,7360,6756
2026-09-03T17:53:49Z,7dac34000000,rw-p,4888,4732
2026-09-03T17:53:49Z,7dac396d0000,rw-p,1268,1264
2026-09-03T17:58:49Z,fc000000,rw-p,65536,63796
2026-09-03T17:58:49Z,7dabec000000,rw-p,2276,2276
2026-09-03T17:58:49Z,7dabf4000000,rw-p,2412,2412
2026-09-03T17:58:49Z,7dac00000000,rw-p,7484,7452
2026-09-03T17:58:49Z,7dac0c000000,rw-p,21836,20112
2026-09-03T17:58:49Z,7dac20000000,rw-p,4544,4544
2026-09-03T17:58:49Z,7dac204f0000,rw-p,2048,2048
2026-09-03T17:58:49Z,7dac206f0000,rw-p,1024,1024
2026-09-03T17:58:49Z,7dac208f0000,rw-p,2048,2048
2026-09-03T17:58:49Z,7dac20af0000,rw-p,1024,1024
2026-09-03T17:58:49Z,7dac20bf0000,rw-p,704,700
2026-09-03T17:58:49Z,7dac20d00000,rw-p,576,572
2026-09-03T17:58:49Z,7dac2c000000,rwxp,7360,6756
2026-09-03T17:58:49Z,7dac34000000,rw-p,4888,4732
2026-09-03T17:58:49Z,7dac396d0000,rw-p,1268,1264
2026-09-03T18:03:49Z,fc000000,rw-p,65536,63796
2026-09-03T18:03:49Z,7dabec000000,rw-p,2276,2276
2026-09-03T18:03:49Z,7dabf4000000,rw-p,2412,2412
2026-09-03T18:03:49Z,7dac00000000,rw-p,7484,7452
2026-09-03T18:03:49Z,7dac0c000000,rw-p,21836,20112
2026-09-03T18:03:49Z,7dac20000000,rw-p,4544,4544
2026-09-03T18:03:49Z,7dac204f0000,rw-p,2048,2048
2026-09-03T18:03:49Z,7dac206f0000,rw-p,1024,1024
2026-09-03T18:03:49Z,7dac208f0000,rw-p,2048,2048
2026-09-03T18:03:49Z,7dac20af0000,rw-p,1024,1024
2026-09-03T18:03:49Z,7dac20bf0000,rw-p,704,700
2026-09-03T18:03:49Z,7dac20d00000,rw-p,576,572
2026-09-03T18:03:49Z,7dac2c000000,rwxp,7360,6756
2026-09-03T18:03:49Z,7dac34000000,rw-p,4888,4732
2026-09-03T18:03:49Z,7dac396d0000,rw-p,1268,1264
2026-09-03T18:08:49Z,fc000000,rw-p,65536,63796
2026-09-03T18:08:49Z,7dabec000000,rw-p,2276,2276
2026-09-03T18:08:49Z,7dabf4000000,rw-p,2412,2412
2026-09-03T18:08:49Z,7dac00000000,rw-p,7484,7452
2026-09-03T18:08:49Z,7dac0c000000,rw-p,21836,20112
2026-09-03T18:08:49Z,7dac20000000,rw-p,4544,4544
2026-09-03T18:08:49Z,7dac204f0000,rw-p,2048,2048
2026-09-03T18:08:49Z,7dac206f0000,rw-p,1024,1024
2026-09-03T18:08:49Z,7dac208f0000,rw-p,2048,2048
2026-09-03T18:08:49Z,7dac20af0000,rw-p,1024,1024
2026-09-03T18:08:49Z,7dac20bf0000,rw-p,704,700
2026-09-03T18:08:49Z,7dac20d00000,rw-p,576,572
2026-09-03T18:08:49Z,7dac2c000000,rwxp,7360,6756
2026-09-03T18:08:49Z,7dac34000000,rw-p,4888,4732
2026-09-03T18:08:49Z,7dac396d0000,rw-p,1268,1264
2026-09-03T18:13:50Z,fc000000,rw-p,65536,63796
2026-09-03T18:13:50Z,7dabec000000,rw-p,2276,2276
2026-09-03T18:13:50Z,7dabf4000000,rw-p,2412,2412
2026-09-03T18:13:50Z,7dac00000000,rw-p,7484,7452
2026-09-03T18:13:50Z,7dac0c000000,rw-p,21836,20112
2026-09-03T18:13:50Z,7dac20000000,rw-p,4544,4544
2026-09-03T18:13:50Z,7dac204f0000,rw-p,2048,2048
2026-09-03T18:13:50Z,7dac206f0000,rw-p,1024,1024
2026-09-03T18:13:50Z,7dac208f0000,rw-p,2048,2048
2026-09-03T18:13:50Z,7dac20af0000,rw-p,1024,1024
2026-09-03T18:13:50Z,7dac20bf0000,rw-p,704,700
2026-09-03T18:13:50Z,7dac20d00000,rw-p,576,572
2026-09-03T18:13:50Z,7dac2c000000,rwxp,7360,6756
2026-09-03T18:13:50Z,7dac34000000,rw-p,4888,4732
2026-09-03T18:13:50Z,7dac396d0000,rw-p,1268,1264
2026-09-03T18:18:50Z,fc000000,rw-p,65536,63796
2026-09-03T18:18:50Z,7dabec000000,rw-p,2276,2276
2026-09-03T18:18:50Z,7dabf4000000,rw-p,2412,2412
2026-09-03T18:18:50Z,7dac00000000,rw-p,7484,7452
2026-09-03T18:18:50Z,7dac0c000000,rw-p,21836,20112
2026-09-03T18:18:50Z,7dac20000000,rw-p,4544,4544
2026-09-03T18:18:50Z,7dac204f0000,rw-p,2048,2048
2026-09-03T18:18:50Z,7dac206f0000,rw-p,1024,1024
2026-09-03T18:18:50Z,7dac208f0000,rw-p,2048,2048
2026-09-03T18:18:50Z,7dac20af0000,rw-p,1024,1024
2026-09-03T18:18:50Z,7dac20bf0000,rw-p,704,700
2026-09-03T18:18:50Z,7dac20d00000,rw-p,576,572
2026-09-03T18:18:50Z,7dac2c000000,rwxp,7360,6756
2026-09-03T18:18:50Z,7dac34000000,rw-p,4888,4732
2026-09-03T18:18:50Z,7dac396d0000,rw-p,1268,1264
2026-09-03T18:23:50Z,fc000000,rw-p,65536,63796
2026-09-03T18:23:50Z,7dabec000000,rw-p,2276,2276
2026-09-03T18:23:50Z,7dabf4000000,rw-p,2412,2412
2026-09-03T18:23:50Z,7dac00000000,rw-p,7484,7452
2026-09-03T18:23:50Z,7dac0c000000,rw-p,21836,20112
2026-09-03T18:23:50Z,7dac20000000,rw-p,4544,4544
2026-09-03T18:23:50Z,7dac204f0000,rw-p,2048,2048
2026-09-03T18:23:50Z,7dac206f0000,rw-p,1024,1024
2026-09-03T18:23:50Z,7dac208f0000,rw-p,2048,2048
2026-09-03T18:23:50Z,7dac20af0000,rw-p,1024,1024
2026-09-03T18:23:50Z,7dac20bf0000,rw-p,704,700
2026-09-03T18:23:50Z,7dac20d00000,rw-p,576,572
2026-09-03T18:23:50Z,7dac2c000000,rwxp,7360,6756
2026-09-03T18:23:50Z,7dac34000000,rw-p,4888,4732
2026-09-03T18:23:50Z,7dac396d0000,rw-p,1268,1264
2026-09-03T18:28:50Z,fc000000,rw-p,65536,63796
2026-09-03T18:28:50Z,7dabec000000,rw-p,2276,2276
2026-09-03T18:28:50Z,7dabf4000000,rw-p,2412,2412
2026-09-03T18:28:50Z,7dac00000000,rw-p,7484,7452
2026-09-03T18:28:50Z,7dac0c000000,rw-p,21836,20112
2026-09-03T18:28:50Z,7dac20000000,rw-p,4544,4544
2026-09-03T18:28:50Z,7dac204f0000,rw-p,2048,2048
2026-09-03T18:28:50Z,7dac206f0000,rw-p,1024,1024
2026-09-03T18:28:50Z,7dac208f0000,rw-p,2048,2048
2026-09-03T18:28:50Z,7dac20af0000,rw-p,1024,1024
2026-09-03T18:28:50Z,7dac20bf0000,rw-p,704,700
2026-09-03T18:28:50Z,7dac20d00000,rw-p,576,572
2026-09-03T18:28:50Z,7dac2c000000,rwxp,7360,6756
2026-09-03T18:28:50Z,7dac34000000,rw-p,4888,4732
2026-09-03T18:28:50Z,7dac396d0000,rw-p,1268,1264
2026-09-03T18:33:50Z,fc000000,rw-p,65536,63796
2026-09-03T18:33:50Z,7dabec000000,rw-p,2276,2276
2026-09-03T18:33:50Z,7dabf4000000,rw-p,2412,2412
2026-09-03T18:33:50Z,7dac00000000,rw-p,7484,7452
2026-09-03T18:33:50Z,7dac0c000000,rw-p,21836,20112
2026-09-03T18:33:50Z,7dac20000000,rw-p,4544,4544
2026-09-03T18:33:50Z,7dac204f0000,rw-p,2048,2048
2026-09-03T18:33:50Z,7dac206f0000,rw-p,1024,1024
2026-09-03T18:33:50Z,7dac208f0000,rw-p,2048,2048
2026-09-03T18:33:50Z,7dac20af0000,rw-p,1024,1024
2026-09-03T18:33:50Z,7dac20bf0000,rw-p,704,700
2026-09-03T18:33:50Z,7dac20d00000,rw-p,576,572
2026-09-03T18:33:50Z,7dac2c000000,rwxp,7360,6756
2026-09-03T18:33:50Z,7dac34000000,rw-p,4888,4732
2026-09-03T18:33:50Z,7dac396d0000,rw-p,1268,1264
2026-09-03T18:38:50Z,fc000000,rw-p,65536,63796
2026-09-03T18:38:50Z,7dabec000000,rw-p,2276,2276
2026-09-03T18:38:50Z,7dabf4000000,rw-p,2412,2412
2026-09-03T18:38:50Z,7dac00000000,rw-p,7484,7452
2026-09-03T18:38:50Z,7dac0c000000,rw-p,21836,20112
2026-09-03T18:38:50Z,7dac20000000,rw-p,4544,4544
2026-09-03T18:38:50Z,7dac204f0000,rw-p,2048,2048
2026-09-03T18:38:50Z,7dac206f0000,rw-p,1024,1024
2026-09-03T18:38:50Z,7dac208f0000,rw-p,2048,2048
2026-09-03T18:38:50Z,7dac20af0000,rw-p,1024,1024
2026-09-03T18:38:50Z,7dac20bf0000,rw-p,704,700
2026-09-03T18:38:50Z,7dac20d00000,rw-p,576,572
2026-09-03T18:38:50Z,7dac2c000000,rwxp,7360,6756
2026-09-03T18:38:50Z,7dac34000000,rw-p,4888,4732
2026-09-03T18:38:50Z,7dac396d0000,rw-p,1268,1264
2026-09-03T18:43:50Z,fc000000,rw-p,65536,63796
2026-09-03T18:43:50Z,7dabec000000,rw-p,2276,2276
2026-09-03T18:43:50Z,7dabf4000000,rw-p,2412,2412
2026-09-03T18:43:50Z,7dac00000000,rw-p,7484,7452
2026-09-03T18:43:50Z,7dac0c000000,rw-p,21836,20112
2026-09-03T18:43:50Z,7dac20000000,rw-p,4544,4544
2026-09-03T18:43:50Z,7dac204f0000,rw-p,2048,2048
2026-09-03T18:43:50Z,7dac206f0000,rw-p,1024,1024
2026-09-03T18:43:50Z,7dac208f0000,rw-p,2048,2048
2026-09-03T18:43:50Z,7dac20af0000,rw-p,1024,1024
2026-09-03T18:43:50Z,7dac20bf0000,rw-p,704,700
2026-09-03T18:43:50Z,7dac20d00000,rw-p,576,572
2026-09-03T18:43:50Z,7dac2c000000,rwxp,7360,6756
2026-09-03T18:43:50Z,7dac34000000,rw-p,4888,4732
2026-09-03T18:43:50Z,7dac396d0000,rw-p,1268,1264
2026-09-03T18:48:50Z,fc000000,rw-p,65536,63796
2026-09-03T18:48:50Z,7dabec000000,rw-p,2276,2276
2026-09-03T18:48:50Z,7dabf4000000,rw-p,2412,2412
2026-09-03T18:48:50Z,7dac00000000,rw-p,7484,7452
2026-09-03T18:48:50Z,7dac0c000000,rw-p,21836,20112
2026-09-03T18:48:50Z,7dac20000000,rw-p,4544,4544
2026-09-03T18:48:50Z,7dac204f0000,rw-p,2048,2048
2026-09-03T18:48:50Z,7dac206f0000,rw-p,1024,1024
2026-09-03T18:48:50Z,7dac208f0000,rw-p,2048,2048
2026-09-03T18:48:50Z,7dac20af0000,rw-p,1024,1024
2026-09-03T18:48:50Z,7dac20bf0000,rw-p,704,700
2026-09-03T18:48:50Z,7dac20d00000,rw-p,576,572
2026-09-03T18:48:50Z,7dac2c000000,rwxp,7360,6756
2026-09-03T18:48:50Z,7dac34000000,rw-p,4888,4732
2026-09-03T18:48:50Z,7dac396d0000,rw-p,1268,1264
2026-09-03T18:53:50Z,fc000000,rw-p,65536,63796
2026-09-03T18:53:50Z,7dabec000000,rw-p,2276,2276
2026-09-03T18:53:50Z,7dabf4000000,rw-p,2412,2412
2026-09-03T18:53:50Z,7dac00000000,rw-p,7484,7452
2026-09-03T18:53:50Z,7dac0c000000,rw-p,21836,20112
2026-09-03T18:53:50Z,7dac20000000,rw-p,4544,4544
2026-09-03T18:53:50Z,7dac204f0000,rw-p,2048,2048
2026-09-03T18:53:50Z,7dac206f0000,rw-p,1024,1024
2026-09-03T18:53:50Z,7dac208f0000,rw-p,2048,2048
2026-09-03T18:53:50Z,7dac20af0000,rw-p,1024,1024
2026-09-03T18:53:50Z,7dac20bf0000,rw-p,704,700
2026-09-03T18:53:50Z,7dac20d00000,rw-p,576,572
2026-09-03T18:53:50Z,7dac2c000000,rwxp,7360,6756
2026-09-03T18:53:50Z,7dac34000000,rw-p,4888,4732
2026-09-03T18:53:50Z,7dac396d0000,rw-p,1268,1264
2026-09-03T18:58:50Z,fc000000,rw-p,65536,63796
2026-09-03T18:58:50Z,7dabec000000,rw-p,2276,2276
2026-09-03T18:58:50Z,7dabf4000000,rw-p,2412,2412
2026-09-03T18:58:50Z,7dac00000000,rw-p,7484,7452
2026-09-03T18:58:50Z,7dac0c000000,rw-p,21836,20112
2026-09-03T18:58:50Z,7dac20000000,rw-p,4544,4544
2026-09-03T18:58:50Z,7dac204f0000,rw-p,2048,2048
2026-09-03T18:58:50Z,7dac206f0000,rw-p,1024,1024
2026-09-03T18:58:50Z,7dac208f0000,rw-p,2048,2048
2026-09-03T18:58:50Z,7dac20af0000,rw-p,1024,1024
2026-09-03T18:58:50Z,7dac20bf0000,rw-p,704,700
2026-09-03T18:58:50Z,7dac20d00000,rw-p,576,572
2026-09-03T18:58:50Z,7dac2c000000,rwxp,7360,6756
2026-09-03T18:58:50Z,7dac34000000,rw-p,4888,4732
2026-09-03T18:58:50Z,7dac396d0000,rw-p,1268,1264
2026-09-03T19:03:50Z,fc000000,rw-p,65536,63796
2026-09-03T19:03:50Z,7dabec000000,rw-p,2276,2276
2026-09-03T19:03:50Z,7dabf4000000,rw-p,2412,2412
2026-09-03T19:03:50Z,7dac00000000,rw-p,7484,7452
2026-09-03T19:03:50Z,7dac0c000000,rw-p,21836,20112
2026-09-03T19:03:50Z,7dac20000000,rw-p,4544,4544
2026-09-03T19:03:50Z,7dac204f0000,rw-p,2048,2048
2026-09-03T19:03:50Z,7dac206f0000,rw-p,1024,1024
2026-09-03T19:03:50Z,7dac208f0000,rw-p,2048,2048
2026-09-03T19:03:50Z,7dac20af0000,rw-p,1024,1024
2026-09-03T19:03:50Z,7dac20bf0000,rw-p,704,700
2026-09-03T19:03:50Z,7dac20d00000,rw-p,576,572
2026-09-03T19:03:50Z,7dac2c000000,rwxp,7360,6756
2026-09-03T19:03:50Z,7dac34000000,rw-p,4888,4732
2026-09-03T19:03:50Z,7dac396d0000,rw-p,1268,1264
2026-09-03T19:08:51Z,fc000000,rw-p,65536,63796
2026-09-03T19:08:51Z,7dabec000000,rw-p,2276,2276
2026-09-03T19:08:51Z,7dabf4000000,rw-p,2412,2412
2026-09-03T19:08:51Z,7dac00000000,rw-p,7484,7452
2026-09-03T19:08:51Z,7dac0c000000,rw-p,21836,20112
2026-09-03T19:08:51Z,7dac20000000,rw-p,4544,4544
2026-09-03T19:08:51Z,7dac204f0000,rw-p,2048,2048
2026-09-03T19:08:51Z,7dac206f0000,rw-p,1024,1024
2026-09-03T19:08:51Z,7dac208f0000,rw-p,2048,2048
2026-09-03T19:08:51Z,7dac20af0000,rw-p,1024,1024
2026-09-03T19:08:51Z,7dac20bf0000,rw-p,704,700
2026-09-03T19:08:51Z,7dac20d00000,rw-p,576,572
2026-09-03T19:08:51Z,7dac2c000000,rwxp,7360,6756
2026-09-03T19:08:51Z,7dac34000000,rw-p,4888,4732
2026-09-03T19:08:51Z,7dac396d0000,rw-p,1268,1264
2026-09-03T19:13:51Z,fc000000,rw-p,65536,63796
2026-09-03T19:13:51Z,7dabec000000,rw-p,2276,2276
2026-09-03T19:13:51Z,7dabf4000000,rw-p,2412,2412
2026-09-03T19:13:51Z,7dac00000000,rw-p,7484,7452
2026-09-03T19:13:51Z,7dac0c000000,rw-p,21836,20112
2026-09-03T19:13:51Z,7dac20000000,rw-p,4544,4544
2026-09-03T19:13:51Z,7dac204f0000,rw-p,2048,2048
2026-09-03T19:13:51Z,7dac206f0000,rw-p,1024,1024
2026-09-03T19:13:51Z,7dac208f0000,rw-p,2048,2048
2026-09-03T19:13:51Z,7dac20af0000,rw-p,1024,1024
2026-09-03T19:13:51Z,7dac20bf0000,rw-p,704,700
2026-09-03T19:13:51Z,7dac20d00000,rw-p,576,572
2026-09-03T19:13:51Z,7dac2c000000,rwxp,7360,6756
2026-09-03T19:13:51Z,7dac34000000,rw-p,4888,4732
2026-09-03T19:13:51Z,7dac396d0000,rw-p,1268,1264
2026-09-03T19:18:51Z,fc000000,rw-p,65536,63796
2026-09-03T19:18:51Z,7dabec000000,rw-p,2276,2276
2026-09-03T19:18:51Z,7dabf4000000,rw-p,2412,2412
2026-09-03T19:18:51Z,7dac00000000,rw-p,7484,7452
2026-09-03T19:18:51Z,7dac0c000000,rw-p,21836,20112
2026-09-03T19:18:51Z,7dac20000000,rw-p,4544,4544
2026-09-03T19:18:51Z,7dac204f0000,rw-p,2048,2048
2026-09-03T19:18:51Z,7dac206f0000,rw-p,1024,1024
2026-09-03T19:18:51Z,7dac208f0000,rw-p,2048,2048
2026-09-03T19:18:51Z,7dac20af0000,rw-p,1024,1024
2026-09-03T19:18:51Z,7dac20bf0000,rw-p,704,700
2026-09-03T19:18:51Z,7dac20d00000,rw-p,576,572
2026-09-03T19:18:51Z,7dac2c000000,rwxp,7360,6756
2026-09-03T19:18:51Z,7dac34000000,rw-p,4888,4732
2026-09-03T19:18:51Z,7dac396d0000,rw-p,1268,1264
2026-09-03T19:23:51Z,fc000000,rw-p,65536,63796
2026-09-03T19:23:51Z,7dabec000000,rw-p,2276,2276
2026-09-03T19:23:51Z,7dabf4000000,rw-p,2412,2412
2026-09-03T19:23:51Z,7dac00000000,rw-p,7484,7452
2026-09-03T19:23:51Z,7dac0c000000,rw-p,21836,20112
2026-09-03T19:23:51Z,7dac20000000,rw-p,4544,4544
2026-09-03T19:23:51Z,7dac204f0000,rw-p,2048,2048
2026-09-03T19:23:51Z,7dac206f0000,rw-p,1024,1024
2026-09-03T19:23:51Z,7dac208f0000,rw-p,2048,2048
2026-09-03T19:23:51Z,7dac20af0000,rw-p,1024,1024
2026-09-03T19:23:51Z,7dac20bf0000,rw-p,704,700
2026-09-03T19:23:51Z,7dac20d00000,rw-p,576,572
2026-09-03T19:23:51Z,7dac2c000000,rwxp,7360,6756
2026-09-03T19:23:51Z,7dac34000000,rw-p,4888,4732
2026-09-03T19:23:51Z,7dac396d0000,rw-p,1268,1264
2026-09-03T19:28:51Z,fc000000,rw-p,65536,63796
2026-09-03T19:28:51Z,7dabec000000,rw-p,2276,2276
2026-09-03T19:28:51Z,7dabf4000000,rw-p,2412,2412
2026-09-03T19:28:51Z,7dac00000000,rw-p,7484,7452
2026-09-03T19:28:51Z,7dac0c000000,rw-p,21836,20112
2026-09-03T19:28:51Z,7dac20000000,rw-p,4544,4544
2026-09-03T19:28:51Z,7dac204f0000,rw-p,2048,2048
2026-09-03T19:28:51Z,7dac206f0000,rw-p,1024,1024
2026-09-03T19:28:51Z,7dac208f0000,rw-p,2048,2048
2026-09-03T19:28:51Z,7dac20af0000,rw-p,1024,1024
2026-09-03T19:28:51Z,7dac20bf0000,rw-p,704,700
2026-09-03T19:28:51Z,7dac20d00000,rw-p,576,572
2026-09-03T19:28:51Z,7dac2c000000,rwxp,7360,6756
2026-09-03T19:28:51Z,7dac34000000,rw-p,4888,4732
2026-09-03T19:28:51Z,7dac396d0000,rw-p,1268,1264
2026-09-03T19:33:51Z,fc000000,rw-p,65536,63796
2026-09-03T19:33:51Z,7dabec000000,rw-p,2276,2276
2026-09-03T19:33:51Z,7dabf4000000,rw-p,2412,2412
2026-09-03T19:33:51Z,7dac00000000,rw-p,7484,7452
2026-09-03T19:33:51Z,7dac0c000000,rw-p,21836,20112
2026-09-03T19:33:51Z,7dac20000000,rw-p,4544,4544
2026-09-03T19:33:51Z,7dac204f0000,rw-p,2048,2048
2026-09-03T19:33:51Z,7dac206f0000,rw-p,1024,1024
2026-09-03T19:33:51Z,7dac208f0000,rw-p,2048,2048
2026-09-03T19:33:51Z,7dac20af0000,rw-p,1024,1024
2026-09-03T19:33:51Z,7dac20bf0000,rw-p,704,700
2026-09-03T19:33:51Z,7dac20d00000,rw-p,576,572
2026-09-03T19:33:51Z,7dac2c000000,rwxp,7360,6756
2026-09-03T19:33:51Z,7dac34000000,rw-p,4888,4732
2026-09-03T19:33:51Z,7dac396d0000,rw-p,1268,1264
2026-09-03T19:38:51Z,fc000000,rw-p,65536,63796
2026-09-03T19:38:51Z,7dabec000000,rw-p,2276,2276
2026-09-03T19:38:51Z,7dabf4000000,rw-p,2412,2412
2026-09-03T19:38:51Z,7dac00000000,rw-p,7484,7452
2026-09-03T19:38:51Z,7dac0c000000,rw-p,21836,20112
2026-09-03T19:38:51Z,7dac20000000,rw-p,4544,4544
2026-09-03T19:38:51Z,7dac204f0000,rw-p,2048,2048
2026-09-03T19:38:51Z,7dac206f0000,rw-p,1024,1024
2026-09-03T19:38:51Z,7dac208f0000,rw-p,2048,2048
2026-09-03T19:38:51Z,7dac20af0000,rw-p,1024,1024
2026-09-03T19:38:51Z,7dac20bf0000,rw-p,704,700
2026-09-03T19:38:51Z,7dac20d00000,rw-p,576,572
2026-09-03T19:38:51Z,7dac2c000000,rwxp,7360,6756
2026-09-03T19:38:51Z,7dac34000000,rw-p,4888,4732
2026-09-03T19:38:51Z,7dac396d0000,rw-p,1268,1264
2026-09-03T19:43:51Z,fc000000,rw-p,65536,63796
2026-09-03T19:43:51Z,7dabec000000,rw-p,2276,2276
2026-09-03T19:43:51Z,7dabf4000000,rw-p,2412,2412
2026-09-03T19:43:51Z,7dac00000000,rw-p,7484,7452
2026-09-03T19:43:51Z,7dac0c000000,rw-p,21836,20112
2026-09-03T19:43:51Z,7dac20000000,rw-p,4544,4544
2026-09-03T19:43:51Z,7dac204f0000,rw-p,2048,2048
2026-09-03T19:43:51Z,7dac206f0000,rw-p,1024,1024
2026-09-03T19:43:51Z,7dac208f0000,rw-p,2048,2048
2026-09-03T19:43:51Z,7dac20af0000,rw-p,1024,1024
2026-09-03T19:43:51Z,7dac20bf0000,rw-p,704,700
2026-09-03T19:43:51Z,7dac20d00000,rw-p,576,572
2026-09-03T19:43:51Z,7dac2c000000,rwxp,7360,6756
2026-09-03T19:43:51Z,7dac34000000,rw-p,4888,4732
2026-09-03T19:43:51Z,7dac396d0000,rw-p,1268,1264
2026-09-03T19:48:51Z,fc000000,rw-p,65536,63796
2026-09-03T19:48:51Z,7dabec000000,rw-p,2276,2276
2026-09-03T19:48:51Z,7dabf4000000,rw-p,2412,2412
2026-09-03T19:48:51Z,7dac00000000,rw-p,7484,7452
2026-09-03T19:48:51Z,7dac0c000000,rw-p,21836,20112
2026-09-03T19:48:51Z,7dac20000000,rw-p,4544,4544
2026-09-03T19:48:51Z,7dac204f0000,rw-p,2048,2048
2026-09-03T19:48:51Z,7dac206f0000,rw-p,1024,1024
2026-09-03T19:48:51Z,7dac208f0000,rw-p,2048,2048
2026-09-03T19:48:51Z,7dac20af0000,rw-p,1024,1024
2026-09-03T19:48:51Z,7dac20bf0000,rw-p,704,700
2026-09-03T19:48:51Z,7dac20d00000,rw-p,576,572
2026-09-03T19:48:51Z,7dac2c000000,rwxp,7360,6756
2026-09-03T19:48:51Z,7dac34000000,rw-p,4888,4732
2026-09-03T19:48:51Z,7dac396d0000,rw-p,1268,1264
2026-09-03T19:53:51Z,fc000000,rw-p,65536,63796
2026-09-03T19:53:51Z,7dabec000000,rw-p,2276,2276
2026-09-03T19:53:51Z,7dabf4000000,rw-p,2412,2412
2026-09-03T19:53:51Z,7dac00000000,rw-p,7484,7452
2026-09-03T19:53:51Z,7dac0c000000,rw-p,21836,20112
2026-09-03T19:53:51Z,7dac20000000,rw-p,4544,4544
2026-09-03T19:53:51Z,7dac204f0000,rw-p,2048,2048
2026-09-03T19:53:51Z,7dac206f0000,rw-p,1024,1024
2026-09-03T19:53:51Z,7dac208f0000,rw-p,2048,2048
2026-09-03T19:53:51Z,7dac20af0000,rw-p,1024,1024
2026-09-03T19:53:51Z,7dac20bf0000,rw-p,704,700
2026-09-03T19:53:51Z,7dac20d00000,rw-p,576,572
2026-09-03T19:53:51Z,7dac2c000000,rwxp,7360,6756
2026-09-03T19:53:51Z,7dac34000000,rw-p,4888,4732
2026-09-03T19:53:51Z,7dac396d0000,rw-p,1268,1264
2026-09-03T19:58:52Z,fc000000,rw-p,65536,63796
2026-09-03T19:58:52Z,7dabec000000,rw-p,2276,2276
2026-09-03T19:58:52Z,7dabf4000000,rw-p,2412,2412
2026-09-03T19:58:52Z,7dac00000000,rw-p,7484,7452
2026-09-03T19:58:52Z,7dac0c000000,rw-p,21836,20112
2026-09-03T19:58:52Z,7dac20000000,rw-p,4544,4544
2026-09-03T19:58:52Z,7dac204f0000,rw-p,2048,2048
2026-09-03T19:58:52Z,7dac206f0000,rw-p,1024,1024
2026-09-03T19:58:52Z,7dac208f0000,rw-p,2048,2048
2026-09-03T19:58:52Z,7dac20af0000,rw-p,1024,1024
2026-09-03T19:58:52Z,7dac20bf0000,rw-p,704,700
2026-09-03T19:58:52Z,7dac20d00000,rw-p,576,572
2026-09-03T19:58:52Z,7dac2c000000,rwxp,7360,6756
2026-09-03T19:58:52Z,7dac34000000,rw-p,4888,4732
2026-09-03T19:58:52Z,7dac396d0000,rw-p,1268,1264
2026-09-03T20:03:52Z,fc000000,rw-p,65536,63796
2026-09-03T20:03:52Z,7dabec000000,rw-p,2276,2276
2026-09-03T20:03:52Z,7dabf4000000,rw-p,2412,2412
2026-09-03T20:03:52Z,7dac00000000,rw-p,7484,7452
2026-09-03T20:03:52Z,7dac0c000000,rw-p,21836,20112
2026-09-03T20:03:52Z,7dac20000000,rw-p,4544,4544
2026-09-03T20:03:52Z,7dac204f0000,rw-p,2048,2048
2026-09-03T20:03:52Z,7dac206f0000,rw-p,1024,1024
2026-09-03T20:03:52Z,7dac208f0000,rw-p,2048,2048
2026-09-03T20:03:52Z,7dac20af0000,rw-p,1024,1024
2026-09-03T20:03:52Z,7dac20bf0000,rw-p,704,700
2026-09-03T20:03:52Z,7dac20d00000,rw-p,576,572
2026-09-03T20:03:52Z,7dac2c000000,rwxp,7360,6756
2026-09-03T20:03:52Z,7dac34000000,rw-p,4888,4732
2026-09-03T20:03:52Z,7dac396d0000,rw-p,1268,1264
2026-09-03T20:08:52Z,fc000000,rw-p,65536,63796
2026-09-03T20:08:52Z,7dabec000000,rw-p,2276,2276
2026-09-03T20:08:52Z,7dabf4000000,rw-p,2412,2412
2026-09-03T20:08:52Z,7dac00000000,rw-p,7484,7452
2026-09-03T20:08:52Z,7dac0c000000,rw-p,21836,20112
2026-09-03T20:08:52Z,7dac20000000,rw-p,4544,4544
2026-09-03T20:08:52Z,7dac204f0000,rw-p,2048,2048
2026-09-03T20:08:52Z,7dac206f0000,rw-p,1024,1024
2026-09-03T20:08:52Z,7dac208f0000,rw-p,2048,2048
2026-09-03T20:08:52Z,7dac20af0000,rw-p,1024,1024
2026-09-03T20:08:52Z,7dac20bf0000,rw-p,704,700
2026-09-03T20:08:52Z,7dac20d00000,rw-p,576,572
2026-09-03T20:08:52Z,7dac2c000000,rwxp,7360,6756
2026-09-03T20:08:52Z,7dac34000000,rw-p,4888,4732
2026-09-03T20:08:52Z,7dac396d0000,rw-p,1268,1264
2026-09-03T20:13:52Z,fc000000,rw-p,65536,63796
2026-09-03T20:13:52Z,7dabec000000,rw-p,2276,2276
2026-09-03T20:13:52Z,7dabf4000000,rw-p,2412,2412
2026-09-03T20:13:52Z,7dac00000000,rw-p,7484,7452
2026-09-03T20:13:52Z,7dac0c000000,rw-p,21836,20112
2026-09-03T20:13:52Z,7dac20000000,rw-p,4544,4544
2026-09-03T20:13:52Z,7dac204f0000,rw-p,2048,2048
2026-09-03T20:13:52Z,7dac206f0000,rw-p,1024,1024
2026-09-03T20:13:52Z,7dac208f0000,rw-p,2048,2048
2026-09-03T20:13:52Z,7dac20af0000,rw-p,1024,1024
2026-09-03T20:13:52Z,7dac20bf0000,rw-p,704,700
2026-09-03T20:13:52Z,7dac20d00000,rw-p,576,572
2026-09-03T20:13:52Z,7dac2c000000,rwxp,7360,6756
2026-09-03T20:13:52Z,7dac34000000,rw-p,4888,4732
2026-09-03T20:13:52Z,7dac396d0000,rw-p,1268,1264
2026-09-03T20:18:52Z,fc000000,rw-p,65536,63796
2026-09-03T20:18:52Z,7dabec000000,rw-p,2276,2276
2026-09-03T20:18:52Z,7dabf4000000,rw-p,2412,2412
2026-09-03T20:18:52Z,7dac00000000,rw-p,7484,7452
2026-09-03T20:18:52Z,7dac0c000000,rw-p,21836,20112
2026-09-03T20:18:52Z,7dac20000000,rw-p,4544,4544
2026-09-03T20:18:52Z,7dac204f0000,rw-p,2048,2048
2026-09-03T20:18:52Z,7dac206f0000,rw-p,1024,1024
2026-09-03T20:18:52Z,7dac208f0000,rw-p,2048,2048
2026-09-03T20:18:52Z,7dac20af0000,rw-p,1024,1024
2026-09-03T20:18:52Z,7dac20bf0000,rw-p,704,700
2026-09-03T20:18:52Z,7dac20d00000,rw-p,576,572
2026-09-03T20:18:52Z,7dac2c000000,rwxp,7360,6756
2026-09-03T20:18:52Z,7dac34000000,rw-p,4888,4732
2026-09-03T20:18:52Z,7dac396d0000,rw-p,1268,1264
2026-09-03T20:23:52Z,fc000000,rw-p,65536,63796
2026-09-03T20:23:52Z,7dabec000000,rw-p,2276,2276
2026-09-03T20:23:52Z,7dabf4000000,rw-p,2412,2412
2026-09-03T20:23:52Z,7dac00000000,rw-p,7484,7452
2026-09-03T20:23:52Z,7dac0c000000,rw-p,21836,20112
2026-09-03T20:23:52Z,7dac20000000,rw-p,4544,4544
2026-09-03T20:23:52Z,7dac204f0000,rw-p,2048,2048
2026-09-03T20:23:52Z,7dac206f0000,rw-p,1024,1024
2026-09-03T20:23:52Z,7dac208f0000,rw-p,2048,2048
2026-09-03T20:23:52Z,7dac20af0000,rw-p,1024,1024
2026-09-03T20:23:52Z,7dac20bf0000,rw-p,704,700
2026-09-03T20:23:52Z,7dac20d00000,rw-p,576,572
2026-09-03T20:23:52Z,7dac2c000000,rwxp,7360,6756
2026-09-03T20:23:52Z,7dac34000000,rw-p,4888,4732
2026-09-03T20:23:52Z,7dac396d0000,rw-p,1268,1264
2026-09-03T20:28:52Z,fc000000,rw-p,65536,63796
2026-09-03T20:28:52Z,7dabec000000,rw-p,2276,2276
2026-09-03T20:28:52Z,7dabf4000000,rw-p,2412,2412
2026-09-03T20:28:52Z,7dac00000000,rw-p,7484,7452
2026-09-03T20:28:52Z,7dac0c000000,rw-p,21836,20112
2026-09-03T20:28:52Z,7dac20000000,rw-p,4544,4544
2026-09-03T20:28:52Z,7dac204f0000,rw-p,2048,2048
2026-09-03T20:28:52Z,7dac206f0000,rw-p,1024,1024
2026-09-03T20:28:52Z,7dac208f0000,rw-p,2048,2048
2026-09-03T20:28:52Z,7dac20af0000,rw-p,1024,1024
2026-09-03T20:28:52Z,7dac20bf0000,rw-p,704,700
2026-09-03T20:28:52Z,7dac20d00000,rw-p,576,572
2026-09-03T20:28:52Z,7dac2c000000,rwxp,7360,6756
2026-09-03T20:28:52Z,7dac34000000,rw-p,4888,4732
2026-09-03T20:28:52Z,7dac396d0000,rw-p,1268,1264
2026-09-03T20:33:52Z,fc000000,rw-p,65536,63796
2026-09-03T20:33:52Z,7dabec000000,rw-p,2276,2276
2026-09-03T20:33:52Z,7dabf4000000,rw-p,2412,2412
2026-09-03T20:33:52Z,7dac00000000,rw-p,7484,7452
2026-09-03T20:33:52Z,7dac0c000000,rw-p,21836,20112
2026-09-03T20:33:52Z,7dac20000000,rw-p,4544,4544
2026-09-03T20:33:52Z,7dac204f0000,rw-p,2048,2048
2026-09-03T20:33:52Z,7dac206f0000,rw-p,1024,1024
2026-09-03T20:33:52Z,7dac208f0000,rw-p,2048,2048
2026-09-03T20:33:52Z,7dac20af0000,rw-p,1024,1024
2026-09-03T20:33:52Z,7dac20bf0000,rw-p,704,700
2026-09-03T20:33:52Z,7dac20d00000,rw-p,576,572
2026-09-03T20:33:52Z,7dac2c000000,rwxp,7360,6756
2026-09-03T20:33:52Z,7dac34000000,rw-p,4888,4732
2026-09-03T20:33:52Z,7dac396d0000,rw-p,1268,1264
2026-09-03T20:38:52Z,fc000000,rw-p,65536,63796
2026-09-03T20:38:52Z,7dabec000000,rw-p,2276,2276
2026-09-03T20:38:52Z,7dabf4000000,rw-p,2412,2412
2026-09-03T20:38:52Z,7dac00000000,rw-p,7484,7452
2026-09-03T20:38:52Z,7dac0c000000,rw-p,21836,20112
2026-09-03T20:38:52Z,7dac20000000,rw-p,4544,4544
2026-09-03T20:38:52Z,7dac204f0000,rw-p,2048,2048
2026-09-03T20:38:52Z,7dac206f0000,rw-p,1024,1024
2026-09-03T20:38:52Z,7dac208f0000,rw-p,2048,2048
2026-09-03T20:38:52Z,7dac20af0000,rw-p,1024,1024
2026-09-03T20:38:52Z,7dac20bf0000,rw-p,704,700
2026-09-03T20:38:52Z,7dac20d00000,rw-p,576,572
2026-09-03T20:38:52Z,7dac2c000000,rwxp,7360,6756
2026-09-03T20:38:52Z,7dac34000000,rw-p,4888,4732
2026-09-03T20:38:52Z,7dac396d0000,rw-p,1268,1264
2026-09-03T20:43:52Z,fc000000,rw-p,65536,63796
2026-09-03T20:43:52Z,7dabec000000,rw-p,2276,2276
2026-09-03T20:43:52Z,7dabf4000000,rw-p,2412,2412
2026-09-03T20:43:52Z,7dac00000000,rw-p,7484,7452
2026-09-03T20:43:52Z,7dac0c000000,rw-p,21836,20112
2026-09-03T20:43:52Z,7dac20000000,rw-p,4544,4544
2026-09-03T20:43:52Z,7dac204f0000,rw-p,2048,2048
2026-09-03T20:43:52Z,7dac206f0000,rw-p,1024,1024
2026-09-03T20:43:52Z,7dac208f0000,rw-p,2048,2048
2026-09-03T20:43:52Z,7dac20af0000,rw-p,1024,1024
2026-09-03T20:43:52Z,7dac20bf0000,rw-p,704,700
2026-09-03T20:43:52Z,7dac20d00000,rw-p,576,572
2026-09-03T20:43:52Z,7dac2c000000,rwxp,7360,6756
2026-09-03T20:43:52Z,7dac34000000,rw-p,4888,4732
2026-09-03T20:43:52Z,7dac396d0000,rw-p,1268,1264
2026-09-03T20:48:53Z,fc000000,rw-p,65536,63796
2026-09-03T20:48:53Z,7dabec000000,rw-p,2276,2276
2026-09-03T20:48:53Z,7dabf4000000,rw-p,2412,2412
2026-09-03T20:48:53Z,7dac00000000,rw-p,7484,7452
2026-09-03T20:48:53Z,7dac0c000000,rw-p,21836,20112
2026-09-03T20:48:53Z,7dac20000000,rw-p,4544,4544
2026-09-03T20:48:53Z,7dac204f0000,rw-p,2048,2048
2026-09-03T20:48:53Z,7dac206f0000,rw-p,1024,1024
2026-09-03T20:48:53Z,7dac208f0000,rw-p,2048,2048
2026-09-03T20:48:53Z,7dac20af0000,rw-p,1024,1024
2026-09-03T20:48:53Z,7dac20bf0000,rw-p,704,700
2026-09-03T20:48:53Z,7dac20d00000,rw-p,576,572
2026-09-03T20:48:53Z,7dac2c000000,rwxp,7360,6756
2026-09-03T20:48:53Z,7dac34000000,rw-p,4888,4732
2026-09-03T20:48:53Z,7dac396d0000,rw-p,1268,1264
2026-09-03T20:53:53Z,fc000000,rw-p,65536,63796
2026-09-03T20:53:53Z,7dabec000000,rw-p,2276,2276
2026-09-03T20:53:53Z,7dabf4000000,rw-p,2412,2412
2026-09-03T20:53:53Z,7dac00000000,rw-p,7484,7452
2026-09-03T20:53:53Z,7dac0c000000,rw-p,21836,20112
2026-09-03T20:53:53Z,7dac20000000,rw-p,4544,4544
2026-09-03T20:53:53Z,7dac204f0000,rw-p,2048,2048
2026-09-03T20:53:53Z,7dac206f0000,rw-p,1024,1024
2026-09-03T20:53:53Z,7dac208f0000,rw-p,2048,2048
2026-09-03T20:53:53Z,7dac20af0000,rw-p,1024,1024
2026-09-03T20:53:53Z,7dac20bf0000,rw-p,704,700
2026-09-03T20:53:53Z,7dac20d00000,rw-p,576,572
2026-09-03T20:53:53Z,7dac2c000000,rwxp,7360,6756
2026-09-03T20:53:53Z,7dac34000000,rw-p,4888,4732
2026-09-03T20:53:53Z,7dac396d0000,rw-p,1268,1264
2026-09-03T20:58:53Z,fc000000,rw-p,65536,63796
2026-09-03T20:58:53Z,7dabec000000,rw-p,2276,2276
2026-09-03T20:58:53Z,7dabf4000000,rw-p,2412,2412
2026-09-03T20:58:53Z,7dac00000000,rw-p,7484,7452
2026-09-03T20:58:53Z,7dac0c000000,rw-p,21836,20112
2026-09-03T20:58:53Z,7dac20000000,rw-p,4544,4544
2026-09-03T20:58:53Z,7dac204f0000,rw-p,2048,2048
2026-09-03T20:58:53Z,7dac206f0000,rw-p,1024,1024
2026-09-03T20:58:53Z,7dac208f0000,rw-p,2048,2048
2026-09-03T20:58:53Z,7dac20af0000,rw-p,1024,1024
2026-09-03T20:58:53Z,7dac20bf0000,rw-p,704,700
2026-09-03T20:58:53Z,7dac20d00000,rw-p,576,572
2026-09-03T20:58:53Z,7dac2c000000,rwxp,7360,6756
2026-09-03T20:58:53Z,7dac34000000,rw-p,4888,4732
2026-09-03T20:58:53Z,7dac396d0000,rw-p,1268,1264
2026-09-03T21:03:53Z,fc000000,rw-p,65536,63796
2026-09-03T21:03:53Z,7dabec000000,rw-p,2276,2276
2026-09-03T21:03:53Z,7dabf4000000,rw-p,2412,2412
2026-09-03T21:03:53Z,7dac00000000,rw-p,7484,7452
2026-09-03T21:03:53Z,7dac0c000000,rw-p,21836,20112
2026-09-03T21:03:53Z,7dac20000000,rw-p,4544,4544
2026-09-03T21:03:53Z,7dac204f0000,rw-p,2048,2048
2026-09-03T21:03:53Z,7dac206f0000,rw-p,1024,1024
2026-09-03T21:03:53Z,7dac208f0000,rw-p,2048,2048
2026-09-03T21:03:53Z,7dac20af0000,rw-p,1024,1024
2026-09-03T21:03:53Z,7dac20bf0000,rw-p,704,700
2026-09-03T21:03:53Z,7dac20d00000,rw-p,576,572
2026-09-03T21:03:53Z,7dac2c000000,rwxp,7360,6756
2026-09-03T21:03:53Z,7dac34000000,rw-p,4888,4732
2026-09-03T21:03:53Z,7dac396d0000,rw-p,1268,1264
2026-09-03T21:08:53Z,fc000000,rw-p,65536,63796
2026-09-03T21:08:53Z,7dabec000000,rw-p,2276,2276
2026-09-03T21:08:53Z,7dabf4000000,rw-p,2412,2412
2026-09-03T21:08:53Z,7dac00000000,rw-p,7484,7452
2026-09-03T21:08:53Z,7dac0c000000,rw-p,21836,20112
2026-09-03T21:08:53Z,7dac20000000,rw-p,4544,4544
2026-09-03T21:08:53Z,7dac204f0000,rw-p,2048,2048
2026-09-03T21:08:53Z,7dac206f0000,rw-p,1024,1024
2026-09-03T21:08:53Z,7dac208f0000,rw-p,2048,2048
2026-09-03T21:08:53Z,7dac20af0000,rw-p,1024,1024
2026-09-03T21:08:53Z,7dac20bf0000,rw-p,704,700
2026-09-03T21:08:53Z,7dac20d00000,rw-p,576,572
2026-09-03T21:08:53Z,7dac2c000000,rwxp,7360,6756
2026-09-03T21:08:53Z,7dac34000000,rw-p,4888,4732
2026-09-03T21:08:53Z,7dac396d0000,rw-p,1268,1264
2026-09-03T21:13:53Z,fc000000,rw-p,65536,63796
2026-09-03T21:13:53Z,7dabec000000,rw-p,2276,2276
2026-09-03T21:13:53Z,7dabf4000000,rw-p,2412,2412
2026-09-03T21:13:53Z,7dac00000000,rw-p,7484,7452
2026-09-03T21:13:53Z,7dac0c000000,rw-p,21836,20112
2026-09-03T21:13:53Z,7dac20000000,rw-p,4544,4544
2026-09-03T21:13:53Z,7dac204f0000,rw-p,2048,2048
2026-09-03T21:13:53Z,7dac206f0000,rw-p,1024,1024
2026-09-03T21:13:53Z,7dac208f0000,rw-p,2048,2048
2026-09-03T21:13:53Z,7dac20af0000,rw-p,1024,1024
2026-09-03T21:13:53Z,7dac20bf0000,rw-p,704,700
2026-09-03T21:13:53Z,7dac20d00000,rw-p,576,572
2026-09-03T21:13:53Z,7dac2c000000,rwxp,7360,6756
2026-09-03T21:13:53Z,7dac34000000,rw-p,4888,4732
2026-09-03T21:13:53Z,7dac396d0000,rw-p,1268,1264
2026-09-03T21:18:53Z,fc000000,rw-p,65536,63796
2026-09-03T21:18:53Z,7dabec000000,rw-p,2276,2276
2026-09-03T21:18:53Z,7dabf4000000,rw-p,2412,2412
2026-09-03T21:18:53Z,7dac00000000,rw-p,7484,7452
2026-09-03T21:18:53Z,7dac0c000000,rw-p,21836,20112
2026-09-03T21:18:53Z,7dac20000000,rw-p,4544,4544
2026-09-03T21:18:53Z,7dac204f0000,rw-p,2048,2048
2026-09-03T21:18:53Z,7dac206f0000,rw-p,1024,1024
2026-09-03T21:18:53Z,7dac208f0000,rw-p,2048,2048
2026-09-03T21:18:53Z,7dac20af0000,rw-p,1024,1024
2026-09-03T21:18:53Z,7dac20bf0000,rw-p,704,700
2026-09-03T21:18:53Z,7dac20d00000,rw-p,576,572
2026-09-03T21:18:53Z,7dac2c000000,rwxp,7360,6756
2026-09-03T21:18:53Z,7dac34000000,rw-p,4888,4732
2026-09-03T21:18:53Z,7dac396d0000,rw-p,1268,1264
2026-09-03T21:23:53Z,fc000000,rw-p,65536,63796
2026-09-03T21:23:53Z,7dabec000000,rw-p,2276,2276
2026-09-03T21:23:53Z,7dabf4000000,rw-p,2412,2412
2026-09-03T21:23:53Z,7dac00000000,rw-p,7484,7452
2026-09-03T21:23:53Z,7dac0c000000,rw-p,21836,20112
2026-09-03T21:23:53Z,7dac20000000,rw-p,4544,4544
2026-09-03T21:23:53Z,7dac204f0000,rw-p,2048,2048
2026-09-03T21:23:53Z,7dac206f0000,rw-p,1024,1024
2026-09-03T21:23:53Z,7dac208f0000,rw-p,2048,2048
2026-09-03T21:23:53Z,7dac20af0000,rw-p,1024,1024
2026-09-03T21:23:53Z,7dac20bf0000,rw-p,704,700
2026-09-03T21:23:53Z,7dac20d00000,rw-p,576,572
2026-09-03T21:23:53Z,7dac2c000000,rwxp,7360,6756
2026-09-03T21:23:53Z,7dac34000000,rw-p,4888,4732
2026-09-03T21:23:53Z,7dac396d0000,rw-p,1268,1264
2026-09-03T21:28:53Z,fc000000,rw-p,65536,63796
2026-09-03T21:28:53Z,7dabec000000,rw-p,2276,2276
2026-09-03T21:28:53Z,7dabf4000000,rw-p,2412,2412
2026-09-03T21:28:53Z,7dac00000000,rw-p,7484,7452
2026-09-03T21:28:53Z,7dac0c000000,rw-p,21836,20112
2026-09-03T21:28:53Z,7dac20000000,rw-p,4544,4544
2026-09-03T21:28:53Z,7dac204f0000,rw-p,2048,2048
2026-09-03T21:28:53Z,7dac206f0000,rw-p,1024,1024
2026-09-03T21:28:53Z,7dac208f0000,rw-p,2048,2048
2026-09-03T21:28:53Z,7dac20af0000,rw-p,1024,1024
2026-09-03T21:28:53Z,7dac20bf0000,rw-p,704,700
2026-09-03T21:28:53Z,7dac20d00000,rw-p,576,572
2026-09-03T21:28:53Z,7dac2c000000,rwxp,7360,6756
2026-09-03T21:28:53Z,7dac34000000,rw-p,4888,4732
2026-09-03T21:28:53Z,7dac396d0000,rw-p,1268,1264
2026-09-03T21:33:53Z,fc000000,rw-p,65536,63796
2026-09-03T21:33:53Z,7dabec000000,rw-p,2276,2276
2026-09-03T21:33:53Z,7dabf4000000,rw-p,2412,2412
2026-09-03T21:33:53Z,7dac00000000,rw-p,7484,7452
2026-09-03T21:33:53Z,7dac0c000000,rw-p,21836,20112
2026-09-03T21:33:53Z,7dac20000000,rw-p,4544,4544
2026-09-03T21:33:53Z,7dac204f0000,rw-p,2048,2048
2026-09-03T21:33:53Z,7dac206f0000,rw-p,1024,1024
2026-09-03T21:33:53Z,7dac208f0000,rw-p,2048,2048
2026-09-03T21:33:53Z,7dac20af0000,rw-p,1024,1024
2026-09-03T21:33:53Z,7dac20bf0000,rw-p,704,700
2026-09-03T21:33:53Z,7dac20d00000,rw-p,576,572
2026-09-03T21:33:53Z,7dac2c000000,rwxp,7360,6756
2026-09-03T21:33:53Z,7dac34000000,rw-p,4888,4732
2026-09-03T21:33:53Z,7dac396d0000,rw-p,1268,1264
2026-09-03T21:38:54Z,fc000000,rw-p,65536,63796
2026-09-03T21:38:54Z,7dabec000000,rw-p,2276,2276
2026-09-03T21:38:54Z,7dabf4000000,rw-p,2412,2412
2026-09-03T21:38:54Z,7dac00000000,rw-p,7484,7452
2026-09-03T21:38:54Z,7dac0c000000,rw-p,21836,20112
2026-09-03T21:38:54Z,7dac20000000,rw-p,4544,4544
2026-09-03T21:38:54Z,7dac204f0000,rw-p,2048,2048
2026-09-03T21:38:54Z,7dac206f0000,rw-p,1024,1024
2026-09-03T21:38:54Z,7dac208f0000,rw-p,2048,2048
2026-09-03T21:38:54Z,7dac20af0000,rw-p,1024,1024
2026-09-03T21:38:54Z,7dac20bf0000,rw-p,704,700
2026-09-03T21:38:54Z,7dac20d00000,rw-p,576,572
2026-09-03T21:38:54Z,7dac2c000000,rwxp,7360,6756
2026-09-03T21:38:54Z,7dac34000000,rw-p,4888,4732
2026-09-03T21:38:54Z,7dac396d0000,rw-p,1268,1264
2026-09-03T21:43:54Z,fc000000,rw-p,65536,63796
2026-09-03T21:43:54Z,7dabec000000,rw-p,2276,2276
2026-09-03T21:43:54Z,7dabf4000000,rw-p,2412,2412
2026-09-03T21:43:54Z,7dac00000000,rw-p,7484,7452
2026-09-03T21:43:54Z,7dac0c000000,rw-p,21836,20112
2026-09-03T21:43:54Z,7dac20000000,rw-p,4544,4544
2026-09-03T21:43:54Z,7dac204f0000,rw-p,2048,2048
2026-09-03T21:43:54Z,7dac206f0000,rw-p,1024,1024
2026-09-03T21:43:54Z,7dac208f0000,rw-p,2048,2048
2026-09-03T21:43:54Z,7dac20af0000,rw-p,1024,1024
2026-09-03T21:43:54Z,7dac20bf0000,rw-p,704,700
2026-09-03T21:43:54Z,7dac20d00000,rw-p,576,572
2026-09-03T21:43:54Z,7dac2c000000,rwxp,7360,6756
2026-09-03T21:43:54Z,7dac34000000,rw-p,4888,4732
2026-09-03T21:43:54Z,7dac396d0000,rw-p,1268,1264
2026-09-03T21:48:54Z,fc000000,rw-p,65536,63796
2026-09-03T21:48:54Z,7dabec000000,rw-p,2276,2276
2026-09-03T21:48:54Z,7dabf4000000,rw-p,2412,2412
2026-09-03T21:48:54Z,7dac00000000,rw-p,7484,7452
2026-09-03T21:48:54Z,7dac0c000000,rw-p,21836,20112
2026-09-03T21:48:54Z,7dac20000000,rw-p,4544,4544
2026-09-03T21:48:54Z,7dac204f0000,rw-p,2048,2048
2026-09-03T21:48:54Z,7dac206f0000,rw-p,1024,1024
2026-09-03T21:48:54Z,7dac208f0000,rw-p,2048,2048
2026-09-03T21:48:54Z,7dac20af0000,rw-p,1024,1024
2026-09-03T21:48:54Z,7dac20bf0000,rw-p,704,700
2026-09-03T21:48:54Z,7dac20d00000,rw-p,576,572
2026-09-03T21:48:54Z,7dac2c000000,rwxp,7360,6756
2026-09-03T21:48:54Z,7dac34000000,rw-p,4888,4732
2026-09-03T21:48:54Z,7dac396d0000,rw-p,1268,1264
2026-09-03T21:53:54Z,fc000000,rw-p,65536,63796
2026-09-03T21:53:54Z,7dabec000000,rw-p,2276,2276
2026-09-03T21:53:54Z,7dabf4000000,rw-p,2412,2412
2026-09-03T21:53:54Z,7dac00000000,rw-p,7484,7452
2026-09-03T21:53:54Z,7dac0c000000,rw-p,21836,20112
2026-09-03T21:53:54Z,7dac20000000,rw-p,4544,4544
2026-09-03T21:53:54Z,7dac204f0000,rw-p,2048,2048
2026-09-03T21:53:54Z,7dac206f0000,rw-p,1024,1024
2026-09-03T21:53:54Z,7dac208f0000,rw-p,2048,2048
2026-09-03T21:53:54Z,7dac20af0000,rw-p,1024,1024
2026-09-03T21:53:54Z,7dac20bf0000,rw-p,704,700
2026-09-03T21:53:54Z,7dac20d00000,rw-p,576,572
2026-09-03T21:53:54Z,7dac2c000000,rwxp,7360,6756
2026-09-03T21:53:54Z,7dac34000000,rw-p,4888,4732
2026-09-03T21:53:54Z,7dac396d0000,rw-p,1268,1264
2026-09-03T21:58:54Z,fc000000,rw-p,65536,63796
2026-09-03T21:58:54Z,7dabec000000,rw-p,2276,2276
2026-09-03T21:58:54Z,7dabf4000000,rw-p,2412,2412
2026-09-03T21:58:54Z,7dac00000000,rw-p,7484,7452
2026-09-03T21:58:54Z,7dac0c000000,rw-p,21836,20112
2026-09-03T21:58:54Z,7dac20000000,rw-p,4544,4544
2026-09-03T21:58:54Z,7dac204f0000,rw-p,2048,2048
2026-09-03T21:58:54Z,7dac206f0000,rw-p,1024,1024
2026-09-03T21:58:54Z,7dac208f0000,rw-p,2048,2048
2026-09-03T21:58:54Z,7dac20af0000,rw-p,1024,1024
2026-09-03T21:58:54Z,7dac20bf0000,rw-p,704,700
2026-09-03T21:58:54Z,7dac20d00000,rw-p,576,572
2026-09-03T21:58:54Z,7dac2c000000,rwxp,7360,6756
2026-09-03T21:58:54Z,7dac34000000,rw-p,4888,4732
2026-09-03T21:58:54Z,7dac396d0000,rw-p,1268,1264
2026-09-03T22:03:54Z,fc000000,rw-p,65536,63796
2026-09-03T22:03:54Z,7dabec000000,rw-p,2276,2276
2026-09-03T22:03:54Z,7dabf4000000,rw-p,2412,2412
2026-09-03T22:03:54Z,7dac00000000,rw-p,7484,7452
2026-09-03T22:03:54Z,7dac0c000000,rw-p,21836,20112
2026-09-03T22:03:54Z,7dac20000000,rw-p,4544,4544
2026-09-03T22:03:54Z,7dac204f0000,rw-p,2048,2048
2026-09-03T22:03:54Z,7dac206f0000,rw-p,1024,1024
2026-09-03T22:03:54Z,7dac208f0000,rw-p,2048,2048
2026-09-03T22:03:54Z,7dac20af0000,rw-p,1024,1024
2026-09-03T22:03:54Z,7dac20bf0000,rw-p,704,700
2026-09-03T22:03:54Z,7dac20d00000,rw-p,576,572
2026-09-03T22:03:54Z,7dac2c000000,rwxp,7360,6756
2026-09-03T22:03:54Z,7dac34000000,rw-p,4888,4732
2026-09-03T22:03:54Z,7dac396d0000,rw-p,1268,1264
2026-09-03T22:08:54Z,fc000000,rw-p,65536,63796
2026-09-03T22:08:54Z,7dabec000000,rw-p,2276,2276
2026-09-03T22:08:54Z,7dabf4000000,rw-p,2412,2412
2026-09-03T22:08:54Z,7dac00000000,rw-p,7484,7452
2026-09-03T22:08:54Z,7dac0c000000,rw-p,21836,20112
2026-09-03T22:08:54Z,7dac20000000,rw-p,4544,4544
2026-09-03T22:08:54Z,7dac204f0000,rw-p,2048,2048
2026-09-03T22:08:54Z,7dac206f0000,rw-p,1024,1024
2026-09-03T22:08:54Z,7dac208f0000,rw-p,2048,2048
2026-09-03T22:08:54Z,7dac20af0000,rw-p,1024,1024
2026-09-03T22:08:54Z,7dac20bf0000,rw-p,704,700
2026-09-03T22:08:54Z,7dac20d00000,rw-p,576,572
2026-09-03T22:08:54Z,7dac2c000000,rwxp,7360,6756
2026-09-03T22:08:54Z,7dac34000000,rw-p,4888,4732
2026-09-03T22:08:54Z,7dac396d0000,rw-p,1268,1264
2026-09-03T22:13:54Z,fc000000,rw-p,65536,63796
2026-09-03T22:13:54Z,7dabec000000,rw-p,2276,2276
2026-09-03T22:13:54Z,7dabf4000000,rw-p,2412,2412
2026-09-03T22:13:54Z,7dac00000000,rw-p,7484,7452
2026-09-03T22:13:54Z,7dac0c000000,rw-p,21836,20112
2026-09-03T22:13:54Z,7dac20000000,rw-p,4544,4544
2026-09-03T22:13:54Z,7dac204f0000,rw-p,2048,2048
2026-09-03T22:13:54Z,7dac206f0000,rw-p,1024,1024
2026-09-03T22:13:54Z,7dac208f0000,rw-p,2048,2048
2026-09-03T22:13:54Z,7dac20af0000,rw-p,1024,1024
2026-09-03T22:13:54Z,7dac20bf0000,rw-p,704,700
2026-09-03T22:13:54Z,7dac20d00000,rw-p,576,572
2026-09-03T22:13:54Z,7dac2c000000,rwxp,7360,6756
2026-09-03T22:13:54Z,7dac34000000,rw-p,4888,4732
2026-09-03T22:13:54Z,7dac396d0000,rw-p,1268,1264
2026-09-03T22:18:54Z,fc000000,rw-p,65536,63796
2026-09-03T22:18:54Z,7dabec000000,rw-p,2276,2276
2026-09-03T22:18:54Z,7dabf4000000,rw-p,2412,2412
2026-09-03T22:18:54Z,7dac00000000,rw-p,7484,7452
2026-09-03T22:18:54Z,7dac0c000000,rw-p,21836,20112
2026-09-03T22:18:54Z,7dac20000000,rw-p,4544,4544
2026-09-03T22:18:54Z,7dac204f0000,rw-p,2048,2048
2026-09-03T22:18:54Z,7dac206f0000,rw-p,1024,1024
2026-09-03T22:18:54Z,7dac208f0000,rw-p,2048,2048
2026-09-03T22:18:54Z,7dac20af0000,rw-p,1024,1024
2026-09-03T22:18:54Z,7dac20bf0000,rw-p,704,700
2026-09-03T22:18:54Z,7dac20d00000,rw-p,576,572
2026-09-03T22:18:54Z,7dac2c000000,rwxp,7360,6756
2026-09-03T22:18:54Z,7dac34000000,rw-p,4888,4732
2026-09-03T22:18:54Z,7dac396d0000,rw-p,1268,1264
2026-09-03T22:23:54Z,fc000000,rw-p,65536,63796
2026-09-03T22:23:54Z,7dabec000000,rw-p,2276,2276
2026-09-03T22:23:54Z,7dabf4000000,rw-p,2412,2412
2026-09-03T22:23:54Z,7dac00000000,rw-p,7484,7452
2026-09-03T22:23:54Z,7dac0c000000,rw-p,21836,20112
2026-09-03T22:23:54Z,7dac20000000,rw-p,4544,4544
2026-09-03T22:23:54Z,7dac204f0000,rw-p,2048,2048
2026-09-03T22:23:54Z,7dac206f0000,rw-p,1024,1024
2026-09-03T22:23:54Z,7dac208f0000,rw-p,2048,2048
2026-09-03T22:23:54Z,7dac20af0000,rw-p,1024,1024
2026-09-03T22:23:54Z,7dac20bf0000,rw-p,704,700
2026-09-03T22:23:54Z,7dac20d00000,rw-p,576,572
2026-09-03T22:23:54Z,7dac2c000000,rwxp,7360,6756
2026-09-03T22:23:54Z,7dac34000000,rw-p,4888,4732
2026-09-03T22:23:54Z,7dac396d0000,rw-p,1268,1264
2026-09-03T22:28:55Z,fc000000,rw-p,65536,63796
2026-09-03T22:28:55Z,7dabec000000,rw-p,2276,2276
2026-09-03T22:28:55Z,7dabf4000000,rw-p,2412,2412
2026-09-03T22:28:55Z,7dac00000000,rw-p,7484,7452
2026-09-03T22:28:55Z,7dac0c000000,rw-p,21836,20112
2026-09-03T22:28:55Z,7dac20000000,rw-p,4544,4544
2026-09-03T22:28:55Z,7dac204f0000,rw-p,2048,2048
2026-09-03T22:28:55Z,7dac206f0000,rw-p,1024,1024
2026-09-03T22:28:55Z,7dac208f0000,rw-p,2048,2048
2026-09-03T22:28:55Z,7dac20af0000,rw-p,1024,1024
2026-09-03T22:28:55Z,7dac20bf0000,rw-p,704,700
2026-09-03T22:28:55Z,7dac20d00000,rw-p,576,572
2026-09-03T22:28:55Z,7dac2c000000,rwxp,7360,6756
2026-09-03T22:28:55Z,7dac34000000,rw-p,4888,4732
2026-09-03T22:28:55Z,7dac396d0000,rw-p,1268,1264
2026-09-03T22:33:55Z,fc000000,rw-p,65536,63796
2026-09-03T22:33:55Z,7dabec000000,rw-p,2276,2276
2026-09-03T22:33:55Z,7dabf4000000,rw-p,2412,2412
2026-09-03T22:33:55Z,7dac00000000,rw-p,7484,7452
2026-09-03T22:33:55Z,7dac0c000000,rw-p,21836,20112
2026-09-03T22:33:55Z,7dac20000000,rw-p,4544,4544
2026-09-03T22:33:55Z,7dac204f0000,rw-p,2048,2048
2026-09-03T22:33:55Z,7dac206f0000,rw-p,1024,1024
2026-09-03T22:33:55Z,7dac208f0000,rw-p,2048,2048
2026-09-03T22:33:55Z,7dac20af0000,rw-p,1024,1024
2026-09-03T22:33:55Z,7dac20bf0000,rw-p,704,700
2026-09-03T22:33:55Z,7dac20d00000,rw-p,576,572
2026-09-03T22:33:55Z,7dac2c000000,rwxp,7360,6756
2026-09-03T22:33:55Z,7dac34000000,rw-p,4888,4732
2026-09-03T22:33:55Z,7dac396d0000,rw-p,1268,1264
2026-09-03T22:38:55Z,fc000000,rw-p,65536,63796
2026-09-03T22:38:55Z,7dabec000000,rw-p,2276,2276
2026-09-03T22:38:55Z,7dabf4000000,rw-p,2412,2412
2026-09-03T22:38:55Z,7dac00000000,rw-p,7484,7452
2026-09-03T22:38:55Z,7dac0c000000,rw-p,21836,20112
2026-09-03T22:38:55Z,7dac20000000,rw-p,4544,4544
2026-09-03T22:38:55Z,7dac204f0000,rw-p,2048,2048
2026-09-03T22:38:55Z,7dac206f0000,rw-p,1024,1024
2026-09-03T22:38:55Z,7dac208f0000,rw-p,2048,2048
2026-09-03T22:38:55Z,7dac20af0000,rw-p,1024,1024
2026-09-03T22:38:55Z,7dac20bf0000,rw-p,704,700
2026-09-03T22:38:55Z,7dac20d00000,rw-p,576,572
2026-09-03T22:38:55Z,7dac2c000000,rwxp,7360,6756
2026-09-03T22:38:55Z,7dac34000000,rw-p,4888,4732
2026-09-03T22:38:55Z,7dac396d0000,rw-p,1268,1264
2026-09-03T22:43:55Z,fc000000,rw-p,65536,63796
2026-09-03T22:43:55Z,7dabec000000,rw-p,2276,2276
2026-09-03T22:43:55Z,7dabf4000000,rw-p,2412,2412
2026-09-03T22:43:55Z,7dac00000000,rw-p,7484,7452
2026-09-03T22:43:55Z,7dac0c000000,rw-p,21836,20112
2026-09-03T22:43:55Z,7dac20000000,rw-p,4544,4544
2026-09-03T22:43:55Z,7dac204f0000,rw-p,2048,2048
2026-09-03T22:43:55Z,7dac206f0000,rw-p,1024,1024
2026-09-03T22:43:55Z,7dac208f0000,rw-p,2048,2048
2026-09-03T22:43:55Z,7dac20af0000,rw-p,1024,1024
2026-09-03T22:43:55Z,7dac20bf0000,rw-p,704,700
2026-09-03T22:43:55Z,7dac20d00000,rw-p,576,572
2026-09-03T22:43:55Z,7dac2c000000,rwxp,7360,6756
2026-09-03T22:43:55Z,7dac34000000,rw-p,4888,4732
2026-09-03T22:43:55Z,7dac396d0000,rw-p,1268,1264
2026-09-03T22:48:55Z,fc000000,rw-p,65536,63796
2026-09-03T22:48:55Z,7dabec000000,rw-p,2276,2276
2026-09-03T22:48:55Z,7dabf4000000,rw-p,2412,2412
2026-09-03T22:48:55Z,7dac00000000,rw-p,7484,7452
2026-09-03T22:48:55Z,7dac0c000000,rw-p,21836,20112
2026-09-03T22:48:55Z,7dac20000000,rw-p,4544,4544
2026-09-03T22:48:55Z,7dac204f0000,rw-p,2048,2048
2026-09-03T22:48:55Z,7dac206f0000,rw-p,1024,1024
2026-09-03T22:48:55Z,7dac208f0000,rw-p,2048,2048
2026-09-03T22:48:55Z,7dac20af0000,rw-p,1024,1024
2026-09-03T22:48:55Z,7dac20bf0000,rw-p,704,700
2026-09-03T22:48:55Z,7dac20d00000,rw-p,576,572
2026-09-03T22:48:55Z,7dac2c000000,rwxp,7360,6756
2026-09-03T22:48:55Z,7dac34000000,rw-p,4888,4732
2026-09-03T22:48:55Z,7dac396d0000,rw-p,1268,1264
2026-09-03T22:53:55Z,fc000000,rw-p,65536,63796
2026-09-03T22:53:55Z,7dabec000000,rw-p,2276,2276
2026-09-03T22:53:55Z,7dabf4000000,rw-p,2412,2412
2026-09-03T22:53:55Z,7dac00000000,rw-p,7484,7452
2026-09-03T22:53:55Z,7dac0c000000,rw-p,21836,20112
2026-09-03T22:53:55Z,7dac20000000,rw-p,4544,4544
2026-09-03T22:53:55Z,7dac204f0000,rw-p,2048,2048
2026-09-03T22:53:55Z,7dac206f0000,rw-p,1024,1024
2026-09-03T22:53:55Z,7dac208f0000,rw-p,2048,2048
2026-09-03T22:53:55Z,7dac20af0000,rw-p,1024,1024
2026-09-03T22:53:55Z,7dac20bf0000,rw-p,704,700
2026-09-03T22:53:55Z,7dac20d00000,rw-p,576,572
2026-09-03T22:53:55Z,7dac2c000000,rwxp,7360,6756
2026-09-03T22:53:55Z,7dac34000000,rw-p,4888,4732
2026-09-03T22:53:55Z,7dac396d0000,rw-p,1268,1264
2026-09-03T22:58:55Z,fc000000,rw-p,65536,63796
2026-09-03T22:58:55Z,7dabec000000,rw-p,2276,2276
2026-09-03T22:58:55Z,7dabf4000000,rw-p,2412,2412
2026-09-03T22:58:55Z,7dac00000000,rw-p,7484,7452
2026-09-03T22:58:55Z,7dac0c000000,rw-p,21836,20112
2026-09-03T22:58:55Z,7dac20000000,rw-p,4544,4544
2026-09-03T22:58:55Z,7dac204f0000,rw-p,2048,2048
2026-09-03T22:58:55Z,7dac206f0000,rw-p,1024,1024
2026-09-03T22:58:55Z,7dac208f0000,rw-p,2048,2048
2026-09-03T22:58:55Z,7dac20af0000,rw-p,1024,1024
2026-09-03T22:58:55Z,7dac20bf0000,rw-p,704,700
2026-09-03T22:58:55Z,7dac20d00000,rw-p,576,572
2026-09-03T22:58:55Z,7dac2c000000,rwxp,7360,6756
2026-09-03T22:58:55Z,7dac34000000,rw-p,4888,4732
2026-09-03T22:58:55Z,7dac396d0000,rw-p,1268,1264
2026-09-03T23:03:55Z,fc000000,rw-p,65536,63796
2026-09-03T23:03:55Z,7dabec000000,rw-p,2276,2276
2026-09-03T23:03:55Z,7dabf4000000,rw-p,2412,2412
2026-09-03T23:03:55Z,7dac00000000,rw-p,7484,7452
2026-09-03T23:03:55Z,7dac0c000000,rw-p,21836,20112
2026-09-03T23:03:55Z,7dac20000000,rw-p,4544,4544
2026-09-03T23:03:55Z,7dac204f0000,rw-p,2048,2048
2026-09-03T23:03:55Z,7dac206f0000,rw-p,1024,1024
2026-09-03T23:03:55Z,7dac208f0000,rw-p,2048,2048
2026-09-03T23:03:55Z,7dac20af0000,rw-p,1024,1024
2026-09-03T23:03:55Z,7dac20bf0000,rw-p,704,700
2026-09-03T23:03:55Z,7dac20d00000,rw-p,576,572
2026-09-03T23:03:55Z,7dac2c000000,rwxp,7360,6756
2026-09-03T23:03:55Z,7dac34000000,rw-p,4888,4732
2026-09-03T23:03:55Z,7dac396d0000,rw-p,1268,1264
2026-09-03T23:08:55Z,fc000000,rw-p,65536,63796
2026-09-03T23:08:55Z,7dabec000000,rw-p,2276,2276
2026-09-03T23:08:55Z,7dabf4000000,rw-p,2412,2412
2026-09-03T23:08:55Z,7dac00000000,rw-p,7484,7452
2026-09-03T23:08:55Z,7dac0c000000,rw-p,21836,20112
2026-09-03T23:08:55Z,7dac20000000,rw-p,4544,4544
2026-09-03T23:08:55Z,7dac204f0000,rw-p,2048,2048
2026-09-03T23:08:55Z,7dac206f0000,rw-p,1024,1024
2026-09-03T23:08:55Z,7dac208f0000,rw-p,2048,2048
2026-09-03T23:08:55Z,7dac20af0000,rw-p,1024,1024
2026-09-03T23:08:55Z,7dac20bf0000,rw-p,704,700
2026-09-03T23:08:55Z,7dac20d00000,rw-p,576,572
2026-09-03T23:08:55Z,7dac2c000000,rwxp,7360,6756
2026-09-03T23:08:55Z,7dac34000000,rw-p,4888,4732
2026-09-03T23:08:55Z,7dac396d0000,rw-p,1268,1264
2026-09-03T23:13:56Z,fc000000,rw-p,65536,63796
2026-09-03T23:13:56Z,7dabec000000,rw-p,2276,2276
2026-09-03T23:13:56Z,7dabf4000000,rw-p,2412,2412
2026-09-03T23:13:56Z,7dac00000000,rw-p,7484,7452
2026-09-03T23:13:56Z,7dac0c000000,rw-p,21836,20112
2026-09-03T23:13:56Z,7dac20000000,rw-p,4544,4544
2026-09-03T23:13:56Z,7dac204f0000,rw-p,2048,2048
2026-09-03T23:13:56Z,7dac206f0000,rw-p,1024,1024
2026-09-03T23:13:56Z,7dac208f0000,rw-p,2048,2048
2026-09-03T23:13:56Z,7dac20af0000,rw-p,1024,1024
2026-09-03T23:13:56Z,7dac20bf0000,rw-p,704,700
2026-09-03T23:13:56Z,7dac20d00000,rw-p,576,572
2026-09-03T23:13:56Z,7dac2c000000,rwxp,7360,6756
2026-09-03T23:13:56Z,7dac34000000,rw-p,4888,4732
2026-09-03T23:13:56Z,7dac396d0000,rw-p,1268,1264
2026-09-03T23:18:56Z,fc000000,rw-p,65536,63796
2026-09-03T23:18:56Z,7dabec000000,rw-p,2276,2276
2026-09-03T23:18:56Z,7dabf4000000,rw-p,2412,2412
2026-09-03T23:18:56Z,7dac00000000,rw-p,7484,7452
2026-09-03T23:18:56Z,7dac0c000000,rw-p,21836,20112
2026-09-03T23:18:56Z,7dac20000000,rw-p,4544,4544
2026-09-03T23:18:56Z,7dac204f0000,rw-p,2048,2048
2026-09-03T23:18:56Z,7dac206f0000,rw-p,1024,1024
2026-09-03T23:18:56Z,7dac208f0000,rw-p,2048,2048
2026-09-03T23:18:56Z,7dac20af0000,rw-p,1024,1024
2026-09-03T23:18:56Z,7dac20bf0000,rw-p,704,700
2026-09-03T23:18:56Z,7dac20d00000,rw-p,576,572
2026-09-03T23:18:56Z,7dac2c000000,rwxp,7360,6756
2026-09-03T23:18:56Z,7dac34000000,rw-p,4888,4732
2026-09-03T23:18:56Z,7dac396d0000,rw-p,1268,1264
2026-09-03T23:23:56Z,fc000000,rw-p,65536,63796
2026-09-03T23:23:56Z,7dabec000000,rw-p,2276,2276
2026-09-03T23:23:56Z,7dabf4000000,rw-p,2412,2412
2026-09-03T23:23:56Z,7dac00000000,rw-p,7484,7452
2026-09-03T23:23:56Z,7dac0c000000,rw-p,21836,20112
2026-09-03T23:23:56Z,7dac20000000,rw-p,4544,4544
2026-09-03T23:23:56Z,7dac204f0000,rw-p,2048,2048
2026-09-03T23:23:56Z,7dac206f0000,rw-p,1024,1024
2026-09-03T23:23:56Z,7dac208f0000,rw-p,2048,2048
2026-09-03T23:23:56Z,7dac20af0000,rw-p,1024,1024
2026-09-03T23:23:56Z,7dac20bf0000,rw-p,704,700
2026-09-03T23:23:56Z,7dac20d00000,rw-p,576,572
2026-09-03T23:23:56Z,7dac2c000000,rwxp,7360,6756
2026-09-03T23:23:56Z,7dac34000000,rw-p,4888,4732
2026-09-03T23:23:56Z,7dac396d0000,rw-p,1268,1264
2026-09-03T23:28:56Z,fc000000,rw-p,65536,63796
2026-09-03T23:28:56Z,7dabec000000,rw-p,2276,2276
2026-09-03T23:28:56Z,7dabf4000000,rw-p,2412,2412
2026-09-03T23:28:56Z,7dac00000000,rw-p,7484,7452
2026-09-03T23:28:56Z,7dac0c000000,rw-p,21836,20112
2026-09-03T23:28:56Z,7dac20000000,rw-p,4544,4544
2026-09-03T23:28:56Z,7dac204f0000,rw-p,2048,2048
2026-09-03T23:28:56Z,7dac206f0000,rw-p,1024,1024
2026-09-03T23:28:56Z,7dac208f0000,rw-p,2048,2048
2026-09-03T23:28:56Z,7dac20af0000,rw-p,1024,1024
2026-09-03T23:28:56Z,7dac20bf0000,rw-p,704,700
2026-09-03T23:28:56Z,7dac20d00000,rw-p,576,572
2026-09-03T23:28:56Z,7dac2c000000,rwxp,7360,6756
2026-09-03T23:28:56Z,7dac34000000,rw-p,4888,4732
2026-09-03T23:28:56Z,7dac396d0000,rw-p,1268,1264
2026-09-03T23:33:56Z,fc000000,rw-p,65536,63796
2026-09-03T23:33:56Z,7dabec000000,rw-p,2276,2276
2026-09-03T23:33:56Z,7dabf4000000,rw-p,2412,2412
2026-09-03T23:33:56Z,7dac00000000,rw-p,7484,7452
2026-09-03T23:33:56Z,7dac0c000000,rw-p,21836,20112
2026-09-03T23:33:56Z,7dac20000000,rw-p,4544,4544
2026-09-03T23:33:56Z,7dac204f0000,rw-p,2048,2048
2026-09-03T23:33:56Z,7dac206f0000,rw-p,1024,1024
2026-09-03T23:33:56Z,7dac208f0000,rw-p,2048,2048
2026-09-03T23:33:56Z,7dac20af0000,rw-p,1024,1024
2026-09-03T23:33:56Z,7dac20bf0000,rw-p,704,700
2026-09-03T23:33:56Z,7dac20d00000,rw-p,576,572
2026-09-03T23:33:56Z,7dac2c000000,rwxp,7360,6756
2026-09-03T23:33:56Z,7dac34000000,rw-p,4888,4732
2026-09-03T23:33:56Z,7dac396d0000,rw-p,1268,1264
2026-09-03T23:38:56Z,fc000000,rw-p,65536,63796
2026-09-03T23:38:56Z,7dabec000000,rw-p,2276,2276
2026-09-03T23:38:56Z,7dabf4000000,rw-p,2412,2412
2026-09-03T23:38:56Z,7dac00000000,rw-p,7484,7452
2026-09-03T23:38:56Z,7dac0c000000,rw-p,21836,20112
2026-09-03T23:38:56Z,7dac20000000,rw-p,4544,4544
2026-09-03T23:38:56Z,7dac204f0000,rw-p,2048,2048
2026-09-03T23:38:56Z,7dac206f0000,rw-p,1024,1024
2026-09-03T23:38:56Z,7dac208f0000,rw-p,2048,2048
2026-09-03T23:38:56Z,7dac20af0000,rw-p,1024,1024
2026-09-03T23:38:56Z,7dac20bf0000,rw-p,704,700
2026-09-03T23:38:56Z,7dac20d00000,rw-p,576,572
2026-09-03T23:38:56Z,7dac2c000000,rwxp,7360,6756
2026-09-03T23:38:56Z,7dac34000000,rw-p,4888,4732
2026-09-03T23:38:56Z,7dac396d0000,rw-p,1268,1264
2026-09-03T23:43:56Z,fc000000,rw-p,65536,63796
2026-09-03T23:43:56Z,7dabec000000,rw-p,2276,2276
2026-09-03T23:43:56Z,7dabf4000000,rw-p,2412,2412
2026-09-03T23:43:56Z,7dac00000000,rw-p,7484,7452
2026-09-03T23:43:56Z,7dac0c000000,rw-p,21836,20112
2026-09-03T23:43:56Z,7dac20000000,rw-p,4544,4544
2026-09-03T23:43:56Z,7dac204f0000,rw-p,2048,2048
2026-09-03T23:43:56Z,7dac206f0000,rw-p,1024,1024
2026-09-03T23:43:56Z,7dac208f0000,rw-p,2048,2048
2026-09-03T23:43:56Z,7dac20af0000,rw-p,1024,1024
2026-09-03T23:43:56Z,7dac20bf0000,rw-p,704,700
2026-09-03T23:43:56Z,7dac20d00000,rw-p,576,572
2026-09-03T23:43:56Z,7dac2c000000,rwxp,7360,6756
2026-09-03T23:43:56Z,7dac34000000,rw-p,4888,4732
2026-09-03T23:43:56Z,7dac396d0000,rw-p,1268,1264
2026-09-03T23:48:56Z,fc000000,rw-p,65536,63796
2026-09-03T23:48:56Z,7dabec000000,rw-p,2276,2276
2026-09-03T23:48:56Z,7dabf4000000,rw-p,2412,2412
2026-09-03T23:48:56Z,7dac00000000,rw-p,7484,7452
2026-09-03T23:48:56Z,7dac0c000000,rw-p,21836,20112
2026-09-03T23:48:56Z,7dac20000000,rw-p,4544,4544
2026-09-03T23:48:56Z,7dac204f0000,rw-p,2048,2048
2026-09-03T23:48:56Z,7dac206f0000,rw-p,1024,1024
2026-09-03T23:48:56Z,7dac208f0000,rw-p,2048,2048
2026-09-03T23:48:56Z,7dac20af0000,rw-p,1024,1024
2026-09-03T23:48:56Z,7dac20bf0000,rw-p,704,700
2026-09-03T23:48:56Z,7dac20d00000,rw-p,576,572
2026-09-03T23:48:56Z,7dac2c000000,rwxp,7360,6756
2026-09-03T23:48:56Z,7dac34000000,rw-p,4888,4732
2026-09-03T23:48:56Z,7dac396d0000,rw-p,1268,1264
2026-09-03T23:53:56Z,fc000000,rw-p,65536,63796
2026-09-03T23:53:56Z,7dabec000000,rw-p,2276,2276
2026-09-03T23:53:56Z,7dabf4000000,rw-p,2412,2412
2026-09-03T23:53:56Z,7dac00000000,rw-p,7484,7452
2026-09-03T23:53:56Z,7dac0c000000,rw-p,21836,20112
2026-09-03T23:53:56Z,7dac20000000,rw-p,4544,4544
2026-09-03T23:53:56Z,7dac204f0000,rw-p,2048,2048
2026-09-03T23:53:56Z,7dac206f0000,rw-p,1024,1024
2026-09-03T23:53:56Z,7dac208f0000,rw-p,2048,2048
2026-09-03T23:53:56Z,7dac20af0000,rw-p,1024,1024
2026-09-03T23:53:56Z,7dac20bf0000,rw-p,704,700
2026-09-03T23:53:56Z,7dac20d00000,rw-p,576,572
2026-09-03T23:53:56Z,7dac2c000000,rwxp,7360,6756
2026-09-03T23:53:56Z,7dac34000000,rw-p,4888,4732
2026-09-03T23:53:56Z,7dac396d0000,rw-p,1268,1264
2026-09-03T23:58:57Z,fc000000,rw-p,65536,63796
2026-09-03T23:58:57Z,7dabec000000,rw-p,2276,2276
2026-09-03T23:58:57Z,7dabf4000000,rw-p,2412,2412
2026-09-03T23:58:57Z,7dac00000000,rw-p,7484,7452
2026-09-03T23:58:57Z,7dac0c000000,rw-p,21836,20112
2026-09-03T23:58:57Z,7dac20000000,rw-p,4544,4544
2026-09-03T23:58:57Z,7dac204f0000,rw-p,2048,2048
2026-09-03T23:58:57Z,7dac206f0000,rw-p,1024,1024
2026-09-03T23:58:57Z,7dac208f0000,rw-p,2048,2048
2026-09-03T23:58:57Z,7dac20af0000,rw-p,1024,1024
2026-09-03T23:58:57Z,7dac20bf0000,rw-p,704,700
2026-09-03T23:58:57Z,7dac20d00000,rw-p,576,572
2026-09-03T23:58:57Z,7dac2c000000,rwxp,7360,6756
2026-09-03T23:58:57Z,7dac34000000,rw-p,4888,4732
2026-09-03T23:58:57Z,7dac396d0000,rw-p,1268,1264
2026-09-04T00:03:57Z,fc000000,rw-p,65536,63796
2026-09-04T00:03:57Z,7dabec000000,rw-p,2276,2276
2026-09-04T00:03:57Z,7dabf4000000,rw-p,2412,2412
2026-09-04T00:03:57Z,7dac00000000,rw-p,7484,7452
2026-09-04T00:03:57Z,7dac0c000000,rw-p,21836,20112
2026-09-04T00:03:57Z,7dac20000000,rw-p,4544,4544
2026-09-04T00:03:57Z,7dac204f0000,rw-p,2048,2048
2026-09-04T00:03:57Z,7dac206f0000,rw-p,1024,1024
2026-09-04T00:03:57Z,7dac208f0000,rw-p,2048,2048
2026-09-04T00:03:57Z,7dac20af0000,rw-p,1024,1024
2026-09-04T00:03:57Z,7dac20bf0000,rw-p,704,700
2026-09-04T00:03:57Z,7dac20d00000,rw-p,576,572
2026-09-04T00:03:57Z,7dac2c000000,rwxp,7360,6756
2026-09-04T00:03:57Z,7dac34000000,rw-p,4888,4732
2026-09-04T00:03:57Z,7dac396d0000,rw-p,1268,1264
2026-09-04T00:08:57Z,fc000000,rw-p,65536,63796
2026-09-04T00:08:57Z,7dabec000000,rw-p,2276,2276
2026-09-04T00:08:57Z,7dabf4000000,rw-p,2412,2412
2026-09-04T00:08:57Z,7dac00000000,rw-p,7484,7452
2026-09-04T00:08:57Z,7dac0c000000,rw-p,21836,20112
2026-09-04T00:08:57Z,7dac20000000,rw-p,4544,4544
2026-09-04T00:08:57Z,7dac204f0000,rw-p,2048,2048
2026-09-04T00:08:57Z,7dac206f0000,rw-p,1024,1024
2026-09-04T00:08:57Z,7dac208f0000,rw-p,2048,2048
2026-09-04T00:08:57Z,7dac20af0000,rw-p,1024,1024
2026-09-04T00:08:57Z,7dac20bf0000,rw-p,704,700
2026-09-04T00:08:57Z,7dac20d00000,rw-p,576,572
2026-09-04T00:08:57Z,7dac2c000000,rwxp,7360,6756
2026-09-04T00:08:57Z,7dac34000000,rw-p,4888,4732
2026-09-04T00:08:57Z,7dac396d0000,rw-p,1268,1264
2026-09-04T00:13:57Z,fc000000,rw-p,65536,63796
2026-09-04T00:13:57Z,7dabec000000,rw-p,2276,2276
2026-09-04T00:13:57Z,7dabf4000000,rw-p,2412,2412
2026-09-04T00:13:57Z,7dac00000000,rw-p,7484,7452
2026-09-04T00:13:57Z,7dac0c000000,rw-p,21836,20112
2026-09-04T00:13:57Z,7dac20000000,rw-p,4544,4544
2026-09-04T00:13:57Z,7dac204f0000,rw-p,2048,2048
2026-09-04T00:13:57Z,7dac206f0000,rw-p,1024,1024
2026-09-04T00:13:57Z,7dac208f0000,rw-p,2048,2048
2026-09-04T00:13:57Z,7dac20af0000,rw-p,1024,1024
2026-09-04T00:13:57Z,7dac20bf0000,rw-p,704,700
2026-09-04T00:13:57Z,7dac20d00000,rw-p,576,572
2026-09-04T00:13:57Z,7dac2c000000,rwxp,7360,6756
2026-09-04T00:13:57Z,7dac34000000,rw-p,4888,4732
2026-09-04T00:13:57Z,7dac396d0000,rw-p,1268,1264
2026-09-04T00:18:57Z,fc000000,rw-p,65536,63796
2026-09-04T00:18:57Z,7dabec000000,rw-p,2276,2276
2026-09-04T00:18:57Z,7dabf4000000,rw-p,2412,2412
2026-09-04T00:18:57Z,7dac00000000,rw-p,7484,7452
2026-09-04T00:18:57Z,7dac0c000000,rw-p,21836,20112
2026-09-04T00:18:57Z,7dac20000000,rw-p,4544,4544
2026-09-04T00:18:57Z,7dac204f0000,rw-p,2048,2048
2026-09-04T00:18:57Z,7dac206f0000,rw-p,1024,1024
2026-09-04T00:18:57Z,7dac208f0000,rw-p,2048,2048
2026-09-04T00:18:57Z,7dac20af0000,rw-p,1024,1024
2026-09-04T00:18:57Z,7dac20bf0000,rw-p,704,700
2026-09-04T00:18:57Z,7dac20d00000,rw-p,576,572
2026-09-04T00:18:57Z,7dac2c000000,rwxp,7360,6756
2026-09-04T00:18:57Z,7dac34000000,rw-p,4888,4732
2026-09-04T00:18:57Z,7dac396d0000,rw-p,1268,1264
2026-09-04T00:23:57Z,fc000000,rw-p,65536,63796
2026-09-04T00:23:57Z,7dabec000000,rw-p,2276,2276
2026-09-04T00:23:57Z,7dabf4000000,rw-p,2412,2412
2026-09-04T00:23:57Z,7dac00000000,rw-p,7484,7452
2026-09-04T00:23:57Z,7dac0c000000,rw-p,21836,20112
2026-09-04T00:23:57Z,7dac20000000,rw-p,4544,4544
2026-09-04T00:23:57Z,7dac204f0000,rw-p,2048,2048
2026-09-04T00:23:57Z,7dac206f0000,rw-p,1024,1024
2026-09-04T00:23:57Z,7dac208f0000,rw-p,2048,2048
2026-09-04T00:23:57Z,7dac20af0000,rw-p,1024,1024
2026-09-04T00:23:57Z,7dac20bf0000,rw-p,704,700
2026-09-04T00:23:57Z,7dac20d00000,rw-p,576,572
2026-09-04T00:23:57Z,7dac2c000000,rwxp,7360,6756
2026-09-04T00:23:57Z,7dac34000000,rw-p,4888,4732
2026-09-04T00:23:57Z,7dac396d0000,rw-p,1268,1264
2026-09-04T00:28:57Z,fc000000,rw-p,65536,63796
2026-09-04T00:28:57Z,7dabec000000,rw-p,2276,2276
2026-09-04T00:28:57Z,7dabf4000000,rw-p,2412,2412
2026-09-04T00:28:57Z,7dac00000000,rw-p,7484,7452
2026-09-04T00:28:57Z,7dac0c000000,rw-p,21836,20112
2026-09-04T00:28:57Z,7dac20000000,rw-p,4544,4544
2026-09-04T00:28:57Z,7dac204f0000,rw-p,2048,2048
2026-09-04T00:28:57Z,7dac206f0000,rw-p,1024,1024
2026-09-04T00:28:57Z,7dac208f0000,rw-p,2048,2048
2026-09-04T00:28:57Z,7dac20af0000,rw-p,1024,1024
2026-09-04T00:28:57Z,7dac20bf0000,rw-p,704,700
2026-09-04T00:28:57Z,7dac20d00000,rw-p,576,572
2026-09-04T00:28:57Z,7dac2c000000,rwxp,7360,6756
2026-09-04T00:28:57Z,7dac34000000,rw-p,4888,4732
2026-09-04T00:28:57Z,7dac396d0000,rw-p,1268,1264
2026-09-04T00:33:57Z,fc000000,rw-p,65536,63796
2026-09-04T00:33:57Z,7dabec000000,rw-p,2276,2276
2026-09-04T00:33:57Z,7dabf4000000,rw-p,2412,2412
2026-09-04T00:33:57Z,7dac00000000,rw-p,7484,7452
2026-09-04T00:33:57Z,7dac0c000000,rw-p,21836,20112
2026-09-04T00:33:57Z,7dac20000000,rw-p,4544,4544
2026-09-04T00:33:57Z,7dac204f0000,rw-p,2048,2048
2026-09-04T00:33:57Z,7dac206f0000,rw-p,1024,1024
2026-09-04T00:33:57Z,7dac208f0000,rw-p,2048,2048
2026-09-04T00:33:57Z,7dac20af0000,rw-p,1024,1024
2026-09-04T00:33:57Z,7dac20bf0000,rw-p,704,700
2026-09-04T00:33:57Z,7dac20d00000,rw-p,576,572
2026-09-04T00:33:57Z,7dac2c000000,rwxp,7360,6756
2026-09-04T00:33:57Z,7dac34000000,rw-p,4888,4732
2026-09-04T00:33:57Z,7dac396d0000,rw-p,1268,1264
2026-09-04T00:38:57Z,fc000000,rw-p,65536,63796
2026-09-04T00:38:57Z,7dabec000000,rw-p,2276,2276
2026-09-04T00:38:57Z,7dabf4000000,rw-p,2412,2412
2026-09-04T00:38:57Z,7dac00000000,rw-p,7484,7452
2026-09-04T00:38:57Z,7dac0c000000,rw-p,21836,20112
2026-09-04T00:38:57Z,7dac20000000,rw-p,4544,4544
2026-09-04T00:38:57Z,7dac204f0000,rw-p,2048,2048
2026-09-04T00:38:57Z,7dac206f0000,rw-p,1024,1024
2026-09-04T00:38:57Z,7dac208f0000,rw-p,2048,2048
2026-09-04T00:38:57Z,7dac20af0000,rw-p,1024,1024
2026-09-04T00:38:57Z,7dac20bf0000,rw-p,704,700
2026-09-04T00:38:57Z,7dac20d00000,rw-p,576,572
2026-09-04T00:38:57Z,7dac2c000000,rwxp,7360,6756
2026-09-04T00:38:57Z,7dac34000000,rw-p,4888,4732
2026-09-04T00:38:57Z,7dac396d0000,rw-p,1268,1264
2026-09-04T00:43:57Z,fc000000,rw-p,65536,63796
2026-09-04T00:43:57Z,7dabec000000,rw-p,2276,2276
2026-09-04T00:43:57Z,7dabf4000000,rw-p,2412,2412
2026-09-04T00:43:57Z,7dac00000000,rw-p,7484,7452
2026-09-04T00:43:57Z,7dac0c000000,rw-p,21836,20112
2026-09-04T00:43:57Z,7dac20000000,rw-p,4544,4544
2026-09-04T00:43:57Z,7dac204f0000,rw-p,2048,2048
2026-09-04T00:43:57Z,7dac206f0000,rw-p,1024,1024
2026-09-04T00:43:57Z,7dac208f0000,rw-p,2048,2048
2026-09-04T00:43:57Z,7dac20af0000,rw-p,1024,1024
2026-09-04T00:43:57Z,7dac20bf0000,rw-p,704,700
2026-09-04T00:43:57Z,7dac20d00000,rw-p,576,572
2026-09-04T00:43:57Z,7dac2c000000,rwxp,7360,6756
2026-09-04T00:43:57Z,7dac34000000,rw-p,4888,4732
2026-09-04T00:43:57Z,7dac396d0000,rw-p,1268,1264
2026-09-04T00:48:58Z,fc000000,rw-p,65536,63796
2026-09-04T00:48:58Z,7dabec000000,rw-p,2276,2276
2026-09-04T00:48:58Z,7dabf4000000,rw-p,2412,2412
2026-09-04T00:48:58Z,7dac00000000,rw-p,7484,7452
2026-09-04T00:48:58Z,7dac0c000000,rw-p,21836,20112
2026-09-04T00:48:58Z,7dac20000000,rw-p,4544,4544
2026-09-04T00:48:58Z,7dac204f0000,rw-p,2048,2048
2026-09-04T00:48:58Z,7dac206f0000,rw-p,1024,1024
2026-09-04T00:48:58Z,7dac208f0000,rw-p,2048,2048
2026-09-04T00:48:58Z,7dac20af0000,rw-p,1024,1024
2026-09-04T00:48:58Z,7dac20bf0000,rw-p,704,700
2026-09-04T00:48:58Z,7dac20d00000,rw-p,576,572
2026-09-04T00:48:58Z,7dac2c000000,rwxp,7360,6756
2026-09-04T00:48:58Z,7dac34000000,rw-p,4888,4732
2026-09-04T00:48:58Z,7dac396d0000,rw-p,1268,1264
2026-09-04T00:53:58Z,fc000000,rw-p,65536,63796
2026-09-04T00:53:58Z,7dabec000000,rw-p,2276,2276
2026-09-04T00:53:58Z,7dabf4000000,rw-p,2412,2412
2026-09-04T00:53:58Z,7dac00000000,rw-p,7484,7452
2026-09-04T00:53:58Z,7dac0c000000,rw-p,21836,20112
2026-09-04T00:53:58Z,7dac20000000,rw-p,4544,4544
2026-09-04T00:53:58Z,7dac204f0000,rw-p,2048,2048
2026-09-04T00:53:58Z,7dac206f0000,rw-p,1024,1024
2026-09-04T00:53:58Z,7dac208f0000,rw-p,2048,2048
2026-09-04T00:53:58Z,7dac20af0000,rw-p,1024,1024
2026-09-04T00:53:58Z,7dac20bf0000,rw-p,704,700
2026-09-04T00:53:58Z,7dac20d00000,rw-p,576,572
2026-09-04T00:53:58Z,7dac2c000000,rwxp,7360,6756
2026-09-04T00:53:58Z,7dac34000000,rw-p,4888,4732
2026-09-04T00:53:58Z,7dac396d0000,rw-p,1268,1264
2026-09-04T00:58:58Z,fc000000,rw-p,65536,63796
2026-09-04T00:58:58Z,7dabec000000,rw-p,2276,2276
2026-09-04T00:58:58Z,7dabf4000000,rw-p,2412,2412
2026-09-04T00:58:58Z,7dac00000000,rw-p,7484,7452
2026-09-04T00:58:58Z,7dac0c000000,rw-p,21836,20112
2026-09-04T00:58:58Z,7dac20000000,rw-p,4544,4544
2026-09-04T00:58:58Z,7dac204f0000,rw-p,2048,2048
2026-09-04T00:58:58Z,7dac206f0000,rw-p,1024,1024
2026-09-04T00:58:58Z,7dac208f0000,rw-p,2048,2048
2026-09-04T00:58:58Z,7dac20af0000,rw-p,1024,1024
2026-09-04T00:58:58Z,7dac20bf0000,rw-p,704,700
2026-09-04T00:58:58Z,7dac20d00000,rw-p,576,572
2026-09-04T00:58:58Z,7dac2c000000,rwxp,7360,6756
2026-09-04T00:58:58Z,7dac34000000,rw-p,4888,4732
2026-09-04T00:58:58Z,7dac396d0000,rw-p,1268,1264
2026-09-04T01:03:58Z,fc000000,rw-p,65536,63796
2026-09-04T01:03:58Z,7dabec000000,rw-p,2276,2276
2026-09-04T01:03:58Z,7dabf4000000,rw-p,2412,2412
2026-09-04T01:03:58Z,7dac00000000,rw-p,7484,7452
2026-09-04T01:03:58Z,7dac0c000000,rw-p,21836,20112
2026-09-04T01:03:58Z,7dac20000000,rw-p,4544,4544
2026-09-04T01:03:58Z,7dac204f0000,rw-p,2048,2048
2026-09-04T01:03:58Z,7dac206f0000,rw-p,1024,1024
2026-09-04T01:03:58Z,7dac208f0000,rw-p,2048,2048
2026-09-04T01:03:58Z,7dac20af0000,rw-p,1024,1024
2026-09-04T01:03:58Z,7dac20bf0000,rw-p,704,700
2026-09-04T01:03:58Z,7dac20d00000,rw-p,576,572
2026-09-04T01:03:58Z,7dac2c000000,rwxp,7360,6756
2026-09-04T01:03:58Z,7dac34000000,rw-p,4888,4732
2026-09-04T01:03:58Z,7dac396d0000,rw-p,1268,1264
2026-09-04T01:08:58Z,fc000000,rw-p,65536,63796
2026-09-04T01:08:58Z,7dabec000000,rw-p,2276,2276
2026-09-04T01:08:58Z,7dabf4000000,rw-p,2412,2412
2026-09-04T01:08:58Z,7dac00000000,rw-p,7484,7452
2026-09-04T01:08:58Z,7dac0c000000,rw-p,21836,20112
2026-09-04T01:08:58Z,7dac20000000,rw-p,4544,4544
2026-09-04T01:08:58Z,7dac204f0000,rw-p,2048,2048
2026-09-04T01:08:58Z,7dac206f0000,rw-p,1024,1024
2026-09-04T01:08:58Z,7dac208f0000,rw-p,2048,2048
2026-09-04T01:08:58Z,7dac20af0000,rw-p,1024,1024
2026-09-04T01:08:58Z,7dac20bf0000,rw-p,704,700
2026-09-04T01:08:58Z,7dac20d00000,rw-p,576,572
2026-09-04T01:08:58Z,7dac2c000000,rwxp,7360,6756
2026-09-04T01:08:58Z,7dac34000000,rw-p,4888,4732
2026-09-04T01:08:58Z,7dac396d0000,rw-p,1268,1264
2026-09-04T01:13:58Z,fc000000,rw-p,65536,63796
2026-09-04T01:13:58Z,7dabec000000,rw-p,2276,2276
2026-09-04T01:13:58Z,7dabf4000000,rw-p,2412,2412
2026-09-04T01:13:58Z,7dac00000000,rw-p,7484,7452
2026-09-04T01:13:58Z,7dac0c000000,rw-p,21836,20112
2026-09-04T01:13:58Z,7dac20000000,rw-p,4544,4544
2026-09-04T01:13:58Z,7dac204f0000,rw-p,2048,2048
2026-09-04T01:13:58Z,7dac206f0000,rw-p,1024,1024
2026-09-04T01:13:58Z,7dac208f0000,rw-p,2048,2048
2026-09-04T01:13:58Z,7dac20af0000,rw-p,1024,1024
2026-09-04T01:13:58Z,7dac20bf0000,rw-p,704,700
2026-09-04T01:13:58Z,7dac20d00000,rw-p,576,572
2026-09-04T01:13:58Z,7dac2c000000,rwxp,7360,6756
2026-09-04T01:13:58Z,7dac34000000,rw-p,4888,4732
2026-09-04T01:13:58Z,7dac396d0000,rw-p,1268,1264
2026-09-04T01:18:58Z,fc000000,rw-p,65536,63796
2026-09-04T01:18:58Z,7dabec000000,rw-p,2276,2276
2026-09-04T01:18:58Z,7dabf4000000,rw-p,2412,2412
2026-09-04T01:18:58Z,7dac00000000,rw-p,7484,7452
2026-09-04T01:18:58Z,7dac0c000000,rw-p,21836,20112
2026-09-04T01:18:58Z,7dac20000000,rw-p,4544,4544
2026-09-04T01:18:58Z,7dac204f0000,rw-p,2048,2048
2026-09-04T01:18:58Z,7dac206f0000,rw-p,1024,1024
2026-09-04T01:18:58Z,7dac208f0000,rw-p,2048,2048
2026-09-04T01:18:58Z,7dac20af0000,rw-p,1024,1024
2026-09-04T01:18:58Z,7dac20bf0000,rw-p,704,700
2026-09-04T01:18:58Z,7dac20d00000,rw-p,576,572
2026-09-04T01:18:58Z,7dac2c000000,rwxp,7360,6756
2026-09-04T01:18:58Z,7dac34000000,rw-p,4888,4732
2026-09-04T01:18:58Z,7dac396d0000,rw-p,1268,1264
2026-09-04T01:23:58Z,fc000000,rw-p,65536,63796
2026-09-04T01:23:58Z,7dabec000000,rw-p,2276,2276
2026-09-04T01:23:58Z,7dabf4000000,rw-p,2412,2412
2026-09-04T01:23:58Z,7dac00000000,rw-p,7484,7452
2026-09-04T01:23:58Z,7dac0c000000,rw-p,21836,20112
2026-09-04T01:23:58Z,7dac20000000,rw-p,4544,4544
2026-09-04T01:23:58Z,7dac204f0000,rw-p,2048,2048
2026-09-04T01:23:58Z,7dac206f0000,rw-p,1024,1024
2026-09-04T01:23:58Z,7dac208f0000,rw-p,2048,2048
2026-09-04T01:23:58Z,7dac20af0000,rw-p,1024,1024
2026-09-04T01:23:58Z,7dac20bf0000,rw-p,704,700
2026-09-04T01:23:58Z,7dac20d00000,rw-p,576,572
2026-09-04T01:23:58Z,7dac2c000000,rwxp,7360,6756
2026-09-04T01:23:58Z,7dac34000000,rw-p,4888,4732
2026-09-04T01:23:58Z,7dac396d0000,rw-p,1268,1264
2026-09-04T01:28:58Z,fc000000,rw-p,65536,63796
2026-09-04T01:28:58Z,7dabec000000,rw-p,2276,2276
2026-09-04T01:28:58Z,7dabf4000000,rw-p,2412,2412
2026-09-04T01:28:58Z,7dac00000000,rw-p,7484,7452
2026-09-04T01:28:58Z,7dac0c000000,rw-p,21836,20112
2026-09-04T01:28:58Z,7dac20000000,rw-p,4544,4544
2026-09-04T01:28:58Z,7dac204f0000,rw-p,2048,2048
2026-09-04T01:28:58Z,7dac206f0000,rw-p,1024,1024
2026-09-04T01:28:58Z,7dac208f0000,rw-p,2048,2048
2026-09-04T01:28:58Z,7dac20af0000,rw-p,1024,1024
2026-09-04T01:28:58Z,7dac20bf0000,rw-p,704,700
2026-09-04T01:28:58Z,7dac20d00000,rw-p,576,572
2026-09-04T01:28:58Z,7dac2c000000,rwxp,7360,6756
2026-09-04T01:28:58Z,7dac34000000,rw-p,4888,4732
2026-09-04T01:28:58Z,7dac396d0000,rw-p,1268,1264
2026-09-04T01:33:58Z,fc000000,rw-p,65536,63796
2026-09-04T01:33:58Z,7dabec000000,rw-p,2276,2276
2026-09-04T01:33:58Z,7dabf4000000,rw-p,2412,2412
2026-09-04T01:33:58Z,7dac00000000,rw-p,7484,7452
2026-09-04T01:33:58Z,7dac0c000000,rw-p,21836,20112
2026-09-04T01:33:58Z,7dac20000000,rw-p,4544,4544
2026-09-04T01:33:58Z,7dac204f0000,rw-p,2048,2048
2026-09-04T01:33:58Z,7dac206f0000,rw-p,1024,1024
2026-09-04T01:33:58Z,7dac208f0000,rw-p,2048,2048
2026-09-04T01:33:58Z,7dac20af0000,rw-p,1024,1024
2026-09-04T01:33:58Z,7dac20bf0000,rw-p,704,700
2026-09-04T01:33:58Z,7dac20d00000,rw-p,576,572
2026-09-04T01:33:58Z,7dac2c000000,rwxp,7360,6756
2026-09-04T01:33:58Z,7dac34000000,rw-p,4888,4732
2026-09-04T01:33:58Z,7dac396d0000,rw-p,1268,1264
2026-09-04T01:38:58Z,fc000000,rw-p,65536,63796
2026-09-04T01:38:58Z,7dabec000000,rw-p,2276,2276
2026-09-04T01:38:58Z,7dabf4000000,rw-p,2412,2412
2026-09-04T01:38:58Z,7dac00000000,rw-p,7484,7452
2026-09-04T01:38:58Z,7dac0c000000,rw-p,21836,20112
2026-09-04T01:38:58Z,7dac20000000,rw-p,4544,4544
2026-09-04T01:38:58Z,7dac204f0000,rw-p,2048,2048
2026-09-04T01:38:58Z,7dac206f0000,rw-p,1024,1024
2026-09-04T01:38:58Z,7dac208f0000,rw-p,2048,2048
2026-09-04T01:38:58Z,7dac20af0000,rw-p,1024,1024
2026-09-04T01:38:58Z,7dac20bf0000,rw-p,704,700
2026-09-04T01:38:58Z,7dac20d00000,rw-p,576,572
2026-09-04T01:38:58Z,7dac2c000000,rwxp,7360,6756
2026-09-04T01:38:58Z,7dac34000000,rw-p,4888,4732
2026-09-04T01:38:58Z,7dac396d0000,rw-p,1268,1264
2026-09-04T01:43:59Z,fc000000,rw-p,65536,63796
2026-09-04T01:43:59Z,7dabec000000,rw-p,2276,2276
2026-09-04T01:43:59Z,7dabf4000000,rw-p,2412,2412
2026-09-04T01:43:59Z,7dac00000000,rw-p,7484,7452
2026-09-04T01:43:59Z,7dac0c000000,rw-p,21836,20112
2026-09-04T01:43:59Z,7dac20000000,rw-p,4544,4544
2026-09-04T01:43:59Z,7dac204f0000,rw-p,2048,2048
2026-09-04T01:43:59Z,7dac206f0000,rw-p,1024,1024
2026-09-04T01:43:59Z,7dac208f0000,rw-p,2048,2048
2026-09-04T01:43:59Z,7dac20af0000,rw-p,1024,1024
2026-09-04T01:43:59Z,7dac20bf0000,rw-p,704,700
2026-09-04T01:43:59Z,7dac20d00000,rw-p,576,572
2026-09-04T01:43:59Z,7dac2c000000,rwxp,7360,6756
2026-09-04T01:43:59Z,7dac34000000,rw-p,4888,4732
2026-09-04T01:43:59Z,7dac396d0000,rw-p,1268,1264
2026-09-04T01:48:59Z,fc000000,rw-p,65536,63796
2026-09-04T01:48:59Z,7dabec000000,rw-p,2276,2276
2026-09-04T01:48:59Z,7dabf4000000,rw-p,2412,2412
2026-09-04T01:48:59Z,7dac00000000,rw-p,7484,7452
2026-09-04T01:48:59Z,7dac0c000000,rw-p,21836,20112
2026-09-04T01:48:59Z,7dac20000000,rw-p,4544,4544
2026-09-04T01:48:59Z,7dac204f0000,rw-p,2048,2048
2026-09-04T01:48:59Z,7dac206f0000,rw-p,1024,1024
2026-09-04T01:48:59Z,7dac208f0000,rw-p,2048,2048
2026-09-04T01:48:59Z,7dac20af0000,rw-p,1024,1024
2026-09-04T01:48:59Z,7dac20bf0000,rw-p,704,700
2026-09-04T01:48:59Z,7dac20d00000,rw-p,576,572
2026-09-04T01:48:59Z,7dac2c000000,rwxp,7360,6756
2026-09-04T01:48:59Z,7dac34000000,rw-p,4888,4732
2026-09-04T01:48:59Z,7dac396d0000,rw-p,1268,1264
2026-09-04T01:53:59Z,fc000000,rw-p,65536,63796
2026-09-04T01:53:59Z,7dabec000000,rw-p,2276,2276
2026-09-04T01:53:59Z,7dabf4000000,rw-p,2412,2412
2026-09-04T01:53:59Z,7dac00000000,rw-p,7484,7452
2026-09-04T01:53:59Z,7dac0c000000,rw-p,21836,20112
2026-09-04T01:53:59Z,7dac20000000,rw-p,4544,4544
2026-09-04T01:53:59Z,7dac204f0000,rw-p,2048,2048
2026-09-04T01:53:59Z,7dac206f0000,rw-p,1024,1024
2026-09-04T01:53:59Z,7dac208f0000,rw-p,2048,2048
2026-09-04T01:53:59Z,7dac20af0000,rw-p,1024,1024
2026-09-04T01:53:59Z,7dac20bf0000,rw-p,704,700
2026-09-04T01:53:59Z,7dac20d00000,rw-p,576,572
2026-09-04T01:53:59Z,7dac2c000000,rwxp,7360,6756
2026-09-04T01:53:59Z,7dac34000000,rw-p,4888,4732
2026-09-04T01:53:59Z,7dac396d0000,rw-p,1268,1264
2026-09-04T01:58:59Z,fc000000,rw-p,65536,63796
2026-09-04T01:58:59Z,7dabec000000,rw-p,2276,2276
2026-09-04T01:58:59Z,7dabf4000000,rw-p,2412,2412
2026-09-04T01:58:59Z,7dac00000000,rw-p,7484,7452
2026-09-04T01:58:59Z,7dac0c000000,rw-p,21836,20112
2026-09-04T01:58:59Z,7dac20000000,rw-p,4544,4544
2026-09-04T01:58:59Z,7dac204f0000,rw-p,2048,2048
2026-09-04T01:58:59Z,7dac206f0000,rw-p,1024,1024
2026-09-04T01:58:59Z,7dac208f0000,rw-p,2048,2048
2026-09-04T01:58:59Z,7dac20af0000,rw-p,1024,1024
2026-09-04T01:58:59Z,7dac20bf0000,rw-p,704,700
2026-09-04T01:58:59Z,7dac20d00000,rw-p,576,572
2026-09-04T01:58:59Z,7dac2c000000,rwxp,7360,6756
2026-09-04T01:58:59Z,7dac34000000,rw-p,4888,4732
2026-09-04T01:58:59Z,7dac396d0000,rw-p,1268,1264
2026-09-04T02:03:59Z,fc000000,rw-p,65536,63796
2026-09-04T02:03:59Z,7dabec000000,rw-p,2276,2276
2026-09-04T02:03:59Z,7dabf4000000,rw-p,2412,2412
2026-09-04T02:03:59Z,7dac00000000,rw-p,7484,7452
2026-09-04T02:03:59Z,7dac0c000000,rw-p,21836,20112
2026-09-04T02:03:59Z,7dac20000000,rw-p,4544,4544
2026-09-04T02:03:59Z,7dac204f0000,rw-p,2048,2048
2026-09-04T02:03:59Z,7dac206f0000,rw-p,1024,1024
2026-09-04T02:03:59Z,7dac208f0000,rw-p,2048,2048
2026-09-04T02:03:59Z,7dac20af0000,rw-p,1024,1024
2026-09-04T02:03:59Z,7dac20bf0000,rw-p,704,700
2026-09-04T02:03:59Z,7dac20d00000,rw-p,576,572
2026-09-04T02:03:59Z,7dac2c000000,rwxp,7360,6756
2026-09-04T02:03:59Z,7dac34000000,rw-p,4888,4732
2026-09-04T02:03:59Z,7dac396d0000,rw-p,1268,1264
2026-09-04T02:08:59Z,fc000000,rw-p,65536,63796
2026-09-04T02:08:59Z,7dabec000000,rw-p,2276,2276
2026-09-04T02:08:59Z,7dabf4000000,rw-p,2412,2412
2026-09-04T02:08:59Z,7dac00000000,rw-p,7484,7452
2026-09-04T02:08:59Z,7dac0c000000,rw-p,21836,20112
2026-09-04T02:08:59Z,7dac20000000,rw-p,4544,4544
2026-09-04T02:08:59Z,7dac204f0000,rw-p,2048,2048
2026-09-04T02:08:59Z,7dac206f0000,rw-p,1024,1024
2026-09-04T02:08:59Z,7dac208f0000,rw-p,2048,2048
2026-09-04T02:08:59Z,7dac20af0000,rw-p,1024,1024
2026-09-04T02:08:59Z,7dac20bf0000,rw-p,704,700
2026-09-04T02:08:59Z,7dac20d00000,rw-p,576,572
2026-09-04T02:08:59Z,7dac2c000000,rwxp,7360,6756
2026-09-04T02:08:59Z,7dac34000000,rw-p,4888,4732
2026-09-04T02:08:59Z,7dac396d0000,rw-p,1268,1264
2026-09-04T02:13:59Z,fc000000,rw-p,65536,63796
2026-09-04T02:13:59Z,7dabec000000,rw-p,2276,2276
2026-09-04T02:13:59Z,7dabf4000000,rw-p,2412,2412
2026-09-04T02:13:59Z,7dac00000000,rw-p,7484,7452
2026-09-04T02:13:59Z,7dac0c000000,rw-p,21836,20112
2026-09-04T02:13:59Z,7dac20000000,rw-p,4544,4544
2026-09-04T02:13:59Z,7dac204f0000,rw-p,2048,2048
2026-09-04T02:13:59Z,7dac206f0000,rw-p,1024,1024
2026-09-04T02:13:59Z,7dac208f0000,rw-p,2048,2048
2026-09-04T02:13:59Z,7dac20af0000,rw-p,1024,1024
2026-09-04T02:13:59Z,7dac20bf0000,rw-p,704,700
2026-09-04T02:13:59Z,7dac20d00000,rw-p,576,572
2026-09-04T02:13:59Z,7dac2c000000,rwxp,7360,6756
2026-09-04T02:13:59Z,7dac34000000,rw-p,4888,4732
2026-09-04T02:13:59Z,7dac396d0000,rw-p,1268,1264
2026-09-04T02:18:59Z,fc000000,rw-p,65536,63796
2026-09-04T02:18:59Z,7dabec000000,rw-p,2276,2276
2026-09-04T02:18:59Z,7dabf4000000,rw-p,2412,2412
2026-09-04T02:18:59Z,7dac00000000,rw-p,7484,7452
2026-09-04T02:18:59Z,7dac0c000000,rw-p,21836,20112
2026-09-04T02:18:59Z,7dac20000000,rw-p,4544,4544
2026-09-04T02:18:59Z,7dac204f0000,rw-p,2048,2048
2026-09-04T02:18:59Z,7dac206f0000,rw-p,1024,1024
2026-09-04T02:18:59Z,7dac208f0000,rw-p,2048,2048
2026-09-04T02:18:59Z,7dac20af0000,rw-p,1024,1024
2026-09-04T02:18:59Z,7dac20bf0000,rw-p,704,700
2026-09-04T02:18:59Z,7dac20d00000,rw-p,576,572
2026-09-04T02:18:59Z,7dac2c000000,rwxp,7360,6756
2026-09-04T02:18:59Z,7dac34000000,rw-p,4888,4732
2026-09-04T02:18:59Z,7dac396d0000,rw-p,1268,1264
2026-09-04T02:23:59Z,fc000000,rw-p,65536,63796
2026-09-04T02:23:59Z,7dabec000000,rw-p,2276,2276
2026-09-04T02:23:59Z,7dabf4000000,rw-p,2412,2412
2026-09-04T02:23:59Z,7dac00000000,rw-p,7484,7452
2026-09-04T02:23:59Z,7dac0c000000,rw-p,21836,20112
2026-09-04T02:23:59Z,7dac20000000,rw-p,4544,4544
2026-09-04T02:23:59Z,7dac204f0000,rw-p,2048,2048
2026-09-04T02:23:59Z,7dac206f0000,rw-p,1024,1024
2026-09-04T02:23:59Z,7dac208f0000,rw-p,2048,2048
2026-09-04T02:23:59Z,7dac20af0000,rw-p,1024,1024
2026-09-04T02:23:59Z,7dac20bf0000,rw-p,704,700
2026-09-04T02:23:59Z,7dac20d00000,rw-p,576,572
2026-09-04T02:23:59Z,7dac2c000000,rwxp,7360,6756
2026-09-04T02:23:59Z,7dac34000000,rw-p,4888,4732
2026-09-04T02:23:59Z,7dac396d0000,rw-p,1268,1264
2026-09-04T02:29:00Z,fc000000,rw-p,65536,63796
2026-09-04T02:29:00Z,7dabec000000,rw-p,2276,2276
2026-09-04T02:29:00Z,7dabf4000000,rw-p,2412,2412
2026-09-04T02:29:00Z,7dac00000000,rw-p,7484,7452
2026-09-04T02:29:00Z,7dac0c000000,rw-p,21836,20112
2026-09-04T02:29:00Z,7dac20000000,rw-p,4544,4544
2026-09-04T02:29:00Z,7dac204f0000,rw-p,2048,2048
2026-09-04T02:29:00Z,7dac206f0000,rw-p,1024,1024
2026-09-04T02:29:00Z,7dac208f0000,rw-p,2048,2048
2026-09-04T02:29:00Z,7dac20af0000,rw-p,1024,1024
2026-09-04T02:29:00Z,7dac20bf0000,rw-p,704,700
2026-09-04T02:29:00Z,7dac20d00000,rw-p,576,572
2026-09-04T02:29:00Z,7dac2c000000,rwxp,7360,6756
2026-09-04T02:29:00Z,7dac34000000,rw-p,4888,4732
2026-09-04T02:29:00Z,7dac396d0000,rw-p,1268,1264
2026-09-04T02:34:00Z,fc000000,rw-p,65536,63796
2026-09-04T02:34:00Z,7dabec000000,rw-p,2276,2276
2026-09-04T02:34:00Z,7dabf4000000,rw-p,2412,2412
2026-09-04T02:34:00Z,7dac00000000,rw-p,7484,7452
2026-09-04T02:34:00Z,7dac0c000000,rw-p,21836,20112
2026-09-04T02:34:00Z,7dac20000000,rw-p,4544,4544
2026-09-04T02:34:00Z,7dac204f0000,rw-p,2048,2048
2026-09-04T02:34:00Z,7dac206f0000,rw-p,1024,1024
2026-09-04T02:34:00Z,7dac208f0000,rw-p,2048,2048
2026-09-04T02:34:00Z,7dac20af0000,rw-p,1024,1024
2026-09-04T02:34:00Z,7dac20bf0000,rw-p,704,700
2026-09-04T02:34:00Z,7dac20d00000,rw-p,576,572
2026-09-04T02:34:00Z,7dac2c000000,rwxp,7360,6756
2026-09-04T02:34:00Z,7dac34000000,rw-p,4888,4732
2026-09-04T02:34:00Z,7dac396d0000,rw-p,1268,1264
2026-09-04T02:39:00Z,fc000000,rw-p,65536,63796
2026-09-04T02:39:00Z,7dabec000000,rw-p,2276,2276
2026-09-04T02:39:00Z,7dabf4000000,rw-p,2412,2412
2026-09-04T02:39:00Z,7dac00000000,rw-p,7484,7452
2026-09-04T02:39:00Z,7dac0c000000,rw-p,21836,20112
2026-09-04T02:39:00Z,7dac20000000,rw-p,4544,4544
2026-09-04T02:39:00Z,7dac204f0000,rw-p,2048,2048
2026-09-04T02:39:00Z,7dac206f0000,rw-p,1024,1024
2026-09-04T02:39:00Z,7dac208f0000,rw-p,2048,2048
2026-09-04T02:39:00Z,7dac20af0000,rw-p,1024,1024
2026-09-04T02:39:00Z,7dac20bf0000,rw-p,704,700
2026-09-04T02:39:00Z,7dac20d00000,rw-p,576,572
2026-09-04T02:39:00Z,7dac2c000000,rwxp,7360,6756
2026-09-04T02:39:00Z,7dac34000000,rw-p,4888,4732
2026-09-04T02:39:00Z,7dac396d0000,rw-p,1268,1264
2026-09-04T02:44:00Z,fc000000,rw-p,65536,63796
2026-09-04T02:44:00Z,7dabec000000,rw-p,2276,2276
2026-09-04T02:44:00Z,7dabf4000000,rw-p,2412,2412
2026-09-04T02:44:00Z,7dac00000000,rw-p,7484,7452
2026-09-04T02:44:00Z,7dac0c000000,rw-p,21836,20112
2026-09-04T02:44:00Z,7dac20000000,rw-p,4544,4544
2026-09-04T02:44:00Z,7dac204f0000,rw-p,2048,2048
2026-09-04T02:44:00Z,7dac206f0000,rw-p,1024,1024
2026-09-04T02:44:00Z,7dac208f0000,rw-p,2048,2048
2026-09-04T02:44:00Z,7dac20af0000,rw-p,1024,1024
2026-09-04T02:44:00Z,7dac20bf0000,rw-p,704,700
2026-09-04T02:44:00Z,7dac20d00000,rw-p,576,572
2026-09-04T02:44:00Z,7dac2c000000,rwxp,7360,6756
2026-09-04T02:44:00Z,7dac34000000,rw-p,4888,4732
2026-09-04T02:44:00Z,7dac396d0000,rw-p,1268,1264
2026-09-04T02:49:00Z,fc000000,rw-p,65536,63796
2026-09-04T02:49:00Z,7dabec000000,rw-p,2276,2276
2026-09-04T02:49:00Z,7dabf4000000,rw-p,2412,2412
2026-09-04T02:49:00Z,7dac00000000,rw-p,7484,7452
2026-09-04T02:49:00Z,7dac0c000000,rw-p,21836,20112
2026-09-04T02:49:00Z,7dac20000000,rw-p,4544,4544
2026-09-04T02:49:00Z,7dac204f0000,rw-p,2048,2048
2026-09-04T02:49:00Z,7dac206f0000,rw-p,1024,1024
2026-09-04T02:49:00Z,7dac208f0000,rw-p,2048,2048
2026-09-04T02:49:00Z,7dac20af0000,rw-p,1024,1024
2026-09-04T02:49:00Z,7dac20bf0000,rw-p,704,700
2026-09-04T02:49:00Z,7dac20d00000,rw-p,576,572
2026-09-04T02:49:00Z,7dac2c000000,rwxp,7360,6756
2026-09-04T02:49:00Z,7dac34000000,rw-p,4888,4732
2026-09-04T02:49:00Z,7dac396d0000,rw-p,1268,1264
2026-09-04T02:54:00Z,fc000000,rw-p,65536,63796
2026-09-04T02:54:00Z,7dabec000000,rw-p,2276,2276
2026-09-04T02:54:00Z,7dabf4000000,rw-p,2412,2412
2026-09-04T02:54:00Z,7dac00000000,rw-p,7484,7452
2026-09-04T02:54:00Z,7dac0c000000,rw-p,21836,20112
2026-09-04T02:54:00Z,7dac20000000,rw-p,4544,4544
2026-09-04T02:54:00Z,7dac204f0000,rw-p,2048,2048
2026-09-04T02:54:00Z,7dac206f0000,rw-p,1024,1024
2026-09-04T02:54:00Z,7dac208f0000,rw-p,2048,2048
2026-09-04T02:54:00Z,7dac20af0000,rw-p,1024,1024
2026-09-04T02:54:00Z,7dac20bf0000,rw-p,704,700
2026-09-04T02:54:00Z,7dac20d00000,rw-p,576,572
2026-09-04T02:54:00Z,7dac2c000000,rwxp,7360,6756
2026-09-04T02:54:00Z,7dac34000000,rw-p,4888,4732
2026-09-04T02:54:00Z,7dac396d0000,rw-p,1268,1264
2026-09-04T02:59:00Z,fc000000,rw-p,65536,63796
2026-09-04T02:59:00Z,7dabec000000,rw-p,2276,2276
2026-09-04T02:59:00Z,7dabf4000000,rw-p,2412,2412
2026-09-04T02:59:00Z,7dac00000000,rw-p,7484,7452
2026-09-04T02:59:00Z,7dac0c000000,rw-p,21836,20112
2026-09-04T02:59:00Z,7dac20000000,rw-p,4544,4544
2026-09-04T02:59:00Z,7dac204f0000,rw-p,2048,2048
2026-09-04T02:59:00Z,7dac206f0000,rw-p,1024,1024
2026-09-04T02:59:00Z,7dac208f0000,rw-p,2048,2048
2026-09-04T02:59:00Z,7dac20af0000,rw-p,1024,1024
2026-09-04T02:59:00Z,7dac20bf0000,rw-p,704,700
2026-09-04T02:59:00Z,7dac20d00000,rw-p,576,572
2026-09-04T02:59:00Z,7dac2c000000,rwxp,7360,6756
2026-09-04T02:59:00Z,7dac34000000,rw-p,4888,4732
2026-09-04T02:59:00Z,7dac396d0000,rw-p,1268,1264
2026-09-04T03:04:00Z,fc000000,rw-p,65536,63796
2026-09-04T03:04:00Z,7dabec000000,rw-p,2276,2276
2026-09-04T03:04:00Z,7dabf4000000,rw-p,2412,2412
2026-09-04T03:04:00Z,7dac00000000,rw-p,7484,7452
2026-09-04T03:04:00Z,7dac0c000000,rw-p,21836,20112
2026-09-04T03:04:00Z,7dac20000000,rw-p,4544,4544
2026-09-04T03:04:00Z,7dac204f0000,rw-p,2048,2048
2026-09-04T03:04:00Z,7dac206f0000,rw-p,1024,1024
2026-09-04T03:04:00Z,7dac208f0000,rw-p,2048,2048
2026-09-04T03:04:00Z,7dac20af0000,rw-p,1024,1024
2026-09-04T03:04:00Z,7dac20bf0000,rw-p,704,700
2026-09-04T03:04:00Z,7dac20d00000,rw-p,576,572
2026-09-04T03:04:00Z,7dac2c000000,rwxp,7360,6756
2026-09-04T03:04:00Z,7dac34000000,rw-p,4888,4732
2026-09-04T03:04:00Z,7dac396d0000,rw-p,1268,1264
2026-09-04T03:09:00Z,fc000000,rw-p,65536,63796
2026-09-04T03:09:00Z,7dabec000000,rw-p,2276,2276
2026-09-04T03:09:00Z,7dabf4000000,rw-p,2412,2412
2026-09-04T03:09:00Z,7dac00000000,rw-p,7484,7452
2026-09-04T03:09:00Z,7dac0c000000,rw-p,21836,20112
2026-09-04T03:09:00Z,7dac20000000,rw-p,4544,4544
2026-09-04T03:09:00Z,7dac204f0000,rw-p,2048,2048
2026-09-04T03:09:00Z,7dac206f0000,rw-p,1024,1024
2026-09-04T03:09:00Z,7dac208f0000,rw-p,2048,2048
2026-09-04T03:09:00Z,7dac20af0000,rw-p,1024,1024
2026-09-04T03:09:00Z,7dac20bf0000,rw-p,704,700
2026-09-04T03:09:00Z,7dac20d00000,rw-p,576,572
2026-09-04T03:09:00Z,7dac2c000000,rwxp,7360,6756
2026-09-04T03:09:00Z,7dac34000000,rw-p,4888,4732
2026-09-04T03:09:00Z,7dac396d0000,rw-p,1268,1264
2026-09-04T03:14:00Z,fc000000,rw-p,65536,63796
2026-09-04T03:14:00Z,7dabec000000,rw-p,2276,2276
2026-09-04T03:14:00Z,7dabf4000000,rw-p,2412,2412
2026-09-04T03:14:00Z,7dac00000000,rw-p,7484,7452
2026-09-04T03:14:00Z,7dac0c000000,rw-p,21836,20112
2026-09-04T03:14:00Z,7dac20000000,rw-p,4544,4544
2026-09-04T03:14:00Z,7dac204f0000,rw-p,2048,2048
2026-09-04T03:14:00Z,7dac206f0000,rw-p,1024,1024
2026-09-04T03:14:00Z,7dac208f0000,rw-p,2048,2048
2026-09-04T03:14:00Z,7dac20af0000,rw-p,1024,1024
2026-09-04T03:14:00Z,7dac20bf0000,rw-p,704,700
2026-09-04T03:14:00Z,7dac20d00000,rw-p,576,572
2026-09-04T03:14:00Z,7dac2c000000,rwxp,7360,6756
2026-09-04T03:14:00Z,7dac34000000,rw-p,4888,4732
2026-09-04T03:14:00Z,7dac396d0000,rw-p,1268,1264
2026-09-04T03:19:01Z,fc000000,rw-p,65536,63796
2026-09-04T03:19:01Z,7dabec000000,rw-p,2276,2276
2026-09-04T03:19:01Z,7dabf4000000,rw-p,2412,2412
2026-09-04T03:19:01Z,7dac00000000,rw-p,7484,7452
2026-09-04T03:19:01Z,7dac0c000000,rw-p,21836,20112
2026-09-04T03:19:01Z,7dac20000000,rw-p,4544,4544
2026-09-04T03:19:01Z,7dac204f0000,rw-p,2048,2048
2026-09-04T03:19:01Z,7dac206f0000,rw-p,1024,1024
2026-09-04T03:19:01Z,7dac208f0000,rw-p,2048,2048
2026-09-04T03:19:01Z,7dac20af0000,rw-p,1024,1024
2026-09-04T03:19:01Z,7dac20bf0000,rw-p,704,700
2026-09-04T03:19:01Z,7dac20d00000,rw-p,576,572
2026-09-04T03:19:01Z,7dac2c000000,rwxp,7360,6756
2026-09-04T03:19:01Z,7dac34000000,rw-p,4888,4732
2026-09-04T03:19:01Z,7dac396d0000,rw-p,1268,1264
2026-09-04T03:24:01Z,fc000000,rw-p,65536,63796
2026-09-04T03:24:01Z,7dabec000000,rw-p,2276,2276
2026-09-04T03:24:01Z,7dabf4000000,rw-p,2412,2412
2026-09-04T03:24:01Z,7dac00000000,rw-p,7484,7452
2026-09-04T03:24:01Z,7dac0c000000,rw-p,21836,20112
2026-09-04T03:24:01Z,7dac20000000,rw-p,4544,4544
2026-09-04T03:24:01Z,7dac204f0000,rw-p,2048,2048
2026-09-04T03:24:01Z,7dac206f0000,rw-p,1024,1024
2026-09-04T03:24:01Z,7dac208f0000,rw-p,2048,2048
2026-09-04T03:24:01Z,7dac20af0000,rw-p,1024,1024
2026-09-04T03:24:01Z,7dac20bf0000,rw-p,704,700
2026-09-04T03:24:01Z,7dac20d00000,rw-p,576,572
2026-09-04T03:24:01Z,7dac2c000000,rwxp,7360,6756
2026-09-04T03:24:01Z,7dac34000000,rw-p,4888,4732
2026-09-04T03:24:01Z,7dac396d0000,rw-p,1268,1264
2026-09-04T03:29:01Z,fc000000,rw-p,65536,63796
2026-09-04T03:29:01Z,7dabec000000,rw-p,2276,2276
2026-09-04T03:29:01Z,7dabf4000000,rw-p,2412,2412
2026-09-04T03:29:01Z,7dac00000000,rw-p,7484,7452
2026-09-04T03:29:01Z,7dac0c000000,rw-p,21836,20112
2026-09-04T03:29:01Z,7dac20000000,rw-p,4544,4544
2026-09-04T03:29:01Z,7dac204f0000,rw-p,2048,2048
2026-09-04T03:29:01Z,7dac206f0000,rw-p,1024,1024
2026-09-04T03:29:01Z,7dac208f0000,rw-p,2048,2048
2026-09-04T03:29:01Z,7dac20af0000,rw-p,1024,1024
2026-09-04T03:29:01Z,7dac20bf0000,rw-p,704,700
2026-09-04T03:29:01Z,7dac20d00000,rw-p,576,572
2026-09-04T03:29:01Z,7dac2c000000,rwxp,7360,6756
2026-09-04T03:29:01Z,7dac34000000,rw-p,4888,4732
2026-09-04T03:29:01Z,7dac396d0000,rw-p,1268,1264
2026-09-04T03:34:01Z,fc000000,rw-p,65536,63796
2026-09-04T03:34:01Z,7dabec000000,rw-p,2276,2276
2026-09-04T03:34:01Z,7dabf4000000,rw-p,2412,2412
2026-09-04T03:34:01Z,7dac00000000,rw-p,7484,7452
2026-09-04T03:34:01Z,7dac0c000000,rw-p,21836,20112
2026-09-04T03:34:01Z,7dac20000000,rw-p,4544,4544
2026-09-04T03:34:01Z,7dac204f0000,rw-p,2048,2048
2026-09-04T03:34:01Z,7dac206f0000,rw-p,1024,1024
2026-09-04T03:34:01Z,7dac208f0000,rw-p,2048,2048
2026-09-04T03:34:01Z,7dac20af0000,rw-p,1024,1024
2026-09-04T03:34:01Z,7dac20bf0000,rw-p,704,700
2026-09-04T03:34:01Z,7dac20d00000,rw-p,576,572
2026-09-04T03:34:01Z,7dac2c000000,rwxp,7360,6756
2026-09-04T03:34:01Z,7dac34000000,rw-p,4888,4732
2026-09-04T03:34:01Z,7dac396d0000,rw-p,1268,1264
2026-09-04T03:39:01Z,fc000000,rw-p,65536,63796
2026-09-04T03:39:01Z,7dabec000000,rw-p,2276,2276
2026-09-04T03:39:01Z,7dabf4000000,rw-p,2412,2412
2026-09-04T03:39:01Z,7dac00000000,rw-p,7484,7452
2026-09-04T03:39:01Z,7dac0c000000,rw-p,21836,20112
2026-09-04T03:39:01Z,7dac20000000,rw-p,4544,4544
2026-09-04T03:39:01Z,7dac204f0000,rw-p,2048,2048
2026-09-04T03:39:01Z,7dac206f0000,rw-p,1024,1024
2026-09-04T03:39:01Z,7dac208f0000,rw-p,2048,2048
2026-09-04T03:39:01Z,7dac20af0000,rw-p,1024,1024
2026-09-04T03:39:01Z,7dac20bf0000,rw-p,704,700
2026-09-04T03:39:01Z,7dac20d00000,rw-p,576,572
2026-09-04T03:39:01Z,7dac2c000000,rwxp,7360,6756
2026-09-04T03:39:01Z,7dac34000000,rw-p,4888,4732
2026-09-04T03:39:01Z,7dac396d0000,rw-p,1268,1264
2026-09-04T03:44:01Z,fc000000,rw-p,65536,63796
2026-09-04T03:44:01Z,7dabec000000,rw-p,2276,2276
2026-09-04T03:44:01Z,7dabf4000000,rw-p,2412,2412
2026-09-04T03:44:01Z,7dac00000000,rw-p,7484,7452
2026-09-04T03:44:01Z,7dac0c000000,rw-p,21836,20112
2026-09-04T03:44:01Z,7dac20000000,rw-p,4544,4544
2026-09-04T03:44:01Z,7dac204f0000,rw-p,2048,2048
2026-09-04T03:44:01Z,7dac206f0000,rw-p,1024,1024
2026-09-04T03:44:01Z,7dac208f0000,rw-p,2048,2048
2026-09-04T03:44:01Z,7dac20af0000,rw-p,1024,1024
2026-09-04T03:44:01Z,7dac20bf0000,rw-p,704,700
2026-09-04T03:44:01Z,7dac20d00000,rw-p,576,572
2026-09-04T03:44:01Z,7dac2c000000,rwxp,7360,6756
2026-09-04T03:44:01Z,7dac34000000,rw-p,4888,4732
2026-09-04T03:44:01Z,7dac396d0000,rw-p,1268,1264
2026-09-04T03:49:01Z,fc000000,rw-p,65536,63796
2026-09-04T03:49:01Z,7dabec000000,rw-p,2276,2276
2026-09-04T03:49:01Z,7dabf4000000,rw-p,2412,2412
2026-09-04T03:49:01Z,7dac00000000,rw-p,7484,7452
2026-09-04T03:49:01Z,7dac0c000000,rw-p,21836,20112
2026-09-04T03:49:01Z,7dac20000000,rw-p,4544,4544
2026-09-04T03:49:01Z,7dac204f0000,rw-p,2048,2048
2026-09-04T03:49:01Z,7dac206f0000,rw-p,1024,1024
2026-09-04T03:49:01Z,7dac208f0000,rw-p,2048,2048
2026-09-04T03:49:01Z,7dac20af0000,rw-p,1024,1024
2026-09-04T03:49:01Z,7dac20bf0000,rw-p,704,700
2026-09-04T03:49:01Z,7dac20d00000,rw-p,576,572
2026-09-04T03:49:01Z,7dac2c000000,rwxp,7360,6756
2026-09-04T03:49:01Z,7dac34000000,rw-p,4888,4732
2026-09-04T03:49:01Z,7dac396d0000,rw-p,1268,1264
2026-09-04T03:54:01Z,fc000000,rw-p,65536,63796
2026-09-04T03:54:01Z,7dabec000000,rw-p,2276,2276
2026-09-04T03:54:01Z,7dabf4000000,rw-p,2412,2412
2026-09-04T03:54:01Z,7dac00000000,rw-p,7484,7452
2026-09-04T03:54:01Z,7dac0c000000,rw-p,21836,20112
2026-09-04T03:54:01Z,7dac20000000,rw-p,4544,4544
2026-09-04T03:54:01Z,7dac204f0000,rw-p,2048,2048
2026-09-04T03:54:01Z,7dac206f0000,rw-p,1024,1024
2026-09-04T03:54:01Z,7dac208f0000,rw-p,2048,2048
2026-09-04T03:54:01Z,7dac20af0000,rw-p,1024,1024
2026-09-04T03:54:01Z,7dac20bf0000,rw-p,704,700
2026-09-04T03:54:01Z,7dac20d00000,rw-p,576,572
2026-09-04T03:54:01Z,7dac2c000000,rwxp,7360,6756
2026-09-04T03:54:01Z,7dac34000000,rw-p,4888,4732
2026-09-04T03:54:01Z,7dac396d0000,rw-p,1268,1264
2026-09-04T03:59:01Z,fc000000,rw-p,65536,63796
2026-09-04T03:59:01Z,7dabec000000,rw-p,2276,2276
2026-09-04T03:59:01Z,7dabf4000000,rw-p,2412,2412
2026-09-04T03:59:01Z,7dac00000000,rw-p,7484,7452
2026-09-04T03:59:01Z,7dac0c000000,rw-p,21836,20112
2026-09-04T03:59:01Z,7dac20000000,rw-p,4544,4544
2026-09-04T03:59:01Z,7dac204f0000,rw-p,2048,2048
2026-09-04T03:59:01Z,7dac206f0000,rw-p,1024,1024
2026-09-04T03:59:01Z,7dac208f0000,rw-p,2048,2048
2026-09-04T03:59:01Z,7dac20af0000,rw-p,1024,1024
2026-09-04T03:59:01Z,7dac20bf0000,rw-p,704,700
2026-09-04T03:59:01Z,7dac20d00000,rw-p,576,572
2026-09-04T03:59:01Z,7dac2c000000,rwxp,7360,6756
2026-09-04T03:59:01Z,7dac34000000,rw-p,4888,4732
2026-09-04T03:59:01Z,7dac396d0000,rw-p,1268,1264
2026-09-04T04:04:01Z,fc000000,rw-p,65536,63796
2026-09-04T04:04:01Z,7dabec000000,rw-p,2276,2276
2026-09-04T04:04:01Z,7dabf4000000,rw-p,2412,2412
2026-09-04T04:04:01Z,7dac00000000,rw-p,7484,7452
2026-09-04T04:04:01Z,7dac0c000000,rw-p,21836,20112
2026-09-04T04:04:01Z,7dac20000000,rw-p,4544,4544
2026-09-04T04:04:01Z,7dac204f0000,rw-p,2048,2048
2026-09-04T04:04:01Z,7dac206f0000,rw-p,1024,1024
2026-09-04T04:04:01Z,7dac208f0000,rw-p,2048,2048
2026-09-04T04:04:01Z,7dac20af0000,rw-p,1024,1024
2026-09-04T04:04:01Z,7dac20bf0000,rw-p,704,700
2026-09-04T04:04:01Z,7dac20d00000,rw-p,576,572
2026-09-04T04:04:01Z,7dac2c000000,rwxp,7360,6756
2026-09-04T04:04:01Z,7dac34000000,rw-p,4888,4732
2026-09-04T04:04:01Z,7dac396d0000,rw-p,1268,1264
2026-09-04T04:09:01Z,fc000000,rw-p,65536,63796
2026-09-04T04:09:01Z,7dabec000000,rw-p,2276,2276
2026-09-04T04:09:01Z,7dabf4000000,rw-p,2412,2412
2026-09-04T04:09:01Z,7dac00000000,rw-p,7484,7452
2026-09-04T04:09:01Z,7dac0c000000,rw-p,21836,20112
2026-09-04T04:09:01Z,7dac20000000,rw-p,4544,4544
2026-09-04T04:09:01Z,7dac204f0000,rw-p,2048,2048
2026-09-04T04:09:01Z,7dac206f0000,rw-p,1024,1024
2026-09-04T04:09:01Z,7dac208f0000,rw-p,2048,2048
2026-09-04T04:09:01Z,7dac20af0000,rw-p,1024,1024
2026-09-04T04:09:01Z,7dac20bf0000,rw-p,704,700
2026-09-04T04:09:01Z,7dac20d00000,rw-p,576,572
2026-09-04T04:09:01Z,7dac2c000000,rwxp,7360,6756
2026-09-04T04:09:01Z,7dac34000000,rw-p,4888,4732
2026-09-04T04:09:01Z,7dac396d0000,rw-p,1268,1264
2026-09-04T04:14:02Z,fc000000,rw-p,65536,63796
2026-09-04T04:14:02Z,7dabec000000,rw-p,2276,2276
2026-09-04T04:14:02Z,7dabf4000000,rw-p,2412,2412
2026-09-04T04:14:02Z,7dac00000000,rw-p,7484,7452
2026-09-04T04:14:02Z,7dac0c000000,rw-p,21836,20112
2026-09-04T04:14:02Z,7dac20000000,rw-p,4544,4544
2026-09-04T04:14:02Z,7dac204f0000,rw-p,2048,2048
2026-09-04T04:14:02Z,7dac206f0000,rw-p,1024,1024
2026-09-04T04:14:02Z,7dac208f0000,rw-p,2048,2048
2026-09-04T04:14:02Z,7dac20af0000,rw-p,1024,1024
2026-09-04T04:14:02Z,7dac20bf0000,rw-p,704,700
2026-09-04T04:14:02Z,7dac20d00000,rw-p,576,572
2026-09-04T04:14:02Z,7dac2c000000,rwxp,7360,6756
2026-09-04T04:14:02Z,7dac34000000,rw-p,4888,4732
2026-09-04T04:14:02Z,7dac396d0000,rw-p,1268,1264
2026-09-04T04:19:02Z,fc000000,rw-p,65536,63796
2026-09-04T04:19:02Z,7dabec000000,rw-p,2276,2276
2026-09-04T04:19:02Z,7dabf4000000,rw-p,2412,2412
2026-09-04T04:19:02Z,7dac00000000,rw-p,7484,7452
2026-09-04T04:19:02Z,7dac0c000000,rw-p,21836,20112
2026-09-04T04:19:02Z,7dac20000000,rw-p,4544,4544
2026-09-04T04:19:02Z,7dac204f0000,rw-p,2048,2048
2026-09-04T04:19:02Z,7dac206f0000,rw-p,1024,1024
2026-09-04T04:19:02Z,7dac208f0000,rw-p,2048,2048
2026-09-04T04:19:02Z,7dac20af0000,rw-p,1024,1024
2026-09-04T04:19:02Z,7dac20bf0000,rw-p,704,700
2026-09-04T04:19:02Z,7dac20d00000,rw-p,576,572
2026-09-04T04:19:02Z,7dac2c000000,rwxp,7360,6756
2026-09-04T04:19:02Z,7dac34000000,rw-p,4888,4732
2026-09-04T04:19:02Z,7dac396d0000,rw-p,1268,1264
2026-09-04T04:24:02Z,fc000000,rw-p,65536,63796
2026-09-04T04:24:02Z,7dabec000000,rw-p,2276,2276
2026-09-04T04:24:02Z,7dabf4000000,rw-p,2412,2412
2026-09-04T04:24:02Z,7dac00000000,rw-p,7484,7452
2026-09-04T04:24:02Z,7dac0c000000,rw-p,21836,20112
2026-09-04T04:24:02Z,7dac20000000,rw-p,4544,4544
2026-09-04T04:24:02Z,7dac204f0000,rw-p,2048,2048
2026-09-04T04:24:02Z,7dac206f0000,rw-p,1024,1024
2026-09-04T04:24:02Z,7dac208f0000,rw-p,2048,2048
2026-09-04T04:24:02Z,7dac20af0000,rw-p,1024,1024
2026-09-04T04:24:02Z,7dac20bf0000,rw-p,704,700
2026-09-04T04:24:02Z,7dac20d00000,rw-p,576,572
2026-09-04T04:24:02Z,7dac2c000000,rwxp,7360,6756
2026-09-04T04:24:02Z,7dac34000000,rw-p,4888,4732
2026-09-04T04:24:02Z,7dac396d0000,rw-p,1268,1264
2026-09-04T04:29:02Z,fc000000,rw-p,65536,63796
2026-09-04T04:29:02Z,7dabec000000,rw-p,2276,2276
2026-09-04T04:29:02Z,7dabf4000000,rw-p,2412,2412
2026-09-04T04:29:02Z,7dac00000000,rw-p,7484,7452
2026-09-04T04:29:02Z,7dac0c000000,rw-p,21836,20112
2026-09-04T04:29:02Z,7dac20000000,rw-p,4544,4544
2026-09-04T04:29:02Z,7dac204f0000,rw-p,2048,2048
2026-09-04T04:29:02Z,7dac206f0000,rw-p,1024,1024
2026-09-04T04:29:02Z,7dac208f0000,rw-p,2048,2048
2026-09-04T04:29:02Z,7dac20af0000,rw-p,1024,1024
2026-09-04T04:29:02Z,7dac20bf0000,rw-p,704,700
2026-09-04T04:29:02Z,7dac20d00000,rw-p,576,572
2026-09-04T04:29:02Z,7dac2c000000,rwxp,7360,6756
2026-09-04T04:29:02Z,7dac34000000,rw-p,4888,4732
2026-09-04T04:29:02Z,7dac396d0000,rw-p,1268,1264
2026-09-04T04:34:02Z,fc000000,rw-p,65536,63796
2026-09-04T04:34:02Z,7dabec000000,rw-p,2276,2276
2026-09-04T04:34:02Z,7dabf4000000,rw-p,2412,2412
2026-09-04T04:34:02Z,7dac00000000,rw-p,7484,7452
2026-09-04T04:34:02Z,7dac0c000000,rw-p,21836,20112
2026-09-04T04:34:02Z,7dac20000000,rw-p,4544,4544
2026-09-04T04:34:02Z,7dac204f0000,rw-p,2048,2048
2026-09-04T04:34:02Z,7dac206f0000,rw-p,1024,1024
2026-09-04T04:34:02Z,7dac208f0000,rw-p,2048,2048
2026-09-04T04:34:02Z,7dac20af0000,rw-p,1024,1024
2026-09-04T04:34:02Z,7dac20bf0000,rw-p,704,700
2026-09-04T04:34:02Z,7dac20d00000,rw-p,576,572
2026-09-04T04:34:02Z,7dac2c000000,rwxp,7360,6756
2026-09-04T04:34:02Z,7dac34000000,rw-p,4888,4732
2026-09-04T04:34:02Z,7dac396d0000,rw-p,1268,1264
2026-09-04T04:39:02Z,fc000000,rw-p,65536,63796
2026-09-04T04:39:02Z,7dabec000000,rw-p,2276,2276
2026-09-04T04:39:02Z,7dabf4000000,rw-p,2412,2412
2026-09-04T04:39:02Z,7dac00000000,rw-p,7484,7452
2026-09-04T04:39:02Z,7dac0c000000,rw-p,21836,20112
2026-09-04T04:39:02Z,7dac20000000,rw-p,4544,4544
2026-09-04T04:39:02Z,7dac204f0000,rw-p,2048,2048
2026-09-04T04:39:02Z,7dac206f0000,rw-p,1024,1024
2026-09-04T04:39:02Z,7dac208f0000,rw-p,2048,2048
2026-09-04T04:39:02Z,7dac20af0000,rw-p,1024,1024
2026-09-04T04:39:02Z,7dac20bf0000,rw-p,704,700
2026-09-04T04:39:02Z,7dac20d00000,rw-p,576,572
2026-09-04T04:39:02Z,7dac2c000000,rwxp,7360,6756
2026-09-04T04:39:02Z,7dac34000000,rw-p,4888,4732
2026-09-04T04:39:02Z,7dac396d0000,rw-p,1268,1264
2026-09-04T04:44:02Z,fc000000,rw-p,65536,63808
2026-09-04T04:44:02Z,7dabec000000,rw-p,2276,2276
2026-09-04T04:44:02Z,7dabf4000000,rw-p,2412,2412
2026-09-04T04:44:02Z,7dac00000000,rw-p,7484,7452
2026-09-04T04:44:02Z,7dac0c000000,rw-p,21836,20112
2026-09-04T04:44:02Z,7dac20000000,rw-p,4544,4544
2026-09-04T04:44:02Z,7dac204f0000,rw-p,2048,2048
2026-09-04T04:44:02Z,7dac206f0000,rw-p,1024,1024
2026-09-04T04:44:02Z,7dac208f0000,rw-p,2048,2048
2026-09-04T04:44:02Z,7dac20af0000,rw-p,1024,1024
2026-09-04T04:44:02Z,7dac20bf0000,rw-p,704,700
2026-09-04T04:44:02Z,7dac20d00000,rw-p,576,572
2026-09-04T04:44:02Z,7dac2c000000,rwxp,7360,6756
2026-09-04T04:44:02Z,7dac34000000,rw-p,4888,4732
2026-09-04T04:44:02Z,7dac396d0000,rw-p,1268,1264
2026-09-04T04:49:02Z,fc000000,rw-p,65536,63808
2026-09-04T04:49:02Z,7dabec000000,rw-p,2276,2276
2026-09-04T04:49:02Z,7dabf4000000,rw-p,2412,2412
2026-09-04T04:49:02Z,7dac00000000,rw-p,7484,7452
2026-09-04T04:49:02Z,7dac0c000000,rw-p,21836,20112
2026-09-04T04:49:02Z,7dac20000000,rw-p,4544,4544
2026-09-04T04:49:02Z,7dac204f0000,rw-p,2048,2048
2026-09-04T04:49:02Z,7dac206f0000,rw-p,1024,1024
2026-09-04T04:49:02Z,7dac208f0000,rw-p,2048,2048
2026-09-04T04:49:02Z,7dac20af0000,rw-p,1024,1024
2026-09-04T04:49:02Z,7dac20bf0000,rw-p,704,700
2026-09-04T04:49:02Z,7dac20d00000,rw-p,576,572
2026-09-04T04:49:02Z,7dac2c000000,rwxp,7360,6756
2026-09-04T04:49:02Z,7dac34000000,rw-p,4888,4732
2026-09-04T04:49:02Z,7dac396d0000,rw-p,1268,1264
2026-09-04T04:54:02Z,fc000000,rw-p,65536,63808
2026-09-04T04:54:02Z,7dabec000000,rw-p,2276,2276
2026-09-04T04:54:02Z,7dabf4000000,rw-p,2412,2412
2026-09-04T04:54:02Z,7dac00000000,rw-p,7484,7452
2026-09-04T04:54:02Z,7dac0c000000,rw-p,21836,20112
2026-09-04T04:54:02Z,7dac20000000,rw-p,4544,4544
2026-09-04T04:54:02Z,7dac204f0000,rw-p,2048,2048
2026-09-04T04:54:02Z,7dac206f0000,rw-p,1024,1024
2026-09-04T04:54:02Z,7dac208f0000,rw-p,2048,2048
2026-09-04T04:54:02Z,7dac20af0000,rw-p,1024,1024
2026-09-04T04:54:02Z,7dac20bf0000,rw-p,704,700
2026-09-04T04:54:02Z,7dac20d00000,rw-p,576,572
2026-09-04T04:54:02Z,7dac2c000000,rwxp,7360,6756
2026-09-04T04:54:02Z,7dac34000000,rw-p,4888,4732
2026-09-04T04:54:02Z,7dac396d0000,rw-p,1268,1264
2026-09-04T04:59:02Z,fc000000,rw-p,65536,63808
2026-09-04T04:59:02Z,7dabec000000,rw-p,2276,2276
2026-09-04T04:59:02Z,7dabf4000000,rw-p,2412,2412
2026-09-04T04:59:02Z,7dac00000000,rw-p,7484,7452
2026-09-04T04:59:02Z,7dac0c000000,rw-p,21836,20112
2026-09-04T04:59:02Z,7dac20000000,rw-p,4544,4544
2026-09-04T04:59:02Z,7dac204f0000,rw-p,2048,2048
2026-09-04T04:59:02Z,7dac206f0000,rw-p,1024,1024
2026-09-04T04:59:02Z,7dac208f0000,rw-p,2048,2048
2026-09-04T04:59:02Z,7dac20af0000,rw-p,1024,1024
2026-09-04T04:59:02Z,7dac20bf0000,rw-p,704,700
2026-09-04T04:59:02Z,7dac20d00000,rw-p,576,572
2026-09-04T04:59:02Z,7dac2c000000,rwxp,7360,6756
2026-09-04T04:59:02Z,7dac34000000,rw-p,4888,4732
2026-09-04T04:59:02Z,7dac396d0000,rw-p,1268,1264
2026-09-04T05:04:03Z,fc000000,rw-p,65536,63808
2026-09-04T05:04:03Z,7dabec000000,rw-p,2276,2276
2026-09-04T05:04:03Z,7dabf4000000,rw-p,2412,2412
2026-09-04T05:04:03Z,7dac00000000,rw-p,7484,7452
2026-09-04T05:04:03Z,7dac0c000000,rw-p,21836,20112
2026-09-04T05:04:03Z,7dac20000000,rw-p,4544,4544
2026-09-04T05:04:03Z,7dac204f0000,rw-p,2048,2048
2026-09-04T05:04:03Z,7dac206f0000,rw-p,1024,1024
2026-09-04T05:04:03Z,7dac208f0000,rw-p,2048,2048
2026-09-04T05:04:03Z,7dac20af0000,rw-p,1024,1024
2026-09-04T05:04:03Z,7dac20bf0000,rw-p,704,700
2026-09-04T05:04:03Z,7dac20d00000,rw-p,576,572
2026-09-04T05:04:03Z,7dac2c000000,rwxp,7360,6756
2026-09-04T05:04:03Z,7dac34000000,rw-p,4888,4732
2026-09-04T05:04:03Z,7dac396d0000,rw-p,1268,1264
2026-09-04T05:09:03Z,fc000000,rw-p,65536,63808
2026-09-04T05:09:03Z,7dabec000000,rw-p,2276,2276
2026-09-04T05:09:03Z,7dabf4000000,rw-p,2412,2412
2026-09-04T05:09:03Z,7dac00000000,rw-p,7484,7452
2026-09-04T05:09:03Z,7dac0c000000,rw-p,21836,20112
2026-09-04T05:09:03Z,7dac20000000,rw-p,4544,4544
2026-09-04T05:09:03Z,7dac204f0000,rw-p,2048,2048
2026-09-04T05:09:03Z,7dac206f0000,rw-p,1024,1024
2026-09-04T05:09:03Z,7dac208f0000,rw-p,2048,2048
2026-09-04T05:09:03Z,7dac20af0000,rw-p,1024,1024
2026-09-04T05:09:03Z,7dac20bf0000,rw-p,704,700
2026-09-04T05:09:03Z,7dac20d00000,rw-p,576,572
2026-09-04T05:09:03Z,7dac2c000000,rwxp,7360,6756
2026-09-04T05:09:03Z,7dac34000000,rw-p,4888,4732
2026-09-04T05:09:03Z,7dac396d0000,rw-p,1268,1264
2026-09-04T05:14:03Z,fc000000,rw-p,65536,63808
2026-09-04T05:14:03Z,7dabec000000,rw-p,2276,2276
2026-09-04T05:14:03Z,7dabf4000000,rw-p,2412,2412
2026-09-04T05:14:03Z,7dac00000000,rw-p,7484,7452
2026-09-04T05:14:03Z,7dac0c000000,rw-p,21836,20112
2026-09-04T05:14:03Z,7dac20000000,rw-p,4544,4544
2026-09-04T05:14:03Z,7dac204f0000,rw-p,2048,2048
2026-09-04T05:14:03Z,7dac206f0000,rw-p,1024,1024
2026-09-04T05:14:03Z,7dac208f0000,rw-p,2048,2048
2026-09-04T05:14:03Z,7dac20af0000,rw-p,1024,1024
2026-09-04T05:14:03Z,7dac20bf0000,rw-p,704,700
2026-09-04T05:14:03Z,7dac20d00000,rw-p,576,572
2026-09-04T05:14:03Z,7dac2c000000,rwxp,7360,6756
2026-09-04T05:14:03Z,7dac34000000,rw-p,4888,4732
2026-09-04T05:14:03Z,7dac396d0000,rw-p,1268,1264
2026-09-04T05:19:03Z,fc000000,rw-p,65536,63808
2026-09-04T05:19:03Z,7dabec000000,rw-p,2276,2276
2026-09-04T05:19:03Z,7dabf4000000,rw-p,2412,2412
2026-09-04T05:19:03Z,7dac00000000,rw-p,7484,7452
2026-09-04T05:19:03Z,7dac0c000000,rw-p,21836,20112
2026-09-04T05:19:03Z,7dac20000000,rw-p,4544,4544
2026-09-04T05:19:03Z,7dac204f0000,rw-p,2048,2048
2026-09-04T05:19:03Z,7dac206f0000,rw-p,1024,1024
2026-09-04T05:19:03Z,7dac208f0000,rw-p,2048,2048
2026-09-04T05:19:03Z,7dac20af0000,rw-p,1024,1024
2026-09-04T05:19:03Z,7dac20bf0000,rw-p,704,700
2026-09-04T05:19:03Z,7dac20d00000,rw-p,576,572
2026-09-04T05:19:03Z,7dac2c000000,rwxp,7360,6756
2026-09-04T05:19:03Z,7dac34000000,rw-p,4888,4732
2026-09-04T05:19:03Z,7dac396d0000,rw-p,1268,1264
2026-09-04T05:24:03Z,fc000000,rw-p,65536,63808
2026-09-04T05:24:03Z,7dabec000000,rw-p,2276,2276
2026-09-04T05:24:03Z,7dabf4000000,rw-p,2412,2412
2026-09-04T05:24:03Z,7dac00000000,rw-p,7484,7452
2026-09-04T05:24:03Z,7dac0c000000,rw-p,21836,20112
2026-09-04T05:24:03Z,7dac20000000,rw-p,4544,4544
2026-09-04T05:24:03Z,7dac204f0000,rw-p,2048,2048
2026-09-04T05:24:03Z,7dac206f0000,rw-p,1024,1024
2026-09-04T05:24:03Z,7dac208f0000,rw-p,2048,2048
2026-09-04T05:24:03Z,7dac20af0000,rw-p,1024,1024
2026-09-04T05:24:03Z,7dac20bf0000,rw-p,704,700
2026-09-04T05:24:03Z,7dac20d00000,rw-p,576,572
2026-09-04T05:24:03Z,7dac2c000000,rwxp,7360,6756
2026-09-04T05:24:03Z,7dac34000000,rw-p,4888,4732
2026-09-04T05:24:03Z,7dac396d0000,rw-p,1268,1264
2026-09-04T05:29:03Z,fc000000,rw-p,65536,63808
2026-09-04T05:29:03Z,7dabec000000,rw-p,2276,2276
2026-09-04T05:29:03Z,7dabf4000000,rw-p,2412,2412
2026-09-04T05:29:03Z,7dac00000000,rw-p,7484,7452
2026-09-04T05:29:03Z,7dac0c000000,rw-p,21836,20112
2026-09-04T05:29:03Z,7dac20000000,rw-p,4544,4544
2026-09-04T05:29:03Z,7dac204f0000,rw-p,2048,2048
2026-09-04T05:29:03Z,7dac206f0000,rw-p,1024,1024
2026-09-04T05:29:03Z,7dac208f0000,rw-p,2048,2048
2026-09-04T05:29:03Z,7dac20af0000,rw-p,1024,1024
2026-09-04T05:29:03Z,7dac20bf0000,rw-p,704,700
2026-09-04T05:29:03Z,7dac20d00000,rw-p,576,572
2026-09-04T05:29:03Z,7dac2c000000,rwxp,7360,6756
2026-09-04T05:29:03Z,7dac34000000,rw-p,4888,4732
2026-09-04T05:29:03Z,7dac396d0000,rw-p,1268,1264
2026-09-04T05:34:03Z,fc000000,rw-p,65536,63808
2026-09-04T05:34:03Z,7dabec000000,rw-p,2276,2276
2026-09-04T05:34:03Z,7dabf4000000,rw-p,2412,2412
2026-09-04T05:34:03Z,7dac00000000,rw-p,7484,7452
2026-09-04T05:34:03Z,7dac0c000000,rw-p,21836,20112
2026-09-04T05:34:03Z,7dac20000000,rw-p,4544,4544
2026-09-04T05:34:03Z,7dac204f0000,rw-p,2048,2048
2026-09-04T05:34:03Z,7dac206f0000,rw-p,1024,1024
2026-09-04T05:34:03Z,7dac208f0000,rw-p,2048,2048
2026-09-04T05:34:03Z,7dac20af0000,rw-p,1024,1024
2026-09-04T05:34:03Z,7dac20bf0000,rw-p,704,700
2026-09-04T05:34:03Z,7dac20d00000,rw-p,576,572
2026-09-04T05:34:03Z,7dac2c000000,rwxp,7360,6756
2026-09-04T05:34:03Z,7dac34000000,rw-p,4888,4732
2026-09-04T05:34:03Z,7dac396d0000,rw-p,1268,1264
2026-09-04T05:39:03Z,fc000000,rw-p,65536,63808
2026-09-04T05:39:03Z,7dabec000000,rw-p,2276,2276
2026-09-04T05:39:03Z,7dabf4000000,rw-p,2412,2412
2026-09-04T05:39:03Z,7dac00000000,rw-p,7484,7452
2026-09-04T05:39:03Z,7dac0c000000,rw-p,21836,20112
2026-09-04T05:39:03Z,7dac20000000,rw-p,4544,4544
2026-09-04T05:39:03Z,7dac204f0000,rw-p,2048,2048
2026-09-04T05:39:03Z,7dac206f0000,rw-p,1024,1024
2026-09-04T05:39:03Z,7dac208f0000,rw-p,2048,2048
2026-09-04T05:39:03Z,7dac20af0000,rw-p,1024,1024
2026-09-04T05:39:03Z,7dac20bf0000,rw-p,704,700
2026-09-04T05:39:03Z,7dac20d00000,rw-p,576,572
2026-09-04T05:39:03Z,7dac2c000000,rwxp,7360,6756
2026-09-04T05:39:03Z,7dac34000000,rw-p,4888,4732
2026-09-04T05:39:03Z,7dac396d0000,rw-p,1268,1264
2026-09-04T05:44:03Z,fc000000,rw-p,65536,63808
2026-09-04T05:44:03Z,7dabec000000,rw-p,2276,2276
2026-09-04T05:44:03Z,7dabf4000000,rw-p,2412,2412
2026-09-04T05:44:03Z,7dac00000000,rw-p,7484,7452
2026-09-04T05:44:03Z,7dac0c000000,rw-p,21836,20112
2026-09-04T05:44:03Z,7dac20000000,rw-p,4544,4544
2026-09-04T05:44:03Z,7dac204f0000,rw-p,2048,2048
2026-09-04T05:44:03Z,7dac206f0000,rw-p,1024,1024
2026-09-04T05:44:03Z,7dac208f0000,rw-p,2048,2048
2026-09-04T05:44:03Z,7dac20af0000,rw-p,1024,1024
2026-09-04T05:44:03Z,7dac20bf0000,rw-p,704,700
2026-09-04T05:44:03Z,7dac20d00000,rw-p,576,572
2026-09-04T05:44:03Z,7dac2c000000,rwxp,7360,6756
2026-09-04T05:44:03Z,7dac34000000,rw-p,4888,4732
2026-09-04T05:44:03Z,7dac396d0000,rw-p,1268,1264
2026-09-04T05:49:03Z,fc000000,rw-p,65536,63808
2026-09-04T05:49:03Z,7dabec000000,rw-p,2276,2276
2026-09-04T05:49:03Z,7dabf4000000,rw-p,2412,2412
2026-09-04T05:49:03Z,7dac00000000,rw-p,7484,7452
2026-09-04T05:49:03Z,7dac0c000000,rw-p,21836,20112
2026-09-04T05:49:03Z,7dac20000000,rw-p,4544,4544
2026-09-04T05:49:03Z,7dac204f0000,rw-p,2048,2048
2026-09-04T05:49:03Z,7dac206f0000,rw-p,1024,1024
2026-09-04T05:49:03Z,7dac208f0000,rw-p,2048,2048
2026-09-04T05:49:03Z,7dac20af0000,rw-p,1024,1024
2026-09-04T05:49:03Z,7dac20bf0000,rw-p,704,700
2026-09-04T05:49:03Z,7dac20d00000,rw-p,576,572
2026-09-04T05:49:03Z,7dac2c000000,rwxp,7360,6756
2026-09-04T05:49:03Z,7dac34000000,rw-p,4888,4732
2026-09-04T05:49:03Z,7dac396d0000,rw-p,1268,1264
2026-09-04T05:54:04Z,fc000000,rw-p,65536,63808
2026-09-04T05:54:04Z,7dabec000000,rw-p,2276,2276
2026-09-04T05:54:04Z,7dabf4000000,rw-p,2412,2412
2026-09-04T05:54:04Z,7dac00000000,rw-p,7484,7452
2026-09-04T05:54:04Z,7dac0c000000,rw-p,21836,20112
2026-09-04T05:54:04Z,7dac20000000,rw-p,4544,4544
2026-09-04T05:54:04Z,7dac204f0000,rw-p,2048,2048
2026-09-04T05:54:04Z,7dac206f0000,rw-p,1024,1024
2026-09-04T05:54:04Z,7dac208f0000,rw-p,2048,2048
2026-09-04T05:54:04Z,7dac20af0000,rw-p,1024,1024
2026-09-04T05:54:04Z,7dac20bf0000,rw-p,704,700
2026-09-04T05:54:04Z,7dac20d00000,rw-p,576,572
2026-09-04T05:54:04Z,7dac2c000000,rwxp,7360,6756
2026-09-04T05:54:04Z,7dac34000000,rw-p,4888,4732
2026-09-04T05:54:04Z,7dac396d0000,rw-p,1268,1264
2026-09-04T05:59:04Z,fc000000,rw-p,65536,63808
2026-09-04T05:59:04Z,7dabec000000,rw-p,2276,2276
2026-09-04T05:59:04Z,7dabf4000000,rw-p,2412,2412
2026-09-04T05:59:04Z,7dac00000000,rw-p,7484,7452
2026-09-04T05:59:04Z,7dac0c000000,rw-p,21836,20112
2026-09-04T05:59:04Z,7dac20000000,rw-p,4544,4544
2026-09-04T05:59:04Z,7dac204f0000,rw-p,2048,2048
2026-09-04T05:59:04Z,7dac206f0000,rw-p,1024,1024
2026-09-04T05:59:04Z,7dac208f0000,rw-p,2048,2048
2026-09-04T05:59:04Z,7dac20af0000,rw-p,1024,1024
2026-09-04T05:59:04Z,7dac20bf0000,rw-p,704,700
2026-09-04T05:59:04Z,7dac20d00000,rw-p,576,572
2026-09-04T05:59:04Z,7dac2c000000,rwxp,7360,6756
2026-09-04T05:59:04Z,7dac34000000,rw-p,4888,4732
2026-09-04T05:59:04Z,7dac396d0000,rw-p,1268,1264
2026-09-04T06:04:04Z,fc000000,rw-p,65536,63808
2026-09-04T06:04:04Z,7dabec000000,rw-p,2276,2276
2026-09-04T06:04:04Z,7dabf4000000,rw-p,2412,2412
2026-09-04T06:04:04Z,7dac00000000,rw-p,7484,7452
2026-09-04T06:04:04Z,7dac0c000000,rw-p,21836,20112
2026-09-04T06:04:04Z,7dac20000000,rw-p,4544,4544
2026-09-04T06:04:04Z,7dac204f0000,rw-p,2048,2048
2026-09-04T06:04:04Z,7dac206f0000,rw-p,1024,1024
2026-09-04T06:04:04Z,7dac208f0000,rw-p,2048,2048
2026-09-04T06:04:04Z,7dac20af0000,rw-p,1024,1024
2026-09-04T06:04:04Z,7dac20bf0000,rw-p,704,700
2026-09-04T06:04:04Z,7dac20d00000,rw-p,576,572
2026-09-04T06:04:04Z,7dac2c000000,rwxp,7360,6756
2026-09-04T06:04:04Z,7dac34000000,rw-p,4888,4732
2026-09-04T06:04:04Z,7dac396d0000,rw-p,1268,1264
2026-09-04T06:09:04Z,fc000000,rw-p,65536,63808
2026-09-04T06:09:04Z,7dabec000000,rw-p,2276,2276
2026-09-04T06:09:04Z,7dabf4000000,rw-p,2412,2412
2026-09-04T06:09:04Z,7dac00000000,rw-p,7484,7452
2026-09-04T06:09:04Z,7dac0c000000,rw-p,21836,20112
2026-09-04T06:09:04Z,7dac20000000,rw-p,4544,4544
2026-09-04T06:09:04Z,7dac204f0000,rw-p,2048,2048
2026-09-04T06:09:04Z,7dac206f0000,rw-p,1024,1024
2026-09-04T06:09:04Z,7dac208f0000,rw-p,2048,2048
2026-09-04T06:09:04Z,7dac20af0000,rw-p,1024,1024
2026-09-04T06:09:04Z,7dac20bf0000,rw-p,704,700
2026-09-04T06:09:04Z,7dac20d00000,rw-p,576,572
2026-09-04T06:09:04Z,7dac2c000000,rwxp,7360,6756
2026-09-04T06:09:04Z,7dac34000000,rw-p,4888,4732
2026-09-04T06:09:04Z,7dac396d0000,rw-p,1268,1264
2026-09-04T06:14:04Z,fc000000,rw-p,65536,63808
2026-09-04T06:14:04Z,7dabec000000,rw-p,2276,2276
2026-09-04T06:14:04Z,7dabf4000000,rw-p,2412,2412
2026-09-04T06:14:04Z,7dac00000000,rw-p,7484,7452
2026-09-04T06:14:04Z,7dac0c000000,rw-p,21836,20112
2026-09-04T06:14:04Z,7dac20000000,rw-p,4544,4544
2026-09-04T06:14:04Z,7dac204f0000,rw-p,2048,2048
2026-09-04T06:14:04Z,7dac206f0000,rw-p,1024,1024
2026-09-04T06:14:04Z,7dac208f0000,rw-p,2048,2048
2026-09-04T06:14:04Z,7dac20af0000,rw-p,1024,1024
2026-09-04T06:14:04Z,7dac20bf0000,rw-p,704,700
2026-09-04T06:14:04Z,7dac20d00000,rw-p,576,572
2026-09-04T06:14:04Z,7dac2c000000,rwxp,7360,6756
2026-09-04T06:14:04Z,7dac34000000,rw-p,4888,4732
2026-09-04T06:14:04Z,7dac396d0000,rw-p,1268,1264
2026-09-04T06:19:04Z,fc000000,rw-p,65536,63808
2026-09-04T06:19:04Z,7dabec000000,rw-p,2276,2276
2026-09-04T06:19:04Z,7dabf4000000,rw-p,2412,2412
2026-09-04T06:19:04Z,7dac00000000,rw-p,7484,7452
2026-09-04T06:19:04Z,7dac0c000000,rw-p,21836,20112
2026-09-04T06:19:04Z,7dac20000000,rw-p,4544,4544
2026-09-04T06:19:04Z,7dac204f0000,rw-p,2048,2048
2026-09-04T06:19:04Z,7dac206f0000,rw-p,1024,1024
2026-09-04T06:19:04Z,7dac208f0000,rw-p,2048,2048
2026-09-04T06:19:04Z,7dac20af0000,rw-p,1024,1024
2026-09-04T06:19:04Z,7dac20bf0000,rw-p,704,700
2026-09-04T06:19:04Z,7dac20d00000,rw-p,576,572
2026-09-04T06:19:04Z,7dac2c000000,rwxp,7360,6756
2026-09-04T06:19:04Z,7dac34000000,rw-p,4888,4732
2026-09-04T06:19:04Z,7dac396d0000,rw-p,1268,1264
2026-09-04T06:24:04Z,fc000000,rw-p,65536,63808
2026-09-04T06:24:04Z,7dabec000000,rw-p,2276,2276
2026-09-04T06:24:04Z,7dabf4000000,rw-p,2412,2412
2026-09-04T06:24:04Z,7dac00000000,rw-p,7484,7452
2026-09-04T06:24:04Z,7dac0c000000,rw-p,21836,20112
2026-09-04T06:24:04Z,7dac20000000,rw-p,4544,4544
2026-09-04T06:24:04Z,7dac204f0000,rw-p,2048,2048
2026-09-04T06:24:04Z,7dac206f0000,rw-p,1024,1024
2026-09-04T06:24:04Z,7dac208f0000,rw-p,2048,2048
2026-09-04T06:24:04Z,7dac20af0000,rw-p,1024,1024
2026-09-04T06:24:04Z,7dac20bf0000,rw-p,704,700
2026-09-04T06:24:04Z,7dac20d00000,rw-p,576,572
2026-09-04T06:24:04Z,7dac2c000000,rwxp,7360,6756
2026-09-04T06:24:04Z,7dac34000000,rw-p,4888,4732
2026-09-04T06:24:04Z,7dac396d0000,rw-p,1268,1264
2026-09-04T06:29:04Z,fc000000,rw-p,65536,63808
2026-09-04T06:29:04Z,7dabec000000,rw-p,2276,2276
2026-09-04T06:29:04Z,7dabf4000000,rw-p,2412,2412
2026-09-04T06:29:04Z,7dac00000000,rw-p,7484,7452
2026-09-04T06:29:04Z,7dac0c000000,rw-p,21836,20112
2026-09-04T06:29:04Z,7dac20000000,rw-p,4544,4544
2026-09-04T06:29:04Z,7dac204f0000,rw-p,2048,2048
2026-09-04T06:29:04Z,7dac206f0000,rw-p,1024,1024
2026-09-04T06:29:04Z,7dac208f0000,rw-p,2048,2048
2026-09-04T06:29:04Z,7dac20af0000,rw-p,1024,1024
2026-09-04T06:29:04Z,7dac20bf0000,rw-p,704,700
2026-09-04T06:29:04Z,7dac20d00000,rw-p,576,572
2026-09-04T06:29:04Z,7dac2c000000,rwxp,7360,6756
2026-09-04T06:29:04Z,7dac34000000,rw-p,4888,4732
2026-09-04T06:29:04Z,7dac396d0000,rw-p,1268,1264
2026-09-04T06:34:04Z,fc000000,rw-p,65536,63808
2026-09-04T06:34:04Z,7dabec000000,rw-p,2276,2276
2026-09-04T06:34:04Z,7dabf4000000,rw-p,2412,2412
2026-09-04T06:34:04Z,7dac00000000,rw-p,7484,7452
2026-09-04T06:34:04Z,7dac0c000000,rw-p,21836,20112
2026-09-04T06:34:04Z,7dac20000000,rw-p,4544,4544
2026-09-04T06:34:04Z,7dac204f0000,rw-p,2048,2048
2026-09-04T06:34:04Z,7dac206f0000,rw-p,1024,1024
2026-09-04T06:34:04Z,7dac208f0000,rw-p,2048,2048
2026-09-04T06:34:04Z,7dac20af0000,rw-p,1024,1024
2026-09-04T06:34:04Z,7dac20bf0000,rw-p,704,700
2026-09-04T06:34:04Z,7dac20d00000,rw-p,576,572
2026-09-04T06:34:04Z,7dac2c000000,rwxp,7360,6756
2026-09-04T06:34:04Z,7dac34000000,rw-p,4888,4732
2026-09-04T06:34:04Z,7dac396d0000,rw-p,1268,1264
2026-09-04T06:39:05Z,fc000000,rw-p,65536,63808
2026-09-04T06:39:05Z,7dabec000000,rw-p,2276,2276
2026-09-04T06:39:05Z,7dabf4000000,rw-p,2412,2412
2026-09-04T06:39:05Z,7dac00000000,rw-p,7484,7452
2026-09-04T06:39:05Z,7dac0c000000,rw-p,21836,20112
2026-09-04T06:39:05Z,7dac20000000,rw-p,4544,4544
2026-09-04T06:39:05Z,7dac204f0000,rw-p,2048,2048
2026-09-04T06:39:05Z,7dac206f0000,rw-p,1024,1024
2026-09-04T06:39:05Z,7dac208f0000,rw-p,2048,2048
2026-09-04T06:39:05Z,7dac20af0000,rw-p,1024,1024
2026-09-04T06:39:05Z,7dac20bf0000,rw-p,704,700
2026-09-04T06:39:05Z,7dac20d00000,rw-p,576,572
2026-09-04T06:39:05Z,7dac2c000000,rwxp,7360,6756
2026-09-04T06:39:05Z,7dac34000000,rw-p,4888,4732
2026-09-04T06:39:05Z,7dac396d0000,rw-p,1268,1264
2026-09-04T06:44:05Z,fc000000,rw-p,65536,63808
2026-09-04T06:44:05Z,7dabec000000,rw-p,2276,2276
2026-09-04T06:44:05Z,7dabf4000000,rw-p,2412,2412
2026-09-04T06:44:05Z,7dac00000000,rw-p,7484,7452
2026-09-04T06:44:05Z,7dac0c000000,rw-p,21836,20112
2026-09-04T06:44:05Z,7dac20000000,rw-p,4544,4544
2026-09-04T06:44:05Z,7dac204f0000,rw-p,2048,2048
2026-09-04T06:44:05Z,7dac206f0000,rw-p,1024,1024
2026-09-04T06:44:05Z,7dac208f0000,rw-p,2048,2048
2026-09-04T06:44:05Z,7dac20af0000,rw-p,1024,1024
2026-09-04T06:44:05Z,7dac20bf0000,rw-p,704,700
2026-09-04T06:44:05Z,7dac20d00000,rw-p,576,572
2026-09-04T06:44:05Z,7dac2c000000,rwxp,7360,6756
2026-09-04T06:44:05Z,7dac34000000,rw-p,4888,4732
2026-09-04T06:44:05Z,7dac396d0000,rw-p,1268,1264
2026-09-04T06:49:05Z,fc000000,rw-p,65536,63808
2026-09-04T06:49:05Z,7dabec000000,rw-p,2276,2276
2026-09-04T06:49:05Z,7dabf4000000,rw-p,2412,2412
2026-09-04T06:49:05Z,7dac00000000,rw-p,7484,7452
2026-09-04T06:49:05Z,7dac0c000000,rw-p,21836,20112
2026-09-04T06:49:05Z,7dac20000000,rw-p,4544,4544
2026-09-04T06:49:05Z,7dac204f0000,rw-p,2048,2048
2026-09-04T06:49:05Z,7dac206f0000,rw-p,1024,1024
2026-09-04T06:49:05Z,7dac208f0000,rw-p,2048,2048
2026-09-04T06:49:05Z,7dac20af0000,rw-p,1024,1024
2026-09-04T06:49:05Z,7dac20bf0000,rw-p,704,700
2026-09-04T06:49:05Z,7dac20d00000,rw-p,576,572
2026-09-04T06:49:05Z,7dac2c000000,rwxp,7360,6756
2026-09-04T06:49:05Z,7dac34000000,rw-p,4888,4732
2026-09-04T06:49:05Z,7dac396d0000,rw-p,1268,1264
2026-09-04T06:54:05Z,fc000000,rw-p,65536,63808
2026-09-04T06:54:05Z,7dabec000000,rw-p,2276,2276
2026-09-04T06:54:05Z,7dabf4000000,rw-p,2412,2412
2026-09-04T06:54:05Z,7dac00000000,rw-p,7484,7452
2026-09-04T06:54:05Z,7dac0c000000,rw-p,21836,20112
2026-09-04T06:54:05Z,7dac20000000,rw-p,4544,4544
2026-09-04T06:54:05Z,7dac204f0000,rw-p,2048,2048
2026-09-04T06:54:05Z,7dac206f0000,rw-p,1024,1024
2026-09-04T06:54:05Z,7dac208f0000,rw-p,2048,2048
2026-09-04T06:54:05Z,7dac20af0000,rw-p,1024,1024
2026-09-04T06:54:05Z,7dac20bf0000,rw-p,704,700
2026-09-04T06:54:05Z,7dac20d00000,rw-p,576,572
2026-09-04T06:54:05Z,7dac2c000000,rwxp,7360,6756
2026-09-04T06:54:05Z,7dac34000000,rw-p,4888,4732
2026-09-04T06:54:05Z,7dac396d0000,rw-p,1268,1264
2026-09-04T06:59:05Z,fc000000,rw-p,65536,63808
2026-09-04T06:59:05Z,7dabec000000,rw-p,2276,2276
2026-09-04T06:59:05Z,7dabf4000000,rw-p,2412,2412
2026-09-04T06:59:05Z,7dac00000000,rw-p,7484,7452
2026-09-04T06:59:05Z,7dac0c000000,rw-p,21836,20112
2026-09-04T06:59:05Z,7dac20000000,rw-p,4544,4544
2026-09-04T06:59:05Z,7dac204f0000,rw-p,2048,2048
2026-09-04T06:59:05Z,7dac206f0000,rw-p,1024,1024
2026-09-04T06:59:05Z,7dac208f0000,rw-p,2048,2048
2026-09-04T06:59:05Z,7dac20af0000,rw-p,1024,1024
2026-09-04T06:59:05Z,7dac20bf0000,rw-p,704,700
2026-09-04T06:59:05Z,7dac20d00000,rw-p,576,572
2026-09-04T06:59:05Z,7dac2c000000,rwxp,7360,6756
2026-09-04T06:59:05Z,7dac34000000,rw-p,4888,4732
2026-09-04T06:59:05Z,7dac396d0000,rw-p,1268,1264
2026-09-04T07:04:05Z,fc000000,rw-p,65536,63808
2026-09-04T07:04:05Z,7dabec000000,rw-p,2276,2276
2026-09-04T07:04:05Z,7dabf4000000,rw-p,2412,2412
2026-09-04T07:04:05Z,7dac00000000,rw-p,7484,7452
2026-09-04T07:04:05Z,7dac0c000000,rw-p,21836,20112
2026-09-04T07:04:05Z,7dac20000000,rw-p,4544,4544
2026-09-04T07:04:05Z,7dac204f0000,rw-p,2048,2048
2026-09-04T07:04:05Z,7dac206f0000,rw-p,1024,1024
2026-09-04T07:04:05Z,7dac208f0000,rw-p,2048,2048
2026-09-04T07:04:05Z,7dac20af0000,rw-p,1024,1024
2026-09-04T07:04:05Z,7dac20bf0000,rw-p,704,700
2026-09-04T07:04:05Z,7dac20d00000,rw-p,576,572
2026-09-04T07:04:05Z,7dac2c000000,rwxp,7360,6756
2026-09-04T07:04:05Z,7dac34000000,rw-p,4888,4732
2026-09-04T07:04:05Z,7dac396d0000,rw-p,1268,1264
2026-09-04T07:09:05Z,fc000000,rw-p,65536,63808
2026-09-04T07:09:05Z,7dabec000000,rw-p,2276,2276
2026-09-04T07:09:05Z,7dabf4000000,rw-p,2412,2412
2026-09-04T07:09:05Z,7dac00000000,rw-p,7484,7452
2026-09-04T07:09:05Z,7dac0c000000,rw-p,21836,20112
2026-09-04T07:09:05Z,7dac20000000,rw-p,4544,4544
2026-09-04T07:09:05Z,7dac204f0000,rw-p,2048,2048
2026-09-04T07:09:05Z,7dac206f0000,rw-p,1024,1024
2026-09-04T07:09:05Z,7dac208f0000,rw-p,2048,2048
2026-09-04T07:09:05Z,7dac20af0000,rw-p,1024,1024
2026-09-04T07:09:05Z,7dac20bf0000,rw-p,704,700
2026-09-04T07:09:05Z,7dac20d00000,rw-p,576,572
2026-09-04T07:09:05Z,7dac2c000000,rwxp,7360,6756
2026-09-04T07:09:05Z,7dac34000000,rw-p,4888,4732
2026-09-04T07:09:05Z,7dac396d0000,rw-p,1268,1264
2026-09-04T07:14:05Z,fc000000,rw-p,65536,63808
2026-09-04T07:14:05Z,7dabec000000,rw-p,2276,2276
2026-09-04T07:14:05Z,7dabf4000000,rw-p,2412,2412
2026-09-04T07:14:05Z,7dac00000000,rw-p,7484,7452
2026-09-04T07:14:05Z,7dac0c000000,rw-p,21836,20112
2026-09-04T07:14:05Z,7dac20000000,rw-p,4544,4544
2026-09-04T07:14:05Z,7dac204f0000,rw-p,2048,2048
2026-09-04T07:14:05Z,7dac206f0000,rw-p,1024,1024
2026-09-04T07:14:05Z,7dac208f0000,rw-p,2048,2048
2026-09-04T07:14:05Z,7dac20af0000,rw-p,1024,1024
2026-09-04T07:14:05Z,7dac20bf0000,rw-p,704,700
2026-09-04T07:14:05Z,7dac20d00000,rw-p,576,572
2026-09-04T07:14:05Z,7dac2c000000,rwxp,7360,6756
2026-09-04T07:14:05Z,7dac34000000,rw-p,4888,4732
2026-09-04T07:14:05Z,7dac396d0000,rw-p,1268,1264
2026-09-04T07:19:05Z,fc000000,rw-p,65536,63808
2026-09-04T07:19:05Z,7dabec000000,rw-p,2276,2276
2026-09-04T07:19:05Z,7dabf4000000,rw-p,2412,2412
2026-09-04T07:19:05Z,7dac00000000,rw-p,7484,7452
2026-09-04T07:19:05Z,7dac0c000000,rw-p,21836,20112
2026-09-04T07:19:05Z,7dac20000000,rw-p,4544,4544
2026-09-04T07:19:05Z,7dac204f0000,rw-p,2048,2048
2026-09-04T07:19:05Z,7dac206f0000,rw-p,1024,1024
2026-09-04T07:19:05Z,7dac208f0000,rw-p,2048,2048
2026-09-04T07:19:05Z,7dac20af0000,rw-p,1024,1024
2026-09-04T07:19:05Z,7dac20bf0000,rw-p,704,700
2026-09-04T07:19:05Z,7dac20d00000,rw-p,576,572
2026-09-04T07:19:05Z,7dac2c000000,rwxp,7360,6756
2026-09-04T07:19:05Z,7dac34000000,rw-p,4888,4732
2026-09-04T07:19:05Z,7dac396d0000,rw-p,1268,1264
2026-09-04T07:24:05Z,fc000000,rw-p,65536,63808
2026-09-04T07:24:05Z,7dabec000000,rw-p,2276,2276
2026-09-04T07:24:05Z,7dabf4000000,rw-p,2412,2412
2026-09-04T07:24:05Z,7dac00000000,rw-p,7484,7452
2026-09-04T07:24:05Z,7dac0c000000,rw-p,21836,20112
2026-09-04T07:24:05Z,7dac20000000,rw-p,4544,4544
2026-09-04T07:24:05Z,7dac204f0000,rw-p,2048,2048
2026-09-04T07:24:05Z,7dac206f0000,rw-p,1024,1024
2026-09-04T07:24:05Z,7dac208f0000,rw-p,2048,2048
2026-09-04T07:24:05Z,7dac20af0000,rw-p,1024,1024
2026-09-04T07:24:05Z,7dac20bf0000,rw-p,704,700
2026-09-04T07:24:05Z,7dac20d00000,rw-p,576,572
2026-09-04T07:24:05Z,7dac2c000000,rwxp,7360,6756
2026-09-04T07:24:05Z,7dac34000000,rw-p,4888,4732
2026-09-04T07:24:05Z,7dac396d0000,rw-p,1268,1264
2026-09-04T07:29:05Z,fc000000,rw-p,65536,63808
2026-09-04T07:29:05Z,7dabec000000,rw-p,2276,2276
2026-09-04T07:29:05Z,7dabf4000000,rw-p,2412,2412
2026-09-04T07:29:05Z,7dac00000000,rw-p,7484,7452
2026-09-04T07:29:05Z,7dac0c000000,rw-p,21836,20112
2026-09-04T07:29:05Z,7dac20000000,rw-p,4544,4544
2026-09-04T07:29:05Z,7dac204f0000,rw-p,2048,2048
2026-09-04T07:29:05Z,7dac206f0000,rw-p,1024,1024
2026-09-04T07:29:05Z,7dac208f0000,rw-p,2048,2048
2026-09-04T07:29:05Z,7dac20af0000,rw-p,1024,1024
2026-09-04T07:29:05Z,7dac20bf0000,rw-p,704,700
2026-09-04T07:29:05Z,7dac20d00000,rw-p,576,572
2026-09-04T07:29:05Z,7dac2c000000,rwxp,7360,6756
2026-09-04T07:29:05Z,7dac34000000,rw-p,4888,4732
2026-09-04T07:29:05Z,7dac396d0000,rw-p,1268,1264
2026-09-04T07:34:06Z,fc000000,rw-p,65536,63808
2026-09-04T07:34:06Z,7dabec000000,rw-p,2276,2276
2026-09-04T07:34:06Z,7dabf4000000,rw-p,2412,2412
2026-09-04T07:34:06Z,7dac00000000,rw-p,7484,7452
2026-09-04T07:34:06Z,7dac0c000000,rw-p,21836,20112
2026-09-04T07:34:06Z,7dac20000000,rw-p,4544,4544
2026-09-04T07:34:06Z,7dac204f0000,rw-p,2048,2048
2026-09-04T07:34:06Z,7dac206f0000,rw-p,1024,1024
2026-09-04T07:34:06Z,7dac208f0000,rw-p,2048,2048
2026-09-04T07:34:06Z,7dac20af0000,rw-p,1024,1024
2026-09-04T07:34:06Z,7dac20bf0000,rw-p,704,700
2026-09-04T07:34:06Z,7dac20d00000,rw-p,576,572
2026-09-04T07:34:06Z,7dac2c000000,rwxp,7360,6756
2026-09-04T07:34:06Z,7dac34000000,rw-p,4888,4732
2026-09-04T07:34:06Z,7dac396d0000,rw-p,1268,1264
2026-09-04T07:39:06Z,fc000000,rw-p,65536,63808
2026-09-04T07:39:06Z,7dabec000000,rw-p,2276,2276
2026-09-04T07:39:06Z,7dabf4000000,rw-p,2412,2412
2026-09-04T07:39:06Z,7dac00000000,rw-p,7484,7452
2026-09-04T07:39:06Z,7dac0c000000,rw-p,21836,20112
2026-09-04T07:39:06Z,7dac20000000,rw-p,4544,4544
2026-09-04T07:39:06Z,7dac204f0000,rw-p,2048,2048
2026-09-04T07:39:06Z,7dac206f0000,rw-p,1024,1024
2026-09-04T07:39:06Z,7dac208f0000,rw-p,2048,2048
2026-09-04T07:39:06Z,7dac20af0000,rw-p,1024,1024
2026-09-04T07:39:06Z,7dac20bf0000,rw-p,704,700
2026-09-04T07:39:06Z,7dac20d00000,rw-p,576,572
2026-09-04T07:39:06Z,7dac2c000000,rwxp,7360,6756
2026-09-04T07:39:06Z,7dac34000000,rw-p,4888,4732
2026-09-04T07:39:06Z,7dac396d0000,rw-p,1268,1264
2026-09-04T07:44:06Z,fc000000,rw-p,65536,63808
2026-09-04T07:44:06Z,7dabec000000,rw-p,2276,2276
2026-09-04T07:44:06Z,7dabf4000000,rw-p,2412,2412
2026-09-04T07:44:06Z,7dac00000000,rw-p,7484,7452
2026-09-04T07:44:06Z,7dac0c000000,rw-p,21836,20112
2026-09-04T07:44:06Z,7dac20000000,rw-p,4544,4544
2026-09-04T07:44:06Z,7dac204f0000,rw-p,2048,2048
2026-09-04T07:44:06Z,7dac206f0000,rw-p,1024,1024
2026-09-04T07:44:06Z,7dac208f0000,rw-p,2048,2048
2026-09-04T07:44:06Z,7dac20af0000,rw-p,1024,1024
2026-09-04T07:44:06Z,7dac20bf0000,rw-p,704,700
2026-09-04T07:44:06Z,7dac20d00000,rw-p,576,572
2026-09-04T07:44:06Z,7dac2c000000,rwxp,7360,6756
2026-09-04T07:44:06Z,7dac34000000,rw-p,4888,4732
2026-09-04T07:44:06Z,7dac396d0000,rw-p,1268,1264
2026-09-04T07:49:06Z,fc000000,rw-p,65536,63808
2026-09-04T07:49:06Z,7dabec000000,rw-p,2276,2276
2026-09-04T07:49:06Z,7dabf4000000,rw-p,2412,2412
2026-09-04T07:49:06Z,7dac00000000,rw-p,7484,7452
2026-09-04T07:49:06Z,7dac0c000000,rw-p,21836,20112
2026-09-04T07:49:06Z,7dac20000000,rw-p,4544,4544
2026-09-04T07:49:06Z,7dac204f0000,rw-p,2048,2048
2026-09-04T07:49:06Z,7dac206f0000,rw-p,1024,1024
2026-09-04T07:49:06Z,7dac208f0000,rw-p,2048,2048
2026-09-04T07:49:06Z,7dac20af0000,rw-p,1024,1024
2026-09-04T07:49:06Z,7dac20bf0000,rw-p,704,700
2026-09-04T07:49:06Z,7dac20d00000,rw-p,576,572
2026-09-04T07:49:06Z,7dac2c000000,rwxp,7360,6756
2026-09-04T07:49:06Z,7dac34000000,rw-p,4888,4732
2026-09-04T07:49:06Z,7dac396d0000,rw-p,1268,1264
2026-09-04T07:54:06Z,fc000000,rw-p,65536,63808
2026-09-04T07:54:06Z,7dabec000000,rw-p,2276,2276
2026-09-04T07:54:06Z,7dabf4000000,rw-p,2412,2412
2026-09-04T07:54:06Z,7dac00000000,rw-p,7484,7452
2026-09-04T07:54:06Z,7dac0c000000,rw-p,21836,20112
2026-09-04T07:54:06Z,7dac20000000,rw-p,4544,4544
2026-09-04T07:54:06Z,7dac204f0000,rw-p,2048,2048
2026-09-04T07:54:06Z,7dac206f0000,rw-p,1024,1024
2026-09-04T07:54:06Z,7dac208f0000,rw-p,2048,2048
2026-09-04T07:54:06Z,7dac20af0000,rw-p,1024,1024
2026-09-04T07:54:06Z,7dac20bf0000,rw-p,704,700
2026-09-04T07:54:06Z,7dac20d00000,rw-p,576,572
2026-09-04T07:54:06Z,7dac2c000000,rwxp,7360,6756
2026-09-04T07:54:06Z,7dac34000000,rw-p,4888,4732
2026-09-04T07:54:06Z,7dac396d0000,rw-p,1268,1264
2026-09-04T07:59:06Z,fc000000,rw-p,65536,63808
2026-09-04T07:59:06Z,7dabec000000,rw-p,2276,2276
2026-09-04T07:59:06Z,7dabf4000000,rw-p,2412,2412
2026-09-04T07:59:06Z,7dac00000000,rw-p,7484,7452
2026-09-04T07:59:06Z,7dac0c000000,rw-p,21836,20112
2026-09-04T07:59:06Z,7dac20000000,rw-p,4544,4544
2026-09-04T07:59:06Z,7dac204f0000,rw-p,2048,2048
2026-09-04T07:59:06Z,7dac206f0000,rw-p,1024,1024
2026-09-04T07:59:06Z,7dac208f0000,rw-p,2048,2048
2026-09-04T07:59:06Z,7dac20af0000,rw-p,1024,1024
2026-09-04T07:59:06Z,7dac20bf0000,rw-p,704,700
2026-09-04T07:59:06Z,7dac20d00000,rw-p,576,572
2026-09-04T07:59:06Z,7dac2c000000,rwxp,7360,6756
2026-09-04T07:59:06Z,7dac34000000,rw-p,4888,4732
2026-09-04T07:59:06Z,7dac396d0000,rw-p,1268,1264
2026-09-04T08:04:06Z,fc000000,rw-p,65536,63808
2026-09-04T08:04:06Z,7dabec000000,rw-p,2276,2276
2026-09-04T08:04:06Z,7dabf4000000,rw-p,2412,2412
2026-09-04T08:04:06Z,7dac00000000,rw-p,7484,7452
2026-09-04T08:04:06Z,7dac0c000000,rw-p,21836,20112
2026-09-04T08:04:06Z,7dac20000000,rw-p,4544,4544
2026-09-04T08:04:06Z,7dac204f0000,rw-p,2048,2048
2026-09-04T08:04:06Z,7dac206f0000,rw-p,1024,1024
2026-09-04T08:04:06Z,7dac208f0000,rw-p,2048,2048
2026-09-04T08:04:06Z,7dac20af0000,rw-p,1024,1024
2026-09-04T08:04:06Z,7dac20bf0000,rw-p,704,700
2026-09-04T08:04:06Z,7dac20d00000,rw-p,576,572
2026-09-04T08:04:06Z,7dac2c000000,rwxp,7360,6756
2026-09-04T08:04:06Z,7dac34000000,rw-p,4888,4732
2026-09-04T08:04:06Z,7dac396d0000,rw-p,1268,1264
2026-09-04T08:09:06Z,fc000000,rw-p,65536,63808
2026-09-04T08:09:06Z,7dabec000000,rw-p,2276,2276
2026-09-04T08:09:06Z,7dabf4000000,rw-p,2412,2412
2026-09-04T08:09:06Z,7dac00000000,rw-p,7484,7452
2026-09-04T08:09:06Z,7dac0c000000,rw-p,21836,20112
2026-09-04T08:09:06Z,7dac20000000,rw-p,4544,4544
2026-09-04T08:09:06Z,7dac204f0000,rw-p,2048,2048
2026-09-04T08:09:06Z,7dac206f0000,rw-p,1024,1024
2026-09-04T08:09:06Z,7dac208f0000,rw-p,2048,2048
2026-09-04T08:09:06Z,7dac20af0000,rw-p,1024,1024
2026-09-04T08:09:06Z,7dac20bf0000,rw-p,704,700
2026-09-04T08:09:06Z,7dac20d00000,rw-p,576,572
2026-09-04T08:09:06Z,7dac2c000000,rwxp,7360,6756
2026-09-04T08:09:06Z,7dac34000000,rw-p,4888,4732
2026-09-04T08:09:06Z,7dac396d0000,rw-p,1268,1264
2026-09-04T08:14:06Z,fc000000,rw-p,65536,63808
2026-09-04T08:14:06Z,7dabec000000,rw-p,2276,2276
2026-09-04T08:14:06Z,7dabf4000000,rw-p,2412,2412
2026-09-04T08:14:06Z,7dac00000000,rw-p,7484,7452
2026-09-04T08:14:06Z,7dac0c000000,rw-p,21836,20112
2026-09-04T08:14:06Z,7dac20000000,rw-p,4544,4544
2026-09-04T08:14:06Z,7dac204f0000,rw-p,2048,2048
2026-09-04T08:14:06Z,7dac206f0000,rw-p,1024,1024
2026-09-04T08:14:06Z,7dac208f0000,rw-p,2048,2048
2026-09-04T08:14:06Z,7dac20af0000,rw-p,1024,1024
2026-09-04T08:14:06Z,7dac20bf0000,rw-p,704,700
2026-09-04T08:14:06Z,7dac20d00000,rw-p,576,572
2026-09-04T08:14:06Z,7dac2c000000,rwxp,7360,6756
2026-09-04T08:14:06Z,7dac34000000,rw-p,4888,4732
2026-09-04T08:14:06Z,7dac396d0000,rw-p,1268,1264
2026-09-04T08:19:06Z,fc000000,rw-p,65536,63808
2026-09-04T08:19:06Z,7dabec000000,rw-p,2276,2276
2026-09-04T08:19:06Z,7dabf4000000,rw-p,2412,2412
2026-09-04T08:19:06Z,7dac00000000,rw-p,7484,7452
2026-09-04T08:19:06Z,7dac0c000000,rw-p,21836,20112
2026-09-04T08:19:06Z,7dac20000000,rw-p,4544,4544
2026-09-04T08:19:06Z,7dac204f0000,rw-p,2048,2048
2026-09-04T08:19:06Z,7dac206f0000,rw-p,1024,1024
2026-09-04T08:19:06Z,7dac208f0000,rw-p,2048,2048
2026-09-04T08:19:06Z,7dac20af0000,rw-p,1024,1024
2026-09-04T08:19:06Z,7dac20bf0000,rw-p,704,700
2026-09-04T08:19:06Z,7dac20d00000,rw-p,576,572
2026-09-04T08:19:06Z,7dac2c000000,rwxp,7360,6756
2026-09-04T08:19:06Z,7dac34000000,rw-p,4888,4732
2026-09-04T08:19:06Z,7dac396d0000,rw-p,1268,1264
2026-09-04T08:24:06Z,fc000000,rw-p,65536,63808
2026-09-04T08:24:06Z,7dabec000000,rw-p,2276,2276
2026-09-04T08:24:06Z,7dabf4000000,rw-p,2412,2412
2026-09-04T08:24:06Z,7dac00000000,rw-p,7484,7452
2026-09-04T08:24:06Z,7dac0c000000,rw-p,21836,20112
2026-09-04T08:24:06Z,7dac20000000,rw-p,4544,4544
2026-09-04T08:24:06Z,7dac204f0000,rw-p,2048,2048
2026-09-04T08:24:06Z,7dac206f0000,rw-p,1024,1024
2026-09-04T08:24:06Z,7dac208f0000,rw-p,2048,2048
2026-09-04T08:24:06Z,7dac20af0000,rw-p,1024,1024
2026-09-04T08:24:06Z,7dac20bf0000,rw-p,704,700
2026-09-04T08:24:06Z,7dac20d00000,rw-p,576,572
2026-09-04T08:24:06Z,7dac2c000000,rwxp,7360,6756
2026-09-04T08:24:06Z,7dac34000000,rw-p,4888,4732
2026-09-04T08:24:06Z,7dac396d0000,rw-p,1268,1264
2026-09-04T08:29:06Z,fc000000,rw-p,65536,63808
2026-09-04T08:29:06Z,7dabec000000,rw-p,2276,2276
2026-09-04T08:29:06Z,7dabf4000000,rw-p,2412,2412
2026-09-04T08:29:06Z,7dac00000000,rw-p,7484,7452
2026-09-04T08:29:06Z,7dac0c000000,rw-p,21836,20112
2026-09-04T08:29:06Z,7dac20000000,rw-p,4544,4544
2026-09-04T08:29:06Z,7dac204f0000,rw-p,2048,2048
2026-09-04T08:29:06Z,7dac206f0000,rw-p,1024,1024
2026-09-04T08:29:06Z,7dac208f0000,rw-p,2048,2048
2026-09-04T08:29:06Z,7dac20af0000,rw-p,1024,1024
2026-09-04T08:29:06Z,7dac20bf0000,rw-p,704,700
2026-09-04T08:29:06Z,7dac20d00000,rw-p,576,572
2026-09-04T08:29:06Z,7dac2c000000,rwxp,7360,6756
2026-09-04T08:29:06Z,7dac34000000,rw-p,4888,4732
2026-09-04T08:29:06Z,7dac396d0000,rw-p,1268,1264
2026-09-04T08:34:07Z,fc000000,rw-p,65536,63808
2026-09-04T08:34:07Z,7dabec000000,rw-p,2276,2276
2026-09-04T08:34:07Z,7dabf4000000,rw-p,2412,2412
2026-09-04T08:34:07Z,7dac00000000,rw-p,7484,7452
2026-09-04T08:34:07Z,7dac0c000000,rw-p,21836,20112
2026-09-04T08:34:07Z,7dac20000000,rw-p,4544,4544
2026-09-04T08:34:07Z,7dac204f0000,rw-p,2048,2048
2026-09-04T08:34:07Z,7dac206f0000,rw-p,1024,1024
2026-09-04T08:34:07Z,7dac208f0000,rw-p,2048,2048
2026-09-04T08:34:07Z,7dac20af0000,rw-p,1024,1024
2026-09-04T08:34:07Z,7dac20bf0000,rw-p,704,700
2026-09-04T08:34:07Z,7dac20d00000,rw-p,576,572
2026-09-04T08:34:07Z,7dac2c000000,rwxp,7360,6756
2026-09-04T08:34:07Z,7dac34000000,rw-p,4888,4732
2026-09-04T08:34:07Z,7dac396d0000,rw-p,1268,1264
2026-09-04T08:39:07Z,fc000000,rw-p,65536,63808
2026-09-04T08:39:07Z,7dabec000000,rw-p,2276,2276
2026-09-04T08:39:07Z,7dabf4000000,rw-p,2412,2412
2026-09-04T08:39:07Z,7dac00000000,rw-p,7484,7452
2026-09-04T08:39:07Z,7dac0c000000,rw-p,21836,20112
2026-09-04T08:39:07Z,7dac20000000,rw-p,4544,4544
2026-09-04T08:39:07Z,7dac204f0000,rw-p,2048,2048
2026-09-04T08:39:07Z,7dac206f0000,rw-p,1024,1024
2026-09-04T08:39:07Z,7dac208f0000,rw-p,2048,2048
2026-09-04T08:39:07Z,7dac20af0000,rw-p,1024,1024
2026-09-04T08:39:07Z,7dac20bf0000,rw-p,704,700
2026-09-04T08:39:07Z,7dac20d00000,rw-p,576,572
2026-09-04T08:39:07Z,7dac2c000000,rwxp,7360,6756
2026-09-04T08:39:07Z,7dac34000000,rw-p,4888,4732
2026-09-04T08:39:07Z,7dac396d0000,rw-p,1268,1264
2026-09-04T08:44:07Z,fc000000,rw-p,65536,63808
2026-09-04T08:44:07Z,7dabec000000,rw-p,2276,2276
2026-09-04T08:44:07Z,7dabf4000000,rw-p,2412,2412
2026-09-04T08:44:07Z,7dac00000000,rw-p,7484,7452
2026-09-04T08:44:07Z,7dac0c000000,rw-p,21836,20112
2026-09-04T08:44:07Z,7dac20000000,rw-p,4544,4544
2026-09-04T08:44:07Z,7dac204f0000,rw-p,2048,2048
2026-09-04T08:44:07Z,7dac206f0000,rw-p,1024,1024
2026-09-04T08:44:07Z,7dac208f0000,rw-p,2048,2048
2026-09-04T08:44:07Z,7dac20af0000,rw-p,1024,1024
2026-09-04T08:44:07Z,7dac20bf0000,rw-p,704,700
2026-09-04T08:44:07Z,7dac20d00000,rw-p,576,572
2026-09-04T08:44:07Z,7dac2c000000,rwxp,7360,6756
2026-09-04T08:44:07Z,7dac34000000,rw-p,4888,4732
2026-09-04T08:44:07Z,7dac396d0000,rw-p,1268,1264
2026-09-04T08:49:07Z,fc000000,rw-p,65536,63808
2026-09-04T08:49:07Z,7dabec000000,rw-p,2276,2276
2026-09-04T08:49:07Z,7dabf4000000,rw-p,2412,2412
2026-09-04T08:49:07Z,7dac00000000,rw-p,7484,7452
2026-09-04T08:49:07Z,7dac0c000000,rw-p,21836,20112
2026-09-04T08:49:07Z,7dac20000000,rw-p,4544,4544
2026-09-04T08:49:07Z,7dac204f0000,rw-p,2048,2048
2026-09-04T08:49:07Z,7dac206f0000,rw-p,1024,1024
2026-09-04T08:49:07Z,7dac208f0000,rw-p,2048,2048
2026-09-04T08:49:07Z,7dac20af0000,rw-p,1024,1024
2026-09-04T08:49:07Z,7dac20bf0000,rw-p,704,700
2026-09-04T08:49:07Z,7dac20d00000,rw-p,576,572
2026-09-04T08:49:07Z,7dac2c000000,rwxp,7360,6756
2026-09-04T08:49:07Z,7dac34000000,rw-p,4888,4732
2026-09-04T08:49:07Z,7dac396d0000,rw-p,1268,1264
2026-09-04T08:54:07Z,fc000000,rw-p,65536,63808
2026-09-04T08:54:07Z,7dabec000000,rw-p,2276,2276
2026-09-04T08:54:07Z,7dabf4000000,rw-p,2412,2412
2026-09-04T08:54:07Z,7dac00000000,rw-p,7484,7452
2026-09-04T08:54:07Z,7dac0c000000,rw-p,21836,20112
2026-09-04T08:54:07Z,7dac20000000,rw-p,4544,4544
2026-09-04T08:54:07Z,7dac204f0000,rw-p,2048,2048
2026-09-04T08:54:07Z,7dac206f0000,rw-p,1024,1024
2026-09-04T08:54:07Z,7dac208f0000,rw-p,2048,2048
2026-09-04T08:54:07Z,7dac20af0000,rw-p,1024,1024
2026-09-04T08:54:07Z,7dac20bf0000,rw-p,704,700
2026-09-04T08:54:07Z,7dac20d00000,rw-p,576,572
2026-09-04T08:54:07Z,7dac2c000000,rwxp,7360,6756
2026-09-04T08:54:07Z,7dac34000000,rw-p,4888,4732
2026-09-04T08:54:07Z,7dac396d0000,rw-p,1268,1264
2026-09-04T08:59:07Z,fc000000,rw-p,65536,63808
2026-09-04T08:59:07Z,7dabec000000,rw-p,2276,2276
2026-09-04T08:59:07Z,7dabf4000000,rw-p,2412,2412
2026-09-04T08:59:07Z,7dac00000000,rw-p,7484,7452
2026-09-04T08:59:07Z,7dac0c000000,rw-p,21836,20112
2026-09-04T08:59:07Z,7dac20000000,rw-p,4544,4544
2026-09-04T08:59:07Z,7dac204f0000,rw-p,2048,2048
2026-09-04T08:59:07Z,7dac206f0000,rw-p,1024,1024
2026-09-04T08:59:07Z,7dac208f0000,rw-p,2048,2048
2026-09-04T08:59:07Z,7dac20af0000,rw-p,1024,1024
2026-09-04T08:59:07Z,7dac20bf0000,rw-p,704,700
2026-09-04T08:59:07Z,7dac20d00000,rw-p,576,572
2026-09-04T08:59:07Z,7dac2c000000,rwxp,7360,6756
2026-09-04T08:59:07Z,7dac34000000,rw-p,4888,4732
2026-09-04T08:59:07Z,7dac396d0000,rw-p,1268,1264
2026-09-04T09:04:07Z,fc000000,rw-p,65536,63808
2026-09-04T09:04:07Z,7dabec000000,rw-p,2276,2276
2026-09-04T09:04:07Z,7dabf4000000,rw-p,2412,2412
2026-09-04T09:04:07Z,7dac00000000,rw-p,7484,7452
2026-09-04T09:04:07Z,7dac0c000000,rw-p,21836,20112
2026-09-04T09:04:07Z,7dac20000000,rw-p,4544,4544
2026-09-04T09:04:07Z,7dac204f0000,rw-p,2048,2048
2026-09-04T09:04:07Z,7dac206f0000,rw-p,1024,1024
2026-09-04T09:04:07Z,7dac208f0000,rw-p,2048,2048
2026-09-04T09:04:07Z,7dac20af0000,rw-p,1024,1024
2026-09-04T09:04:07Z,7dac20bf0000,rw-p,704,700
2026-09-04T09:04:07Z,7dac20d00000,rw-p,576,572
2026-09-04T09:04:07Z,7dac2c000000,rwxp,7360,6756
2026-09-04T09:04:07Z,7dac34000000,rw-p,4888,4732
2026-09-04T09:04:07Z,7dac396d0000,rw-p,1268,1264
2026-09-04T09:09:07Z,fc000000,rw-p,65536,63808
2026-09-04T09:09:07Z,7dabec000000,rw-p,2276,2276
2026-09-04T09:09:07Z,7dabf4000000,rw-p,2412,2412
2026-09-04T09:09:07Z,7dac00000000,rw-p,7484,7452
2026-09-04T09:09:07Z,7dac0c000000,rw-p,21836,20112
2026-09-04T09:09:07Z,7dac20000000,rw-p,4544,4544
2026-09-04T09:09:07Z,7dac204f0000,rw-p,2048,2048
2026-09-04T09:09:07Z,7dac206f0000,rw-p,1024,1024
2026-09-04T09:09:07Z,7dac208f0000,rw-p,2048,2048
2026-09-04T09:09:07Z,7dac20af0000,rw-p,1024,1024
2026-09-04T09:09:07Z,7dac20bf0000,rw-p,704,700
2026-09-04T09:09:07Z,7dac20d00000,rw-p,576,572
2026-09-04T09:09:07Z,7dac2c000000,rwxp,7360,6756
2026-09-04T09:09:07Z,7dac34000000,rw-p,4888,4732
2026-09-04T09:09:07Z,7dac396d0000,rw-p,1268,1264
2026-09-04T09:14:07Z,fc000000,rw-p,65536,63808
2026-09-04T09:14:07Z,7dabec000000,rw-p,2276,2276
2026-09-04T09:14:07Z,7dabf4000000,rw-p,2412,2412
2026-09-04T09:14:07Z,7dac00000000,rw-p,7484,7452
2026-09-04T09:14:07Z,7dac0c000000,rw-p,21836,20112
2026-09-04T09:14:07Z,7dac20000000,rw-p,4544,4544
2026-09-04T09:14:07Z,7dac204f0000,rw-p,2048,2048
2026-09-04T09:14:07Z,7dac206f0000,rw-p,1024,1024
2026-09-04T09:14:07Z,7dac208f0000,rw-p,2048,2048
2026-09-04T09:14:07Z,7dac20af0000,rw-p,1024,1024
2026-09-04T09:14:07Z,7dac20bf0000,rw-p,704,700
2026-09-04T09:14:07Z,7dac20d00000,rw-p,576,572
2026-09-04T09:14:07Z,7dac2c000000,rwxp,7360,6756
2026-09-04T09:14:07Z,7dac34000000,rw-p,4888,4732
2026-09-04T09:14:07Z,7dac396d0000,rw-p,1268,1264
2026-09-04T09:19:07Z,fc000000,rw-p,65536,63808
2026-09-04T09:19:07Z,7dabec000000,rw-p,2276,2276
2026-09-04T09:19:07Z,7dabf4000000,rw-p,2412,2412
2026-09-04T09:19:07Z,7dac00000000,rw-p,7484,7452
2026-09-04T09:19:07Z,7dac0c000000,rw-p,21836,20112
2026-09-04T09:19:07Z,7dac20000000,rw-p,4544,4544
2026-09-04T09:19:07Z,7dac204f0000,rw-p,2048,2048
2026-09-04T09:19:07Z,7dac206f0000,rw-p,1024,1024
2026-09-04T09:19:07Z,7dac208f0000,rw-p,2048,2048
2026-09-04T09:19:07Z,7dac20af0000,rw-p,1024,1024
2026-09-04T09:19:07Z,7dac20bf0000,rw-p,704,700
2026-09-04T09:19:07Z,7dac20d00000,rw-p,576,572
2026-09-04T09:19:07Z,7dac2c000000,rwxp,7360,6756
2026-09-04T09:19:07Z,7dac34000000,rw-p,4888,4732
2026-09-04T09:19:07Z,7dac396d0000,rw-p,1268,1264
2026-09-04T09:24:07Z,fc000000,rw-p,65536,63808
2026-09-04T09:24:07Z,7dabec000000,rw-p,2276,2276
2026-09-04T09:24:07Z,7dabf4000000,rw-p,2412,2412
2026-09-04T09:24:07Z,7dac00000000,rw-p,7484,7452
2026-09-04T09:24:07Z,7dac0c000000,rw-p,21836,20112
2026-09-04T09:24:07Z,7dac20000000,rw-p,4544,4544
2026-09-04T09:24:07Z,7dac204f0000,rw-p,2048,2048
2026-09-04T09:24:07Z,7dac206f0000,rw-p,1024,1024
2026-09-04T09:24:07Z,7dac208f0000,rw-p,2048,2048
2026-09-04T09:24:07Z,7dac20af0000,rw-p,1024,1024
2026-09-04T09:24:07Z,7dac20bf0000,rw-p,704,700
2026-09-04T09:24:07Z,7dac20d00000,rw-p,576,572
2026-09-04T09:24:07Z,7dac2c000000,rwxp,7360,6756
2026-09-04T09:24:07Z,7dac34000000,rw-p,4888,4732
2026-09-04T09:24:07Z,7dac396d0000,rw-p,1268,1264
2026-09-04T09:29:08Z,fc000000,rw-p,65536,63808
2026-09-04T09:29:08Z,7dabec000000,rw-p,2276,2276
2026-09-04T09:29:08Z,7dabf4000000,rw-p,2412,2412
2026-09-04T09:29:08Z,7dac00000000,rw-p,7484,7452
2026-09-04T09:29:08Z,7dac0c000000,rw-p,21836,20112
2026-09-04T09:29:08Z,7dac20000000,rw-p,4544,4544
2026-09-04T09:29:08Z,7dac204f0000,rw-p,2048,2048
2026-09-04T09:29:08Z,7dac206f0000,rw-p,1024,1024
2026-09-04T09:29:08Z,7dac208f0000,rw-p,2048,2048
2026-09-04T09:29:08Z,7dac20af0000,rw-p,1024,1024
2026-09-04T09:29:08Z,7dac20bf0000,rw-p,704,700
2026-09-04T09:29:08Z,7dac20d00000,rw-p,576,572
2026-09-04T09:29:08Z,7dac2c000000,rwxp,7360,6756
2026-09-04T09:29:08Z,7dac34000000,rw-p,4888,4732
2026-09-04T09:29:08Z,7dac396d0000,rw-p,1268,1264
2026-09-04T09:34:08Z,fc000000,rw-p,65536,63808
2026-09-04T09:34:08Z,7dabec000000,rw-p,2276,2276
2026-09-04T09:34:08Z,7dabf4000000,rw-p,2412,2412
2026-09-04T09:34:08Z,7dac00000000,rw-p,7484,7452
2026-09-04T09:34:08Z,7dac0c000000,rw-p,21836,20112
2026-09-04T09:34:08Z,7dac20000000,rw-p,4544,4544
2026-09-04T09:34:08Z,7dac204f0000,rw-p,2048,2048
2026-09-04T09:34:08Z,7dac206f0000,rw-p,1024,1024
2026-09-04T09:34:08Z,7dac208f0000,rw-p,2048,2048
2026-09-04T09:34:08Z,7dac20af0000,rw-p,1024,1024
2026-09-04T09:34:08Z,7dac20bf0000,rw-p,704,700
2026-09-04T09:34:08Z,7dac20d00000,rw-p,576,572
2026-09-04T09:34:08Z,7dac2c000000,rwxp,7360,6756
2026-09-04T09:34:08Z,7dac34000000,rw-p,4888,4732
2026-09-04T09:34:08Z,7dac396d0000,rw-p,1268,1264
2026-09-04T09:39:08Z,fc000000,rw-p,65536,63808
2026-09-04T09:39:08Z,7dabec000000,rw-p,2276,2276
2026-09-04T09:39:08Z,7dabf4000000,rw-p,2412,2412
2026-09-04T09:39:08Z,7dac00000000,rw-p,7484,7452
2026-09-04T09:39:08Z,7dac0c000000,rw-p,21836,20112
2026-09-04T09:39:08Z,7dac20000000,rw-p,4544,4544
2026-09-04T09:39:08Z,7dac204f0000,rw-p,2048,2048
2026-09-04T09:39:08Z,7dac206f0000,rw-p,1024,1024
2026-09-04T09:39:08Z,7dac208f0000,rw-p,2048,2048
2026-09-04T09:39:08Z,7dac20af0000,rw-p,1024,1024
2026-09-04T09:39:08Z,7dac20bf0000,rw-p,704,700
2026-09-04T09:39:08Z,7dac20d00000,rw-p,576,572
2026-09-04T09:39:08Z,7dac2c000000,rwxp,7360,6756
2026-09-04T09:39:08Z,7dac34000000,rw-p,4888,4732
2026-09-04T09:39:08Z,7dac396d0000,rw-p,1268,1264
2026-09-04T09:44:08Z,fc000000,rw-p,65536,63808
2026-09-04T09:44:08Z,7dabec000000,rw-p,2276,2276
2026-09-04T09:44:08Z,7dabf4000000,rw-p,2412,2412
2026-09-04T09:44:08Z,7dac00000000,rw-p,7484,7452
2026-09-04T09:44:08Z,7dac0c000000,rw-p,21836,20112
2026-09-04T09:44:08Z,7dac20000000,rw-p,4544,4544
2026-09-04T09:44:08Z,7dac204f0000,rw-p,2048,2048
2026-09-04T09:44:08Z,7dac206f0000,rw-p,1024,1024
2026-09-04T09:44:08Z,7dac208f0000,rw-p,2048,2048
2026-09-04T09:44:08Z,7dac20af0000,rw-p,1024,1024
2026-09-04T09:44:08Z,7dac20bf0000,rw-p,704,700
2026-09-04T09:44:08Z,7dac20d00000,rw-p,576,572
2026-09-04T09:44:08Z,7dac2c000000,rwxp,7360,6756
2026-09-04T09:44:08Z,7dac34000000,rw-p,4888,4732
2026-09-04T09:44:08Z,7dac396d0000,rw-p,1268,1264
2026-09-04T09:49:08Z,fc000000,rw-p,65536,63808
2026-09-04T09:49:08Z,7dabec000000,rw-p,2276,2276
2026-09-04T09:49:08Z,7dabf4000000,rw-p,2412,2412
2026-09-04T09:49:08Z,7dac00000000,rw-p,7484,7452
2026-09-04T09:49:08Z,7dac0c000000,rw-p,21836,20112
2026-09-04T09:49:08Z,7dac20000000,rw-p,4544,4544
2026-09-04T09:49:08Z,7dac204f0000,rw-p,2048,2048
2026-09-04T09:49:08Z,7dac206f0000,rw-p,1024,1024
2026-09-04T09:49:08Z,7dac208f0000,rw-p,2048,2048
2026-09-04T09:49:08Z,7dac20af0000,rw-p,1024,1024
2026-09-04T09:49:08Z,7dac20bf0000,rw-p,704,700
2026-09-04T09:49:08Z,7dac20d00000,rw-p,576,572
2026-09-04T09:49:08Z,7dac2c000000,rwxp,7360,6756
2026-09-04T09:49:08Z,7dac34000000,rw-p,4888,4732
2026-09-04T09:49:08Z,7dac396d0000,rw-p,1268,1264
2026-09-04T09:54:08Z,fc000000,rw-p,65536,63808
2026-09-04T09:54:08Z,7dabec000000,rw-p,2276,2276
2026-09-04T09:54:08Z,7dabf4000000,rw-p,2412,2412
2026-09-04T09:54:08Z,7dac00000000,rw-p,7484,7452
2026-09-04T09:54:08Z,7dac0c000000,rw-p,21836,20112
2026-09-04T09:54:08Z,7dac20000000,rw-p,4544,4544
2026-09-04T09:54:08Z,7dac204f0000,rw-p,2048,2048
2026-09-04T09:54:08Z,7dac206f0000,rw-p,1024,1024
2026-09-04T09:54:08Z,7dac208f0000,rw-p,2048,2048
2026-09-04T09:54:08Z,7dac20af0000,rw-p,1024,1024
2026-09-04T09:54:08Z,7dac20bf0000,rw-p,704,700
2026-09-04T09:54:08Z,7dac20d00000,rw-p,576,572
2026-09-04T09:54:08Z,7dac2c000000,rwxp,7360,6756
2026-09-04T09:54:08Z,7dac34000000,rw-p,4888,4732
2026-09-04T09:54:08Z,7dac396d0000,rw-p,1268,1264
2026-09-04T09:59:08Z,fc000000,rw-p,65536,63808
2026-09-04T09:59:08Z,7dabec000000,rw-p,2276,2276
2026-09-04T09:59:08Z,7dabf4000000,rw-p,2412,2412
2026-09-04T09:59:08Z,7dac00000000,rw-p,7484,7452
2026-09-04T09:59:08Z,7dac0c000000,rw-p,21836,20112
2026-09-04T09:59:08Z,7dac20000000,rw-p,4544,4544
2026-09-04T09:59:08Z,7dac204f0000,rw-p,2048,2048
2026-09-04T09:59:08Z,7dac206f0000,rw-p,1024,1024
2026-09-04T09:59:08Z,7dac208f0000,rw-p,2048,2048
2026-09-04T09:59:08Z,7dac20af0000,rw-p,1024,1024
2026-09-04T09:59:08Z,7dac20bf0000,rw-p,704,700
2026-09-04T09:59:08Z,7dac20d00000,rw-p,576,572
2026-09-04T09:59:08Z,7dac2c000000,rwxp,7360,6756
2026-09-04T09:59:08Z,7dac34000000,rw-p,4888,4732
2026-09-04T09:59:08Z,7dac396d0000,rw-p,1268,1264
2026-09-04T10:04:08Z,fc000000,rw-p,65536,63808
2026-09-04T10:04:08Z,7dabec000000,rw-p,2276,2276
2026-09-04T10:04:08Z,7dabf4000000,rw-p,2412,2412
2026-09-04T10:04:08Z,7dac00000000,rw-p,7484,7452
2026-09-04T10:04:08Z,7dac0c000000,rw-p,21836,20112
2026-09-04T10:04:08Z,7dac20000000,rw-p,4544,4544
2026-09-04T10:04:08Z,7dac204f0000,rw-p,2048,2048
2026-09-04T10:04:08Z,7dac206f0000,rw-p,1024,1024
2026-09-04T10:04:08Z,7dac208f0000,rw-p,2048,2048
2026-09-04T10:04:08Z,7dac20af0000,rw-p,1024,1024
2026-09-04T10:04:08Z,7dac20bf0000,rw-p,704,700
2026-09-04T10:04:08Z,7dac20d00000,rw-p,576,572
2026-09-04T10:04:08Z,7dac2c000000,rwxp,7360,6756
2026-09-04T10:04:08Z,7dac34000000,rw-p,4888,4732
2026-09-04T10:04:08Z,7dac396d0000,rw-p,1268,1264
2026-09-04T10:09:08Z,fc000000,rw-p,65536,63808
2026-09-04T10:09:08Z,7dabec000000,rw-p,2276,2276
2026-09-04T10:09:08Z,7dabf4000000,rw-p,2412,2412
2026-09-04T10:09:08Z,7dac00000000,rw-p,7484,7452
2026-09-04T10:09:08Z,7dac0c000000,rw-p,21836,20112
2026-09-04T10:09:08Z,7dac20000000,rw-p,4544,4544
2026-09-04T10:09:08Z,7dac204f0000,rw-p,2048,2048
2026-09-04T10:09:08Z,7dac206f0000,rw-p,1024,1024
2026-09-04T10:09:08Z,7dac208f0000,rw-p,2048,2048
2026-09-04T10:09:08Z,7dac20af0000,rw-p,1024,1024
2026-09-04T10:09:08Z,7dac20bf0000,rw-p,704,700
2026-09-04T10:09:08Z,7dac20d00000,rw-p,576,572
2026-09-04T10:09:08Z,7dac2c000000,rwxp,7360,6756
2026-09-04T10:09:08Z,7dac34000000,rw-p,4888,4732
2026-09-04T10:09:08Z,7dac396d0000,rw-p,1268,1264
2026-09-04T10:14:08Z,fc000000,rw-p,65536,63808
2026-09-04T10:14:08Z,7dabec000000,rw-p,2276,2276
2026-09-04T10:14:08Z,7dabf4000000,rw-p,2412,2412
2026-09-04T10:14:08Z,7dac00000000,rw-p,7484,7452
2026-09-04T10:14:08Z,7dac0c000000,rw-p,21836,20112
2026-09-04T10:14:08Z,7dac20000000,rw-p,4544,4544
2026-09-04T10:14:08Z,7dac204f0000,rw-p,2048,2048
2026-09-04T10:14:08Z,7dac206f0000,rw-p,1024,1024
2026-09-04T10:14:08Z,7dac208f0000,rw-p,2048,2048
2026-09-04T10:14:08Z,7dac20af0000,rw-p,1024,1024
2026-09-04T10:14:08Z,7dac20bf0000,rw-p,704,700
2026-09-04T10:14:08Z,7dac20d00000,rw-p,576,572
2026-09-04T10:14:08Z,7dac2c000000,rwxp,7360,6756
2026-09-04T10:14:08Z,7dac34000000,rw-p,4888,4732
2026-09-04T10:14:08Z,7dac396d0000,rw-p,1268,1264
2026-09-04T10:19:08Z,fc000000,rw-p,65536,63808
2026-09-04T10:19:08Z,7dabec000000,rw-p,2276,2276
2026-09-04T10:19:08Z,7dabf4000000,rw-p,2412,2412
2026-09-04T10:19:08Z,7dac00000000,rw-p,7484,7452
2026-09-04T10:19:08Z,7dac0c000000,rw-p,21836,20112
2026-09-04T10:19:08Z,7dac20000000,rw-p,4544,4544
2026-09-04T10:19:08Z,7dac204f0000,rw-p,2048,2048
2026-09-04T10:19:08Z,7dac206f0000,rw-p,1024,1024
2026-09-04T10:19:08Z,7dac208f0000,rw-p,2048,2048
2026-09-04T10:19:08Z,7dac20af0000,rw-p,1024,1024
2026-09-04T10:19:08Z,7dac20bf0000,rw-p,704,700
2026-09-04T10:19:08Z,7dac20d00000,rw-p,576,572
2026-09-04T10:19:08Z,7dac2c000000,rwxp,7360,6756
2026-09-04T10:19:08Z,7dac34000000,rw-p,4888,4732
2026-09-04T10:19:08Z,7dac396d0000,rw-p,1268,1264
2026-09-04T10:24:09Z,fc000000,rw-p,65536,63808
2026-09-04T10:24:09Z,7dabec000000,rw-p,2276,2276
2026-09-04T10:24:09Z,7dabf4000000,rw-p,2412,2412
2026-09-04T10:24:09Z,7dac00000000,rw-p,7484,7452
2026-09-04T10:24:09Z,7dac0c000000,rw-p,21836,20112
2026-09-04T10:24:09Z,7dac20000000,rw-p,4544,4544
2026-09-04T10:24:09Z,7dac204f0000,rw-p,2048,2048
2026-09-04T10:24:09Z,7dac206f0000,rw-p,1024,1024
2026-09-04T10:24:09Z,7dac208f0000,rw-p,2048,2048
2026-09-04T10:24:09Z,7dac20af0000,rw-p,1024,1024
2026-09-04T10:24:09Z,7dac20bf0000,rw-p,704,700
2026-09-04T10:24:09Z,7dac20d00000,rw-p,576,572
2026-09-04T10:24:09Z,7dac2c000000,rwxp,7360,6756
2026-09-04T10:24:09Z,7dac34000000,rw-p,4888,4732
2026-09-04T10:24:09Z,7dac396d0000,rw-p,1268,1264
2026-09-04T10:29:09Z,fc000000,rw-p,65536,63808
2026-09-04T10:29:09Z,7dabec000000,rw-p,2276,2276
2026-09-04T10:29:09Z,7dabf4000000,rw-p,2412,2412
2026-09-04T10:29:09Z,7dac00000000,rw-p,7484,7452
2026-09-04T10:29:09Z,7dac0c000000,rw-p,21836,20112
2026-09-04T10:29:09Z,7dac20000000,rw-p,4544,4544
2026-09-04T10:29:09Z,7dac204f0000,rw-p,2048,2048
2026-09-04T10:29:09Z,7dac206f0000,rw-p,1024,1024
2026-09-04T10:29:09Z,7dac208f0000,rw-p,2048,2048
2026-09-04T10:29:09Z,7dac20af0000,rw-p,1024,1024
2026-09-04T10:29:09Z,7dac20bf0000,rw-p,704,700
2026-09-04T10:29:09Z,7dac20d00000,rw-p,576,572
2026-09-04T10:29:09Z,7dac2c000000,rwxp,7360,6756
2026-09-04T10:29:09Z,7dac34000000,rw-p,4888,4732
2026-09-04T10:29:09Z,7dac396d0000,rw-p,1268,1264
2026-09-04T10:34:09Z,fc000000,rw-p,65536,63808
2026-09-04T10:34:09Z,7dabec000000,rw-p,2276,2276
2026-09-04T10:34:09Z,7dabf4000000,rw-p,2412,2412
2026-09-04T10:34:09Z,7dac00000000,rw-p,7484,7452
2026-09-04T10:34:09Z,7dac0c000000,rw-p,21836,20112
2026-09-04T10:34:09Z,7dac20000000,rw-p,4544,4544
2026-09-04T10:34:09Z,7dac204f0000,rw-p,2048,2048
2026-09-04T10:34:09Z,7dac206f0000,rw-p,1024,1024
2026-09-04T10:34:09Z,7dac208f0000,rw-p,2048,2048
2026-09-04T10:34:09Z,7dac20af0000,rw-p,1024,1024
2026-09-04T10:34:09Z,7dac20bf0000,rw-p,704,700
2026-09-04T10:34:09Z,7dac20d00000,rw-p,576,572
2026-09-04T10:34:09Z,7dac2c000000,rwxp,7360,6756
2026-09-04T10:34:09Z,7dac34000000,rw-p,4888,4732
2026-09-04T10:34:09Z,7dac396d0000,rw-p,1268,1264
2026-09-04T10:39:09Z,fc000000,rw-p,65536,63808
2026-09-04T10:39:09Z,7dabec000000,rw-p,2276,2276
2026-09-04T10:39:09Z,7dabf4000000,rw-p,2412,2412
2026-09-04T10:39:09Z,7dac00000000,rw-p,7484,7452
2026-09-04T10:39:09Z,7dac0c000000,rw-p,21836,20112
2026-09-04T10:39:09Z,7dac20000000,rw-p,4544,4544
2026-09-04T10:39:09Z,7dac204f0000,rw-p,2048,2048
2026-09-04T10:39:09Z,7dac206f0000,rw-p,1024,1024
2026-09-04T10:39:09Z,7dac208f0000,rw-p,2048,2048
2026-09-04T10:39:09Z,7dac20af0000,rw-p,1024,1024
2026-09-04T10:39:09Z,7dac20bf0000,rw-p,704,700
2026-09-04T10:39:09Z,7dac20d00000,rw-p,576,572
2026-09-04T10:39:09Z,7dac2c000000,rwxp,7360,6756
2026-09-04T10:39:09Z,7dac34000000,rw-p,4888,4732
2026-09-04T10:39:09Z,7dac396d0000,rw-p,1268,1264
2026-09-04T10:44:09Z,fc000000,rw-p,65536,63808
2026-09-04T10:44:09Z,7dabec000000,rw-p,2276,2276
2026-09-04T10:44:09Z,7dabf4000000,rw-p,2412,2412
2026-09-04T10:44:09Z,7dac00000000,rw-p,7484,7452
2026-09-04T10:44:09Z,7dac0c000000,rw-p,21836,20112
2026-09-04T10:44:09Z,7dac20000000,rw-p,4544,4544
2026-09-04T10:44:09Z,7dac204f0000,rw-p,2048,2048
2026-09-04T10:44:09Z,7dac206f0000,rw-p,1024,1024
2026-09-04T10:44:09Z,7dac208f0000,rw-p,2048,2048
2026-09-04T10:44:09Z,7dac20af0000,rw-p,1024,1024
2026-09-04T10:44:09Z,7dac20bf0000,rw-p,704,700
2026-09-04T10:44:09Z,7dac20d00000,rw-p,576,572
2026-09-04T10:44:09Z,7dac2c000000,rwxp,7360,6756
2026-09-04T10:44:09Z,7dac34000000,rw-p,4888,4732
2026-09-04T10:44:09Z,7dac396d0000,rw-p,1268,1264
2026-09-04T10:49:09Z,fc000000,rw-p,65536,63808
2026-09-04T10:49:09Z,7dabec000000,rw-p,2276,2276
2026-09-04T10:49:09Z,7dabf4000000,rw-p,2412,2412
2026-09-04T10:49:09Z,7dac00000000,rw-p,7484,7452
2026-09-04T10:49:09Z,7dac0c000000,rw-p,21836,20112
2026-09-04T10:49:09Z,7dac20000000,rw-p,4544,4544
2026-09-04T10:49:09Z,7dac204f0000,rw-p,2048,2048
2026-09-04T10:49:09Z,7dac206f0000,rw-p,1024,1024
2026-09-04T10:49:09Z,7dac208f0000,rw-p,2048,2048
2026-09-04T10:49:09Z,7dac20af0000,rw-p,1024,1024
2026-09-04T10:49:09Z,7dac20bf0000,rw-p,704,700
2026-09-04T10:49:09Z,7dac20d00000,rw-p,576,572
2026-09-04T10:49:09Z,7dac2c000000,rwxp,7360,6756
2026-09-04T10:49:09Z,7dac34000000,rw-p,4888,4732
2026-09-04T10:49:09Z,7dac396d0000,rw-p,1268,1264
2026-09-04T10:54:09Z,fc000000,rw-p,65536,63808
2026-09-04T10:54:09Z,7dabec000000,rw-p,2276,2276
2026-09-04T10:54:09Z,7dabf4000000,rw-p,2412,2412
2026-09-04T10:54:09Z,7dac00000000,rw-p,7484,7452
2026-09-04T10:54:09Z,7dac0c000000,rw-p,21836,20112
2026-09-04T10:54:09Z,7dac20000000,rw-p,4544,4544
2026-09-04T10:54:09Z,7dac204f0000,rw-p,2048,2048
2026-09-04T10:54:09Z,7dac206f0000,rw-p,1024,1024
2026-09-04T10:54:09Z,7dac208f0000,rw-p,2048,2048
2026-09-04T10:54:09Z,7dac20af0000,rw-p,1024,1024
2026-09-04T10:54:09Z,7dac20bf0000,rw-p,704,700
2026-09-04T10:54:09Z,7dac20d00000,rw-p,576,572
2026-09-04T10:54:09Z,7dac2c000000,rwxp,7360,6756
2026-09-04T10:54:09Z,7dac34000000,rw-p,4888,4732
2026-09-04T10:54:09Z,7dac396d0000,rw-p,1268,1264
2026-09-04T10:59:09Z,fc000000,rw-p,65536,63808
2026-09-04T10:59:09Z,7dabec000000,rw-p,2276,2276
2026-09-04T10:59:09Z,7dabf4000000,rw-p,2412,2412
2026-09-04T10:59:09Z,7dac00000000,rw-p,7484,7452
2026-09-04T10:59:09Z,7dac0c000000,rw-p,21836,20112
2026-09-04T10:59:09Z,7dac20000000,rw-p,4544,4544
2026-09-04T10:59:09Z,7dac204f0000,rw-p,2048,2048
2026-09-04T10:59:09Z,7dac206f0000,rw-p,1024,1024
2026-09-04T10:59:09Z,7dac208f0000,rw-p,2048,2048
2026-09-04T10:59:09Z,7dac20af0000,rw-p,1024,1024
2026-09-04T10:59:09Z,7dac20bf0000,rw-p,704,700
2026-09-04T10:59:09Z,7dac20d00000,rw-p,576,572
2026-09-04T10:59:09Z,7dac2c000000,rwxp,7360,6756
2026-09-04T10:59:09Z,7dac34000000,rw-p,4888,4732
2026-09-04T10:59:09Z,7dac396d0000,rw-p,1268,1264
2026-09-04T11:04:09Z,fc000000,rw-p,65536,63808
2026-09-04T11:04:09Z,7dabec000000,rw-p,2276,2276
2026-09-04T11:04:09Z,7dabf4000000,rw-p,2412,2412
2026-09-04T11:04:09Z,7dac00000000,rw-p,7484,7452
2026-09-04T11:04:09Z,7dac0c000000,rw-p,21836,20112
2026-09-04T11:04:09Z,7dac20000000,rw-p,4544,4544
2026-09-04T11:04:09Z,7dac204f0000,rw-p,2048,2048
2026-09-04T11:04:09Z,7dac206f0000,rw-p,1024,1024
2026-09-04T11:04:09Z,7dac208f0000,rw-p,2048,2048
2026-09-04T11:04:09Z,7dac20af0000,rw-p,1024,1024
2026-09-04T11:04:09Z,7dac20bf0000,rw-p,704,700
2026-09-04T11:04:09Z,7dac20d00000,rw-p,576,572
2026-09-04T11:04:09Z,7dac2c000000,rwxp,7360,6756
2026-09-04T11:04:09Z,7dac34000000,rw-p,4888,4732
2026-09-04T11:04:09Z,7dac396d0000,rw-p,1268,1264
2026-09-04T11:09:09Z,fc000000,rw-p,65536,63808
2026-09-04T11:09:09Z,7dabec000000,rw-p,2276,2276
2026-09-04T11:09:09Z,7dabf4000000,rw-p,2412,2412
2026-09-04T11:09:09Z,7dac00000000,rw-p,7484,7452
2026-09-04T11:09:09Z,7dac0c000000,rw-p,21836,20112
2026-09-04T11:09:09Z,7dac20000000,rw-p,4544,4544
2026-09-04T11:09:09Z,7dac204f0000,rw-p,2048,2048
2026-09-04T11:09:09Z,7dac206f0000,rw-p,1024,1024
2026-09-04T11:09:09Z,7dac208f0000,rw-p,2048,2048
2026-09-04T11:09:09Z,7dac20af0000,rw-p,1024,1024
2026-09-04T11:09:09Z,7dac20bf0000,rw-p,704,700
2026-09-04T11:09:09Z,7dac20d00000,rw-p,576,572
2026-09-04T11:09:09Z,7dac2c000000,rwxp,7360,6756
2026-09-04T11:09:09Z,7dac34000000,rw-p,4888,4732
2026-09-04T11:09:09Z,7dac396d0000,rw-p,1268,1264
2026-09-04T11:14:09Z,fc000000,rw-p,65536,63808
2026-09-04T11:14:09Z,7dabec000000,rw-p,2276,2276
2026-09-04T11:14:09Z,7dabf4000000,rw-p,2412,2412
2026-09-04T11:14:09Z,7dac00000000,rw-p,7484,7452
2026-09-04T11:14:09Z,7dac0c000000,rw-p,21836,20112
2026-09-04T11:14:09Z,7dac20000000,rw-p,4544,4544
2026-09-04T11:14:09Z,7dac204f0000,rw-p,2048,2048
2026-09-04T11:14:09Z,7dac206f0000,rw-p,1024,1024
2026-09-04T11:14:09Z,7dac208f0000,rw-p,2048,2048
2026-09-04T11:14:09Z,7dac20af0000,rw-p,1024,1024
2026-09-04T11:14:09Z,7dac20bf0000,rw-p,704,700
2026-09-04T11:14:09Z,7dac20d00000,rw-p,576,572
2026-09-04T11:14:09Z,7dac2c000000,rwxp,7360,6756
2026-09-04T11:14:09Z,7dac34000000,rw-p,4888,4732
2026-09-04T11:14:09Z,7dac396d0000,rw-p,1268,1264
2026-09-04T11:19:09Z,fc000000,rw-p,65536,63808
2026-09-04T11:19:09Z,7dabec000000,rw-p,2276,2276
2026-09-04T11:19:09Z,7dabf4000000,rw-p,2412,2412
2026-09-04T11:19:09Z,7dac00000000,rw-p,7484,7452
2026-09-04T11:19:09Z,7dac0c000000,rw-p,21836,20112
2026-09-04T11:19:09Z,7dac20000000,rw-p,4544,4544
2026-09-04T11:19:09Z,7dac204f0000,rw-p,2048,2048
2026-09-04T11:19:09Z,7dac206f0000,rw-p,1024,1024
2026-09-04T11:19:09Z,7dac208f0000,rw-p,2048,2048
2026-09-04T11:19:09Z,7dac20af0000,rw-p,1024,1024
2026-09-04T11:19:09Z,7dac20bf0000,rw-p,704,700
2026-09-04T11:19:09Z,7dac20d00000,rw-p,576,572
2026-09-04T11:19:09Z,7dac2c000000,rwxp,7360,6756
2026-09-04T11:19:09Z,7dac34000000,rw-p,4888,4732
2026-09-04T11:19:09Z,7dac396d0000,rw-p,1268,1264
2026-09-04T11:24:10Z,fc000000,rw-p,65536,63808
2026-09-04T11:24:10Z,7dabec000000,rw-p,2276,2276
2026-09-04T11:24:10Z,7dabf4000000,rw-p,2412,2412
2026-09-04T11:24:10Z,7dac00000000,rw-p,7484,7452
2026-09-04T11:24:10Z,7dac0c000000,rw-p,21836,20112
2026-09-04T11:24:10Z,7dac20000000,rw-p,4544,4544
2026-09-04T11:24:10Z,7dac204f0000,rw-p,2048,2048
2026-09-04T11:24:10Z,7dac206f0000,rw-p,1024,1024
2026-09-04T11:24:10Z,7dac208f0000,rw-p,2048,2048
2026-09-04T11:24:10Z,7dac20af0000,rw-p,1024,1024
2026-09-04T11:24:10Z,7dac20bf0000,rw-p,704,700
2026-09-04T11:24:10Z,7dac20d00000,rw-p,576,572
2026-09-04T11:24:10Z,7dac2c000000,rwxp,7360,6756
2026-09-04T11:24:10Z,7dac34000000,rw-p,4888,4732
2026-09-04T11:24:10Z,7dac396d0000,rw-p,1268,1264
2026-09-04T11:29:10Z,fc000000,rw-p,65536,63820
2026-09-04T11:29:10Z,7dabec000000,rw-p,2276,2276
2026-09-04T11:29:10Z,7dabf4000000,rw-p,2412,2412
2026-09-04T11:29:10Z,7dac00000000,rw-p,7484,7452
2026-09-04T11:29:10Z,7dac0c000000,rw-p,21836,20112
2026-09-04T11:29:10Z,7dac20000000,rw-p,4544,4544
2026-09-04T11:29:10Z,7dac204f0000,rw-p,2048,2048
2026-09-04T11:29:10Z,7dac206f0000,rw-p,1024,1024
2026-09-04T11:29:10Z,7dac208f0000,rw-p,2048,2048
2026-09-04T11:29:10Z,7dac20af0000,rw-p,1024,1024
2026-09-04T11:29:10Z,7dac20bf0000,rw-p,704,700
2026-09-04T11:29:10Z,7dac20d00000,rw-p,576,572
2026-09-04T11:29:10Z,7dac2c000000,rwxp,7360,6756
2026-09-04T11:29:10Z,7dac34000000,rw-p,4888,4732
2026-09-04T11:29:10Z,7dac396d0000,rw-p,1268,1264
2026-09-04T11:34:10Z,fc000000,rw-p,65536,63820
2026-09-04T11:34:10Z,7dabec000000,rw-p,2276,2276
2026-09-04T11:34:10Z,7dabf4000000,rw-p,2412,2412
2026-09-04T11:34:10Z,7dac00000000,rw-p,7484,7452
2026-09-04T11:34:10Z,7dac0c000000,rw-p,21836,20112
2026-09-04T11:34:10Z,7dac20000000,rw-p,4544,4544
2026-09-04T11:34:10Z,7dac204f0000,rw-p,2048,2048
2026-09-04T11:34:10Z,7dac206f0000,rw-p,1024,1024
2026-09-04T11:34:10Z,7dac208f0000,rw-p,2048,2048
2026-09-04T11:34:10Z,7dac20af0000,rw-p,1024,1024
2026-09-04T11:34:10Z,7dac20bf0000,rw-p,704,700
2026-09-04T11:34:10Z,7dac20d00000,rw-p,576,572
2026-09-04T11:34:10Z,7dac2c000000,rwxp,7360,6756
2026-09-04T11:34:10Z,7dac34000000,rw-p,4888,4732
2026-09-04T11:34:10Z,7dac396d0000,rw-p,1268,1264
2026-09-04T11:39:10Z,fc000000,rw-p,65536,63820
2026-09-04T11:39:10Z,7dabec000000,rw-p,2276,2276
2026-09-04T11:39:10Z,7dabf4000000,rw-p,2412,2412
2026-09-04T11:39:10Z,7dac00000000,rw-p,7484,7452
2026-09-04T11:39:10Z,7dac0c000000,rw-p,21836,20112
2026-09-04T11:39:10Z,7dac20000000,rw-p,4544,4544
2026-09-04T11:39:10Z,7dac204f0000,rw-p,2048,2048
2026-09-04T11:39:10Z,7dac206f0000,rw-p,1024,1024
2026-09-04T11:39:10Z,7dac208f0000,rw-p,2048,2048
2026-09-04T11:39:10Z,7dac20af0000,rw-p,1024,1024
2026-09-04T11:39:10Z,7dac20bf0000,rw-p,704,700
2026-09-04T11:39:10Z,7dac20d00000,rw-p,576,572
2026-09-04T11:39:10Z,7dac2c000000,rwxp,7360,6756
2026-09-04T11:39:10Z,7dac34000000,rw-p,4888,4732
2026-09-04T11:39:10Z,7dac396d0000,rw-p,1268,1264
2026-09-04T11:44:10Z,fc000000,rw-p,65536,63820
2026-09-04T11:44:10Z,7dabec000000,rw-p,2276,2276
2026-09-04T11:44:10Z,7dabf4000000,rw-p,2412,2412
2026-09-04T11:44:10Z,7dac00000000,rw-p,7484,7452
2026-09-04T11:44:10Z,7dac0c000000,rw-p,21836,20112
2026-09-04T11:44:10Z,7dac20000000,rw-p,4544,4544
2026-09-04T11:44:10Z,7dac204f0000,rw-p,2048,2048
2026-09-04T11:44:10Z,7dac206f0000,rw-p,1024,1024
2026-09-04T11:44:10Z,7dac208f0000,rw-p,2048,2048
2026-09-04T11:44:10Z,7dac20af0000,rw-p,1024,1024
2026-09-04T11:44:10Z,7dac20bf0000,rw-p,704,700
2026-09-04T11:44:10Z,7dac20d00000,rw-p,576,572
2026-09-04T11:44:10Z,7dac2c000000,rwxp,7360,6756
2026-09-04T11:44:10Z,7dac34000000,rw-p,4888,4732
2026-09-04T11:44:10Z,7dac396d0000,rw-p,1268,1264
2026-09-04T11:49:10Z,fc000000,rw-p,65536,63820
2026-09-04T11:49:10Z,7dabec000000,rw-p,2276,2276
2026-09-04T11:49:10Z,7dabf4000000,rw-p,2412,2412
2026-09-04T11:49:10Z,7dac00000000,rw-p,7484,7452
2026-09-04T11:49:10Z,7dac0c000000,rw-p,21836,20112
2026-09-04T11:49:10Z,7dac20000000,rw-p,4544,4544
2026-09-04T11:49:10Z,7dac204f0000,rw-p,2048,2048
2026-09-04T11:49:10Z,7dac206f0000,rw-p,1024,1024
2026-09-04T11:49:10Z,7dac208f0000,rw-p,2048,2048
2026-09-04T11:49:10Z,7dac20af0000,rw-p,1024,1024
2026-09-04T11:49:10Z,7dac20bf0000,rw-p,704,700
2026-09-04T11:49:10Z,7dac20d00000,rw-p,576,572
2026-09-04T11:49:10Z,7dac2c000000,rwxp,7360,6756
2026-09-04T11:49:10Z,7dac34000000,rw-p,4888,4732
2026-09-04T11:49:10Z,7dac396d0000,rw-p,1268,1264
2026-09-04T11:54:10Z,fc000000,rw-p,65536,63820
2026-09-04T11:54:10Z,7dabec000000,rw-p,2276,2276
2026-09-04T11:54:10Z,7dabf4000000,rw-p,2412,2412
2026-09-04T11:54:10Z,7dac00000000,rw-p,7484,7452
2026-09-04T11:54:10Z,7dac0c000000,rw-p,21836,20112
2026-09-04T11:54:10Z,7dac20000000,rw-p,4544,4544
2026-09-04T11:54:10Z,7dac204f0000,rw-p,2048,2048
2026-09-04T11:54:10Z,7dac206f0000,rw-p,1024,1024
2026-09-04T11:54:10Z,7dac208f0000,rw-p,2048,2048
2026-09-04T11:54:10Z,7dac20af0000,rw-p,1024,1024
2026-09-04T11:54:10Z,7dac20bf0000,rw-p,704,700
2026-09-04T11:54:10Z,7dac20d00000,rw-p,576,572
2026-09-04T11:54:10Z,7dac2c000000,rwxp,7360,6756
2026-09-04T11:54:10Z,7dac34000000,rw-p,4888,4732
2026-09-04T11:54:10Z,7dac396d0000,rw-p,1268,1264
2026-09-04T11:59:10Z,fc000000,rw-p,65536,63820
2026-09-04T11:59:10Z,7dabec000000,rw-p,2276,2276
2026-09-04T11:59:10Z,7dabf4000000,rw-p,2412,2412
2026-09-04T11:59:10Z,7dac00000000,rw-p,7484,7452
2026-09-04T11:59:10Z,7dac0c000000,rw-p,21836,20112
2026-09-04T11:59:10Z,7dac20000000,rw-p,4544,4544
2026-09-04T11:59:10Z,7dac204f0000,rw-p,2048,2048
2026-09-04T11:59:10Z,7dac206f0000,rw-p,1024,1024
2026-09-04T11:59:10Z,7dac208f0000,rw-p,2048,2048
2026-09-04T11:59:10Z,7dac20af0000,rw-p,1024,1024
2026-09-04T11:59:10Z,7dac20bf0000,rw-p,704,700
2026-09-04T11:59:10Z,7dac20d00000,rw-p,576,572
2026-09-04T11:59:10Z,7dac2c000000,rwxp,7360,6756
2026-09-04T11:59:10Z,7dac34000000,rw-p,4888,4732
2026-09-04T11:59:10Z,7dac396d0000,rw-p,1268,1264
2026-09-04T12:04:10Z,fc000000,rw-p,65536,63820
2026-09-04T12:04:10Z,7dabec000000,rw-p,2276,2276
2026-09-04T12:04:10Z,7dabf4000000,rw-p,2412,2412
2026-09-04T12:04:10Z,7dac00000000,rw-p,7484,7452
2026-09-04T12:04:10Z,7dac0c000000,rw-p,21836,20112
2026-09-04T12:04:10Z,7dac20000000,rw-p,4544,4544
2026-09-04T12:04:10Z,7dac204f0000,rw-p,2048,2048
2026-09-04T12:04:10Z,7dac206f0000,rw-p,1024,1024
2026-09-04T12:04:10Z,7dac208f0000,rw-p,2048,2048
2026-09-04T12:04:10Z,7dac20af0000,rw-p,1024,1024
2026-09-04T12:04:10Z,7dac20bf0000,rw-p,704,700
2026-09-04T12:04:10Z,7dac20d00000,rw-p,576,572
2026-09-04T12:04:10Z,7dac2c000000,rwxp,7360,6756
2026-09-04T12:04:10Z,7dac34000000,rw-p,4888,4732
2026-09-04T12:04:10Z,7dac396d0000,rw-p,1268,1264
2026-09-04T12:09:11Z,fc000000,rw-p,65536,63820
2026-09-04T12:09:11Z,7dabec000000,rw-p,2276,2276
2026-09-04T12:09:11Z,7dabf4000000,rw-p,2412,2412
2026-09-04T12:09:11Z,7dac00000000,rw-p,7484,7452
2026-09-04T12:09:11Z,7dac0c000000,rw-p,21836,20112
2026-09-04T12:09:11Z,7dac20000000,rw-p,4544,4544
2026-09-04T12:09:11Z,7dac204f0000,rw-p,2048,2048
2026-09-04T12:09:11Z,7dac206f0000,rw-p,1024,1024
2026-09-04T12:09:11Z,7dac208f0000,rw-p,2048,2048
2026-09-04T12:09:11Z,7dac20af0000,rw-p,1024,1024
2026-09-04T12:09:11Z,7dac20bf0000,rw-p,704,700
2026-09-04T12:09:11Z,7dac20d00000,rw-p,576,572
2026-09-04T12:09:11Z,7dac2c000000,rwxp,7360,6756
2026-09-04T12:09:11Z,7dac34000000,rw-p,4888,4732
2026-09-04T12:09:11Z,7dac396d0000,rw-p,1268,1264
2026-09-04T12:14:11Z,fc000000,rw-p,65536,63820
2026-09-04T12:14:11Z,7dabec000000,rw-p,2276,2276
2026-09-04T12:14:11Z,7dabf4000000,rw-p,2412,2412
2026-09-04T12:14:11Z,7dac00000000,rw-p,7484,7452
2026-09-04T12:14:11Z,7dac0c000000,rw-p,21836,20112
2026-09-04T12:14:11Z,7dac20000000,rw-p,4544,4544
2026-09-04T12:14:11Z,7dac204f0000,rw-p,2048,2048
2026-09-04T12:14:11Z,7dac206f0000,rw-p,1024,1024
2026-09-04T12:14:11Z,7dac208f0000,rw-p,2048,2048
2026-09-04T12:14:11Z,7dac20af0000,rw-p,1024,1024
2026-09-04T12:14:11Z,7dac20bf0000,rw-p,704,700
2026-09-04T12:14:11Z,7dac20d00000,rw-p,576,572
2026-09-04T12:14:11Z,7dac2c000000,rwxp,7360,6756
2026-09-04T12:14:11Z,7dac34000000,rw-p,4888,4732
2026-09-04T12:14:11Z,7dac396d0000,rw-p,1268,1264
2026-09-04T12:19:11Z,fc000000,rw-p,65536,63820
2026-09-04T12:19:11Z,7dabec000000,rw-p,2276,2276
2026-09-04T12:19:11Z,7dabf4000000,rw-p,2412,2412
2026-09-04T12:19:11Z,7dac00000000,rw-p,7484,7452
2026-09-04T12:19:11Z,7dac0c000000,rw-p,21836,20112
2026-09-04T12:19:11Z,7dac20000000,rw-p,4544,4544
2026-09-04T12:19:11Z,7dac204f0000,rw-p,2048,2048
2026-09-04T12:19:11Z,7dac206f0000,rw-p,1024,1024
2026-09-04T12:19:11Z,7dac208f0000,rw-p,2048,2048
2026-09-04T12:19:11Z,7dac20af0000,rw-p,1024,1024
2026-09-04T12:19:11Z,7dac20bf0000,rw-p,704,700
2026-09-04T12:19:11Z,7dac20d00000,rw-p,576,572
2026-09-04T12:19:11Z,7dac2c000000,rwxp,7360,6756
2026-09-04T12:19:11Z,7dac34000000,rw-p,4888,4732
2026-09-04T12:19:11Z,7dac396d0000,rw-p,1268,1264
2026-09-04T12:24:11Z,fc000000,rw-p,65536,63820
2026-09-04T12:24:11Z,7dabec000000,rw-p,2276,2276
2026-09-04T12:24:11Z,7dabf4000000,rw-p,2412,2412
2026-09-04T12:24:11Z,7dac00000000,rw-p,7484,7452
2026-09-04T12:24:11Z,7dac0c000000,rw-p,21836,20112
2026-09-04T12:24:11Z,7dac20000000,rw-p,4544,4544
2026-09-04T12:24:11Z,7dac204f0000,rw-p,2048,2048
2026-09-04T12:24:11Z,7dac206f0000,rw-p,1024,1024
2026-09-04T12:24:11Z,7dac208f0000,rw-p,2048,2048
2026-09-04T12:24:11Z,7dac20af0000,rw-p,1024,1024
2026-09-04T12:24:11Z,7dac20bf0000,rw-p,704,700
2026-09-04T12:24:11Z,7dac20d00000,rw-p,576,572
2026-09-04T12:24:11Z,7dac2c000000,rwxp,7360,6756
2026-09-04T12:24:11Z,7dac34000000,rw-p,4888,4732
2026-09-04T12:24:11Z,7dac396d0000,rw-p,1268,1264
2026-09-04T12:29:11Z,fc000000,rw-p,65536,63820
2026-09-04T12:29:11Z,7dabec000000,rw-p,2276,2276
2026-09-04T12:29:11Z,7dabf4000000,rw-p,2412,2412
2026-09-04T12:29:11Z,7dac00000000,rw-p,7484,7452
2026-09-04T12:29:11Z,7dac0c000000,rw-p,21836,20112
2026-09-04T12:29:11Z,7dac20000000,rw-p,4544,4544
2026-09-04T12:29:11Z,7dac204f0000,rw-p,2048,2048
2026-09-04T12:29:11Z,7dac206f0000,rw-p,1024,1024
2026-09-04T12:29:11Z,7dac208f0000,rw-p,2048,2048
2026-09-04T12:29:11Z,7dac20af0000,rw-p,1024,1024
2026-09-04T12:29:11Z,7dac20bf0000,rw-p,704,700
2026-09-04T12:29:11Z,7dac20d00000,rw-p,576,572
2026-09-04T12:29:11Z,7dac2c000000,rwxp,7360,6756
2026-09-04T12:29:11Z,7dac34000000,rw-p,4888,4732
2026-09-04T12:29:11Z,7dac396d0000,rw-p,1268,1264
2026-09-04T12:34:11Z,fc000000,rw-p,65536,63820
2026-09-04T12:34:11Z,7dabec000000,rw-p,2276,2276
2026-09-04T12:34:11Z,7dabf4000000,rw-p,2412,2412
2026-09-04T12:34:11Z,7dac00000000,rw-p,7484,7452
2026-09-04T12:34:11Z,7dac0c000000,rw-p,21836,20112
2026-09-04T12:34:11Z,7dac20000000,rw-p,4544,4544
2026-09-04T12:34:11Z,7dac204f0000,rw-p,2048,2048
2026-09-04T12:34:11Z,7dac206f0000,rw-p,1024,1024
2026-09-04T12:34:11Z,7dac208f0000,rw-p,2048,2048
2026-09-04T12:34:11Z,7dac20af0000,rw-p,1024,1024
2026-09-04T12:34:11Z,7dac20bf0000,rw-p,704,700
2026-09-04T12:34:11Z,7dac20d00000,rw-p,576,572
2026-09-04T12:34:11Z,7dac2c000000,rwxp,7360,6756
2026-09-04T12:34:11Z,7dac34000000,rw-p,4888,4732
2026-09-04T12:34:11Z,7dac396d0000,rw-p,1268,1264
2026-09-04T12:39:11Z,fc000000,rw-p,65536,63820
2026-09-04T12:39:11Z,7dabec000000,rw-p,2276,2276
2026-09-04T12:39:11Z,7dabf4000000,rw-p,2412,2412
2026-09-04T12:39:11Z,7dac00000000,rw-p,7484,7452
2026-09-04T12:39:11Z,7dac0c000000,rw-p,21836,20112
2026-09-04T12:39:11Z,7dac20000000,rw-p,4544,4544
2026-09-04T12:39:11Z,7dac204f0000,rw-p,2048,2048
2026-09-04T12:39:11Z,7dac206f0000,rw-p,1024,1024
2026-09-04T12:39:11Z,7dac208f0000,rw-p,2048,2048
2026-09-04T12:39:11Z,7dac20af0000,rw-p,1024,1024
2026-09-04T12:39:11Z,7dac20bf0000,rw-p,704,700
2026-09-04T12:39:11Z,7dac20d00000,rw-p,576,572
2026-09-04T12:39:11Z,7dac2c000000,rwxp,7360,6756
2026-09-04T12:39:11Z,7dac34000000,rw-p,4888,4732
2026-09-04T12:39:11Z,7dac396d0000,rw-p,1268,1264
2026-09-04T12:44:11Z,fc000000,rw-p,65536,63820
2026-09-04T12:44:11Z,7dabec000000,rw-p,2276,2276
2026-09-04T12:44:11Z,7dabf4000000,rw-p,2412,2412
2026-09-04T12:44:11Z,7dac00000000,rw-p,7484,7452
2026-09-04T12:44:11Z,7dac0c000000,rw-p,21836,20112
2026-09-04T12:44:11Z,7dac20000000,rw-p,4544,4544
2026-09-04T12:44:11Z,7dac204f0000,rw-p,2048,2048
2026-09-04T12:44:11Z,7dac206f0000,rw-p,1024,1024
2026-09-04T12:44:11Z,7dac208f0000,rw-p,2048,2048
2026-09-04T12:44:11Z,7dac20af0000,rw-p,1024,1024
2026-09-04T12:44:11Z,7dac20bf0000,rw-p,704,700
2026-09-04T12:44:11Z,7dac20d00000,rw-p,576,572
2026-09-04T12:44:11Z,7dac2c000000,rwxp,7360,6756
2026-09-04T12:44:11Z,7dac34000000,rw-p,4888,4732
2026-09-04T12:44:11Z,7dac396d0000,rw-p,1268,1264
2026-09-04T12:49:11Z,fc000000,rw-p,65536,63820
2026-09-04T12:49:11Z,7dabec000000,rw-p,2276,2276
2026-09-04T12:49:11Z,7dabf4000000,rw-p,2412,2412
2026-09-04T12:49:11Z,7dac00000000,rw-p,7484,7452
2026-09-04T12:49:11Z,7dac0c000000,rw-p,21836,20112
2026-09-04T12:49:11Z,7dac20000000,rw-p,4544,4544
2026-09-04T12:49:11Z,7dac204f0000,rw-p,2048,2048
2026-09-04T12:49:11Z,7dac206f0000,rw-p,1024,1024
2026-09-04T12:49:11Z,7dac208f0000,rw-p,2048,2048
2026-09-04T12:49:11Z,7dac20af0000,rw-p,1024,1024
2026-09-04T12:49:11Z,7dac20bf0000,rw-p,704,700
2026-09-04T12:49:11Z,7dac20d00000,rw-p,576,572
2026-09-04T12:49:11Z,7dac2c000000,rwxp,7360,6756
2026-09-04T12:49:11Z,7dac34000000,rw-p,4888,4732
2026-09-04T12:49:11Z,7dac396d0000,rw-p,1268,1264
2026-09-04T12:54:11Z,fc000000,rw-p,65536,63820
2026-09-04T12:54:11Z,7dabec000000,rw-p,2276,2276
2026-09-04T12:54:11Z,7dabf4000000,rw-p,2412,2412
2026-09-04T12:54:11Z,7dac00000000,rw-p,7484,7452
2026-09-04T12:54:11Z,7dac0c000000,rw-p,21836,20112
2026-09-04T12:54:11Z,7dac20000000,rw-p,4544,4544
2026-09-04T12:54:11Z,7dac204f0000,rw-p,2048,2048
2026-09-04T12:54:11Z,7dac206f0000,rw-p,1024,1024
2026-09-04T12:54:11Z,7dac208f0000,rw-p,2048,2048
2026-09-04T12:54:11Z,7dac20af0000,rw-p,1024,1024
2026-09-04T12:54:11Z,7dac20bf0000,rw-p,704,700
2026-09-04T12:54:11Z,7dac20d00000,rw-p,576,572
2026-09-04T12:54:11Z,7dac2c000000,rwxp,7360,6756
2026-09-04T12:54:11Z,7dac34000000,rw-p,4888,4732
2026-09-04T12:54:11Z,7dac396d0000,rw-p,1268,1264
2026-09-04T12:59:11Z,fc000000,rw-p,65536,63820
2026-09-04T12:59:11Z,7dabec000000,rw-p,2276,2276
2026-09-04T12:59:11Z,7dabf4000000,rw-p,2412,2412
2026-09-04T12:59:11Z,7dac00000000,rw-p,7484,7452
2026-09-04T12:59:11Z,7dac0c000000,rw-p,21836,20112
2026-09-04T12:59:11Z,7dac20000000,rw-p,4544,4544
2026-09-04T12:59:11Z,7dac204f0000,rw-p,2048,2048
2026-09-04T12:59:11Z,7dac206f0000,rw-p,1024,1024
2026-09-04T12:59:11Z,7dac208f0000,rw-p,2048,2048
2026-09-04T12:59:11Z,7dac20af0000,rw-p,1024,1024
2026-09-04T12:59:11Z,7dac20bf0000,rw-p,704,700
2026-09-04T12:59:11Z,7dac20d00000,rw-p,576,572
2026-09-04T12:59:11Z,7dac2c000000,rwxp,7360,6756
2026-09-04T12:59:11Z,7dac34000000,rw-p,4888,4732
2026-09-04T12:59:11Z,7dac396d0000,rw-p,1268,1264
2026-09-04T13:04:12Z,fc000000,rw-p,65536,63820
2026-09-04T13:04:12Z,7dabec000000,rw-p,2276,2276
2026-09-04T13:04:12Z,7dabf4000000,rw-p,2412,2412
2026-09-04T13:04:12Z,7dac00000000,rw-p,7484,7452
2026-09-04T13:04:12Z,7dac0c000000,rw-p,21836,20112
2026-09-04T13:04:12Z,7dac20000000,rw-p,4544,4544
2026-09-04T13:04:12Z,7dac204f0000,rw-p,2048,2048
2026-09-04T13:04:12Z,7dac206f0000,rw-p,1024,1024
2026-09-04T13:04:12Z,7dac208f0000,rw-p,2048,2048
2026-09-04T13:04:12Z,7dac20af0000,rw-p,1024,1024
2026-09-04T13:04:12Z,7dac20bf0000,rw-p,704,700
2026-09-04T13:04:12Z,7dac20d00000,rw-p,576,572
2026-09-04T13:04:12Z,7dac2c000000,rwxp,7360,6756
2026-09-04T13:04:12Z,7dac34000000,rw-p,4888,4732
2026-09-04T13:04:12Z,7dac396d0000,rw-p,1268,1264
2026-09-04T13:09:12Z,fc000000,rw-p,65536,63820
2026-09-04T13:09:12Z,7dabec000000,rw-p,2276,2276
2026-09-04T13:09:12Z,7dabf4000000,rw-p,2412,2412
2026-09-04T13:09:12Z,7dac00000000,rw-p,7484,7452
2026-09-04T13:09:12Z,7dac0c000000,rw-p,21836,20112
2026-09-04T13:09:12Z,7dac20000000,rw-p,4544,4544
2026-09-04T13:09:12Z,7dac204f0000,rw-p,2048,2048
2026-09-04T13:09:12Z,7dac206f0000,rw-p,1024,1024
2026-09-04T13:09:12Z,7dac208f0000,rw-p,2048,2048
2026-09-04T13:09:12Z,7dac20af0000,rw-p,1024,1024
2026-09-04T13:09:12Z,7dac20bf0000,rw-p,704,700
2026-09-04T13:09:12Z,7dac20d00000,rw-p,576,572
2026-09-04T13:09:12Z,7dac2c000000,rwxp,7360,6756
2026-09-04T13:09:12Z,7dac34000000,rw-p,4888,4732
2026-09-04T13:09:12Z,7dac396d0000,rw-p,1268,1264
2026-09-04T13:14:12Z,fc000000,rw-p,65536,63820
2026-09-04T13:14:12Z,7dabec000000,rw-p,2276,2276
2026-09-04T13:14:12Z,7dabf4000000,rw-p,2412,2412
2026-09-04T13:14:12Z,7dac00000000,rw-p,7484,7452
2026-09-04T13:14:12Z,7dac0c000000,rw-p,21836,20112
2026-09-04T13:14:12Z,7dac20000000,rw-p,4544,4544
2026-09-04T13:14:12Z,7dac204f0000,rw-p,2048,2048
2026-09-04T13:14:12Z,7dac206f0000,rw-p,1024,1024
2026-09-04T13:14:12Z,7dac208f0000,rw-p,2048,2048
2026-09-04T13:14:12Z,7dac20af0000,rw-p,1024,1024
2026-09-04T13:14:12Z,7dac20bf0000,rw-p,704,700
2026-09-04T13:14:12Z,7dac20d00000,rw-p,576,572
2026-09-04T13:14:12Z,7dac2c000000,rwxp,7360,6756
2026-09-04T13:14:12Z,7dac34000000,rw-p,4888,4732
2026-09-04T13:14:12Z,7dac396d0000,rw-p,1268,1264
2026-09-04T13:19:12Z,fc000000,rw-p,65536,63820
2026-09-04T13:19:12Z,7dabec000000,rw-p,2276,2276
2026-09-04T13:19:12Z,7dabf4000000,rw-p,2412,2412
2026-09-04T13:19:12Z,7dac00000000,rw-p,7484,7452
2026-09-04T13:19:12Z,7dac0c000000,rw-p,21836,20112
2026-09-04T13:19:12Z,7dac20000000,rw-p,4544,4544
2026-09-04T13:19:12Z,7dac204f0000,rw-p,2048,2048
2026-09-04T13:19:12Z,7dac206f0000,rw-p,1024,1024
2026-09-04T13:19:12Z,7dac208f0000,rw-p,2048,2048
2026-09-04T13:19:12Z,7dac20af0000,rw-p,1024,1024
2026-09-04T13:19:12Z,7dac20bf0000,rw-p,704,700
2026-09-04T13:19:12Z,7dac20d00000,rw-p,576,572
2026-09-04T13:19:12Z,7dac2c000000,rwxp,7360,6756
2026-09-04T13:19:12Z,7dac34000000,rw-p,4888,4732
2026-09-04T13:19:12Z,7dac396d0000,rw-p,1268,1264
2026-09-04T13:24:12Z,fc000000,rw-p,65536,63820
2026-09-04T13:24:12Z,7dabec000000,rw-p,2276,2276
2026-09-04T13:24:12Z,7dabf4000000,rw-p,2412,2412
2026-09-04T13:24:12Z,7dac00000000,rw-p,7484,7452
2026-09-04T13:24:12Z,7dac0c000000,rw-p,21836,20112
2026-09-04T13:24:12Z,7dac20000000,rw-p,4544,4544
2026-09-04T13:24:12Z,7dac204f0000,rw-p,2048,2048
2026-09-04T13:24:12Z,7dac206f0000,rw-p,1024,1024
2026-09-04T13:24:12Z,7dac208f0000,rw-p,2048,2048
2026-09-04T13:24:12Z,7dac20af0000,rw-p,1024,1024
2026-09-04T13:24:12Z,7dac20bf0000,rw-p,704,700
2026-09-04T13:24:12Z,7dac20d00000,rw-p,576,572
2026-09-04T13:24:12Z,7dac2c000000,rwxp,7360,6756
2026-09-04T13:24:12Z,7dac34000000,rw-p,4888,4732
2026-09-04T13:24:12Z,7dac396d0000,rw-p,1268,1264
2026-09-04T13:29:12Z,fc000000,rw-p,65536,63820
2026-09-04T13:29:12Z,7dabec000000,rw-p,2276,2276
2026-09-04T13:29:12Z,7dabf4000000,rw-p,2412,2412
2026-09-04T13:29:12Z,7dac00000000,rw-p,7484,7452
2026-09-04T13:29:12Z,7dac0c000000,rw-p,21836,20112
2026-09-04T13:29:12Z,7dac20000000,rw-p,4544,4544
2026-09-04T13:29:12Z,7dac204f0000,rw-p,2048,2048
2026-09-04T13:29:12Z,7dac206f0000,rw-p,1024,1024
2026-09-04T13:29:12Z,7dac208f0000,rw-p,2048,2048
2026-09-04T13:29:12Z,7dac20af0000,rw-p,1024,1024
2026-09-04T13:29:12Z,7dac20bf0000,rw-p,704,700
2026-09-04T13:29:12Z,7dac20d00000,rw-p,576,572
2026-09-04T13:29:12Z,7dac2c000000,rwxp,7360,6756
2026-09-04T13:29:12Z,7dac34000000,rw-p,4888,4732
2026-09-04T13:29:12Z,7dac396d0000,rw-p,1268,1264
2026-09-04T13:34:12Z,fc000000,rw-p,65536,63820
2026-09-04T13:34:12Z,7dabec000000,rw-p,2276,2276
2026-09-04T13:34:12Z,7dabf4000000,rw-p,2412,2412
2026-09-04T13:34:12Z,7dac00000000,rw-p,7484,7452
2026-09-04T13:34:12Z,7dac0c000000,rw-p,21836,20112
2026-09-04T13:34:12Z,7dac20000000,rw-p,4544,4544
2026-09-04T13:34:12Z,7dac204f0000,rw-p,2048,2048
2026-09-04T13:34:12Z,7dac206f0000,rw-p,1024,1024
2026-09-04T13:34:12Z,7dac208f0000,rw-p,2048,2048
2026-09-04T13:34:12Z,7dac20af0000,rw-p,1024,1024
2026-09-04T13:34:12Z,7dac20bf0000,rw-p,704,700
2026-09-04T13:34:12Z,7dac20d00000,rw-p,576,572
2026-09-04T13:34:12Z,7dac2c000000,rwxp,7360,6756
2026-09-04T13:34:12Z,7dac34000000,rw-p,4888,4732
2026-09-04T13:34:12Z,7dac396d0000,rw-p,1268,1264
2026-09-04T13:39:12Z,fc000000,rw-p,65536,63820
2026-09-04T13:39:12Z,7dabec000000,rw-p,2276,2276
2026-09-04T13:39:12Z,7dabf4000000,rw-p,2412,2412
2026-09-04T13:39:12Z,7dac00000000,rw-p,7484,7452
2026-09-04T13:39:12Z,7dac0c000000,rw-p,21836,20112
2026-09-04T13:39:12Z,7dac20000000,rw-p,4544,4544
2026-09-04T13:39:12Z,7dac204f0000,rw-p,2048,2048
2026-09-04T13:39:12Z,7dac206f0000,rw-p,1024,1024
2026-09-04T13:39:12Z,7dac208f0000,rw-p,2048,2048
2026-09-04T13:39:12Z,7dac20af0000,rw-p,1024,1024
2026-09-04T13:39:12Z,7dac20bf0000,rw-p,704,700
2026-09-04T13:39:12Z,7dac20d00000,rw-p,576,572
2026-09-04T13:39:12Z,7dac2c000000,rwxp,7360,6756
2026-09-04T13:39:12Z,7dac34000000,rw-p,4888,4732
2026-09-04T13:39:12Z,7dac396d0000,rw-p,1268,1264
2026-09-04T13:44:12Z,fc000000,rw-p,65536,63820
2026-09-04T13:44:12Z,7dabec000000,rw-p,2276,2276
2026-09-04T13:44:12Z,7dabf4000000,rw-p,2412,2412
2026-09-04T13:44:12Z,7dac00000000,rw-p,7484,7452
2026-09-04T13:44:12Z,7dac0c000000,rw-p,21836,20112
2026-09-04T13:44:12Z,7dac20000000,rw-p,4544,4544
2026-09-04T13:44:12Z,7dac204f0000,rw-p,2048,2048
2026-09-04T13:44:12Z,7dac206f0000,rw-p,1024,1024
2026-09-04T13:44:12Z,7dac208f0000,rw-p,2048,2048
2026-09-04T13:44:12Z,7dac20af0000,rw-p,1024,1024
2026-09-04T13:44:12Z,7dac20bf0000,rw-p,704,700
2026-09-04T13:44:12Z,7dac20d00000,rw-p,576,572
2026-09-04T13:44:12Z,7dac2c000000,rwxp,7360,6756
2026-09-04T13:44:12Z,7dac34000000,rw-p,4888,4732
2026-09-04T13:44:12Z,7dac396d0000,rw-p,1268,1264
2026-09-04T13:49:12Z,fc000000,rw-p,65536,63820
2026-09-04T13:49:12Z,7dabec000000,rw-p,2276,2276
2026-09-04T13:49:12Z,7dabf4000000,rw-p,2412,2412
2026-09-04T13:49:12Z,7dac00000000,rw-p,7484,7452
2026-09-04T13:49:12Z,7dac0c000000,rw-p,21836,20112
2026-09-04T13:49:12Z,7dac20000000,rw-p,4544,4544
2026-09-04T13:49:12Z,7dac204f0000,rw-p,2048,2048
2026-09-04T13:49:12Z,7dac206f0000,rw-p,1024,1024
2026-09-04T13:49:12Z,7dac208f0000,rw-p,2048,2048
2026-09-04T13:49:12Z,7dac20af0000,rw-p,1024,1024
2026-09-04T13:49:12Z,7dac20bf0000,rw-p,704,700
2026-09-04T13:49:12Z,7dac20d00000,rw-p,576,572
2026-09-04T13:49:12Z,7dac2c000000,rwxp,7360,6756
2026-09-04T13:49:12Z,7dac34000000,rw-p,4888,4732
2026-09-04T13:49:12Z,7dac396d0000,rw-p,1268,1264
2026-09-04T13:54:13Z,fc000000,rw-p,65536,63820
2026-09-04T13:54:13Z,7dabec000000,rw-p,2276,2276
2026-09-04T13:54:13Z,7dabf4000000,rw-p,2412,2412
2026-09-04T13:54:13Z,7dac00000000,rw-p,7484,7452
2026-09-04T13:54:13Z,7dac0c000000,rw-p,21836,20112
2026-09-04T13:54:13Z,7dac20000000,rw-p,4544,4544
2026-09-04T13:54:13Z,7dac204f0000,rw-p,2048,2048
2026-09-04T13:54:13Z,7dac206f0000,rw-p,1024,1024
2026-09-04T13:54:13Z,7dac208f0000,rw-p,2048,2048
2026-09-04T13:54:13Z,7dac20af0000,rw-p,1024,1024
2026-09-04T13:54:13Z,7dac20bf0000,rw-p,704,700
2026-09-04T13:54:13Z,7dac20d00000,rw-p,576,572
2026-09-04T13:54:13Z,7dac2c000000,rwxp,7360,6756
2026-09-04T13:54:13Z,7dac34000000,rw-p,4888,4732
2026-09-04T13:54:13Z,7dac396d0000,rw-p,1268,1264
2026-09-04T13:59:13Z,fc000000,rw-p,65536,63820
2026-09-04T13:59:13Z,7dabec000000,rw-p,2276,2276
2026-09-04T13:59:13Z,7dabf4000000,rw-p,2412,2412
2026-09-04T13:59:13Z,7dac00000000,rw-p,7484,7452
2026-09-04T13:59:13Z,7dac0c000000,rw-p,21836,20112
2026-09-04T13:59:13Z,7dac20000000,rw-p,4544,4544
2026-09-04T13:59:13Z,7dac204f0000,rw-p,2048,2048
2026-09-04T13:59:13Z,7dac206f0000,rw-p,1024,1024
2026-09-04T13:59:13Z,7dac208f0000,rw-p,2048,2048
2026-09-04T13:59:13Z,7dac20af0000,rw-p,1024,1024
2026-09-04T13:59:13Z,7dac20bf0000,rw-p,704,700
2026-09-04T13:59:13Z,7dac20d00000,rw-p,576,572
2026-09-04T13:59:13Z,7dac2c000000,rwxp,7360,6756
2026-09-04T13:59:13Z,7dac34000000,rw-p,4888,4732
2026-09-04T13:59:13Z,7dac396d0000,rw-p,1268,1264
2026-09-04T14:04:13Z,fc000000,rw-p,65536,63820
2026-09-04T14:04:13Z,7dabec000000,rw-p,2276,2276
2026-09-04T14:04:13Z,7dabf4000000,rw-p,2412,2412
2026-09-04T14:04:13Z,7dac00000000,rw-p,7484,7452
2026-09-04T14:04:13Z,7dac0c000000,rw-p,21836,20112
2026-09-04T14:04:13Z,7dac20000000,rw-p,4544,4544
2026-09-04T14:04:13Z,7dac204f0000,rw-p,2048,2048
2026-09-04T14:04:13Z,7dac206f0000,rw-p,1024,1024
2026-09-04T14:04:13Z,7dac208f0000,rw-p,2048,2048
2026-09-04T14:04:13Z,7dac20af0000,rw-p,1024,1024
2026-09-04T14:04:13Z,7dac20bf0000,rw-p,704,700
2026-09-04T14:04:13Z,7dac20d00000,rw-p,576,572
2026-09-04T14:04:13Z,7dac2c000000,rwxp,7360,6756
2026-09-04T14:04:13Z,7dac34000000,rw-p,4888,4732
2026-09-04T14:04:13Z,7dac396d0000,rw-p,1268,1264
2026-09-04T14:09:13Z,fc000000,rw-p,65536,63820
2026-09-04T14:09:13Z,7dabec000000,rw-p,2276,2276
2026-09-04T14:09:13Z,7dabf4000000,rw-p,2412,2412
2026-09-04T14:09:13Z,7dac00000000,rw-p,7484,7452
2026-09-04T14:09:13Z,7dac0c000000,rw-p,21836,20112
2026-09-04T14:09:13Z,7dac20000000,rw-p,4544,4544
2026-09-04T14:09:13Z,7dac204f0000,rw-p,2048,2048
2026-09-04T14:09:13Z,7dac206f0000,rw-p,1024,1024
2026-09-04T14:09:13Z,7dac208f0000,rw-p,2048,2048
2026-09-04T14:09:13Z,7dac20af0000,rw-p,1024,1024
2026-09-04T14:09:13Z,7dac20bf0000,rw-p,704,700
2026-09-04T14:09:13Z,7dac20d00000,rw-p,576,572
2026-09-04T14:09:13Z,7dac2c000000,rwxp,7360,6756
2026-09-04T14:09:13Z,7dac34000000,rw-p,4888,4732
2026-09-04T14:09:13Z,7dac396d0000,rw-p,1268,1264
2026-09-04T14:14:13Z,fc000000,rw-p,65536,63820
2026-09-04T14:14:13Z,7dabec000000,rw-p,2276,2276
2026-09-04T14:14:13Z,7dabf4000000,rw-p,2412,2412
2026-09-04T14:14:13Z,7dac00000000,rw-p,7484,7452
2026-09-04T14:14:13Z,7dac0c000000,rw-p,21836,20112
2026-09-04T14:14:13Z,7dac20000000,rw-p,4544,4544
2026-09-04T14:14:13Z,7dac204f0000,rw-p,2048,2048
2026-09-04T14:14:13Z,7dac206f0000,rw-p,1024,1024
2026-09-04T14:14:13Z,7dac208f0000,rw-p,2048,2048
2026-09-04T14:14:13Z,7dac20af0000,rw-p,1024,1024
2026-09-04T14:14:13Z,7dac20bf0000,rw-p,704,700
2026-09-04T14:14:13Z,7dac20d00000,rw-p,576,572
2026-09-04T14:14:13Z,7dac2c000000,rwxp,7360,6756
2026-09-04T14:14:13Z,7dac34000000,rw-p,4888,4732
2026-09-04T14:14:13Z,7dac396d0000,rw-p,1268,1264
2026-09-04T14:19:13Z,fc000000,rw-p,65536,63820
2026-09-04T14:19:13Z,7dabec000000,rw-p,2276,2276
2026-09-04T14:19:13Z,7dabf4000000,rw-p,2412,2412
2026-09-04T14:19:13Z,7dac00000000,rw-p,7484,7452
2026-09-04T14:19:13Z,7dac0c000000,rw-p,21836,20112
2026-09-04T14:19:13Z,7dac20000000,rw-p,4544,4544
2026-09-04T14:19:13Z,7dac204f0000,rw-p,2048,2048
2026-09-04T14:19:13Z,7dac206f0000,rw-p,1024,1024
2026-09-04T14:19:13Z,7dac208f0000,rw-p,2048,2048
2026-09-04T14:19:13Z,7dac20af0000,rw-p,1024,1024
2026-09-04T14:19:13Z,7dac20bf0000,rw-p,704,700
2026-09-04T14:19:13Z,7dac20d00000,rw-p,576,572
2026-09-04T14:19:13Z,7dac2c000000,rwxp,7360,6756
2026-09-04T14:19:13Z,7dac34000000,rw-p,4888,4732
2026-09-04T14:19:13Z,7dac396d0000,rw-p,1268,1264
2026-09-04T14:24:13Z,fc000000,rw-p,65536,63820
2026-09-04T14:24:13Z,7dabec000000,rw-p,2276,2276
2026-09-04T14:24:13Z,7dabf4000000,rw-p,2412,2412
2026-09-04T14:24:13Z,7dac00000000,rw-p,7484,7452
2026-09-04T14:24:13Z,7dac0c000000,rw-p,21836,20112
2026-09-04T14:24:13Z,7dac20000000,rw-p,4544,4544
2026-09-04T14:24:13Z,7dac204f0000,rw-p,2048,2048
2026-09-04T14:24:13Z,7dac206f0000,rw-p,1024,1024
2026-09-04T14:24:13Z,7dac208f0000,rw-p,2048,2048
2026-09-04T14:24:13Z,7dac20af0000,rw-p,1024,1024
2026-09-04T14:24:13Z,7dac20bf0000,rw-p,704,700
2026-09-04T14:24:13Z,7dac20d00000,rw-p,576,572
2026-09-04T14:24:13Z,7dac2c000000,rwxp,7360,6756
2026-09-04T14:24:13Z,7dac34000000,rw-p,4888,4732
2026-09-04T14:24:13Z,7dac396d0000,rw-p,1268,1264
2026-09-04T14:29:13Z,fc000000,rw-p,65536,63820
2026-09-04T14:29:13Z,7dabec000000,rw-p,2276,2276
2026-09-04T14:29:13Z,7dabf4000000,rw-p,2412,2412
2026-09-04T14:29:13Z,7dac00000000,rw-p,7484,7452
2026-09-04T14:29:13Z,7dac0c000000,rw-p,21836,20112
2026-09-04T14:29:13Z,7dac20000000,rw-p,4544,4544
2026-09-04T14:29:13Z,7dac204f0000,rw-p,2048,2048
2026-09-04T14:29:13Z,7dac206f0000,rw-p,1024,1024
2026-09-04T14:29:13Z,7dac208f0000,rw-p,2048,2048
2026-09-04T14:29:13Z,7dac20af0000,rw-p,1024,1024
2026-09-04T14:29:13Z,7dac20bf0000,rw-p,704,700
2026-09-04T14:29:13Z,7dac20d00000,rw-p,576,572
2026-09-04T14:29:13Z,7dac2c000000,rwxp,7360,6756
2026-09-04T14:29:13Z,7dac34000000,rw-p,4888,4732
2026-09-04T14:29:13Z,7dac396d0000,rw-p,1268,1264
2026-09-04T14:34:13Z,fc000000,rw-p,65536,63820
2026-09-04T14:34:13Z,7dabec000000,rw-p,2276,2276
2026-09-04T14:34:13Z,7dabf4000000,rw-p,2412,2412
2026-09-04T14:34:13Z,7dac00000000,rw-p,7484,7452
2026-09-04T14:34:13Z,7dac0c000000,rw-p,21836,20112
2026-09-04T14:34:13Z,7dac20000000,rw-p,4544,4544
2026-09-04T14:34:13Z,7dac204f0000,rw-p,2048,2048
2026-09-04T14:34:13Z,7dac206f0000,rw-p,1024,1024
2026-09-04T14:34:13Z,7dac208f0000,rw-p,2048,2048
2026-09-04T14:34:13Z,7dac20af0000,rw-p,1024,1024
2026-09-04T14:34:13Z,7dac20bf0000,rw-p,704,700
2026-09-04T14:34:13Z,7dac20d00000,rw-p,576,572
2026-09-04T14:34:13Z,7dac2c000000,rwxp,7360,6756
2026-09-04T14:34:13Z,7dac34000000,rw-p,4888,4732
2026-09-04T14:34:13Z,7dac396d0000,rw-p,1268,1264
2026-09-04T14:39:14Z,fc000000,rw-p,65536,63820
2026-09-04T14:39:14Z,7dabec000000,rw-p,2276,2276
2026-09-04T14:39:14Z,7dabf4000000,rw-p,2412,2412
2026-09-04T14:39:14Z,7dac00000000,rw-p,7484,7452
2026-09-04T14:39:14Z,7dac0c000000,rw-p,21836,20112
2026-09-04T14:39:14Z,7dac20000000,rw-p,4544,4544
2026-09-04T14:39:14Z,7dac204f0000,rw-p,2048,2048
2026-09-04T14:39:14Z,7dac206f0000,rw-p,1024,1024
2026-09-04T14:39:14Z,7dac208f0000,rw-p,2048,2048
2026-09-04T14:39:14Z,7dac20af0000,rw-p,1024,1024
2026-09-04T14:39:14Z,7dac20bf0000,rw-p,704,700
2026-09-04T14:39:14Z,7dac20d00000,rw-p,576,572
2026-09-04T14:39:14Z,7dac2c000000,rwxp,7360,6756
2026-09-04T14:39:14Z,7dac34000000,rw-p,4888,4732
2026-09-04T14:39:14Z,7dac396d0000,rw-p,1268,1264
2026-09-04T14:44:14Z,fc000000,rw-p,65536,63820
2026-09-04T14:44:14Z,7dabec000000,rw-p,2276,2276
2026-09-04T14:44:14Z,7dabf4000000,rw-p,2412,2412
2026-09-04T14:44:14Z,7dac00000000,rw-p,7484,7452
2026-09-04T14:44:14Z,7dac0c000000,rw-p,21836,20112
2026-09-04T14:44:14Z,7dac20000000,rw-p,4544,4544
2026-09-04T14:44:14Z,7dac204f0000,rw-p,2048,2048
2026-09-04T14:44:14Z,7dac206f0000,rw-p,1024,1024
2026-09-04T14:44:14Z,7dac208f0000,rw-p,2048,2048
2026-09-04T14:44:14Z,7dac20af0000,rw-p,1024,1024
2026-09-04T14:44:14Z,7dac20bf0000,rw-p,704,700
2026-09-04T14:44:14Z,7dac20d00000,rw-p,576,572
2026-09-04T14:44:14Z,7dac2c000000,rwxp,7360,6756
2026-09-04T14:44:14Z,7dac34000000,rw-p,4888,4732
2026-09-04T14:44:14Z,7dac396d0000,rw-p,1268,1264
2026-09-04T14:49:14Z,fc000000,rw-p,65536,63820
2026-09-04T14:49:14Z,7dabec000000,rw-p,2276,2276
2026-09-04T14:49:14Z,7dabf4000000,rw-p,2412,2412
2026-09-04T14:49:14Z,7dac00000000,rw-p,7484,7452
2026-09-04T14:49:14Z,7dac0c000000,rw-p,21836,20112
2026-09-04T14:49:14Z,7dac20000000,rw-p,4544,4544
2026-09-04T14:49:14Z,7dac204f0000,rw-p,2048,2048
2026-09-04T14:49:14Z,7dac206f0000,rw-p,1024,1024
2026-09-04T14:49:14Z,7dac208f0000,rw-p,2048,2048
2026-09-04T14:49:14Z,7dac20af0000,rw-p,1024,1024
2026-09-04T14:49:14Z,7dac20bf0000,rw-p,704,700
2026-09-04T14:49:14Z,7dac20d00000,rw-p,576,572
2026-09-04T14:49:14Z,7dac2c000000,rwxp,7360,6756
2026-09-04T14:49:14Z,7dac34000000,rw-p,4888,4732
2026-09-04T14:49:14Z,7dac396d0000,rw-p,1268,1264
2026-09-04T14:54:14Z,fc000000,rw-p,65536,63820
2026-09-04T14:54:14Z,7dabec000000,rw-p,2276,2276
2026-09-04T14:54:14Z,7dabf4000000,rw-p,2412,2412
2026-09-04T14:54:14Z,7dac00000000,rw-p,7484,7452
2026-09-04T14:54:14Z,7dac0c000000,rw-p,21836,20112
2026-09-04T14:54:14Z,7dac20000000,rw-p,4544,4544
2026-09-04T14:54:14Z,7dac204f0000,rw-p,2048,2048
2026-09-04T14:54:14Z,7dac206f0000,rw-p,1024,1024
2026-09-04T14:54:14Z,7dac208f0000,rw-p,2048,2048
2026-09-04T14:54:14Z,7dac20af0000,rw-p,1024,1024
2026-09-04T14:54:14Z,7dac20bf0000,rw-p,704,700
2026-09-04T14:54:14Z,7dac20d00000,rw-p,576,572
2026-09-04T14:54:14Z,7dac2c000000,rwxp,7360,6756
2026-09-04T14:54:14Z,7dac34000000,rw-p,4888,4732
2026-09-04T14:54:14Z,7dac396d0000,rw-p,1268,1264
2026-09-04T14:59:14Z,fc000000,rw-p,65536,63820
2026-09-04T14:59:14Z,7dabec000000,rw-p,2276,2276
2026-09-04T14:59:14Z,7dabf4000000,rw-p,2412,2412
2026-09-04T14:59:14Z,7dac00000000,rw-p,7484,7452
2026-09-04T14:59:14Z,7dac0c000000,rw-p,21836,20112
2026-09-04T14:59:14Z,7dac20000000,rw-p,4544,4544
2026-09-04T14:59:14Z,7dac204f0000,rw-p,2048,2048
2026-09-04T14:59:14Z,7dac206f0000,rw-p,1024,1024
2026-09-04T14:59:14Z,7dac208f0000,rw-p,2048,2048
2026-09-04T14:59:14Z,7dac20af0000,rw-p,1024,1024
2026-09-04T14:59:14Z,7dac20bf0000,rw-p,704,700
2026-09-04T14:59:14Z,7dac20d00000,rw-p,576,572
2026-09-04T14:59:14Z,7dac2c000000,rwxp,7360,6756
2026-09-04T14:59:14Z,7dac34000000,rw-p,4888,4732
2026-09-04T14:59:14Z,7dac396d0000,rw-p,1268,1264
2026-09-04T15:04:14Z,fc000000,rw-p,65536,63820
2026-09-04T15:04:14Z,7dabec000000,rw-p,2276,2276
2026-09-04T15:04:14Z,7dabf4000000,rw-p,2412,2412
2026-09-04T15:04:14Z,7dac00000000,rw-p,7484,7452
2026-09-04T15:04:14Z,7dac0c000000,rw-p,21836,20112
2026-09-04T15:04:14Z,7dac20000000,rw-p,4544,4544
2026-09-04T15:04:14Z,7dac204f0000,rw-p,2048,2048
2026-09-04T15:04:14Z,7dac206f0000,rw-p,1024,1024
2026-09-04T15:04:14Z,7dac208f0000,rw-p,2048,2048
2026-09-04T15:04:14Z,7dac20af0000,rw-p,1024,1024
2026-09-04T15:04:14Z,7dac20bf0000,rw-p,704,700
2026-09-04T15:04:14Z,7dac20d00000,rw-p,576,572
2026-09-04T15:04:14Z,7dac2c000000,rwxp,7360,6756
2026-09-04T15:04:14Z,7dac34000000,rw-p,4888,4732
2026-09-04T15:04:14Z,7dac396d0000,rw-p,1268,1264
2026-09-04T15:09:14Z,fc000000,rw-p,65536,63820
2026-09-04T15:09:14Z,7dabec000000,rw-p,2276,2276
2026-09-04T15:09:14Z,7dabf4000000,rw-p,2412,2412
2026-09-04T15:09:14Z,7dac00000000,rw-p,7484,7452
2026-09-04T15:09:14Z,7dac0c000000,rw-p,21836,20112
2026-09-04T15:09:14Z,7dac20000000,rw-p,4544,4544
2026-09-04T15:09:14Z,7dac204f0000,rw-p,2048,2048
2026-09-04T15:09:14Z,7dac206f0000,rw-p,1024,1024
2026-09-04T15:09:14Z,7dac208f0000,rw-p,2048,2048
2026-09-04T15:09:14Z,7dac20af0000,rw-p,1024,1024
2026-09-04T15:09:14Z,7dac20bf0000,rw-p,704,700
2026-09-04T15:09:14Z,7dac20d00000,rw-p,576,572
2026-09-04T15:09:14Z,7dac2c000000,rwxp,7360,6756
2026-09-04T15:09:14Z,7dac34000000,rw-p,4888,4732
2026-09-04T15:09:14Z,7dac396d0000,rw-p,1268,1264
2026-09-04T15:14:14Z,fc000000,rw-p,65536,63820
2026-09-04T15:14:14Z,7dabec000000,rw-p,2276,2276
2026-09-04T15:14:14Z,7dabf4000000,rw-p,2412,2412
2026-09-04T15:14:14Z,7dac00000000,rw-p,7484,7452
2026-09-04T15:14:14Z,7dac0c000000,rw-p,21836,20112
2026-09-04T15:14:14Z,7dac20000000,rw-p,4544,4544
2026-09-04T15:14:14Z,7dac204f0000,rw-p,2048,2048
2026-09-04T15:14:14Z,7dac206f0000,rw-p,1024,1024
2026-09-04T15:14:14Z,7dac208f0000,rw-p,2048,2048
2026-09-04T15:14:14Z,7dac20af0000,rw-p,1024,1024
2026-09-04T15:14:14Z,7dac20bf0000,rw-p,704,700
2026-09-04T15:14:14Z,7dac20d00000,rw-p,576,572
2026-09-04T15:14:14Z,7dac2c000000,rwxp,7360,6756
2026-09-04T15:14:14Z,7dac34000000,rw-p,4888,4732
2026-09-04T15:14:14Z,7dac396d0000,rw-p,1268,1264
2026-09-04T15:19:14Z,fc000000,rw-p,65536,63820
2026-09-04T15:19:14Z,7dabec000000,rw-p,2276,2276
2026-09-04T15:19:14Z,7dabf4000000,rw-p,2412,2412
2026-09-04T15:19:14Z,7dac00000000,rw-p,7484,7452
2026-09-04T15:19:14Z,7dac0c000000,rw-p,21836,20112
2026-09-04T15:19:14Z,7dac20000000,rw-p,4544,4544
2026-09-04T15:19:14Z,7dac204f0000,rw-p,2048,2048
2026-09-04T15:19:14Z,7dac206f0000,rw-p,1024,1024
2026-09-04T15:19:14Z,7dac208f0000,rw-p,2048,2048
2026-09-04T15:19:14Z,7dac20af0000,rw-p,1024,1024
2026-09-04T15:19:14Z,7dac20bf0000,rw-p,704,700
2026-09-04T15:19:14Z,7dac20d00000,rw-p,576,572
2026-09-04T15:19:14Z,7dac2c000000,rwxp,7360,6756
2026-09-04T15:19:14Z,7dac34000000,rw-p,4888,4732
2026-09-04T15:19:14Z,7dac396d0000,rw-p,1268,1264
2026-09-04T15:24:14Z,fc000000,rw-p,65536,63820
2026-09-04T15:24:14Z,7dabec000000,rw-p,2276,2276
2026-09-04T15:24:14Z,7dabf4000000,rw-p,2412,2412
2026-09-04T15:24:14Z,7dac00000000,rw-p,7484,7452
2026-09-04T15:24:14Z,7dac0c000000,rw-p,21836,20112
2026-09-04T15:24:14Z,7dac20000000,rw-p,4544,4544
2026-09-04T15:24:14Z,7dac204f0000,rw-p,2048,2048
2026-09-04T15:24:14Z,7dac206f0000,rw-p,1024,1024
2026-09-04T15:24:14Z,7dac208f0000,rw-p,2048,2048
2026-09-04T15:24:14Z,7dac20af0000,rw-p,1024,1024
2026-09-04T15:24:14Z,7dac20bf0000,rw-p,704,700
2026-09-04T15:24:14Z,7dac20d00000,rw-p,576,572
2026-09-04T15:24:14Z,7dac2c000000,rwxp,7360,6756
2026-09-04T15:24:14Z,7dac34000000,rw-p,4888,4732
2026-09-04T15:24:14Z,7dac396d0000,rw-p,1268,1264
2026-09-04T15:29:15Z,fc000000,rw-p,65536,63820
2026-09-04T15:29:15Z,7dabec000000,rw-p,2276,2276
2026-09-04T15:29:15Z,7dabf4000000,rw-p,2412,2412
2026-09-04T15:29:15Z,7dac00000000,rw-p,7484,7452
2026-09-04T15:29:15Z,7dac0c000000,rw-p,21836,20112
2026-09-04T15:29:15Z,7dac20000000,rw-p,4544,4544
2026-09-04T15:29:15Z,7dac204f0000,rw-p,2048,2048
2026-09-04T15:29:15Z,7dac206f0000,rw-p,1024,1024
2026-09-04T15:29:15Z,7dac208f0000,rw-p,2048,2048
2026-09-04T15:29:15Z,7dac20af0000,rw-p,1024,1024
2026-09-04T15:29:15Z,7dac20bf0000,rw-p,704,700
2026-09-04T15:29:15Z,7dac20d00000,rw-p,576,572
2026-09-04T15:29:15Z,7dac2c000000,rwxp,7360,6756
2026-09-04T15:29:15Z,7dac34000000,rw-p,4888,4732
2026-09-04T15:29:15Z,7dac396d0000,rw-p,1268,1264
2026-09-04T15:34:15Z,fc000000,rw-p,65536,63820
2026-09-04T15:34:15Z,7dabec000000,rw-p,2276,2276
2026-09-04T15:34:15Z,7dabf4000000,rw-p,2412,2412
2026-09-04T15:34:15Z,7dac00000000,rw-p,7484,7452
2026-09-04T15:34:15Z,7dac0c000000,rw-p,21836,20112
2026-09-04T15:34:15Z,7dac20000000,rw-p,4544,4544
2026-09-04T15:34:15Z,7dac204f0000,rw-p,2048,2048
2026-09-04T15:34:15Z,7dac206f0000,rw-p,1024,1024
2026-09-04T15:34:15Z,7dac208f0000,rw-p,2048,2048
2026-09-04T15:34:15Z,7dac20af0000,rw-p,1024,1024
2026-09-04T15:34:15Z,7dac20bf0000,rw-p,704,700
2026-09-04T15:34:15Z,7dac20d00000,rw-p,576,572
2026-09-04T15:34:15Z,7dac2c000000,rwxp,7360,6756
2026-09-04T15:34:15Z,7dac34000000,rw-p,4888,4732
2026-09-04T15:34:15Z,7dac396d0000,rw-p,1268,1264
2026-09-04T15:39:15Z,fc000000,rw-p,65536,63820
2026-09-04T15:39:15Z,7dabec000000,rw-p,2276,2276
2026-09-04T15:39:15Z,7dabf4000000,rw-p,2412,2412
2026-09-04T15:39:15Z,7dac00000000,rw-p,7484,7452
2026-09-04T15:39:15Z,7dac0c000000,rw-p,21836,20112
2026-09-04T15:39:15Z,7dac20000000,rw-p,4544,4544
2026-09-04T15:39:15Z,7dac204f0000,rw-p,2048,2048
2026-09-04T15:39:15Z,7dac206f0000,rw-p,1024,1024
2026-09-04T15:39:15Z,7dac208f0000,rw-p,2048,2048
2026-09-04T15:39:15Z,7dac20af0000,rw-p,1024,1024
2026-09-04T15:39:15Z,7dac20bf0000,rw-p,704,700
2026-09-04T15:39:15Z,7dac20d00000,rw-p,576,572
2026-09-04T15:39:15Z,7dac2c000000,rwxp,7360,6756
2026-09-04T15:39:15Z,7dac34000000,rw-p,4888,4732
2026-09-04T15:39:15Z,7dac396d0000,rw-p,1268,1264
2026-09-04T15:44:15Z,fc000000,rw-p,65536,63820
2026-09-04T15:44:15Z,7dabec000000,rw-p,2276,2276
2026-09-04T15:44:15Z,7dabf4000000,rw-p,2412,2412
2026-09-04T15:44:15Z,7dac00000000,rw-p,7484,7452
2026-09-04T15:44:15Z,7dac0c000000,rw-p,21836,20112
2026-09-04T15:44:15Z,7dac20000000,rw-p,4544,4544
2026-09-04T15:44:15Z,7dac204f0000,rw-p,2048,2048
2026-09-04T15:44:15Z,7dac206f0000,rw-p,1024,1024
2026-09-04T15:44:15Z,7dac208f0000,rw-p,2048,2048
2026-09-04T15:44:15Z,7dac20af0000,rw-p,1024,1024
2026-09-04T15:44:15Z,7dac20bf0000,rw-p,704,700
2026-09-04T15:44:15Z,7dac20d00000,rw-p,576,572
2026-09-04T15:44:15Z,7dac2c000000,rwxp,7360,6756
2026-09-04T15:44:15Z,7dac34000000,rw-p,4888,4732
2026-09-04T15:44:15Z,7dac396d0000,rw-p,1268,1264
2026-09-04T15:49:15Z,fc000000,rw-p,65536,63820
2026-09-04T15:49:15Z,7dabec000000,rw-p,2276,2276
2026-09-04T15:49:15Z,7dabf4000000,rw-p,2412,2412
2026-09-04T15:49:15Z,7dac00000000,rw-p,7484,7452
2026-09-04T15:49:15Z,7dac0c000000,rw-p,21836,20112
2026-09-04T15:49:15Z,7dac20000000,rw-p,4544,4544
2026-09-04T15:49:15Z,7dac204f0000,rw-p,2048,2048
2026-09-04T15:49:15Z,7dac206f0000,rw-p,1024,1024
2026-09-04T15:49:15Z,7dac208f0000,rw-p,2048,2048
2026-09-04T15:49:15Z,7dac20af0000,rw-p,1024,1024
2026-09-04T15:49:15Z,7dac20bf0000,rw-p,704,700
2026-09-04T15:49:15Z,7dac20d00000,rw-p,576,572
2026-09-04T15:49:15Z,7dac2c000000,rwxp,7360,6756
2026-09-04T15:49:15Z,7dac34000000,rw-p,4888,4732
2026-09-04T15:49:15Z,7dac396d0000,rw-p,1268,1264
2026-09-04T15:54:15Z,fc000000,rw-p,65536,63820
2026-09-04T15:54:15Z,7dabec000000,rw-p,2276,2276
2026-09-04T15:54:15Z,7dabf4000000,rw-p,2412,2412
2026-09-04T15:54:15Z,7dac00000000,rw-p,7484,7452
2026-09-04T15:54:15Z,7dac0c000000,rw-p,21836,20112
2026-09-04T15:54:15Z,7dac20000000,rw-p,4544,4544
2026-09-04T15:54:15Z,7dac204f0000,rw-p,2048,2048
2026-09-04T15:54:15Z,7dac206f0000,rw-p,1024,1024
2026-09-04T15:54:15Z,7dac208f0000,rw-p,2048,2048
2026-09-04T15:54:15Z,7dac20af0000,rw-p,1024,1024
2026-09-04T15:54:15Z,7dac20bf0000,rw-p,704,700
2026-09-04T15:54:15Z,7dac20d00000,rw-p,576,572
2026-09-04T15:54:15Z,7dac2c000000,rwxp,7360,6756
2026-09-04T15:54:15Z,7dac34000000,rw-p,4888,4732
2026-09-04T15:54:15Z,7dac396d0000,rw-p,1268,1264
2026-09-04T15:59:15Z,fc000000,rw-p,65536,63820
2026-09-04T15:59:15Z,7dabec000000,rw-p,2276,2276
2026-09-04T15:59:15Z,7dabf4000000,rw-p,2412,2412
2026-09-04T15:59:15Z,7dac00000000,rw-p,7484,7452
2026-09-04T15:59:15Z,7dac0c000000,rw-p,21836,20112
2026-09-04T15:59:15Z,7dac20000000,rw-p,4544,4544
2026-09-04T15:59:15Z,7dac204f0000,rw-p,2048,2048
2026-09-04T15:59:15Z,7dac206f0000,rw-p,1024,1024
2026-09-04T15:59:15Z,7dac208f0000,rw-p,2048,2048
2026-09-04T15:59:15Z,7dac20af0000,rw-p,1024,1024
2026-09-04T15:59:15Z,7dac20bf0000,rw-p,704,700
2026-09-04T15:59:15Z,7dac20d00000,rw-p,576,572
2026-09-04T15:59:15Z,7dac2c000000,rwxp,7360,6756
2026-09-04T15:59:15Z,7dac34000000,rw-p,4888,4732
2026-09-04T15:59:15Z,7dac396d0000,rw-p,1268,1264
2026-09-04T16:04:15Z,fc000000,rw-p,65536,63820
2026-09-04T16:04:15Z,7dabec000000,rw-p,2276,2276
2026-09-04T16:04:15Z,7dabf4000000,rw-p,2412,2412
2026-09-04T16:04:15Z,7dac00000000,rw-p,7484,7452
2026-09-04T16:04:15Z,7dac0c000000,rw-p,21836,20112
2026-09-04T16:04:15Z,7dac20000000,rw-p,4544,4544
2026-09-04T16:04:15Z,7dac204f0000,rw-p,2048,2048
2026-09-04T16:04:15Z,7dac206f0000,rw-p,1024,1024
2026-09-04T16:04:15Z,7dac208f0000,rw-p,2048,2048
2026-09-04T16:04:15Z,7dac20af0000,rw-p,1024,1024
2026-09-04T16:04:15Z,7dac20bf0000,rw-p,704,700
2026-09-04T16:04:15Z,7dac20d00000,rw-p,576,572
2026-09-04T16:04:15Z,7dac2c000000,rwxp,7360,6756
2026-09-04T16:04:15Z,7dac34000000,rw-p,4888,4732
2026-09-04T16:04:15Z,7dac396d0000,rw-p,1268,1264
2026-09-04T16:09:15Z,fc000000,rw-p,65536,63820
2026-09-04T16:09:15Z,7dabec000000,rw-p,2276,2276
2026-09-04T16:09:15Z,7dabf4000000,rw-p,2412,2412
2026-09-04T16:09:15Z,7dac00000000,rw-p,7484,7452
2026-09-04T16:09:15Z,7dac0c000000,rw-p,21836,20112
2026-09-04T16:09:15Z,7dac20000000,rw-p,4544,4544
2026-09-04T16:09:15Z,7dac204f0000,rw-p,2048,2048
2026-09-04T16:09:15Z,7dac206f0000,rw-p,1024,1024
2026-09-04T16:09:15Z,7dac208f0000,rw-p,2048,2048
2026-09-04T16:09:15Z,7dac20af0000,rw-p,1024,1024
2026-09-04T16:09:15Z,7dac20bf0000,rw-p,704,700
2026-09-04T16:09:15Z,7dac20d00000,rw-p,576,572
2026-09-04T16:09:15Z,7dac2c000000,rwxp,7360,6756
2026-09-04T16:09:15Z,7dac34000000,rw-p,4888,4732
2026-09-04T16:09:15Z,7dac396d0000,rw-p,1268,1264
2026-09-04T16:14:15Z,fc000000,rw-p,65536,63820
2026-09-04T16:14:15Z,7dabec000000,rw-p,2276,2276
2026-09-04T16:14:15Z,7dabf4000000,rw-p,2412,2412
2026-09-04T16:14:15Z,7dac00000000,rw-p,7484,7452
2026-09-04T16:14:15Z,7dac0c000000,rw-p,21836,20112
2026-09-04T16:14:15Z,7dac20000000,rw-p,4544,4544
2026-09-04T16:14:15Z,7dac204f0000,rw-p,2048,2048
2026-09-04T16:14:15Z,7dac206f0000,rw-p,1024,1024
2026-09-04T16:14:15Z,7dac208f0000,rw-p,2048,2048
2026-09-04T16:14:15Z,7dac20af0000,rw-p,1024,1024
2026-09-04T16:14:15Z,7dac20bf0000,rw-p,704,700
2026-09-04T16:14:15Z,7dac20d00000,rw-p,576,572
2026-09-04T16:14:15Z,7dac2c000000,rwxp,7360,6756
2026-09-04T16:14:15Z,7dac34000000,rw-p,4888,4732
2026-09-04T16:14:15Z,7dac396d0000,rw-p,1268,1264
2026-09-04T16:19:16Z,fc000000,rw-p,65536,63820
2026-09-04T16:19:16Z,7dabec000000,rw-p,2276,2276
2026-09-04T16:19:16Z,7dabf4000000,rw-p,2412,2412
2026-09-04T16:19:16Z,7dac00000000,rw-p,7484,7452
2026-09-04T16:19:16Z,7dac0c000000,rw-p,21836,20112
2026-09-04T16:19:16Z,7dac20000000,rw-p,4544,4544
2026-09-04T16:19:16Z,7dac204f0000,rw-p,2048,2048
2026-09-04T16:19:16Z,7dac206f0000,rw-p,1024,1024
2026-09-04T16:19:16Z,7dac208f0000,rw-p,2048,2048
2026-09-04T16:19:16Z,7dac20af0000,rw-p,1024,1024
2026-09-04T16:19:16Z,7dac20bf0000,rw-p,704,700
2026-09-04T16:19:16Z,7dac20d00000,rw-p,576,572
2026-09-04T16:19:16Z,7dac2c000000,rwxp,7360,6756
2026-09-04T16:19:16Z,7dac34000000,rw-p,4888,4732
2026-09-04T16:19:16Z,7dac396d0000,rw-p,1268,1264
2026-09-04T16:24:16Z,fc000000,rw-p,65536,63820
2026-09-04T16:24:16Z,7dabec000000,rw-p,2276,2276
2026-09-04T16:24:16Z,7dabf4000000,rw-p,2412,2412
2026-09-04T16:24:16Z,7dac00000000,rw-p,7484,7452
2026-09-04T16:24:16Z,7dac0c000000,rw-p,21836,20112
2026-09-04T16:24:16Z,7dac20000000,rw-p,4544,4544
2026-09-04T16:24:16Z,7dac204f0000,rw-p,2048,2048
2026-09-04T16:24:16Z,7dac206f0000,rw-p,1024,1024
2026-09-04T16:24:16Z,7dac208f0000,rw-p,2048,2048
2026-09-04T16:24:16Z,7dac20af0000,rw-p,1024,1024
2026-09-04T16:24:16Z,7dac20bf0000,rw-p,704,700
2026-09-04T16:24:16Z,7dac20d00000,rw-p,576,572
2026-09-04T16:24:16Z,7dac2c000000,rwxp,7360,6756
2026-09-04T16:24:16Z,7dac34000000,rw-p,4888,4732
2026-09-04T16:24:16Z,7dac396d0000,rw-p,1268,1264
2026-09-04T16:29:16Z,fc000000,rw-p,65536,63820
2026-09-04T16:29:16Z,7dabec000000,rw-p,2276,2276
2026-09-04T16:29:16Z,7dabf4000000,rw-p,2412,2412
2026-09-04T16:29:16Z,7dac00000000,rw-p,7484,7452
2026-09-04T16:29:16Z,7dac0c000000,rw-p,21836,20112
2026-09-04T16:29:16Z,7dac20000000,rw-p,4544,4544
2026-09-04T16:29:16Z,7dac204f0000,rw-p,2048,2048
2026-09-04T16:29:16Z,7dac206f0000,rw-p,1024,1024
2026-09-04T16:29:16Z,7dac208f0000,rw-p,2048,2048
2026-09-04T16:29:16Z,7dac20af0000,rw-p,1024,1024
2026-09-04T16:29:16Z,7dac20bf0000,rw-p,704,700
2026-09-04T16:29:16Z,7dac20d00000,rw-p,576,572
2026-09-04T16:29:16Z,7dac2c000000,rwxp,7360,6756
2026-09-04T16:29:16Z,7dac34000000,rw-p,4888,4732
2026-09-04T16:29:16Z,7dac396d0000,rw-p,1268,1264
2026-09-04T16:34:16Z,fc000000,rw-p,65536,63820
2026-09-04T16:34:16Z,7dabec000000,rw-p,2276,2276
2026-09-04T16:34:16Z,7dabf4000000,rw-p,2412,2412
2026-09-04T16:34:16Z,7dac00000000,rw-p,7484,7452
2026-09-04T16:34:16Z,7dac0c000000,rw-p,21836,20112
2026-09-04T16:34:16Z,7dac20000000,rw-p,4544,4544
2026-09-04T16:34:16Z,7dac204f0000,rw-p,2048,2048
2026-09-04T16:34:16Z,7dac206f0000,rw-p,1024,1024
2026-09-04T16:34:16Z,7dac208f0000,rw-p,2048,2048
2026-09-04T16:34:16Z,7dac20af0000,rw-p,1024,1024
2026-09-04T16:34:16Z,7dac20bf0000,rw-p,704,700
2026-09-04T16:34:16Z,7dac20d00000,rw-p,576,572
2026-09-04T16:34:16Z,7dac2c000000,rwxp,7360,6756
2026-09-04T16:34:16Z,7dac34000000,rw-p,4888,4732
2026-09-04T16:34:16Z,7dac396d0000,rw-p,1268,1264
2026-09-04T16:39:16Z,fc000000,rw-p,65536,63820
2026-09-04T16:39:16Z,7dabec000000,rw-p,2276,2276
2026-09-04T16:39:16Z,7dabf4000000,rw-p,2412,2412
2026-09-04T16:39:16Z,7dac00000000,rw-p,7484,7452
2026-09-04T16:39:16Z,7dac0c000000,rw-p,21836,20112
2026-09-04T16:39:16Z,7dac20000000,rw-p,4544,4544
2026-09-04T16:39:16Z,7dac204f0000,rw-p,2048,2048
2026-09-04T16:39:16Z,7dac206f0000,rw-p,1024,1024
2026-09-04T16:39:16Z,7dac208f0000,rw-p,2048,2048
2026-09-04T16:39:16Z,7dac20af0000,rw-p,1024,1024
2026-09-04T16:39:16Z,7dac20bf0000,rw-p,704,700
2026-09-04T16:39:16Z,7dac20d00000,rw-p,576,572
2026-09-04T16:39:16Z,7dac2c000000,rwxp,7360,6756
2026-09-04T16:39:16Z,7dac34000000,rw-p,4888,4732
2026-09-04T16:39:16Z,7dac396d0000,rw-p,1268,1264
2026-09-04T16:44:16Z,fc000000,rw-p,65536,63820
2026-09-04T16:44:16Z,7dabec000000,rw-p,2276,2276
2026-09-04T16:44:16Z,7dabf4000000,rw-p,2412,2412
2026-09-04T16:44:16Z,7dac00000000,rw-p,7484,7452
2026-09-04T16:44:16Z,7dac0c000000,rw-p,21836,20112
2026-09-04T16:44:16Z,7dac20000000,rw-p,4544,4544
2026-09-04T16:44:16Z,7dac204f0000,rw-p,2048,2048
2026-09-04T16:44:16Z,7dac206f0000,rw-p,1024,1024
2026-09-04T16:44:16Z,7dac208f0000,rw-p,2048,2048
2026-09-04T16:44:16Z,7dac20af0000,rw-p,1024,1024
2026-09-04T16:44:16Z,7dac20bf0000,rw-p,704,700
2026-09-04T16:44:16Z,7dac20d00000,rw-p,576,572
2026-09-04T16:44:16Z,7dac2c000000,rwxp,7360,6756
2026-09-04T16:44:16Z,7dac34000000,rw-p,4888,4732
2026-09-04T16:44:16Z,7dac396d0000,rw-p,1268,1264
2026-09-04T16:49:16Z,fc000000,rw-p,65536,63820
2026-09-04T16:49:16Z,7dabec000000,rw-p,2276,2276
2026-09-04T16:49:16Z,7dabf4000000,rw-p,2412,2412
2026-09-04T16:49:16Z,7dac00000000,rw-p,7484,7452
2026-09-04T16:49:16Z,7dac0c000000,rw-p,21836,20112
2026-09-04T16:49:16Z,7dac20000000,rw-p,4544,4544
2026-09-04T16:49:16Z,7dac204f0000,rw-p,2048,2048
2026-09-04T16:49:16Z,7dac206f0000,rw-p,1024,1024
2026-09-04T16:49:16Z,7dac208f0000,rw-p,2048,2048
2026-09-04T16:49:16Z,7dac20af0000,rw-p,1024,1024
2026-09-04T16:49:16Z,7dac20bf0000,rw-p,704,700
2026-09-04T16:49:16Z,7dac20d00000,rw-p,576,572
2026-09-04T16:49:16Z,7dac2c000000,rwxp,7360,6756
2026-09-04T16:49:16Z,7dac34000000,rw-p,4888,4732
2026-09-04T16:49:16Z,7dac396d0000,rw-p,1268,1264
2026-09-04T16:54:16Z,fc000000,rw-p,65536,63820
2026-09-04T16:54:16Z,7dabec000000,rw-p,2276,2276
2026-09-04T16:54:16Z,7dabf4000000,rw-p,2412,2412
2026-09-04T16:54:16Z,7dac00000000,rw-p,7484,7452
2026-09-04T16:54:16Z,7dac0c000000,rw-p,21836,20112
2026-09-04T16:54:16Z,7dac20000000,rw-p,4544,4544
2026-09-04T16:54:16Z,7dac204f0000,rw-p,2048,2048
2026-09-04T16:54:16Z,7dac206f0000,rw-p,1024,1024
2026-09-04T16:54:16Z,7dac208f0000,rw-p,2048,2048
2026-09-04T16:54:16Z,7dac20af0000,rw-p,1024,1024
2026-09-04T16:54:16Z,7dac20bf0000,rw-p,704,700
2026-09-04T16:54:16Z,7dac20d00000,rw-p,576,572
2026-09-04T16:54:16Z,7dac2c000000,rwxp,7360,6756
2026-09-04T16:54:16Z,7dac34000000,rw-p,4888,4732
2026-09-04T16:54:16Z,7dac396d0000,rw-p,1268,1264
2026-09-04T16:59:16Z,fc000000,rw-p,65536,63820
2026-09-04T16:59:16Z,7dabec000000,rw-p,2276,2276
2026-09-04T16:59:16Z,7dabf4000000,rw-p,2412,2412
2026-09-04T16:59:16Z,7dac00000000,rw-p,7484,7452
2026-09-04T16:59:16Z,7dac0c000000,rw-p,21836,20112
2026-09-04T16:59:16Z,7dac20000000,rw-p,4544,4544
2026-09-04T16:59:16Z,7dac204f0000,rw-p,2048,2048
2026-09-04T16:59:16Z,7dac206f0000,rw-p,1024,1024
2026-09-04T16:59:16Z,7dac208f0000,rw-p,2048,2048
2026-09-04T16:59:16Z,7dac20af0000,rw-p,1024,1024
2026-09-04T16:59:16Z,7dac20bf0000,rw-p,704,700
2026-09-04T16:59:16Z,7dac20d00000,rw-p,576,572
2026-09-04T16:59:16Z,7dac2c000000,rwxp,7360,6756
2026-09-04T16:59:16Z,7dac34000000,rw-p,4888,4732
2026-09-04T16:59:16Z,7dac396d0000,rw-p,1268,1264
2026-09-04T17:04:17Z,fc000000,rw-p,65536,63820
2026-09-04T17:04:17Z,7dabec000000,rw-p,2276,2276
2026-09-04T17:04:17Z,7dabf4000000,rw-p,2412,2412
2026-09-04T17:04:17Z,7dac00000000,rw-p,7484,7452
2026-09-04T17:04:17Z,7dac0c000000,rw-p,21836,20112
2026-09-04T17:04:17Z,7dac20000000,rw-p,4544,4544
2026-09-04T17:04:17Z,7dac204f0000,rw-p,2048,2048
2026-09-04T17:04:17Z,7dac206f0000,rw-p,1024,1024
2026-09-04T17:04:17Z,7dac208f0000,rw-p,2048,2048
2026-09-04T17:04:17Z,7dac20af0000,rw-p,1024,1024
2026-09-04T17:04:17Z,7dac20bf0000,rw-p,704,700
2026-09-04T17:04:17Z,7dac20d00000,rw-p,576,572
2026-09-04T17:04:17Z,7dac2c000000,rwxp,7360,6756
2026-09-04T17:04:17Z,7dac34000000,rw-p,4888,4732
2026-09-04T17:04:17Z,7dac396d0000,rw-p,1268,1264
2026-09-04T17:09:17Z,fc000000,rw-p,65536,63820
2026-09-04T17:09:17Z,7dabec000000,rw-p,2276,2276
2026-09-04T17:09:17Z,7dabf4000000,rw-p,2412,2412
2026-09-04T17:09:17Z,7dac00000000,rw-p,7484,7452
2026-09-04T17:09:17Z,7dac0c000000,rw-p,21836,20112
2026-09-04T17:09:17Z,7dac20000000,rw-p,4544,4544
2026-09-04T17:09:17Z,7dac204f0000,rw-p,2048,2048
2026-09-04T17:09:17Z,7dac206f0000,rw-p,1024,1024
2026-09-04T17:09:17Z,7dac208f0000,rw-p,2048,2048
2026-09-04T17:09:17Z,7dac20af0000,rw-p,1024,1024
2026-09-04T17:09:17Z,7dac20bf0000,rw-p,704,700
2026-09-04T17:09:17Z,7dac20d00000,rw-p,576,572
2026-09-04T17:09:17Z,7dac2c000000,rwxp,7360,6756
2026-09-04T17:09:17Z,7dac34000000,rw-p,4888,4732
2026-09-04T17:09:17Z,7dac396d0000,rw-p,1268,1264
2026-09-04T17:14:17Z,fc000000,rw-p,65536,63820
2026-09-04T17:14:17Z,7dabec000000,rw-p,2276,2276
2026-09-04T17:14:17Z,7dabf4000000,rw-p,2412,2412
2026-09-04T17:14:17Z,7dac00000000,rw-p,7484,7452
2026-09-04T17:14:17Z,7dac0c000000,rw-p,21836,20112
2026-09-04T17:14:17Z,7dac20000000,rw-p,4544,4544
2026-09-04T17:14:17Z,7dac204f0000,rw-p,2048,2048
2026-09-04T17:14:17Z,7dac206f0000,rw-p,1024,1024
2026-09-04T17:14:17Z,7dac208f0000,rw-p,2048,2048
2026-09-04T17:14:17Z,7dac20af0000,rw-p,1024,1024
2026-09-04T17:14:17Z,7dac20bf0000,rw-p,704,700
2026-09-04T17:14:17Z,7dac20d00000,rw-p,576,572
2026-09-04T17:14:17Z,7dac2c000000,rwxp,7360,6756
2026-09-04T17:14:17Z,7dac34000000,rw-p,4888,4732
2026-09-04T17:14:17Z,7dac396d0000,rw-p,1268,1264
2026-09-04T17:19:17Z,fc000000,rw-p,65536,63820
2026-09-04T17:19:17Z,7dabec000000,rw-p,2276,2276
2026-09-04T17:19:17Z,7dabf4000000,rw-p,2412,2412
2026-09-04T17:19:17Z,7dac00000000,rw-p,7484,7452
2026-09-04T17:19:17Z,7dac0c000000,rw-p,21836,20112
2026-09-04T17:19:17Z,7dac20000000,rw-p,4544,4544
2026-09-04T17:19:17Z,7dac204f0000,rw-p,2048,2048
2026-09-04T17:19:17Z,7dac206f0000,rw-p,1024,1024
2026-09-04T17:19:17Z,7dac208f0000,rw-p,2048,2048
2026-09-04T17:19:17Z,7dac20af0000,rw-p,1024,1024
2026-09-04T17:19:17Z,7dac20bf0000,rw-p,704,700
2026-09-04T17:19:17Z,7dac20d00000,rw-p,576,572
2026-09-04T17:19:17Z,7dac2c000000,rwxp,7360,6756
2026-09-04T17:19:17Z,7dac34000000,rw-p,4888,4732
2026-09-04T17:19:17Z,7dac396d0000,rw-p,1268,1264
2026-09-04T17:24:17Z,fc000000,rw-p,65536,63820
2026-09-04T17:24:17Z,7dabec000000,rw-p,2276,2276
2026-09-04T17:24:17Z,7dabf4000000,rw-p,2412,2412
2026-09-04T17:24:17Z,7dac00000000,rw-p,7484,7452
2026-09-04T17:24:17Z,7dac0c000000,rw-p,21836,20112
2026-09-04T17:24:17Z,7dac20000000,rw-p,4544,4544
2026-09-04T17:24:17Z,7dac204f0000,rw-p,2048,2048
2026-09-04T17:24:17Z,7dac206f0000,rw-p,1024,1024
2026-09-04T17:24:17Z,7dac208f0000,rw-p,2048,2048
2026-09-04T17:24:17Z,7dac20af0000,rw-p,1024,1024
2026-09-04T17:24:17Z,7dac20bf0000,rw-p,704,700
2026-09-04T17:24:17Z,7dac20d00000,rw-p,576,572
2026-09-04T17:24:17Z,7dac2c000000,rwxp,7360,6756
2026-09-04T17:24:17Z,7dac34000000,rw-p,4888,4732
2026-09-04T17:24:17Z,7dac396d0000,rw-p,1268,1264
2026-09-04T17:29:17Z,fc000000,rw-p,65536,63820
2026-09-04T17:29:17Z,7dabec000000,rw-p,2276,2276
2026-09-04T17:29:17Z,7dabf4000000,rw-p,2412,2412
2026-09-04T17:29:17Z,7dac00000000,rw-p,7484,7452
2026-09-04T17:29:17Z,7dac0c000000,rw-p,21836,20112
2026-09-04T17:29:17Z,7dac20000000,rw-p,4544,4544
2026-09-04T17:29:17Z,7dac204f0000,rw-p,2048,2048
2026-09-04T17:29:17Z,7dac206f0000,rw-p,1024,1024
2026-09-04T17:29:17Z,7dac208f0000,rw-p,2048,2048
2026-09-04T17:29:17Z,7dac20af0000,rw-p,1024,1024
2026-09-04T17:29:17Z,7dac20bf0000,rw-p,704,700
2026-09-04T17:29:17Z,7dac20d00000,rw-p,576,572
2026-09-04T17:29:17Z,7dac2c000000,rwxp,7360,6756
2026-09-04T17:29:17Z,7dac34000000,rw-p,4888,4732
2026-09-04T17:29:17Z,7dac396d0000,rw-p,1268,1264
2026-09-04T17:34:17Z,fc000000,rw-p,65536,63820
2026-09-04T17:34:17Z,7dabec000000,rw-p,2276,2276
2026-09-04T17:34:17Z,7dabf4000000,rw-p,2412,2412
2026-09-04T17:34:17Z,7dac00000000,rw-p,7484,7452
2026-09-04T17:34:17Z,7dac0c000000,rw-p,21836,20112
2026-09-04T17:34:17Z,7dac20000000,rw-p,4544,4544
2026-09-04T17:34:17Z,7dac204f0000,rw-p,2048,2048
2026-09-04T17:34:17Z,7dac206f0000,rw-p,1024,1024
2026-09-04T17:34:17Z,7dac208f0000,rw-p,2048,2048
2026-09-04T17:34:17Z,7dac20af0000,rw-p,1024,1024
2026-09-04T17:34:17Z,7dac20bf0000,rw-p,704,700
2026-09-04T17:34:17Z,7dac20d00000,rw-p,576,572
2026-09-04T17:34:17Z,7dac2c000000,rwxp,7360,6756
2026-09-04T17:34:17Z,7dac34000000,rw-p,4888,4732
2026-09-04T17:34:17Z,7dac396d0000,rw-p,1268,1264
2026-09-04T17:39:17Z,fc000000,rw-p,65536,63820
2026-09-04T17:39:17Z,7dabec000000,rw-p,2276,2276
2026-09-04T17:39:17Z,7dabf4000000,rw-p,2412,2412
2026-09-04T17:39:17Z,7dac00000000,rw-p,7484,7452
2026-09-04T17:39:17Z,7dac0c000000,rw-p,21836,20112
2026-09-04T17:39:17Z,7dac20000000,rw-p,4544,4544
2026-09-04T17:39:17Z,7dac204f0000,rw-p,2048,2048
2026-09-04T17:39:17Z,7dac206f0000,rw-p,1024,1024
2026-09-04T17:39:17Z,7dac208f0000,rw-p,2048,2048
2026-09-04T17:39:17Z,7dac20af0000,rw-p,1024,1024
2026-09-04T17:39:17Z,7dac20bf0000,rw-p,704,700
2026-09-04T17:39:17Z,7dac20d00000,rw-p,576,572
2026-09-04T17:39:17Z,7dac2c000000,rwxp,7360,6756
2026-09-04T17:39:17Z,7dac34000000,rw-p,4888,4732
2026-09-04T17:39:17Z,7dac396d0000,rw-p,1268,1264
2026-09-04T17:44:17Z,fc000000,rw-p,65536,63820
2026-09-04T17:44:17Z,7dabec000000,rw-p,2276,2276
2026-09-04T17:44:17Z,7dabf4000000,rw-p,2412,2412
2026-09-04T17:44:17Z,7dac00000000,rw-p,7484,7452
2026-09-04T17:44:17Z,7dac0c000000,rw-p,21836,20112
2026-09-04T17:44:17Z,7dac20000000,rw-p,4544,4544
2026-09-04T17:44:17Z,7dac204f0000,rw-p,2048,2048
2026-09-04T17:44:17Z,7dac206f0000,rw-p,1024,1024
2026-09-04T17:44:17Z,7dac208f0000,rw-p,2048,2048
2026-09-04T17:44:17Z,7dac20af0000,rw-p,1024,1024
2026-09-04T17:44:17Z,7dac20bf0000,rw-p,704,700
2026-09-04T17:44:17Z,7dac20d00000,rw-p,576,572
2026-09-04T17:44:17Z,7dac2c000000,rwxp,7360,6756
2026-09-04T17:44:17Z,7dac34000000,rw-p,4888,4732
2026-09-04T17:44:17Z,7dac396d0000,rw-p,1268,1264
2026-09-04T17:49:18Z,fc000000,rw-p,65536,63820
2026-09-04T17:49:18Z,7dabec000000,rw-p,2276,2276
2026-09-04T17:49:18Z,7dabf4000000,rw-p,2412,2412
2026-09-04T17:49:18Z,7dac00000000,rw-p,7484,7452
2026-09-04T17:49:18Z,7dac0c000000,rw-p,21836,20112
2026-09-04T17:49:18Z,7dac20000000,rw-p,4544,4544
2026-09-04T17:49:18Z,7dac204f0000,rw-p,2048,2048
2026-09-04T17:49:18Z,7dac206f0000,rw-p,1024,1024
2026-09-04T17:49:18Z,7dac208f0000,rw-p,2048,2048
2026-09-04T17:49:18Z,7dac20af0000,rw-p,1024,1024
2026-09-04T17:49:18Z,7dac20bf0000,rw-p,704,700
2026-09-04T17:49:18Z,7dac20d00000,rw-p,576,572
2026-09-04T17:49:18Z,7dac2c000000,rwxp,7360,6756
2026-09-04T17:49:18Z,7dac34000000,rw-p,4888,4732
2026-09-04T17:49:18Z,7dac396d0000,rw-p,1268,1264
2026-09-04T17:54:18Z,fc000000,rw-p,65536,63820
2026-09-04T17:54:18Z,7dabec000000,rw-p,2276,2276
2026-09-04T17:54:18Z,7dabf4000000,rw-p,2412,2412
2026-09-04T17:54:18Z,7dac00000000,rw-p,7484,7452
2026-09-04T17:54:18Z,7dac0c000000,rw-p,21836,20112
2026-09-04T17:54:18Z,7dac20000000,rw-p,4544,4544
2026-09-04T17:54:18Z,7dac204f0000,rw-p,2048,2048
2026-09-04T17:54:18Z,7dac206f0000,rw-p,1024,1024
2026-09-04T17:54:18Z,7dac208f0000,rw-p,2048,2048
2026-09-04T17:54:18Z,7dac20af0000,rw-p,1024,1024
2026-09-04T17:54:18Z,7dac20bf0000,rw-p,704,700
2026-09-04T17:54:18Z,7dac20d00000,rw-p,576,572
2026-09-04T17:54:18Z,7dac2c000000,rwxp,7360,6756
2026-09-04T17:54:18Z,7dac34000000,rw-p,4888,4732
2026-09-04T17:54:18Z,7dac396d0000,rw-p,1268,1264
2026-09-04T17:59:18Z,fc000000,rw-p,65536,63820
2026-09-04T17:59:18Z,7dabec000000,rw-p,2276,2276
2026-09-04T17:59:18Z,7dabf4000000,rw-p,2412,2412
2026-09-04T17:59:18Z,7dac00000000,rw-p,7484,7452
2026-09-04T17:59:18Z,7dac0c000000,rw-p,21836,20112
2026-09-04T17:59:18Z,7dac20000000,rw-p,4544,4544
2026-09-04T17:59:18Z,7dac204f0000,rw-p,2048,2048
2026-09-04T17:59:18Z,7dac206f0000,rw-p,1024,1024
2026-09-04T17:59:18Z,7dac208f0000,rw-p,2048,2048
2026-09-04T17:59:18Z,7dac20af0000,rw-p,1024,1024
2026-09-04T17:59:18Z,7dac20bf0000,rw-p,704,700
2026-09-04T17:59:18Z,7dac20d00000,rw-p,576,572
2026-09-04T17:59:18Z,7dac2c000000,rwxp,7360,6756
2026-09-04T17:59:18Z,7dac34000000,rw-p,4888,4732
2026-09-04T17:59:18Z,7dac396d0000,rw-p,1268,1264
2026-09-04T18:04:18Z,fc000000,rw-p,65536,63820
2026-09-04T18:04:18Z,7dabec000000,rw-p,2276,2276
2026-09-04T18:04:18Z,7dabf4000000,rw-p,2412,2412
2026-09-04T18:04:18Z,7dac00000000,rw-p,7484,7452
2026-09-04T18:04:18Z,7dac0c000000,rw-p,21836,20112
2026-09-04T18:04:18Z,7dac20000000,rw-p,4544,4544
2026-09-04T18:04:18Z,7dac204f0000,rw-p,2048,2048
2026-09-04T18:04:18Z,7dac206f0000,rw-p,1024,1024
2026-09-04T18:04:18Z,7dac208f0000,rw-p,2048,2048
2026-09-04T18:04:18Z,7dac20af0000,rw-p,1024,1024
2026-09-04T18:04:18Z,7dac20bf0000,rw-p,704,700
2026-09-04T18:04:18Z,7dac20d00000,rw-p,576,572
2026-09-04T18:04:18Z,7dac2c000000,rwxp,7360,6756
2026-09-04T18:04:18Z,7dac34000000,rw-p,4888,4732
2026-09-04T18:04:18Z,7dac396d0000,rw-p,1268,1264
2026-09-04T18:09:18Z,fc000000,rw-p,65536,63820
2026-09-04T18:09:18Z,7dabec000000,rw-p,2276,2276
2026-09-04T18:09:18Z,7dabf4000000,rw-p,2412,2412
2026-09-04T18:09:18Z,7dac00000000,rw-p,7484,7452
2026-09-04T18:09:18Z,7dac0c000000,rw-p,21836,20112
2026-09-04T18:09:18Z,7dac20000000,rw-p,4544,4544
2026-09-04T18:09:18Z,7dac204f0000,rw-p,2048,2048
2026-09-04T18:09:18Z,7dac206f0000,rw-p,1024,1024
2026-09-04T18:09:18Z,7dac208f0000,rw-p,2048,2048
2026-09-04T18:09:18Z,7dac20af0000,rw-p,1024,1024
2026-09-04T18:09:18Z,7dac20bf0000,rw-p,704,700
2026-09-04T18:09:18Z,7dac20d00000,rw-p,576,572
2026-09-04T18:09:18Z,7dac2c000000,rwxp,7360,6756
2026-09-04T18:09:18Z,7dac34000000,rw-p,4888,4732
2026-09-04T18:09:18Z,7dac396d0000,rw-p,1268,1264
2026-09-04T18:14:18Z,fc000000,rw-p,65536,63820
2026-09-04T18:14:18Z,7dabec000000,rw-p,2276,2276
2026-09-04T18:14:18Z,7dabf4000000,rw-p,2412,2412
2026-09-04T18:14:18Z,7dac00000000,rw-p,7484,7452
2026-09-04T18:14:18Z,7dac0c000000,rw-p,21836,20112
2026-09-04T18:14:18Z,7dac20000000,rw-p,4544,4544
2026-09-04T18:14:18Z,7dac204f0000,rw-p,2048,2048
2026-09-04T18:14:18Z,7dac206f0000,rw-p,1024,1024
2026-09-04T18:14:18Z,7dac208f0000,rw-p,2048,2048
2026-09-04T18:14:18Z,7dac20af0000,rw-p,1024,1024
2026-09-04T18:14:18Z,7dac20bf0000,rw-p,704,700
2026-09-04T18:14:18Z,7dac20d00000,rw-p,576,572
2026-09-04T18:14:18Z,7dac2c000000,rwxp,7360,6756
2026-09-04T18:14:18Z,7dac34000000,rw-p,4888,4732
2026-09-04T18:14:18Z,7dac396d0000,rw-p,1268,1264
2026-09-04T18:19:18Z,fc000000,rw-p,65536,63820
2026-09-04T18:19:18Z,7dabec000000,rw-p,2276,2276
2026-09-04T18:19:18Z,7dabf4000000,rw-p,2412,2412
2026-09-04T18:19:18Z,7dac00000000,rw-p,7484,7452
2026-09-04T18:19:18Z,7dac0c000000,rw-p,21836,20112
2026-09-04T18:19:18Z,7dac20000000,rw-p,4544,4544
2026-09-04T18:19:18Z,7dac204f0000,rw-p,2048,2048
2026-09-04T18:19:18Z,7dac206f0000,rw-p,1024,1024
2026-09-04T18:19:18Z,7dac208f0000,rw-p,2048,2048
2026-09-04T18:19:18Z,7dac20af0000,rw-p,1024,1024
2026-09-04T18:19:18Z,7dac20bf0000,rw-p,704,700
2026-09-04T18:19:18Z,7dac20d00000,rw-p,576,572
2026-09-04T18:19:18Z,7dac2c000000,rwxp,7360,6756
2026-09-04T18:19:18Z,7dac34000000,rw-p,4888,4732
2026-09-04T18:19:18Z,7dac396d0000,rw-p,1268,1264
2026-09-04T18:24:18Z,fc000000,rw-p,65536,63820
2026-09-04T18:24:18Z,7dabec000000,rw-p,2276,2276
2026-09-04T18:24:18Z,7dabf4000000,rw-p,2412,2412
2026-09-04T18:24:18Z,7dac00000000,rw-p,7484,7452
2026-09-04T18:24:18Z,7dac0c000000,rw-p,21836,20112
2026-09-04T18:24:18Z,7dac20000000,rw-p,4544,4544
2026-09-04T18:24:18Z,7dac204f0000,rw-p,2048,2048
2026-09-04T18:24:18Z,7dac206f0000,rw-p,1024,1024
2026-09-04T18:24:18Z,7dac208f0000,rw-p,2048,2048
2026-09-04T18:24:18Z,7dac20af0000,rw-p,1024,1024
2026-09-04T18:24:18Z,7dac20bf0000,rw-p,704,700
2026-09-04T18:24:18Z,7dac20d00000,rw-p,576,572
2026-09-04T18:24:18Z,7dac2c000000,rwxp,7360,6756
2026-09-04T18:24:18Z,7dac34000000,rw-p,4888,4732
2026-09-04T18:24:18Z,7dac396d0000,rw-p,1268,1264
2026-09-04T18:29:18Z,fc000000,rw-p,65536,63820
2026-09-04T18:29:18Z,7dabec000000,rw-p,2276,2276
2026-09-04T18:29:18Z,7dabf4000000,rw-p,2412,2412
2026-09-04T18:29:18Z,7dac00000000,rw-p,7484,7452
2026-09-04T18:29:18Z,7dac0c000000,rw-p,21836,20112
2026-09-04T18:29:18Z,7dac20000000,rw-p,4544,4544
2026-09-04T18:29:18Z,7dac204f0000,rw-p,2048,2048
2026-09-04T18:29:18Z,7dac206f0000,rw-p,1024,1024
2026-09-04T18:29:18Z,7dac208f0000,rw-p,2048,2048
2026-09-04T18:29:18Z,7dac20af0000,rw-p,1024,1024
2026-09-04T18:29:18Z,7dac20bf0000,rw-p,704,700
2026-09-04T18:29:18Z,7dac20d00000,rw-p,576,572
2026-09-04T18:29:18Z,7dac2c000000,rwxp,7360,6756
2026-09-04T18:29:18Z,7dac34000000,rw-p,4888,4732
2026-09-04T18:29:18Z,7dac396d0000,rw-p,1268,1264
2026-09-04T18:34:18Z,fc000000,rw-p,65536,63820
2026-09-04T18:34:18Z,7dabec000000,rw-p,2276,2276
2026-09-04T18:34:18Z,7dabf4000000,rw-p,2412,2412
2026-09-04T18:34:18Z,7dac00000000,rw-p,7484,7452
2026-09-04T18:34:18Z,7dac0c000000,rw-p,21836,20112
2026-09-04T18:34:18Z,7dac20000000,rw-p,4544,4544
2026-09-04T18:34:18Z,7dac204f0000,rw-p,2048,2048
2026-09-04T18:34:18Z,7dac206f0000,rw-p,1024,1024
2026-09-04T18:34:18Z,7dac208f0000,rw-p,2048,2048
2026-09-04T18:34:18Z,7dac20af0000,rw-p,1024,1024
2026-09-04T18:34:18Z,7dac20bf0000,rw-p,704,700
2026-09-04T18:34:18Z,7dac20d00000,rw-p,576,572
2026-09-04T18:34:18Z,7dac2c000000,rwxp,7360,6756
2026-09-04T18:34:18Z,7dac34000000,rw-p,4888,4732
2026-09-04T18:34:18Z,7dac396d0000,rw-p,1268,1264
2026-09-04T18:39:18Z,fc000000,rw-p,65536,63820
2026-09-04T18:39:18Z,7dabec000000,rw-p,2276,2276
2026-09-04T18:39:18Z,7dabf4000000,rw-p,2412,2412
2026-09-04T18:39:18Z,7dac00000000,rw-p,7484,7452
2026-09-04T18:39:18Z,7dac0c000000,rw-p,21836,20112
2026-09-04T18:39:18Z,7dac20000000,rw-p,4544,4544
2026-09-04T18:39:18Z,7dac204f0000,rw-p,2048,2048
2026-09-04T18:39:18Z,7dac206f0000,rw-p,1024,1024
2026-09-04T18:39:18Z,7dac208f0000,rw-p,2048,2048
2026-09-04T18:39:18Z,7dac20af0000,rw-p,1024,1024
2026-09-04T18:39:18Z,7dac20bf0000,rw-p,704,700
2026-09-04T18:39:18Z,7dac20d00000,rw-p,576,572
2026-09-04T18:39:18Z,7dac2c000000,rwxp,7360,6756
2026-09-04T18:39:18Z,7dac34000000,rw-p,4888,4732
2026-09-04T18:39:18Z,7dac396d0000,rw-p,1268,1264
2026-09-04T18:44:19Z,fc000000,rw-p,65536,63820
2026-09-04T18:44:19Z,7dabec000000,rw-p,2276,2276
2026-09-04T18:44:19Z,7dabf4000000,rw-p,2412,2412
2026-09-04T18:44:19Z,7dac00000000,rw-p,7484,7452
2026-09-04T18:44:19Z,7dac0c000000,rw-p,21836,20112
2026-09-04T18:44:19Z,7dac20000000,rw-p,4544,4544
2026-09-04T18:44:19Z,7dac204f0000,rw-p,2048,2048
2026-09-04T18:44:19Z,7dac206f0000,rw-p,1024,1024
2026-09-04T18:44:19Z,7dac208f0000,rw-p,2048,2048
2026-09-04T18:44:19Z,7dac20af0000,rw-p,1024,1024
2026-09-04T18:44:19Z,7dac20bf0000,rw-p,704,700
2026-09-04T18:44:19Z,7dac20d00000,rw-p,576,572
2026-09-04T18:44:19Z,7dac2c000000,rwxp,7360,6756
2026-09-04T18:44:19Z,7dac34000000,rw-p,4888,4732
2026-09-04T18:44:19Z,7dac396d0000,rw-p,1268,1264
2026-09-04T18:49:19Z,fc000000,rw-p,65536,63820
2026-09-04T18:49:19Z,7dabec000000,rw-p,2276,2276
2026-09-04T18:49:19Z,7dabf4000000,rw-p,2412,2412
2026-09-04T18:49:19Z,7dac00000000,rw-p,7484,7452
2026-09-04T18:49:19Z,7dac0c000000,rw-p,21836,20112
2026-09-04T18:49:19Z,7dac20000000,rw-p,4544,4544
2026-09-04T18:49:19Z,7dac204f0000,rw-p,2048,2048
2026-09-04T18:49:19Z,7dac206f0000,rw-p,1024,1024
2026-09-04T18:49:19Z,7dac208f0000,rw-p,2048,2048
2026-09-04T18:49:19Z,7dac20af0000,rw-p,1024,1024
2026-09-04T18:49:19Z,7dac20bf0000,rw-p,704,700
2026-09-04T18:49:19Z,7dac20d00000,rw-p,576,572
2026-09-04T18:49:19Z,7dac2c000000,rwxp,7360,6756
2026-09-04T18:49:19Z,7dac34000000,rw-p,4888,4732
2026-09-04T18:49:19Z,7dac396d0000,rw-p,1268,1264
2026-09-04T18:54:19Z,fc000000,rw-p,65536,63820
2026-09-04T18:54:19Z,7dabec000000,rw-p,2276,2276
2026-09-04T18:54:19Z,7dabf4000000,rw-p,2412,2412
2026-09-04T18:54:19Z,7dac00000000,rw-p,7484,7452
2026-09-04T18:54:19Z,7dac0c000000,rw-p,21836,20112
2026-09-04T18:54:19Z,7dac20000000,rw-p,4544,4544
2026-09-04T18:54:19Z,7dac204f0000,rw-p,2048,2048
2026-09-04T18:54:19Z,7dac206f0000,rw-p,1024,1024
2026-09-04T18:54:19Z,7dac208f0000,rw-p,2048,2048
2026-09-04T18:54:19Z,7dac20af0000,rw-p,1024,1024
2026-09-04T18:54:19Z,7dac20bf0000,rw-p,704,700
2026-09-04T18:54:19Z,7dac20d00000,rw-p,576,572
2026-09-04T18:54:19Z,7dac2c000000,rwxp,7360,6756
2026-09-04T18:54:19Z,7dac34000000,rw-p,4888,4732
2026-09-04T18:54:19Z,7dac396d0000,rw-p,1268,1264
2026-09-04T18:59:19Z,fc000000,rw-p,65536,63820
2026-09-04T18:59:19Z,7dabec000000,rw-p,2276,2276
2026-09-04T18:59:19Z,7dabf4000000,rw-p,2412,2412
2026-09-04T18:59:19Z,7dac00000000,rw-p,7484,7452
2026-09-04T18:59:19Z,7dac0c000000,rw-p,21836,20112
2026-09-04T18:59:19Z,7dac20000000,rw-p,4544,4544
2026-09-04T18:59:19Z,7dac204f0000,rw-p,2048,2048
2026-09-04T18:59:19Z,7dac206f0000,rw-p,1024,1024
2026-09-04T18:59:19Z,7dac208f0000,rw-p,2048,2048
2026-09-04T18:59:19Z,7dac20af0000,rw-p,1024,1024
2026-09-04T18:59:19Z,7dac20bf0000,rw-p,704,700
2026-09-04T18:59:19Z,7dac20d00000,rw-p,576,572
2026-09-04T18:59:19Z,7dac2c000000,rwxp,7360,6756
2026-09-04T18:59:19Z,7dac34000000,rw-p,4888,4732
2026-09-04T18:59:19Z,7dac396d0000,rw-p,1268,1264
2026-09-04T19:04:19Z,fc000000,rw-p,65536,63820
2026-09-04T19:04:19Z,7dabec000000,rw-p,2276,2276
2026-09-04T19:04:19Z,7dabf4000000,rw-p,2412,2412
2026-09-04T19:04:19Z,7dac00000000,rw-p,7484,7452
2026-09-04T19:04:19Z,7dac0c000000,rw-p,21836,20112
2026-09-04T19:04:19Z,7dac20000000,rw-p,4544,4544
2026-09-04T19:04:19Z,7dac204f0000,rw-p,2048,2048
2026-09-04T19:04:19Z,7dac206f0000,rw-p,1024,1024
2026-09-04T19:04:19Z,7dac208f0000,rw-p,2048,2048
2026-09-04T19:04:19Z,7dac20af0000,rw-p,1024,1024
2026-09-04T19:04:19Z,7dac20bf0000,rw-p,704,700
2026-09-04T19:04:19Z,7dac20d00000,rw-p,576,572
2026-09-04T19:04:19Z,7dac2c000000,rwxp,7360,6756
2026-09-04T19:04:19Z,7dac34000000,rw-p,4888,4732
2026-09-04T19:04:19Z,7dac396d0000,rw-p,1268,1264
2026-09-04T19:09:19Z,fc000000,rw-p,65536,63820
2026-09-04T19:09:19Z,7dabec000000,rw-p,2276,2276
2026-09-04T19:09:19Z,7dabf4000000,rw-p,2412,2412
2026-09-04T19:09:19Z,7dac00000000,rw-p,7484,7452
2026-09-04T19:09:19Z,7dac0c000000,rw-p,21836,20112
2026-09-04T19:09:19Z,7dac20000000,rw-p,4544,4544
2026-09-04T19:09:19Z,7dac204f0000,rw-p,2048,2048
2026-09-04T19:09:19Z,7dac206f0000,rw-p,1024,1024
2026-09-04T19:09:19Z,7dac208f0000,rw-p,2048,2048
2026-09-04T19:09:19Z,7dac20af0000,rw-p,1024,1024
2026-09-04T19:09:19Z,7dac20bf0000,rw-p,704,700
2026-09-04T19:09:19Z,7dac20d00000,rw-p,576,572
2026-09-04T19:09:19Z,7dac2c000000,rwxp,7360,6756
2026-09-04T19:09:19Z,7dac34000000,rw-p,4888,4732
2026-09-04T19:09:19Z,7dac396d0000,rw-p,1268,1264
2026-09-04T19:14:19Z,fc000000,rw-p,65536,63820
2026-09-04T19:14:19Z,7dabec000000,rw-p,2276,2276
2026-09-04T19:14:19Z,7dabf4000000,rw-p,2412,2412
2026-09-04T19:14:19Z,7dac00000000,rw-p,7484,7452
2026-09-04T19:14:19Z,7dac0c000000,rw-p,21836,20112
2026-09-04T19:14:19Z,7dac20000000,rw-p,4544,4544
2026-09-04T19:14:19Z,7dac204f0000,rw-p,2048,2048
2026-09-04T19:14:19Z,7dac206f0000,rw-p,1024,1024
2026-09-04T19:14:19Z,7dac208f0000,rw-p,2048,2048
2026-09-04T19:14:19Z,7dac20af0000,rw-p,1024,1024
2026-09-04T19:14:19Z,7dac20bf0000,rw-p,704,700
2026-09-04T19:14:19Z,7dac20d00000,rw-p,576,572
2026-09-04T19:14:19Z,7dac2c000000,rwxp,7360,6756
2026-09-04T19:14:19Z,7dac34000000,rw-p,4888,4732
2026-09-04T19:14:19Z,7dac396d0000,rw-p,1268,1264
2026-09-04T19:19:19Z,fc000000,rw-p,65536,63820
2026-09-04T19:19:19Z,7dabec000000,rw-p,2276,2276
2026-09-04T19:19:19Z,7dabf4000000,rw-p,2412,2412
2026-09-04T19:19:19Z,7dac00000000,rw-p,7484,7452
2026-09-04T19:19:19Z,7dac0c000000,rw-p,21836,20112
2026-09-04T19:19:19Z,7dac20000000,rw-p,4544,4544
2026-09-04T19:19:19Z,7dac204f0000,rw-p,2048,2048
2026-09-04T19:19:19Z,7dac206f0000,rw-p,1024,1024
2026-09-04T19:19:19Z,7dac208f0000,rw-p,2048,2048
2026-09-04T19:19:19Z,7dac20af0000,rw-p,1024,1024
2026-09-04T19:19:19Z,7dac20bf0000,rw-p,704,700
2026-09-04T19:19:19Z,7dac20d00000,rw-p,576,572
2026-09-04T19:19:19Z,7dac2c000000,rwxp,7360,6756
2026-09-04T19:19:19Z,7dac34000000,rw-p,4888,4732
2026-09-04T19:19:19Z,7dac396d0000,rw-p,1268,1264
2026-09-04T19:24:19Z,fc000000,rw-p,65536,63820
2026-09-04T19:24:19Z,7dabec000000,rw-p,2276,2276
2026-09-04T19:24:19Z,7dabf4000000,rw-p,2412,2412
2026-09-04T19:24:19Z,7dac00000000,rw-p,7484,7452
2026-09-04T19:24:19Z,7dac0c000000,rw-p,21836,20112
2026-09-04T19:24:19Z,7dac20000000,rw-p,4544,4544
2026-09-04T19:24:19Z,7dac204f0000,rw-p,2048,2048
2026-09-04T19:24:19Z,7dac206f0000,rw-p,1024,1024
2026-09-04T19:24:19Z,7dac208f0000,rw-p,2048,2048
2026-09-04T19:24:19Z,7dac20af0000,rw-p,1024,1024
2026-09-04T19:24:19Z,7dac20bf0000,rw-p,704,700
2026-09-04T19:24:19Z,7dac20d00000,rw-p,576,572
2026-09-04T19:24:19Z,7dac2c000000,rwxp,7360,6756
2026-09-04T19:24:19Z,7dac34000000,rw-p,4888,4732
2026-09-04T19:24:19Z,7dac396d0000,rw-p,1268,1264
2026-09-04T19:29:20Z,fc000000,rw-p,65536,63820
2026-09-04T19:29:20Z,7dabec000000,rw-p,2276,2276
2026-09-04T19:29:20Z,7dabf4000000,rw-p,2412,2412
2026-09-04T19:29:20Z,7dac00000000,rw-p,7484,7452
2026-09-04T19:29:20Z,7dac0c000000,rw-p,21836,20112
2026-09-04T19:29:20Z,7dac20000000,rw-p,4544,4544
2026-09-04T19:29:20Z,7dac204f0000,rw-p,2048,2048
2026-09-04T19:29:20Z,7dac206f0000,rw-p,1024,1024
2026-09-04T19:29:20Z,7dac208f0000,rw-p,2048,2048
2026-09-04T19:29:20Z,7dac20af0000,rw-p,1024,1024
2026-09-04T19:29:20Z,7dac20bf0000,rw-p,704,700
2026-09-04T19:29:20Z,7dac20d00000,rw-p,576,572
2026-09-04T19:29:20Z,7dac2c000000,rwxp,7360,6756
2026-09-04T19:29:20Z,7dac34000000,rw-p,4888,4732
2026-09-04T19:29:20Z,7dac396d0000,rw-p,1268,1264
2026-09-04T19:34:20Z,fc000000,rw-p,65536,63820
2026-09-04T19:34:20Z,7dabec000000,rw-p,2276,2276
2026-09-04T19:34:20Z,7dabf4000000,rw-p,2412,2412
2026-09-04T19:34:20Z,7dac00000000,rw-p,7484,7452
2026-09-04T19:34:20Z,7dac0c000000,rw-p,21836,20112
2026-09-04T19:34:20Z,7dac20000000,rw-p,4544,4544
2026-09-04T19:34:20Z,7dac204f0000,rw-p,2048,2048
2026-09-04T19:34:20Z,7dac206f0000,rw-p,1024,1024
2026-09-04T19:34:20Z,7dac208f0000,rw-p,2048,2048
2026-09-04T19:34:20Z,7dac20af0000,rw-p,1024,1024
2026-09-04T19:34:20Z,7dac20bf0000,rw-p,704,700
2026-09-04T19:34:20Z,7dac20d00000,rw-p,576,572
2026-09-04T19:34:20Z,7dac2c000000,rwxp,7360,6756
2026-09-04T19:34:20Z,7dac34000000,rw-p,4888,4732
2026-09-04T19:34:20Z,7dac396d0000,rw-p,1268,1264
2026-09-04T19:39:20Z,fc000000,rw-p,65536,63820
2026-09-04T19:39:20Z,7dabec000000,rw-p,2276,2276
2026-09-04T19:39:20Z,7dabf4000000,rw-p,2412,2412
2026-09-04T19:39:20Z,7dac00000000,rw-p,7484,7452
2026-09-04T19:39:20Z,7dac0c000000,rw-p,21836,20112
2026-09-04T19:39:20Z,7dac20000000,rw-p,4544,4544
2026-09-04T19:39:20Z,7dac204f0000,rw-p,2048,2048
2026-09-04T19:39:20Z,7dac206f0000,rw-p,1024,1024
2026-09-04T19:39:20Z,7dac208f0000,rw-p,2048,2048
2026-09-04T19:39:20Z,7dac20af0000,rw-p,1024,1024
2026-09-04T19:39:20Z,7dac20bf0000,rw-p,704,700
2026-09-04T19:39:20Z,7dac20d00000,rw-p,576,572
2026-09-04T19:39:20Z,7dac2c000000,rwxp,7360,6756
2026-09-04T19:39:20Z,7dac34000000,rw-p,4888,4732
2026-09-04T19:39:20Z,7dac396d0000,rw-p,1268,1264
2026-09-04T19:44:20Z,fc000000,rw-p,65536,63820
2026-09-04T19:44:20Z,7dabec000000,rw-p,2276,2276
2026-09-04T19:44:20Z,7dabf4000000,rw-p,2412,2412
2026-09-04T19:44:20Z,7dac00000000,rw-p,7484,7452
2026-09-04T19:44:20Z,7dac0c000000,rw-p,21836,20112
2026-09-04T19:44:20Z,7dac20000000,rw-p,4544,4544
2026-09-04T19:44:20Z,7dac204f0000,rw-p,2048,2048
2026-09-04T19:44:20Z,7dac206f0000,rw-p,1024,1024
2026-09-04T19:44:20Z,7dac208f0000,rw-p,2048,2048
2026-09-04T19:44:20Z,7dac20af0000,rw-p,1024,1024
2026-09-04T19:44:20Z,7dac20bf0000,rw-p,704,700
2026-09-04T19:44:20Z,7dac20d00000,rw-p,576,572
2026-09-04T19:44:20Z,7dac2c000000,rwxp,7360,6756
2026-09-04T19:44:20Z,7dac34000000,rw-p,4888,4732
2026-09-04T19:44:20Z,7dac396d0000,rw-p,1268,1264
2026-09-04T19:49:20Z,fc000000,rw-p,65536,63820
2026-09-04T19:49:20Z,7dabec000000,rw-p,2276,2276
2026-09-04T19:49:20Z,7dabf4000000,rw-p,2412,2412
2026-09-04T19:49:20Z,7dac00000000,rw-p,7484,7452
2026-09-04T19:49:20Z,7dac0c000000,rw-p,21836,20112
2026-09-04T19:49:20Z,7dac20000000,rw-p,4544,4544
2026-09-04T19:49:20Z,7dac204f0000,rw-p,2048,2048
2026-09-04T19:49:20Z,7dac206f0000,rw-p,1024,1024
2026-09-04T19:49:20Z,7dac208f0000,rw-p,2048,2048
2026-09-04T19:49:20Z,7dac20af0000,rw-p,1024,1024
2026-09-04T19:49:20Z,7dac20bf0000,rw-p,704,700
2026-09-04T19:49:20Z,7dac20d00000,rw-p,576,572
2026-09-04T19:49:20Z,7dac2c000000,rwxp,7360,6756
2026-09-04T19:49:20Z,7dac34000000,rw-p,4888,4732
2026-09-04T19:49:20Z,7dac396d0000,rw-p,1268,1264
2026-09-04T19:54:20Z,fc000000,rw-p,65536,63820
2026-09-04T19:54:20Z,7dabec000000,rw-p,2276,2276
2026-09-04T19:54:20Z,7dabf4000000,rw-p,2412,2412
2026-09-04T19:54:20Z,7dac00000000,rw-p,7484,7452
2026-09-04T19:54:20Z,7dac0c000000,rw-p,21836,20112
2026-09-04T19:54:20Z,7dac20000000,rw-p,4544,4544
2026-09-04T19:54:20Z,7dac204f0000,rw-p,2048,2048
2026-09-04T19:54:20Z,7dac206f0000,rw-p,1024,1024
2026-09-04T19:54:20Z,7dac208f0000,rw-p,2048,2048
2026-09-04T19:54:20Z,7dac20af0000,rw-p,1024,1024
2026-09-04T19:54:20Z,7dac20bf0000,rw-p,704,700
2026-09-04T19:54:20Z,7dac20d00000,rw-p,576,572
2026-09-04T19:54:20Z,7dac2c000000,rwxp,7360,6756
2026-09-04T19:54:20Z,7dac34000000,rw-p,4888,4732
2026-09-04T19:54:20Z,7dac396d0000,rw-p,1268,1264
2026-09-04T19:59:20Z,fc000000,rw-p,65536,63820
2026-09-04T19:59:20Z,7dabec000000,rw-p,2276,2276
2026-09-04T19:59:20Z,7dabf4000000,rw-p,2412,2412
2026-09-04T19:59:20Z,7dac00000000,rw-p,7484,7452
2026-09-04T19:59:20Z,7dac0c000000,rw-p,21836,20112
2026-09-04T19:59:20Z,7dac20000000,rw-p,4544,4544
2026-09-04T19:59:20Z,7dac204f0000,rw-p,2048,2048
2026-09-04T19:59:20Z,7dac206f0000,rw-p,1024,1024
2026-09-04T19:59:20Z,7dac208f0000,rw-p,2048,2048
2026-09-04T19:59:20Z,7dac20af0000,rw-p,1024,1024
2026-09-04T19:59:20Z,7dac20bf0000,rw-p,704,700
2026-09-04T19:59:20Z,7dac20d00000,rw-p,576,572
2026-09-04T19:59:20Z,7dac2c000000,rwxp,7360,6756
2026-09-04T19:59:20Z,7dac34000000,rw-p,4888,4732
2026-09-04T19:59:20Z,7dac396d0000,rw-p,1268,1264
2026-09-04T20:04:20Z,fc000000,rw-p,65536,63820
2026-09-04T20:04:20Z,7dabec000000,rw-p,2276,2276
2026-09-04T20:04:20Z,7dabf4000000,rw-p,2412,2412
2026-09-04T20:04:20Z,7dac00000000,rw-p,7484,7452
2026-09-04T20:04:20Z,7dac0c000000,rw-p,21836,20112
2026-09-04T20:04:20Z,7dac20000000,rw-p,4544,4544
2026-09-04T20:04:20Z,7dac204f0000,rw-p,2048,2048
2026-09-04T20:04:20Z,7dac206f0000,rw-p,1024,1024
2026-09-04T20:04:20Z,7dac208f0000,rw-p,2048,2048
2026-09-04T20:04:20Z,7dac20af0000,rw-p,1024,1024
2026-09-04T20:04:20Z,7dac20bf0000,rw-p,704,700
2026-09-04T20:04:20Z,7dac20d00000,rw-p,576,572
2026-09-04T20:04:20Z,7dac2c000000,rwxp,7360,6756
2026-09-04T20:04:20Z,7dac34000000,rw-p,4888,4732
2026-09-04T20:04:20Z,7dac396d0000,rw-p,1268,1264
2026-09-04T20:09:20Z,fc000000,rw-p,65536,63820
2026-09-04T20:09:20Z,7dabec000000,rw-p,2276,2276
2026-09-04T20:09:20Z,7dabf4000000,rw-p,2412,2412
2026-09-04T20:09:20Z,7dac00000000,rw-p,7484,7452
2026-09-04T20:09:20Z,7dac0c000000,rw-p,21836,20112
2026-09-04T20:09:20Z,7dac20000000,rw-p,4544,4544
2026-09-04T20:09:20Z,7dac204f0000,rw-p,2048,2048
2026-09-04T20:09:20Z,7dac206f0000,rw-p,1024,1024
2026-09-04T20:09:20Z,7dac208f0000,rw-p,2048,2048
2026-09-04T20:09:20Z,7dac20af0000,rw-p,1024,1024
2026-09-04T20:09:20Z,7dac20bf0000,rw-p,704,700
2026-09-04T20:09:20Z,7dac20d00000,rw-p,576,572
2026-09-04T20:09:20Z,7dac2c000000,rwxp,7360,6756
2026-09-04T20:09:20Z,7dac34000000,rw-p,4888,4732
2026-09-04T20:09:20Z,7dac396d0000,rw-p,1268,1264
2026-09-04T20:14:20Z,fc000000,rw-p,65536,63820
2026-09-04T20:14:20Z,7dabec000000,rw-p,2276,2276
2026-09-04T20:14:20Z,7dabf4000000,rw-p,2412,2412
2026-09-04T20:14:20Z,7dac00000000,rw-p,7484,7452
2026-09-04T20:14:20Z,7dac0c000000,rw-p,21836,20112
2026-09-04T20:14:20Z,7dac20000000,rw-p,4544,4544
2026-09-04T20:14:20Z,7dac204f0000,rw-p,2048,2048
2026-09-04T20:14:20Z,7dac206f0000,rw-p,1024,1024
2026-09-04T20:14:20Z,7dac208f0000,rw-p,2048,2048
2026-09-04T20:14:20Z,7dac20af0000,rw-p,1024,1024
2026-09-04T20:14:20Z,7dac20bf0000,rw-p,704,700
2026-09-04T20:14:20Z,7dac20d00000,rw-p,576,572
2026-09-04T20:14:20Z,7dac2c000000,rwxp,7360,6756
2026-09-04T20:14:20Z,7dac34000000,rw-p,4888,4732
2026-09-04T20:14:20Z,7dac396d0000,rw-p,1268,1264
2026-09-04T20:19:21Z,fc000000,rw-p,65536,63820
2026-09-04T20:19:21Z,7dabec000000,rw-p,2276,2276
2026-09-04T20:19:21Z,7dabf4000000,rw-p,2412,2412
2026-09-04T20:19:21Z,7dac00000000,rw-p,7484,7452
2026-09-04T20:19:21Z,7dac0c000000,rw-p,21836,20112
2026-09-04T20:19:21Z,7dac20000000,rw-p,4544,4544
2026-09-04T20:19:21Z,7dac204f0000,rw-p,2048,2048
2026-09-04T20:19:21Z,7dac206f0000,rw-p,1024,1024
2026-09-04T20:19:21Z,7dac208f0000,rw-p,2048,2048
2026-09-04T20:19:21Z,7dac20af0000,rw-p,1024,1024
2026-09-04T20:19:21Z,7dac20bf0000,rw-p,704,700
2026-09-04T20:19:21Z,7dac20d00000,rw-p,576,572
2026-09-04T20:19:21Z,7dac2c000000,rwxp,7360,6756
2026-09-04T20:19:21Z,7dac34000000,rw-p,4888,4732
2026-09-04T20:19:21Z,7dac396d0000,rw-p,1268,1264
2026-09-04T20:24:21Z,fc000000,rw-p,65536,63820
2026-09-04T20:24:21Z,7dabec000000,rw-p,2276,2276
2026-09-04T20:24:21Z,7dabf4000000,rw-p,2412,2412
2026-09-04T20:24:21Z,7dac00000000,rw-p,7484,7452
2026-09-04T20:24:21Z,7dac0c000000,rw-p,21836,20112
2026-09-04T20:24:21Z,7dac20000000,rw-p,4544,4544
2026-09-04T20:24:21Z,7dac204f0000,rw-p,2048,2048
2026-09-04T20:24:21Z,7dac206f0000,rw-p,1024,1024
2026-09-04T20:24:21Z,7dac208f0000,rw-p,2048,2048
2026-09-04T20:24:21Z,7dac20af0000,rw-p,1024,1024
2026-09-04T20:24:21Z,7dac20bf0000,rw-p,704,700
2026-09-04T20:24:21Z,7dac20d00000,rw-p,576,572
2026-09-04T20:24:21Z,7dac2c000000,rwxp,7360,6756
2026-09-04T20:24:21Z,7dac34000000,rw-p,4888,4732
2026-09-04T20:24:21Z,7dac396d0000,rw-p,1268,1264
2026-09-04T20:29:21Z,fc000000,rw-p,65536,63820
2026-09-04T20:29:21Z,7dabec000000,rw-p,2276,2276
2026-09-04T20:29:21Z,7dabf4000000,rw-p,2412,2412
2026-09-04T20:29:21Z,7dac00000000,rw-p,7484,7452
2026-09-04T20:29:21Z,7dac0c000000,rw-p,21836,20112
2026-09-04T20:29:21Z,7dac20000000,rw-p,4544,4544
2026-09-04T20:29:21Z,7dac204f0000,rw-p,2048,2048
2026-09-04T20:29:21Z,7dac206f0000,rw-p,1024,1024
2026-09-04T20:29:21Z,7dac208f0000,rw-p,2048,2048
2026-09-04T20:29:21Z,7dac20af0000,rw-p,1024,1024
2026-09-04T20:29:21Z,7dac20bf0000,rw-p,704,700
2026-09-04T20:29:21Z,7dac20d00000,rw-p,576,572
2026-09-04T20:29:21Z,7dac2c000000,rwxp,7360,6756
2026-09-04T20:29:21Z,7dac34000000,rw-p,4888,4732
2026-09-04T20:29:21Z,7dac396d0000,rw-p,1268,1264
2026-09-04T20:34:21Z,fc000000,rw-p,65536,63820
2026-09-04T20:34:21Z,7dabec000000,rw-p,2276,2276
2026-09-04T20:34:21Z,7dabf4000000,rw-p,2412,2412
2026-09-04T20:34:21Z,7dac00000000,rw-p,7484,7452
2026-09-04T20:34:21Z,7dac0c000000,rw-p,21836,20112
2026-09-04T20:34:21Z,7dac20000000,rw-p,4544,4544
2026-09-04T20:34:21Z,7dac204f0000,rw-p,2048,2048
2026-09-04T20:34:21Z,7dac206f0000,rw-p,1024,1024
2026-09-04T20:34:21Z,7dac208f0000,rw-p,2048,2048
2026-09-04T20:34:21Z,7dac20af0000,rw-p,1024,1024
2026-09-04T20:34:21Z,7dac20bf0000,rw-p,704,700
2026-09-04T20:34:21Z,7dac20d00000,rw-p,576,572
2026-09-04T20:34:21Z,7dac2c000000,rwxp,7360,6756
2026-09-04T20:34:21Z,7dac34000000,rw-p,4888,4732
2026-09-04T20:34:21Z,7dac396d0000,rw-p,1268,1264
2026-09-04T20:39:21Z,fc000000,rw-p,65536,63820
2026-09-04T20:39:21Z,7dabec000000,rw-p,2276,2276
2026-09-04T20:39:21Z,7dabf4000000,rw-p,2412,2412
2026-09-04T20:39:21Z,7dac00000000,rw-p,7484,7452
2026-09-04T20:39:21Z,7dac0c000000,rw-p,21836,20112
2026-09-04T20:39:21Z,7dac20000000,rw-p,4544,4544
2026-09-04T20:39:21Z,7dac204f0000,rw-p,2048,2048
2026-09-04T20:39:21Z,7dac206f0000,rw-p,1024,1024
2026-09-04T20:39:21Z,7dac208f0000,rw-p,2048,2048
2026-09-04T20:39:21Z,7dac20af0000,rw-p,1024,1024
2026-09-04T20:39:21Z,7dac20bf0000,rw-p,704,700
2026-09-04T20:39:21Z,7dac20d00000,rw-p,576,572
2026-09-04T20:39:21Z,7dac2c000000,rwxp,7360,6756
2026-09-04T20:39:21Z,7dac34000000,rw-p,4888,4732
2026-09-04T20:39:21Z,7dac396d0000,rw-p,1268,1264
2026-09-04T20:44:21Z,fc000000,rw-p,65536,63820
2026-09-04T20:44:21Z,7dabec000000,rw-p,2276,2276
2026-09-04T20:44:21Z,7dabf4000000,rw-p,2412,2412
2026-09-04T20:44:21Z,7dac00000000,rw-p,7484,7452
2026-09-04T20:44:21Z,7dac0c000000,rw-p,21836,20112
2026-09-04T20:44:21Z,7dac20000000,rw-p,4544,4544
2026-09-04T20:44:21Z,7dac204f0000,rw-p,2048,2048
2026-09-04T20:44:21Z,7dac206f0000,rw-p,1024,1024
2026-09-04T20:44:21Z,7dac208f0000,rw-p,2048,2048
2026-09-04T20:44:21Z,7dac20af0000,rw-p,1024,1024
2026-09-04T20:44:21Z,7dac20bf0000,rw-p,704,700
2026-09-04T20:44:21Z,7dac20d00000,rw-p,576,572
2026-09-04T20:44:21Z,7dac2c000000,rwxp,7360,6756
2026-09-04T20:44:21Z,7dac34000000,rw-p,4888,4732
2026-09-04T20:44:21Z,7dac396d0000,rw-p,1268,1264
2026-09-04T20:49:21Z,fc000000,rw-p,65536,63820
2026-09-04T20:49:21Z,7dabec000000,rw-p,2276,2276
2026-09-04T20:49:21Z,7dabf4000000,rw-p,2412,2412
2026-09-04T20:49:21Z,7dac00000000,rw-p,7484,7452
2026-09-04T20:49:21Z,7dac0c000000,rw-p,21836,20112
2026-09-04T20:49:21Z,7dac20000000,rw-p,4544,4544
2026-09-04T20:49:21Z,7dac204f0000,rw-p,2048,2048
2026-09-04T20:49:21Z,7dac206f0000,rw-p,1024,1024
2026-09-04T20:49:21Z,7dac208f0000,rw-p,2048,2048
2026-09-04T20:49:21Z,7dac20af0000,rw-p,1024,1024
2026-09-04T20:49:21Z,7dac20bf0000,rw-p,704,700
2026-09-04T20:49:21Z,7dac20d00000,rw-p,576,572
2026-09-04T20:49:21Z,7dac2c000000,rwxp,7360,6756
2026-09-04T20:49:21Z,7dac34000000,rw-p,4888,4732
2026-09-04T20:49:21Z,7dac396d0000,rw-p,1268,1264
2026-09-04T20:54:21Z,fc000000,rw-p,65536,63820
2026-09-04T20:54:21Z,7dabec000000,rw-p,2276,2276
2026-09-04T20:54:21Z,7dabf4000000,rw-p,2412,2412
2026-09-04T20:54:21Z,7dac00000000,rw-p,7484,7452
2026-09-04T20:54:21Z,7dac0c000000,rw-p,21836,20112
2026-09-04T20:54:21Z,7dac20000000,rw-p,4544,4544
2026-09-04T20:54:21Z,7dac204f0000,rw-p,2048,2048
2026-09-04T20:54:21Z,7dac206f0000,rw-p,1024,1024
2026-09-04T20:54:21Z,7dac208f0000,rw-p,2048,2048
2026-09-04T20:54:21Z,7dac20af0000,rw-p,1024,1024
2026-09-04T20:54:21Z,7dac20bf0000,rw-p,704,700
2026-09-04T20:54:21Z,7dac20d00000,rw-p,576,572
2026-09-04T20:54:21Z,7dac2c000000,rwxp,7360,6756
2026-09-04T20:54:21Z,7dac34000000,rw-p,4888,4732
2026-09-04T20:54:21Z,7dac396d0000,rw-p,1268,1264
2026-09-04T20:59:21Z,fc000000,rw-p,65536,63820
2026-09-04T20:59:21Z,7dabec000000,rw-p,2276,2276
2026-09-04T20:59:21Z,7dabf4000000,rw-p,2412,2412
2026-09-04T20:59:21Z,7dac00000000,rw-p,7484,7452
2026-09-04T20:59:21Z,7dac0c000000,rw-p,21836,20112
2026-09-04T20:59:21Z,7dac20000000,rw-p,4544,4544
2026-09-04T20:59:21Z,7dac204f0000,rw-p,2048,2048
2026-09-04T20:59:21Z,7dac206f0000,rw-p,1024,1024
2026-09-04T20:59:21Z,7dac208f0000,rw-p,2048,2048
2026-09-04T20:59:21Z,7dac20af0000,rw-p,1024,1024
2026-09-04T20:59:21Z,7dac20bf0000,rw-p,704,700
2026-09-04T20:59:21Z,7dac20d00000,rw-p,576,572
2026-09-04T20:59:21Z,7dac2c000000,rwxp,7360,6756
2026-09-04T20:59:21Z,7dac34000000,rw-p,4888,4732
2026-09-04T20:59:21Z,7dac396d0000,rw-p,1268,1264
2026-09-04T21:04:21Z,fc000000,rw-p,65536,63820
2026-09-04T21:04:21Z,7dabec000000,rw-p,2276,2276
2026-09-04T21:04:21Z,7dabf4000000,rw-p,2412,2412
2026-09-04T21:04:21Z,7dac00000000,rw-p,7484,7452
2026-09-04T21:04:21Z,7dac0c000000,rw-p,21836,20112
2026-09-04T21:04:21Z,7dac20000000,rw-p,4544,4544
2026-09-04T21:04:21Z,7dac204f0000,rw-p,2048,2048
2026-09-04T21:04:21Z,7dac206f0000,rw-p,1024,1024
2026-09-04T21:04:21Z,7dac208f0000,rw-p,2048,2048
2026-09-04T21:04:21Z,7dac20af0000,rw-p,1024,1024
2026-09-04T21:04:21Z,7dac20bf0000,rw-p,704,700
2026-09-04T21:04:21Z,7dac20d00000,rw-p,576,572
2026-09-04T21:04:21Z,7dac2c000000,rwxp,7360,6756
2026-09-04T21:04:21Z,7dac34000000,rw-p,4888,4732
2026-09-04T21:04:21Z,7dac396d0000,rw-p,1268,1264
2026-09-04T21:09:22Z,fc000000,rw-p,65536,63820
2026-09-04T21:09:22Z,7dabec000000,rw-p,2276,2276
2026-09-04T21:09:22Z,7dabf4000000,rw-p,2412,2412
2026-09-04T21:09:22Z,7dac00000000,rw-p,7484,7452
2026-09-04T21:09:22Z,7dac0c000000,rw-p,21836,20112
2026-09-04T21:09:22Z,7dac20000000,rw-p,4544,4544
2026-09-04T21:09:22Z,7dac204f0000,rw-p,2048,2048
2026-09-04T21:09:22Z,7dac206f0000,rw-p,1024,1024
2026-09-04T21:09:22Z,7dac208f0000,rw-p,2048,2048
2026-09-04T21:09:22Z,7dac20af0000,rw-p,1024,1024
2026-09-04T21:09:22Z,7dac20bf0000,rw-p,704,700
2026-09-04T21:09:22Z,7dac20d00000,rw-p,576,572
2026-09-04T21:09:22Z,7dac2c000000,rwxp,7360,6756
2026-09-04T21:09:22Z,7dac34000000,rw-p,4888,4732
2026-09-04T21:09:22Z,7dac396d0000,rw-p,1268,1264
2026-09-04T21:14:22Z,fc000000,rw-p,65536,63820
2026-09-04T21:14:22Z,7dabec000000,rw-p,2276,2276
2026-09-04T21:14:22Z,7dabf4000000,rw-p,2412,2412
2026-09-04T21:14:22Z,7dac00000000,rw-p,7484,7452
2026-09-04T21:14:22Z,7dac0c000000,rw-p,21836,20112
2026-09-04T21:14:22Z,7dac20000000,rw-p,4544,4544
2026-09-04T21:14:22Z,7dac204f0000,rw-p,2048,2048
2026-09-04T21:14:22Z,7dac206f0000,rw-p,1024,1024
2026-09-04T21:14:22Z,7dac208f0000,rw-p,2048,2048
2026-09-04T21:14:22Z,7dac20af0000,rw-p,1024,1024
2026-09-04T21:14:22Z,7dac20bf0000,rw-p,704,700
2026-09-04T21:14:22Z,7dac20d00000,rw-p,576,572
2026-09-04T21:14:22Z,7dac2c000000,rwxp,7360,6756
2026-09-04T21:14:22Z,7dac34000000,rw-p,4888,4732
2026-09-04T21:14:22Z,7dac396d0000,rw-p,1268,1264
2026-09-04T21:19:22Z,fc000000,rw-p,65536,63820
2026-09-04T21:19:22Z,7dabec000000,rw-p,2276,2276
2026-09-04T21:19:22Z,7dabf4000000,rw-p,2412,2412
2026-09-04T21:19:22Z,7dac00000000,rw-p,7484,7452
2026-09-04T21:19:22Z,7dac0c000000,rw-p,21836,20112
2026-09-04T21:19:22Z,7dac20000000,rw-p,4544,4544
2026-09-04T21:19:22Z,7dac204f0000,rw-p,2048,2048
2026-09-04T21:19:22Z,7dac206f0000,rw-p,1024,1024
2026-09-04T21:19:22Z,7dac208f0000,rw-p,2048,2048
2026-09-04T21:19:22Z,7dac20af0000,rw-p,1024,1024
2026-09-04T21:19:22Z,7dac20bf0000,rw-p,704,700
2026-09-04T21:19:22Z,7dac20d00000,rw-p,576,572
2026-09-04T21:19:22Z,7dac2c000000,rwxp,7360,6756
2026-09-04T21:19:22Z,7dac34000000,rw-p,4888,4732
2026-09-04T21:19:22Z,7dac396d0000,rw-p,1268,1264
2026-09-04T21:24:22Z,fc000000,rw-p,65536,63820
2026-09-04T21:24:22Z,7dabec000000,rw-p,2276,2276
2026-09-04T21:24:22Z,7dabf4000000,rw-p,2412,2412
2026-09-04T21:24:22Z,7dac00000000,rw-p,7484,7452
2026-09-04T21:24:22Z,7dac0c000000,rw-p,21836,20112
2026-09-04T21:24:22Z,7dac20000000,rw-p,4544,4544
2026-09-04T21:24:22Z,7dac204f0000,rw-p,2048,2048
2026-09-04T21:24:22Z,7dac206f0000,rw-p,1024,1024
2026-09-04T21:24:22Z,7dac208f0000,rw-p,2048,2048
2026-09-04T21:24:22Z,7dac20af0000,rw-p,1024,1024
2026-09-04T21:24:22Z,7dac20bf0000,rw-p,704,700
2026-09-04T21:24:22Z,7dac20d00000,rw-p,576,572
2026-09-04T21:24:22Z,7dac2c000000,rwxp,7360,6756
2026-09-04T21:24:22Z,7dac34000000,rw-p,4888,4732
2026-09-04T21:24:22Z,7dac396d0000,rw-p,1268,1264
2026-09-04T21:29:22Z,fc000000,rw-p,65536,63820
2026-09-04T21:29:22Z,7dabec000000,rw-p,2276,2276
2026-09-04T21:29:22Z,7dabf4000000,rw-p,2412,2412
2026-09-04T21:29:22Z,7dac00000000,rw-p,7484,7452
2026-09-04T21:29:22Z,7dac0c000000,rw-p,21836,20112
2026-09-04T21:29:22Z,7dac20000000,rw-p,4544,4544
2026-09-04T21:29:22Z,7dac204f0000,rw-p,2048,2048
2026-09-04T21:29:22Z,7dac206f0000,rw-p,1024,1024
2026-09-04T21:29:22Z,7dac208f0000,rw-p,2048,2048
2026-09-04T21:29:22Z,7dac20af0000,rw-p,1024,1024
2026-09-04T21:29:22Z,7dac20bf0000,rw-p,704,700
2026-09-04T21:29:22Z,7dac20d00000,rw-p,576,572
2026-09-04T21:29:22Z,7dac2c000000,rwxp,7360,6756
2026-09-04T21:29:22Z,7dac34000000,rw-p,4888,4732
2026-09-04T21:29:22Z,7dac396d0000,rw-p,1268,1264
2026-09-04T21:34:22Z,fc000000,rw-p,65536,63820
2026-09-04T21:34:22Z,7dabec000000,rw-p,2276,2276
2026-09-04T21:34:22Z,7dabf4000000,rw-p,2412,2412
2026-09-04T21:34:22Z,7dac00000000,rw-p,7484,7452
2026-09-04T21:34:22Z,7dac0c000000,rw-p,21836,20112
2026-09-04T21:34:22Z,7dac20000000,rw-p,4544,4544
2026-09-04T21:34:22Z,7dac204f0000,rw-p,2048,2048
2026-09-04T21:34:22Z,7dac206f0000,rw-p,1024,1024
2026-09-04T21:34:22Z,7dac208f0000,rw-p,2048,2048
2026-09-04T21:34:22Z,7dac20af0000,rw-p,1024,1024
2026-09-04T21:34:22Z,7dac20bf0000,rw-p,704,700
2026-09-04T21:34:22Z,7dac20d00000,rw-p,576,572
2026-09-04T21:34:22Z,7dac2c000000,rwxp,7360,6756
2026-09-04T21:34:22Z,7dac34000000,rw-p,4888,4732
2026-09-04T21:34:22Z,7dac396d0000,rw-p,1268,1264
2026-09-04T21:39:22Z,fc000000,rw-p,65536,63820
2026-09-04T21:39:22Z,7dabec000000,rw-p,2276,2276
2026-09-04T21:39:22Z,7dabf4000000,rw-p,2412,2412
2026-09-04T21:39:22Z,7dac00000000,rw-p,7484,7452
2026-09-04T21:39:22Z,7dac0c000000,rw-p,21836,20112
2026-09-04T21:39:22Z,7dac20000000,rw-p,4544,4544
2026-09-04T21:39:22Z,7dac204f0000,rw-p,2048,2048
2026-09-04T21:39:22Z,7dac206f0000,rw-p,1024,1024
2026-09-04T21:39:22Z,7dac208f0000,rw-p,2048,2048
2026-09-04T21:39:22Z,7dac20af0000,rw-p,1024,1024
2026-09-04T21:39:22Z,7dac20bf0000,rw-p,704,700
2026-09-04T21:39:22Z,7dac20d00000,rw-p,576,572
2026-09-04T21:39:22Z,7dac2c000000,rwxp,7360,6756
2026-09-04T21:39:22Z,7dac34000000,rw-p,4888,4732
2026-09-04T21:39:22Z,7dac396d0000,rw-p,1268,1264
2026-09-04T21:44:22Z,fc000000,rw-p,65536,63820
2026-09-04T21:44:22Z,7dabec000000,rw-p,2276,2276
2026-09-04T21:44:22Z,7dabf4000000,rw-p,2412,2412
2026-09-04T21:44:22Z,7dac00000000,rw-p,7484,7452
2026-09-04T21:44:22Z,7dac0c000000,rw-p,21836,20112
2026-09-04T21:44:22Z,7dac20000000,rw-p,4544,4544
2026-09-04T21:44:22Z,7dac204f0000,rw-p,2048,2048
2026-09-04T21:44:22Z,7dac206f0000,rw-p,1024,1024
2026-09-04T21:44:22Z,7dac208f0000,rw-p,2048,2048
2026-09-04T21:44:22Z,7dac20af0000,rw-p,1024,1024
2026-09-04T21:44:22Z,7dac20bf0000,rw-p,704,700
2026-09-04T21:44:22Z,7dac20d00000,rw-p,576,572
2026-09-04T21:44:22Z,7dac2c000000,rwxp,7360,6756
2026-09-04T21:44:22Z,7dac34000000,rw-p,4888,4732
2026-09-04T21:44:22Z,7dac396d0000,rw-p,1268,1264
2026-09-04T21:49:22Z,fc000000,rw-p,65536,63820
2026-09-04T21:49:22Z,7dabec000000,rw-p,2276,2276
2026-09-04T21:49:22Z,7dabf4000000,rw-p,2412,2412
2026-09-04T21:49:22Z,7dac00000000,rw-p,7484,7452
2026-09-04T21:49:22Z,7dac0c000000,rw-p,21836,20112
2026-09-04T21:49:22Z,7dac20000000,rw-p,4544,4544
2026-09-04T21:49:22Z,7dac204f0000,rw-p,2048,2048
2026-09-04T21:49:22Z,7dac206f0000,rw-p,1024,1024
2026-09-04T21:49:22Z,7dac208f0000,rw-p,2048,2048
2026-09-04T21:49:22Z,7dac20af0000,rw-p,1024,1024
2026-09-04T21:49:22Z,7dac20bf0000,rw-p,704,700
2026-09-04T21:49:22Z,7dac20d00000,rw-p,576,572
2026-09-04T21:49:22Z,7dac2c000000,rwxp,7360,6756
2026-09-04T21:49:22Z,7dac34000000,rw-p,4888,4732
2026-09-04T21:49:22Z,7dac396d0000,rw-p,1268,1264
2026-09-04T21:54:22Z,fc000000,rw-p,65536,63820
2026-09-04T21:54:22Z,7dabec000000,rw-p,2276,2276
2026-09-04T21:54:22Z,7dabf4000000,rw-p,2412,2412
2026-09-04T21:54:22Z,7dac00000000,rw-p,7484,7452
2026-09-04T21:54:22Z,7dac0c000000,rw-p,21836,20112
2026-09-04T21:54:22Z,7dac20000000,rw-p,4544,4544
2026-09-04T21:54:22Z,7dac204f0000,rw-p,2048,2048
2026-09-04T21:54:22Z,7dac206f0000,rw-p,1024,1024
2026-09-04T21:54:22Z,7dac208f0000,rw-p,2048,2048
2026-09-04T21:54:22Z,7dac20af0000,rw-p,1024,1024
2026-09-04T21:54:22Z,7dac20bf0000,rw-p,704,700
2026-09-04T21:54:22Z,7dac20d00000,rw-p,576,572
2026-09-04T21:54:22Z,7dac2c000000,rwxp,7360,6756
2026-09-04T21:54:22Z,7dac34000000,rw-p,4888,4732
2026-09-04T21:54:22Z,7dac396d0000,rw-p,1268,1264
2026-09-04T21:59:23Z,fc000000,rw-p,65536,63820
2026-09-04T21:59:23Z,7dabec000000,rw-p,2276,2276
2026-09-04T21:59:23Z,7dabf4000000,rw-p,2412,2412
2026-09-04T21:59:23Z,7dac00000000,rw-p,7484,7452
2026-09-04T21:59:23Z,7dac0c000000,rw-p,21836,20112
2026-09-04T21:59:23Z,7dac20000000,rw-p,4544,4544
2026-09-04T21:59:23Z,7dac204f0000,rw-p,2048,2048
2026-09-04T21:59:23Z,7dac206f0000,rw-p,1024,1024
2026-09-04T21:59:23Z,7dac208f0000,rw-p,2048,2048
2026-09-04T21:59:23Z,7dac20af0000,rw-p,1024,1024
2026-09-04T21:59:23Z,7dac20bf0000,rw-p,704,700
2026-09-04T21:59:23Z,7dac20d00000,rw-p,576,572
2026-09-04T21:59:23Z,7dac2c000000,rwxp,7360,6756
2026-09-04T21:59:23Z,7dac34000000,rw-p,4888,4732
2026-09-04T21:59:23Z,7dac396d0000,rw-p,1268,1264
2026-09-04T22:04:23Z,fc000000,rw-p,65536,63820
2026-09-04T22:04:23Z,7dabec000000,rw-p,2276,2276
2026-09-04T22:04:23Z,7dabf4000000,rw-p,2412,2412
2026-09-04T22:04:23Z,7dac00000000,rw-p,7484,7452
2026-09-04T22:04:23Z,7dac0c000000,rw-p,21836,20112
2026-09-04T22:04:23Z,7dac20000000,rw-p,4544,4544
2026-09-04T22:04:23Z,7dac204f0000,rw-p,2048,2048
2026-09-04T22:04:23Z,7dac206f0000,rw-p,1024,1024
2026-09-04T22:04:23Z,7dac208f0000,rw-p,2048,2048
2026-09-04T22:04:23Z,7dac20af0000,rw-p,1024,1024
2026-09-04T22:04:23Z,7dac20bf0000,rw-p,704,700
2026-09-04T22:04:23Z,7dac20d00000,rw-p,576,572
2026-09-04T22:04:23Z,7dac2c000000,rwxp,7360,6756
2026-09-04T22:04:23Z,7dac34000000,rw-p,4888,4732
2026-09-04T22:04:23Z,7dac396d0000,rw-p,1268,1264
2026-09-04T22:09:23Z,fc000000,rw-p,65536,63820
2026-09-04T22:09:23Z,7dabec000000,rw-p,2276,2276
2026-09-04T22:09:23Z,7dabf4000000,rw-p,2412,2412
2026-09-04T22:09:23Z,7dac00000000,rw-p,7484,7452
2026-09-04T22:09:23Z,7dac0c000000,rw-p,21836,20112
2026-09-04T22:09:23Z,7dac20000000,rw-p,4544,4544
2026-09-04T22:09:23Z,7dac204f0000,rw-p,2048,2048
2026-09-04T22:09:23Z,7dac206f0000,rw-p,1024,1024
2026-09-04T22:09:23Z,7dac208f0000,rw-p,2048,2048
2026-09-04T22:09:23Z,7dac20af0000,rw-p,1024,1024
2026-09-04T22:09:23Z,7dac20bf0000,rw-p,704,700
2026-09-04T22:09:23Z,7dac20d00000,rw-p,576,572
2026-09-04T22:09:23Z,7dac2c000000,rwxp,7360,6756
2026-09-04T22:09:23Z,7dac34000000,rw-p,4888,4732
2026-09-04T22:09:23Z,7dac396d0000,rw-p,1268,1264
2026-09-04T22:14:23Z,fc000000,rw-p,65536,63836
2026-09-04T22:14:23Z,7dabec000000,rw-p,2276,2276
2026-09-04T22:14:23Z,7dabf4000000,rw-p,2412,2412
2026-09-04T22:14:23Z,7dac00000000,rw-p,7484,7452
2026-09-04T22:14:23Z,7dac0c000000,rw-p,21836,20112
2026-09-04T22:14:23Z,7dac20000000,rw-p,4544,4544
2026-09-04T22:14:23Z,7dac204f0000,rw-p,2048,2048
2026-09-04T22:14:23Z,7dac206f0000,rw-p,1024,1024
2026-09-04T22:14:23Z,7dac208f0000,rw-p,2048,2048
2026-09-04T22:14:23Z,7dac20af0000,rw-p,1024,1024
2026-09-04T22:14:23Z,7dac20bf0000,rw-p,704,700
2026-09-04T22:14:23Z,7dac20d00000,rw-p,576,572
2026-09-04T22:14:23Z,7dac2c000000,rwxp,7360,6756
2026-09-04T22:14:23Z,7dac34000000,rw-p,4888,4732
2026-09-04T22:14:23Z,7dac396d0000,rw-p,1268,1264
2026-09-04T22:19:23Z,fc000000,rw-p,65536,63836
2026-09-04T22:19:23Z,7dabec000000,rw-p,2276,2276
2026-09-04T22:19:23Z,7dabf4000000,rw-p,2412,2412
2026-09-04T22:19:23Z,7dac00000000,rw-p,7484,7452
2026-09-04T22:19:23Z,7dac0c000000,rw-p,21836,20112
2026-09-04T22:19:23Z,7dac20000000,rw-p,4544,4544
2026-09-04T22:19:23Z,7dac204f0000,rw-p,2048,2048
2026-09-04T22:19:23Z,7dac206f0000,rw-p,1024,1024
2026-09-04T22:19:23Z,7dac208f0000,rw-p,2048,2048
2026-09-04T22:19:23Z,7dac20af0000,rw-p,1024,1024
2026-09-04T22:19:23Z,7dac20bf0000,rw-p,704,700
2026-09-04T22:19:23Z,7dac20d00000,rw-p,576,572
2026-09-04T22:19:23Z,7dac2c000000,rwxp,7360,6756
2026-09-04T22:19:23Z,7dac34000000,rw-p,4888,4732
2026-09-04T22:19:23Z,7dac396d0000,rw-p,1268,1264
2026-09-04T22:24:23Z,fc000000,rw-p,65536,63836
2026-09-04T22:24:23Z,7dabec000000,rw-p,2276,2276
2026-09-04T22:24:23Z,7dabf4000000,rw-p,2412,2412
2026-09-04T22:24:23Z,7dac00000000,rw-p,7484,7452
2026-09-04T22:24:23Z,7dac0c000000,rw-p,21836,20112
2026-09-04T22:24:23Z,7dac20000000,rw-p,4544,4544
2026-09-04T22:24:23Z,7dac204f0000,rw-p,2048,2048
2026-09-04T22:24:23Z,7dac206f0000,rw-p,1024,1024
2026-09-04T22:24:23Z,7dac208f0000,rw-p,2048,2048
2026-09-04T22:24:23Z,7dac20af0000,rw-p,1024,1024
2026-09-04T22:24:23Z,7dac20bf0000,rw-p,704,700
2026-09-04T22:24:23Z,7dac20d00000,rw-p,576,572
2026-09-04T22:24:23Z,7dac2c000000,rwxp,7360,6756
2026-09-04T22:24:23Z,7dac34000000,rw-p,4888,4732
2026-09-04T22:24:23Z,7dac396d0000,rw-p,1268,1264
2026-09-04T22:29:23Z,fc000000,rw-p,65536,63836
2026-09-04T22:29:23Z,7dabec000000,rw-p,2276,2276
2026-09-04T22:29:23Z,7dabf4000000,rw-p,2412,2412
2026-09-04T22:29:23Z,7dac00000000,rw-p,7484,7452
2026-09-04T22:29:23Z,7dac0c000000,rw-p,21836,20112
2026-09-04T22:29:23Z,7dac20000000,rw-p,4544,4544
2026-09-04T22:29:23Z,7dac204f0000,rw-p,2048,2048
2026-09-04T22:29:23Z,7dac206f0000,rw-p,1024,1024
2026-09-04T22:29:23Z,7dac208f0000,rw-p,2048,2048
2026-09-04T22:29:23Z,7dac20af0000,rw-p,1024,1024
2026-09-04T22:29:23Z,7dac20bf0000,rw-p,704,700
2026-09-04T22:29:23Z,7dac20d00000,rw-p,576,572
2026-09-04T22:29:23Z,7dac2c000000,rwxp,7360,6756
2026-09-04T22:29:23Z,7dac34000000,rw-p,4888,4732
2026-09-04T22:29:23Z,7dac396d0000,rw-p,1268,1264
2026-09-04T22:34:23Z,fc000000,rw-p,65536,63836
2026-09-04T22:34:23Z,7dabec000000,rw-p,2276,2276
2026-09-04T22:34:23Z,7dabf4000000,rw-p,2412,2412
2026-09-04T22:34:23Z,7dac00000000,rw-p,7484,7452
2026-09-04T22:34:23Z,7dac0c000000,rw-p,21836,20112
2026-09-04T22:34:23Z,7dac20000000,rw-p,4544,4544
2026-09-04T22:34:23Z,7dac204f0000,rw-p,2048,2048
2026-09-04T22:34:23Z,7dac206f0000,rw-p,1024,1024
2026-09-04T22:34:23Z,7dac208f0000,rw-p,2048,2048
2026-09-04T22:34:23Z,7dac20af0000,rw-p,1024,1024
2026-09-04T22:34:23Z,7dac20bf0000,rw-p,704,700
2026-09-04T22:34:23Z,7dac20d00000,rw-p,576,572
2026-09-04T22:34:23Z,7dac2c000000,rwxp,7360,6756
2026-09-04T22:34:23Z,7dac34000000,rw-p,4888,4732
2026-09-04T22:34:23Z,7dac396d0000,rw-p,1268,1264
2026-09-04T22:39:23Z,fc000000,rw-p,65536,63836
2026-09-04T22:39:23Z,7dabec000000,rw-p,2276,2276
2026-09-04T22:39:23Z,7dabf4000000,rw-p,2412,2412
2026-09-04T22:39:23Z,7dac00000000,rw-p,7484,7452
2026-09-04T22:39:23Z,7dac0c000000,rw-p,21836,20112
2026-09-04T22:39:23Z,7dac20000000,rw-p,4544,4544
2026-09-04T22:39:23Z,7dac204f0000,rw-p,2048,2048
2026-09-04T22:39:23Z,7dac206f0000,rw-p,1024,1024
2026-09-04T22:39:23Z,7dac208f0000,rw-p,2048,2048
2026-09-04T22:39:23Z,7dac20af0000,rw-p,1024,1024
2026-09-04T22:39:23Z,7dac20bf0000,rw-p,704,700
2026-09-04T22:39:23Z,7dac20d00000,rw-p,576,572
2026-09-04T22:39:23Z,7dac2c000000,rwxp,7360,6756
2026-09-04T22:39:23Z,7dac34000000,rw-p,4888,4732
2026-09-04T22:39:23Z,7dac396d0000,rw-p,1268,1264
2026-09-04T22:44:24Z,fc000000,rw-p,65536,63836
2026-09-04T22:44:24Z,7dabec000000,rw-p,2276,2276
2026-09-04T22:44:24Z,7dabf4000000,rw-p,2412,2412
2026-09-04T22:44:24Z,7dac00000000,rw-p,7484,7452
2026-09-04T22:44:24Z,7dac0c000000,rw-p,21836,20112
2026-09-04T22:44:24Z,7dac20000000,rw-p,4544,4544
2026-09-04T22:44:24Z,7dac204f0000,rw-p,2048,2048
2026-09-04T22:44:24Z,7dac206f0000,rw-p,1024,1024
2026-09-04T22:44:24Z,7dac208f0000,rw-p,2048,2048
2026-09-04T22:44:24Z,7dac20af0000,rw-p,1024,1024
2026-09-04T22:44:24Z,7dac20bf0000,rw-p,704,700
2026-09-04T22:44:24Z,7dac20d00000,rw-p,576,572
2026-09-04T22:44:24Z,7dac2c000000,rwxp,7360,6756
2026-09-04T22:44:24Z,7dac34000000,rw-p,4888,4732
2026-09-04T22:44:24Z,7dac396d0000,rw-p,1268,1264
2026-09-04T22:49:24Z,fc000000,rw-p,65536,63836
2026-09-04T22:49:24Z,7dabec000000,rw-p,2276,2276
2026-09-04T22:49:24Z,7dabf4000000,rw-p,2412,2412
2026-09-04T22:49:24Z,7dac00000000,rw-p,7484,7452
2026-09-04T22:49:24Z,7dac0c000000,rw-p,21836,20112
2026-09-04T22:49:24Z,7dac20000000,rw-p,4544,4544
2026-09-04T22:49:24Z,7dac204f0000,rw-p,2048,2048
2026-09-04T22:49:24Z,7dac206f0000,rw-p,1024,1024
2026-09-04T22:49:24Z,7dac208f0000,rw-p,2048,2048
2026-09-04T22:49:24Z,7dac20af0000,rw-p,1024,1024
2026-09-04T22:49:24Z,7dac20bf0000,rw-p,704,700
2026-09-04T22:49:24Z,7dac20d00000,rw-p,576,572
2026-09-04T22:49:24Z,7dac2c000000,rwxp,7360,6756
2026-09-04T22:49:24Z,7dac34000000,rw-p,4888,4732
2026-09-04T22:49:24Z,7dac396d0000,rw-p,1268,1264
2026-09-04T22:54:24Z,fc000000,rw-p,65536,63836
2026-09-04T22:54:24Z,7dabec000000,rw-p,2276,2276
2026-09-04T22:54:24Z,7dabf4000000,rw-p,2412,2412
2026-09-04T22:54:24Z,7dac00000000,rw-p,7484,7452
2026-09-04T22:54:24Z,7dac0c000000,rw-p,21836,20112
2026-09-04T22:54:24Z,7dac20000000,rw-p,4544,4544
2026-09-04T22:54:24Z,7dac204f0000,rw-p,2048,2048
2026-09-04T22:54:24Z,7dac206f0000,rw-p,1024,1024
2026-09-04T22:54:24Z,7dac208f0000,rw-p,2048,2048
2026-09-04T22:54:24Z,7dac20af0000,rw-p,1024,1024
2026-09-04T22:54:24Z,7dac20bf0000,rw-p,704,700
2026-09-04T22:54:24Z,7dac20d00000,rw-p,576,572
2026-09-04T22:54:24Z,7dac2c000000,rwxp,7360,6756
2026-09-04T22:54:24Z,7dac34000000,rw-p,4888,4732
2026-09-04T22:54:24Z,7dac396d0000,rw-p,1268,1264
2026-09-04T22:59:24Z,fc000000,rw-p,65536,63836
2026-09-04T22:59:24Z,7dabec000000,rw-p,2276,2276
2026-09-04T22:59:24Z,7dabf4000000,rw-p,2412,2412
2026-09-04T22:59:24Z,7dac00000000,rw-p,7484,7452
2026-09-04T22:59:24Z,7dac0c000000,rw-p,21836,20112
2026-09-04T22:59:24Z,7dac20000000,rw-p,4544,4544
2026-09-04T22:59:24Z,7dac204f0000,rw-p,2048,2048
2026-09-04T22:59:24Z,7dac206f0000,rw-p,1024,1024
2026-09-04T22:59:24Z,7dac208f0000,rw-p,2048,2048
2026-09-04T22:59:24Z,7dac20af0000,rw-p,1024,1024
2026-09-04T22:59:24Z,7dac20bf0000,rw-p,704,700
2026-09-04T22:59:24Z,7dac20d00000,rw-p,576,572
2026-09-04T22:59:24Z,7dac2c000000,rwxp,7360,6756
2026-09-04T22:59:24Z,7dac34000000,rw-p,4888,4732
2026-09-04T22:59:24Z,7dac396d0000,rw-p,1268,1264
2026-09-04T23:04:24Z,fc000000,rw-p,65536,63836
2026-09-04T23:04:24Z,7dabec000000,rw-p,2276,2276
2026-09-04T23:04:24Z,7dabf4000000,rw-p,2412,2412
2026-09-04T23:04:24Z,7dac00000000,rw-p,7484,7452
2026-09-04T23:04:24Z,7dac0c000000,rw-p,21836,20112
2026-09-04T23:04:24Z,7dac20000000,rw-p,4544,4544
2026-09-04T23:04:24Z,7dac204f0000,rw-p,2048,2048
2026-09-04T23:04:24Z,7dac206f0000,rw-p,1024,1024
2026-09-04T23:04:24Z,7dac208f0000,rw-p,2048,2048
2026-09-04T23:04:24Z,7dac20af0000,rw-p,1024,1024
2026-09-04T23:04:24Z,7dac20bf0000,rw-p,704,700
2026-09-04T23:04:24Z,7dac20d00000,rw-p,576,572
2026-09-04T23:04:24Z,7dac2c000000,rwxp,7360,6756
2026-09-04T23:04:24Z,7dac34000000,rw-p,4888,4732
2026-09-04T23:04:24Z,7dac396d0000,rw-p,1268,1264
2026-09-04T23:09:24Z,fc000000,rw-p,65536,63836
2026-09-04T23:09:24Z,7dabec000000,rw-p,2276,2276
2026-09-04T23:09:24Z,7dabf4000000,rw-p,2412,2412
2026-09-04T23:09:24Z,7dac00000000,rw-p,7484,7452
2026-09-04T23:09:24Z,7dac0c000000,rw-p,21836,20112
2026-09-04T23:09:24Z,7dac20000000,rw-p,4544,4544
2026-09-04T23:09:24Z,7dac204f0000,rw-p,2048,2048
2026-09-04T23:09:24Z,7dac206f0000,rw-p,1024,1024
2026-09-04T23:09:24Z,7dac208f0000,rw-p,2048,2048
2026-09-04T23:09:24Z,7dac20af0000,rw-p,1024,1024
2026-09-04T23:09:24Z,7dac20bf0000,rw-p,704,700
2026-09-04T23:09:24Z,7dac20d00000,rw-p,576,572
2026-09-04T23:09:24Z,7dac2c000000,rwxp,7360,6756
2026-09-04T23:09:24Z,7dac34000000,rw-p,4888,4732
2026-09-04T23:09:24Z,7dac396d0000,rw-p,1268,1264
2026-09-04T23:14:24Z,fc000000,rw-p,65536,63836
2026-09-04T23:14:24Z,7dabec000000,rw-p,2276,2276
2026-09-04T23:14:24Z,7dabf4000000,rw-p,2412,2412
2026-09-04T23:14:24Z,7dac00000000,rw-p,7484,7452
2026-09-04T23:14:24Z,7dac0c000000,rw-p,21836,20112
2026-09-04T23:14:24Z,7dac20000000,rw-p,4544,4544
2026-09-04T23:14:24Z,7dac204f0000,rw-p,2048,2048
2026-09-04T23:14:24Z,7dac206f0000,rw-p,1024,1024
2026-09-04T23:14:24Z,7dac208f0000,rw-p,2048,2048
2026-09-04T23:14:24Z,7dac20af0000,rw-p,1024,1024
2026-09-04T23:14:24Z,7dac20bf0000,rw-p,704,700
2026-09-04T23:14:24Z,7dac20d00000,rw-p,576,572
2026-09-04T23:14:24Z,7dac2c000000,rwxp,7360,6756
2026-09-04T23:14:24Z,7dac34000000,rw-p,4888,4732
2026-09-04T23:14:24Z,7dac396d0000,rw-p,1268,1264
2026-09-04T23:19:24Z,fc000000,rw-p,65536,63836
2026-09-04T23:19:24Z,7dabec000000,rw-p,2276,2276
2026-09-04T23:19:24Z,7dabf4000000,rw-p,2412,2412
2026-09-04T23:19:24Z,7dac00000000,rw-p,7484,7452
2026-09-04T23:19:24Z,7dac0c000000,rw-p,21836,20112
2026-09-04T23:19:24Z,7dac20000000,rw-p,4544,4544
2026-09-04T23:19:24Z,7dac204f0000,rw-p,2048,2048
2026-09-04T23:19:24Z,7dac206f0000,rw-p,1024,1024
2026-09-04T23:19:24Z,7dac208f0000,rw-p,2048,2048
2026-09-04T23:19:24Z,7dac20af0000,rw-p,1024,1024
2026-09-04T23:19:24Z,7dac20bf0000,rw-p,704,700
2026-09-04T23:19:24Z,7dac20d00000,rw-p,576,572
2026-09-04T23:19:24Z,7dac2c000000,rwxp,7360,6756
2026-09-04T23:19:24Z,7dac34000000,rw-p,4888,4732
2026-09-04T23:19:24Z,7dac396d0000,rw-p,1268,1264
2026-09-04T23:24:24Z,fc000000,rw-p,65536,63836
2026-09-04T23:24:24Z,7dabec000000,rw-p,2276,2276
2026-09-04T23:24:24Z,7dabf4000000,rw-p,2412,2412
2026-09-04T23:24:24Z,7dac00000000,rw-p,7484,7452
2026-09-04T23:24:24Z,7dac0c000000,rw-p,21836,20112
2026-09-04T23:24:24Z,7dac20000000,rw-p,4544,4544
2026-09-04T23:24:24Z,7dac204f0000,rw-p,2048,2048
2026-09-04T23:24:24Z,7dac206f0000,rw-p,1024,1024
2026-09-04T23:24:24Z,7dac208f0000,rw-p,2048,2048
2026-09-04T23:24:24Z,7dac20af0000,rw-p,1024,1024
2026-09-04T23:24:24Z,7dac20bf0000,rw-p,704,700
2026-09-04T23:24:24Z,7dac20d00000,rw-p,576,572
2026-09-04T23:24:24Z,7dac2c000000,rwxp,7360,6756
2026-09-04T23:24:24Z,7dac34000000,rw-p,4888,4732
2026-09-04T23:24:24Z,7dac396d0000,rw-p,1268,1264
2026-09-04T23:29:24Z,fc000000,rw-p,65536,63836
2026-09-04T23:29:24Z,7dabec000000,rw-p,2276,2276
2026-09-04T23:29:24Z,7dabf4000000,rw-p,2412,2412
2026-09-04T23:29:24Z,7dac00000000,rw-p,7484,7452
2026-09-04T23:29:24Z,7dac0c000000,rw-p,21836,20112
2026-09-04T23:29:24Z,7dac20000000,rw-p,4544,4544
2026-09-04T23:29:24Z,7dac204f0000,rw-p,2048,2048
2026-09-04T23:29:24Z,7dac206f0000,rw-p,1024,1024
2026-09-04T23:29:24Z,7dac208f0000,rw-p,2048,2048
2026-09-04T23:29:24Z,7dac20af0000,rw-p,1024,1024
2026-09-04T23:29:24Z,7dac20bf0000,rw-p,704,700
2026-09-04T23:29:24Z,7dac20d00000,rw-p,576,572
2026-09-04T23:29:24Z,7dac2c000000,rwxp,7360,6756
2026-09-04T23:29:24Z,7dac34000000,rw-p,4888,4732
2026-09-04T23:29:24Z,7dac396d0000,rw-p,1268,1264
2026-09-04T23:34:25Z,fc000000,rw-p,65536,63836
2026-09-04T23:34:25Z,7dabec000000,rw-p,2276,2276
2026-09-04T23:34:25Z,7dabf4000000,rw-p,2412,2412
2026-09-04T23:34:25Z,7dac00000000,rw-p,7484,7452
2026-09-04T23:34:25Z,7dac0c000000,rw-p,21836,20112
2026-09-04T23:34:25Z,7dac20000000,rw-p,4544,4544
2026-09-04T23:34:25Z,7dac204f0000,rw-p,2048,2048
2026-09-04T23:34:25Z,7dac206f0000,rw-p,1024,1024
2026-09-04T23:34:25Z,7dac208f0000,rw-p,2048,2048
2026-09-04T23:34:25Z,7dac20af0000,rw-p,1024,1024
2026-09-04T23:34:25Z,7dac20bf0000,rw-p,704,700
2026-09-04T23:34:25Z,7dac20d00000,rw-p,576,572
2026-09-04T23:34:25Z,7dac2c000000,rwxp,7360,6756
2026-09-04T23:34:25Z,7dac34000000,rw-p,4888,4732
2026-09-04T23:34:25Z,7dac396d0000,rw-p,1268,1264
2026-09-04T23:39:25Z,fc000000,rw-p,65536,63836
2026-09-04T23:39:25Z,7dabec000000,rw-p,2276,2276
2026-09-04T23:39:25Z,7dabf4000000,rw-p,2412,2412
2026-09-04T23:39:25Z,7dac00000000,rw-p,7484,7452
2026-09-04T23:39:25Z,7dac0c000000,rw-p,21836,20112
2026-09-04T23:39:25Z,7dac20000000,rw-p,4544,4544
2026-09-04T23:39:25Z,7dac204f0000,rw-p,2048,2048
2026-09-04T23:39:25Z,7dac206f0000,rw-p,1024,1024
2026-09-04T23:39:25Z,7dac208f0000,rw-p,2048,2048
2026-09-04T23:39:25Z,7dac20af0000,rw-p,1024,1024
2026-09-04T23:39:25Z,7dac20bf0000,rw-p,704,700
2026-09-04T23:39:25Z,7dac20d00000,rw-p,576,572
2026-09-04T23:39:25Z,7dac2c000000,rwxp,7360,6756
2026-09-04T23:39:25Z,7dac34000000,rw-p,4888,4732
2026-09-04T23:39:25Z,7dac396d0000,rw-p,1268,1264
2026-09-04T23:44:25Z,fc000000,rw-p,65536,63836
2026-09-04T23:44:25Z,7dabec000000,rw-p,2276,2276
2026-09-04T23:44:25Z,7dabf4000000,rw-p,2412,2412
2026-09-04T23:44:25Z,7dac00000000,rw-p,7484,7452
2026-09-04T23:44:25Z,7dac0c000000,rw-p,21836,20112
2026-09-04T23:44:25Z,7dac20000000,rw-p,4544,4544
2026-09-04T23:44:25Z,7dac204f0000,rw-p,2048,2048
2026-09-04T23:44:25Z,7dac206f0000,rw-p,1024,1024
2026-09-04T23:44:25Z,7dac208f0000,rw-p,2048,2048
2026-09-04T23:44:25Z,7dac20af0000,rw-p,1024,1024
2026-09-04T23:44:25Z,7dac20bf0000,rw-p,704,700
2026-09-04T23:44:25Z,7dac20d00000,rw-p,576,572
2026-09-04T23:44:25Z,7dac2c000000,rwxp,7360,6756
2026-09-04T23:44:25Z,7dac34000000,rw-p,4888,4732
2026-09-04T23:44:25Z,7dac396d0000,rw-p,1268,1264
2026-09-04T23:49:25Z,fc000000,rw-p,65536,63836
2026-09-04T23:49:25Z,7dabec000000,rw-p,2276,2276
2026-09-04T23:49:25Z,7dabf4000000,rw-p,2412,2412
2026-09-04T23:49:25Z,7dac00000000,rw-p,7484,7452
2026-09-04T23:49:25Z,7dac0c000000,rw-p,21836,20112
2026-09-04T23:49:25Z,7dac20000000,rw-p,4544,4544
2026-09-04T23:49:25Z,7dac204f0000,rw-p,2048,2048
2026-09-04T23:49:25Z,7dac206f0000,rw-p,1024,1024
2026-09-04T23:49:25Z,7dac208f0000,rw-p,2048,2048
2026-09-04T23:49:25Z,7dac20af0000,rw-p,1024,1024
2026-09-04T23:49:25Z,7dac20bf0000,rw-p,704,700
2026-09-04T23:49:25Z,7dac20d00000,rw-p,576,572
2026-09-04T23:49:25Z,7dac2c000000,rwxp,7360,6756
2026-09-04T23:49:25Z,7dac34000000,rw-p,4888,4732
2026-09-04T23:49:25Z,7dac396d0000,rw-p,1268,1264
